Sector,Escenario,Hora,IdNudo,Demanda,Altura,Presion,Calidad
Norte,E0,0:00:00,346,0.03,1801.47,33.77,
Norte,E0,0:00:00,347,0.06,1801.47,33.95,
Norte,E0,0:00:00,348,0.1,1801.47,33.96,
Norte,E0,0:00:00,349,0.04,1801.47,32.64,
Norte,E0,0:00:00,350,0.02,1801.47,32.63,
Norte,E0,0:00:00,351,0.04,1801.47,34.22,
Norte,E0,0:00:00,352,0.1,1801.47,34.1,
Norte,E0,0:00:00,353,0.06,1801.47,34.01,
Norte,E0,0:00:00,354,0.1,1801.49,32.79,
Norte,E0,0:00:00,355,0.04,1801.49,32.71,
Norte,E0,0:00:00,356,0.07,1801.49,32.75,
Norte,E0,0:00:00,357,0.03,1801.49,32.97,
Norte,E0,0:00:00,358,0.02,1801.49,33.22,
Norte,E0,0:00:00,362,0.07,1801.48,32.78,
Norte,E0,0:00:00,363,0.03,1801.48,32.77,
Norte,E0,0:00:00,364,0.06,1801.48,32.77,
Norte,E0,0:00:00,368,0.03,1801.47,32.8,
Norte,E0,0:00:00,371,0.04,1801.47,32.78,
Norte,E0,0:00:00,400,0.05,1801.48,32.5,
Norte,E0,0:00:00,401,0.04,1801.48,32.52,
Norte,E0,0:00:00,404,0.02,1801.48,32.32,
Norte,E0,0:00:00,405,0.01,1801.48,32.27,
Norte,E0,0:00:00,1049,0.02,1801.47,30.07,
Norte,E0,0:00:00,1051,0.03,1801.47,29.96,
Norte,E0,0:00:00,1053,0.02,1801.47,29.96,
Norte,E0,0:00:00,1059,0.04,1801.47,29.73,
Norte,E0,0:00:00,1063,0.02,1801.47,29.46,
Norte,E0,0:00:00,1077,0.02,1801.47,29.92,
Norte,E0,0:00:00,1089,0.03,1801.47,30.08,
Norte,E0,0:00:00,1093,0.06,1801.47,29.63,
Norte,E0,0:00:00,1094,0.01,1801.47,29.39,
Norte,E0,0:00:00,1095,0.02,1801.47,29.88,
Norte,E0,0:00:00,1100,0.03,1801.47,30.49,
Norte,E0,0:00:00,1102,0.06,1801.47,30.44,
Norte,E0,0:00:00,1103,0.0,1801.47,31.42,
Norte,E0,0:00:00,1104,0.06,1801.47,30.47,
Norte,E0,0:00:00,1106,0.07,1801.47,30.41,
Norte,E0,0:00:00,1107,0.03,1801.47,30.67,
Norte,E0,0:00:00,1109,0.01,1801.47,30.66,
Norte,E0,0:00:00,1110,0.01,1801.47,30.3,
Norte,E0,0:00:00,1112,0.02,1801.47,30.32,
Norte,E0,0:00:00,1113,0.03,1801.47,30.06,
Norte,E0,0:00:00,1115,0.07,1801.47,30.05,
Norte,E0,0:00:00,1117,0.07,1801.47,30.1,
Norte,E0,0:00:00,1119,0.09,1801.47,30.69,
Norte,E0,0:00:00,1120,0.06,1801.47,30.26,
Norte,E0,0:00:00,1122,0.04,1801.47,31.56,
Norte,E0,0:00:00,1125,0.05,1801.47,31.5,
Norte,E0,0:00:00,1128,0.05,1801.47,31.75,
Norte,E0,0:00:00,1130,0.06,1801.47,31.57,
Norte,E0,0:00:00,1131,0.06,1801.47,31.72,
Norte,E0,0:00:00,1133,0.02,1801.47,32.75,
Norte,E0,0:00:00,1134,0.11,1801.49,32.82,
Norte,E0,0:00:00,1135,0.07,1801.47,32.93,
Norte,E0,0:00:00,1137,0.1,1801.49,32.76,
Norte,E0,0:00:00,1139,0.06,1801.49,32.74,
Norte,E0,0:00:00,1140,0.02,1801.49,32.79,
Norte,E0,0:00:00,1141,0.04,1801.47,31.73,
Norte,E0,0:00:00,1142,0.02,1801.48,31.68,
Norte,E0,0:00:00,1143,0.06,1801.48,32.53,
Norte,E0,0:00:00,1144,0.06,1801.47,32.7,
Norte,E0,0:00:00,1145,0.03,1801.48,32.62,
Norte,E0,0:00:00,1147,0.0,1801.48,32.78,
Norte,E0,0:00:00,1148,0.0,1801.48,32.79,
Norte,E0,0:00:00,1149,0.12,1801.5,31.39,
Norte,E0,0:00:00,1150,0.16,1801.48,31.2,
Norte,E0,0:00:00,1151,0.03,1801.54,27.31,
Norte,E0,0:00:00,1153,0.01,1801.51,28.91,
Norte,E0,0:00:00,1154,0.0,1801.51,29.36,
Norte,E0,0:00:00,1158,0.09,1801.51,29.57,
Norte,E0,0:00:00,1159,0.06,1801.5,31.94,
Norte,E0,0:00:00,1161,0.03,1801.5,31.01,
Norte,E0,0:00:00,1162,0.0,1801.49,32.43,
Norte,E0,0:00:00,1164,0.08,1801.49,32.51,
Norte,E0,0:00:00,1165,0.03,1801.49,32.62,
Norte,E0,0:00:00,1166,0.04,1801.5,32.18,
Norte,E0,0:00:00,1169,0.07,1801.49,32.79,
Norte,E0,0:00:00,1171,0.05,1801.48,32.8,
Norte,E0,0:00:00,1172,0.12,1801.48,33.85,
Norte,E0,0:00:00,1174,0.04,1801.48,33.65,
Norte,E0,0:00:00,1175,0.09,1801.49,32.15,
Norte,E0,0:00:00,1176,0.13,1801.49,33.64,
Norte,E0,0:00:00,1179,0.04,1801.49,33.15,
Norte,E0,0:00:00,1181,0.01,1801.48,33.64,
Norte,E0,0:00:00,1182,0.05,1801.49,32.88,
Norte,E0,0:00:00,1184,0.03,1801.51,25.07,
Norte,E0,0:00:00,1185,0.02,1801.51,26.78,
Norte,E0,0:00:00,1186,0.01,1801.51,26.1,
Norte,E0,0:00:00,1187,0.16,1801.49,25.78,
Norte,E0,0:00:00,1189,0.01,1801.46,25.37,
Norte,E0,0:00:00,1190,0.05,1801.46,26.33,
Norte,E0,0:00:00,1191,0.05,1801.49,29.37,
Norte,E0,0:00:00,1192,0.01,1801.49,27.47,
Norte,E0,0:00:00,1196,0.04,1801.43,27.21,
Norte,E0,0:00:00,1197,0.04,1801.43,27.68,
Norte,E0,0:00:00,1207,0.09,1801.43,25.64,
Norte,E0,0:00:00,1216,0.07,1801.43,19.4,
Norte,E0,0:00:00,1221,0.04,1801.52,19.96,
Norte,E0,0:00:00,1223,0.04,1801.52,19.74,
Norte,E0,0:00:00,1224,0.05,1801.52,23.34,
Norte,E0,0:00:00,1225,0.03,1801.5,24.8,
Norte,E0,0:00:00,1226,0.05,1801.52,23.57,
Norte,E0,0:00:00,1228,0.03,1801.52,22.9,
Norte,E0,0:00:00,1229,0.01,1801.52,22.6,
Norte,E0,0:00:00,1230,0.01,1801.52,22.55,
Norte,E0,0:00:00,1231,0.01,1801.52,22.63,
Norte,E0,0:00:00,1232,0.02,1801.52,22.09,
Norte,E0,0:00:00,1233,0.01,1801.52,22.06,
Norte,E0,0:00:00,1240,0.09,1801.53,21.36,
Norte,E0,0:00:00,1242,0.09,1801.52,22.52,
Norte,E0,0:00:00,1243,0.03,1801.52,23.29,
Norte,E0,0:00:00,1244,0.09,1801.51,24.84,
Norte,E0,0:00:00,1245,0.05,1801.5,25.91,
Norte,E0,0:00:00,1246,0.03,1801.5,26.1,
Norte,E0,0:00:00,1247,0.05,1801.5,25.86,
Norte,E0,0:00:00,1248,0.05,1801.5,25.57,
Norte,E0,0:00:00,1249,0.11,1801.51,23.93,
Norte,E0,0:00:00,1250,0.11,1801.52,22.83,
Norte,E0,0:00:00,1252,0.08,1801.53,21.44,
Norte,E0,0:00:00,1253,0.11,1801.52,23.91,
Norte,E0,0:00:00,1254,0.1,1801.53,22.23,
Norte,E0,0:00:00,1255,0.06,1801.55,21.98,
Norte,E0,0:00:00,1257,0.06,1801.55,21.36,
Norte,E0,0:00:00,1265,0.02,1801.58,20.99,
Norte,E0,0:00:00,1268,0.05,1801.58,21.08,
Norte,E0,0:00:00,1272,0.02,1801.56,21.73,
Norte,E0,0:00:00,1274,0.05,1801.56,21.76,
Norte,E0,0:00:00,1276,0.1,1801.55,22.74,
Norte,E0,0:00:00,1279,0.04,1801.54,24.03,
Norte,E0,0:00:00,1281,0.05,1801.54,24.4,
Norte,E0,0:00:00,1282,0.02,1801.54,25.87,
Norte,E0,0:00:00,1284,0.02,1801.48,31.24,
Norte,E0,0:00:00,1286,0.06,1801.54,22.95,
Norte,E0,0:00:00,1288,0.01,1801.54,24.98,
Norte,E0,0:00:00,1289,0.02,1801.54,23.31,
Norte,E0,0:00:00,1290,0.08,1801.54,23.39,
Norte,E0,0:00:00,1291,0.0,1801.54,21.15,
Norte,E0,0:00:00,1292,0.05,1801.54,21.38,
Norte,E0,0:00:00,1293,0.06,1801.54,22.03,
Norte,E0,0:00:00,1294,0.02,1801.55,21.89,
Norte,E0,0:00:00,1295,0.1,1801.55,21.06,
Norte,E0,0:00:00,1297,0.07,1801.55,20.67,
Norte,E0,0:00:00,1302,0.07,1801.55,20.15,
Norte,E0,0:00:00,1304,0.04,1801.55,20.15,
Norte,E0,0:00:00,1305,0.0,1801.55,20.16,
Norte,E0,0:00:00,1306,0.05,1801.55,20.16,
Norte,E0,0:00:00,1308,0.06,1801.54,20.68,
Norte,E0,0:00:00,1309,0.03,1801.54,28.57,
Norte,E0,0:00:00,1310,0.01,1801.54,24.72,
Norte,E0,0:00:00,1312,0.08,1801.5,29.58,
Norte,E0,0:00:00,1313,0.0,1801.5,29.8,
Norte,E0,0:00:00,1315,0.05,1801.5,29.76,
Norte,E0,0:00:00,1318,0.06,1801.47,29.74,
Norte,E0,0:00:00,1319,0.01,1801.47,29.39,
Norte,E0,0:00:00,1321,0.04,1801.54,21.57,
Norte,E0,0:00:00,1322,0.0,1801.54,22.34,
Norte,E0,0:00:00,1323,0.05,1801.54,22.13,
Norte,E0,0:00:00,1324,0.02,1801.55,20.7,
Norte,E0,0:00:00,1326,0.07,1801.54,20.35,
Norte,E0,0:00:00,1334,0.05,1801.54,22.26,
Norte,E0,0:00:00,1335,0.05,1801.53,22.82,
Norte,E0,0:00:00,1336,0.01,1801.53,21.95,
Norte,E0,0:00:00,1340,0.03,1801.54,29.2,
Norte,E0,0:00:00,5010,0.02,1801.52,26.07,
Norte,E0,0:00:00,5011,0.04,1801.46,26.25,
Norte,E0,0:00:00,5019,0.04,1801.47,32.29,
Norte,E0,0:00:00,5086,0.05,1801.48,32.77,
Norte,E0,0:00:00,5087,0.0,1801.48,32.82,
Norte,E0,0:00:00,5108,0.0,1801.46,26.18,
Norte,E0,0:00:00,5112,0.02,1801.56,21.77,
Norte,E0,0:00:00,5148,0.0,1801.48,32.5,
Norte,E0,0:00:00,5193,0.0,1801.47,31.62,
Norte,E0,0:00:00,5204,0.11,1801.43,25.71,
Norte,E0,0:00:00,5241,0.0,1801.52,19.89,
Norte,E0,0:00:00,5264,0.02,1801.48,32.78,
Norte,E0,0:00:00,5289,0.01,1801.47,29.99,
Norte,E0,0:00:00,5291,0.01,1801.5,30.02,
Norte,E0,0:00:00,5311,0.1,1801.47,32.72,
Norte,E0,0:00:00,5312,0.0,1801.47,32.86,
Norte,E0,0:00:00,5313,0.0,1801.47,32.66,
Norte,E0,0:00:00,5314,0.01,1801.46,26.11,
Norte,E0,0:00:00,5342,0.03,1801.52,25.97,
Norte,E0,0:00:00,5343,0.11,1801.57,21.09,
Norte,E0,0:00:00,5344,0.11,1801.57,26.03,
Norte,E0,0:00:00,5345,0.11,1801.57,26.19,
Norte,E0,0:00:00,5478,0.0,1801.56,21.78,
Norte,E0,0:00:00,5484,0.0,1801.52,19.36,
Norte,E0,0:00:00,5493,0.01,1801.49,31.01,
Norte,E0,0:00:00,5494,0.01,1801.49,31.08,
Norte,E0,0:00:00,5495,0.08,1801.47,33.0,
Norte,E0,0:00:00,5506,0.01,1801.52,23.04,
Norte,E0,0:00:00,5523,0.0,1801.47,29.46,
Norte,E0,0:00:00,5533,0.02,1801.54,21.0,
Norte,E0,0:00:00,5537,0.03,1801.47,29.72,
Norte,E0,0:00:00,5538,0.05,1801.47,30.04,
Norte,E0,0:00:00,5603,0.04,1801.48,31.26,
Norte,E0,0:00:00,5604,0.05,1801.48,30.83,
Norte,E0,0:00:00,5613,0.05,1801.48,32.67,
Norte,E0,0:00:00,5614,0.02,1801.49,32.76,
Norte,E0,0:00:00,5620,0.04,1801.47,32.62,
Norte,E0,0:00:00,5621,0.03,1801.47,32.56,
Norte,E0,0:00:00,5678,0.05,1801.47,30.15,
Norte,E0,0:00:00,5685,0.02,1801.49,25.95,
Norte,E0,0:00:00,5709,0.12,1801.57,21.1,
Norte,E0,0:00:00,5744,0.04,1801.49,32.41,
Norte,E0,0:00:00,5746,0.06,1801.53,24.68,
Norte,E0,0:00:00,5747,0.04,1801.51,26.18,
Norte,E0,0:00:00,5748,0.05,1801.61,21.35,
Norte,E0,0:00:00,5749,0.05,1801.66,21.51,
Norte,E0,0:00:00,5750,0.03,1801.7,21.37,
Norte,E0,0:00:00,5760,0.03,1801.73,21.09,
Norte,E0,0:00:00,5761,0.02,1801.71,21.48,
Norte,E0,0:00:00,5762,0.01,1801.77,20.53,
Norte,E0,0:00:00,5763,0.02,1801.76,20.76,
Norte,E0,0:00:00,10020,0.04,1801.48,33.54,
Norte,E0,0:00:00,10059,0.03,1801.47,29.98,
Norte,E0,0:00:00,10061,0.0,1801.54,20.83,
Norte,E0,0:00:00,10062,0.0,1801.55,20.73,
Norte,E0,0:00:00,10063,0.0,1801.58,20.99,
Norte,E0,0:00:00,10082,0.07,1801.53,20.79,
Norte,E0,1:00:00,346,0.04,1801.46,33.76,
Norte,E0,1:00:00,347,0.06,1801.46,33.94,
Norte,E0,1:00:00,348,0.1,1801.46,33.95,
Norte,E0,1:00:00,349,0.04,1801.46,32.63,
Norte,E0,1:00:00,350,0.02,1801.46,32.62,
Norte,E0,1:00:00,351,0.04,1801.46,34.21,
Norte,E0,1:00:00,352,0.1,1801.46,34.09,
Norte,E0,1:00:00,353,0.06,1801.46,34.0,
Norte,E0,1:00:00,354,0.1,1801.48,32.78,
Norte,E0,1:00:00,355,0.04,1801.48,32.7,
Norte,E0,1:00:00,356,0.07,1801.48,32.74,
Norte,E0,1:00:00,357,0.03,1801.48,32.96,
Norte,E0,1:00:00,358,0.02,1801.48,33.21,
Norte,E0,1:00:00,362,0.07,1801.47,32.77,
Norte,E0,1:00:00,363,0.03,1801.47,32.76,
Norte,E0,1:00:00,364,0.06,1801.47,32.76,
Norte,E0,1:00:00,368,0.03,1801.46,32.79,
Norte,E0,1:00:00,371,0.05,1801.46,32.77,
Norte,E0,1:00:00,400,0.05,1801.47,32.49,
Norte,E0,1:00:00,401,0.04,1801.47,32.51,
Norte,E0,1:00:00,404,0.02,1801.47,32.31,
Norte,E0,1:00:00,405,0.01,1801.47,32.26,
Norte,E0,1:00:00,1049,0.02,1801.46,30.06,
Norte,E0,1:00:00,1051,0.03,1801.46,29.95,
Norte,E0,1:00:00,1053,0.02,1801.46,29.95,
Norte,E0,1:00:00,1059,0.04,1801.46,29.72,
Norte,E0,1:00:00,1063,0.02,1801.46,29.45,
Norte,E0,1:00:00,1077,0.02,1801.46,29.91,
Norte,E0,1:00:00,1089,0.03,1801.46,30.07,
Norte,E0,1:00:00,1093,0.06,1801.46,29.62,
Norte,E0,1:00:00,1094,0.01,1801.46,29.38,
Norte,E0,1:00:00,1095,0.02,1801.46,29.87,
Norte,E0,1:00:00,1100,0.03,1801.46,30.48,
Norte,E0,1:00:00,1102,0.06,1801.46,30.43,
Norte,E0,1:00:00,1103,0.0,1801.46,31.41,
Norte,E0,1:00:00,1104,0.06,1801.46,30.46,
Norte,E0,1:00:00,1106,0.07,1801.46,30.4,
Norte,E0,1:00:00,1107,0.03,1801.46,30.66,
Norte,E0,1:00:00,1109,0.01,1801.46,30.65,
Norte,E0,1:00:00,1110,0.01,1801.46,30.29,
Norte,E0,1:00:00,1112,0.02,1801.46,30.31,
Norte,E0,1:00:00,1113,0.03,1801.46,30.05,
Norte,E0,1:00:00,1115,0.07,1801.46,30.04,
Norte,E0,1:00:00,1117,0.07,1801.46,30.09,
Norte,E0,1:00:00,1119,0.09,1801.46,30.68,
Norte,E0,1:00:00,1120,0.06,1801.46,30.25,
Norte,E0,1:00:00,1122,0.05,1801.46,31.55,
Norte,E0,1:00:00,1125,0.05,1801.46,31.49,
Norte,E0,1:00:00,1128,0.05,1801.46,31.74,
Norte,E0,1:00:00,1130,0.06,1801.46,31.56,
Norte,E0,1:00:00,1131,0.06,1801.46,31.71,
Norte,E0,1:00:00,1133,0.02,1801.46,32.74,
Norte,E0,1:00:00,1134,0.11,1801.48,32.81,
Norte,E0,1:00:00,1135,0.08,1801.46,32.92,
Norte,E0,1:00:00,1137,0.1,1801.48,32.75,
Norte,E0,1:00:00,1139,0.06,1801.48,32.73,
Norte,E0,1:00:00,1140,0.02,1801.48,32.78,
Norte,E0,1:00:00,1141,0.04,1801.46,31.72,
Norte,E0,1:00:00,1142,0.02,1801.47,31.67,
Norte,E0,1:00:00,1143,0.06,1801.47,32.52,
Norte,E0,1:00:00,1144,0.06,1801.46,32.69,
Norte,E0,1:00:00,1145,0.03,1801.47,32.61,
Norte,E0,1:00:00,1147,0.0,1801.47,32.77,
Norte,E0,1:00:00,1148,0.0,1801.47,32.78,
Norte,E0,1:00:00,1149,0.12,1801.49,31.38,
Norte,E0,1:00:00,1150,0.17,1801.47,31.19,
Norte,E0,1:00:00,1151,0.03,1801.53,27.3,
Norte,E0,1:00:00,1153,0.01,1801.5,28.9,
Norte,E0,1:00:00,1154,0.0,1801.5,29.35,
Norte,E0,1:00:00,1158,0.09,1801.5,29.56,
Norte,E0,1:00:00,1159,0.06,1801.49,31.93,
Norte,E0,1:00:00,1161,0.03,1801.49,31.0,
Norte,E0,1:00:00,1162,0.0,1801.48,32.42,
Norte,E0,1:00:00,1164,0.08,1801.48,32.5,
Norte,E0,1:00:00,1165,0.03,1801.48,32.61,
Norte,E0,1:00:00,1166,0.04,1801.49,32.17,
Norte,E0,1:00:00,1169,0.07,1801.48,32.78,
Norte,E0,1:00:00,1171,0.05,1801.47,32.79,
Norte,E0,1:00:00,1172,0.13,1801.47,33.84,
Norte,E0,1:00:00,1174,0.04,1801.47,33.64,
Norte,E0,1:00:00,1175,0.1,1801.48,32.14,
Norte,E0,1:00:00,1176,0.14,1801.48,33.63,
Norte,E0,1:00:00,1179,0.04,1801.48,33.14,
Norte,E0,1:00:00,1181,0.01,1801.47,33.63,
Norte,E0,1:00:00,1182,0.05,1801.48,32.87,
Norte,E0,1:00:00,1184,0.03,1801.51,25.07,
Norte,E0,1:00:00,1185,0.02,1801.5,26.77,
Norte,E0,1:00:00,1186,0.01,1801.5,26.09,
Norte,E0,1:00:00,1187,0.17,1801.49,25.78,
Norte,E0,1:00:00,1189,0.01,1801.45,25.36,
Norte,E0,1:00:00,1190,0.05,1801.45,26.32,
Norte,E0,1:00:00,1191,0.05,1801.48,29.36,
Norte,E0,1:00:00,1192,0.01,1801.48,27.46,
Norte,E0,1:00:00,1196,0.04,1801.42,27.2,
Norte,E0,1:00:00,1197,0.04,1801.42,27.67,
Norte,E0,1:00:00,1207,0.09,1801.42,25.63,
Norte,E0,1:00:00,1216,0.07,1801.42,19.39,
Norte,E0,1:00:00,1221,0.04,1801.52,19.96,
Norte,E0,1:00:00,1223,0.04,1801.52,19.74,
Norte,E0,1:00:00,1224,0.06,1801.51,23.33,
Norte,E0,1:00:00,1225,0.03,1801.5,24.8,
Norte,E0,1:00:00,1226,0.05,1801.51,23.56,
Norte,E0,1:00:00,1228,0.03,1801.51,22.89,
Norte,E0,1:00:00,1229,0.01,1801.51,22.59,
Norte,E0,1:00:00,1230,0.01,1801.51,22.54,
Norte,E0,1:00:00,1231,0.01,1801.51,22.62,
Norte,E0,1:00:00,1232,0.02,1801.51,22.08,
Norte,E0,1:00:00,1233,0.01,1801.51,22.05,
Norte,E0,1:00:00,1240,0.09,1801.52,21.35,
Norte,E0,1:00:00,1242,0.09,1801.51,22.51,
Norte,E0,1:00:00,1243,0.03,1801.51,23.28,
Norte,E0,1:00:00,1244,0.09,1801.5,24.83,
Norte,E0,1:00:00,1245,0.05,1801.5,25.91,
Norte,E0,1:00:00,1246,0.03,1801.49,26.09,
Norte,E0,1:00:00,1247,0.06,1801.49,25.85,
Norte,E0,1:00:00,1248,0.05,1801.49,25.56,
Norte,E0,1:00:00,1249,0.11,1801.51,23.93,
Norte,E0,1:00:00,1250,0.12,1801.52,22.83,
Norte,E0,1:00:00,1252,0.08,1801.53,21.44,
Norte,E0,1:00:00,1253,0.11,1801.51,23.9,
Norte,E0,1:00:00,1254,0.11,1801.53,22.23,
Norte,E0,1:00:00,1255,0.06,1801.54,21.97,
Norte,E0,1:00:00,1257,0.06,1801.55,21.36,
Norte,E0,1:00:00,1265,0.02,1801.57,20.98,
Norte,E0,1:00:00,1268,0.05,1801.57,21.07,
Norte,E0,1:00:00,1272,0.02,1801.55,21.72,
Norte,E0,1:00:00,1274,0.05,1801.56,21.76,
Norte,E0,1:00:00,1276,0.1,1801.54,22.73,
Norte,E0,1:00:00,1279,0.04,1801.53,24.02,
Norte,E0,1:00:00,1281,0.05,1801.53,24.39,
Norte,E0,1:00:00,1282,0.02,1801.53,25.86,
Norte,E0,1:00:00,1284,0.02,1801.47,31.23,
Norte,E0,1:00:00,1286,0.06,1801.53,22.94,
Norte,E0,1:00:00,1288,0.01,1801.53,24.97,
Norte,E0,1:00:00,1289,0.02,1801.53,23.3,
Norte,E0,1:00:00,1290,0.08,1801.53,23.38,
Norte,E0,1:00:00,1291,0.0,1801.53,21.14,
Norte,E0,1:00:00,1292,0.05,1801.53,21.37,
Norte,E0,1:00:00,1293,0.06,1801.53,22.02,
Norte,E0,1:00:00,1294,0.02,1801.54,21.88,
Norte,E0,1:00:00,1295,0.1,1801.54,21.05,
Norte,E0,1:00:00,1297,0.07,1801.55,20.67,
Norte,E0,1:00:00,1302,0.07,1801.54,20.14,
Norte,E0,1:00:00,1304,0.04,1801.54,20.14,
Norte,E0,1:00:00,1305,0.0,1801.54,20.15,
Norte,E0,1:00:00,1306,0.05,1801.54,20.15,
Norte,E0,1:00:00,1308,0.06,1801.54,20.68,
Norte,E0,1:00:00,1309,0.03,1801.54,28.57,
Norte,E0,1:00:00,1310,0.01,1801.54,24.72,
Norte,E0,1:00:00,1312,0.08,1801.49,29.57,
Norte,E0,1:00:00,1313,0.0,1801.49,29.79,
Norte,E0,1:00:00,1315,0.05,1801.49,29.75,
Norte,E0,1:00:00,1318,0.06,1801.46,29.73,
Norte,E0,1:00:00,1319,0.01,1801.46,29.38,
Norte,E0,1:00:00,1321,0.04,1801.54,21.57,
Norte,E0,1:00:00,1322,0.0,1801.54,22.34,
Norte,E0,1:00:00,1323,0.05,1801.54,22.13,
Norte,E0,1:00:00,1324,0.02,1801.54,20.69,
Norte,E0,1:00:00,1326,0.07,1801.54,20.34,
Norte,E0,1:00:00,1334,0.05,1801.53,22.25,
Norte,E0,1:00:00,1335,0.06,1801.52,22.81,
Norte,E0,1:00:00,1336,0.01,1801.52,21.94,
Norte,E0,1:00:00,1340,0.03,1801.53,29.19,
Norte,E0,1:00:00,5010,0.02,1801.52,26.07,
Norte,E0,1:00:00,5011,0.04,1801.45,26.24,
Norte,E0,1:00:00,5019,0.04,1801.46,32.28,
Norte,E0,1:00:00,5086,0.05,1801.47,32.76,
Norte,E0,1:00:00,5087,0.0,1801.47,32.81,
Norte,E0,1:00:00,5108,0.0,1801.45,26.17,
Norte,E0,1:00:00,5112,0.02,1801.55,21.76,
Norte,E0,1:00:00,5148,0.0,1801.47,32.49,
Norte,E0,1:00:00,5193,0.0,1801.46,31.61,
Norte,E0,1:00:00,5204,0.11,1801.42,25.7,
Norte,E0,1:00:00,5241,0.0,1801.52,19.89,
Norte,E0,1:00:00,5264,0.02,1801.47,32.77,
Norte,E0,1:00:00,5289,0.01,1801.46,29.98,
Norte,E0,1:00:00,5291,0.01,1801.49,30.01,
Norte,E0,1:00:00,5311,0.1,1801.46,32.71,
Norte,E0,1:00:00,5312,0.0,1801.46,32.85,
Norte,E0,1:00:00,5313,0.0,1801.46,32.65,
Norte,E0,1:00:00,5314,0.01,1801.45,26.1,
Norte,E0,1:00:00,5342,0.03,1801.52,25.97,
Norte,E0,1:00:00,5343,0.11,1801.57,21.09,
Norte,E0,1:00:00,5344,0.11,1801.56,26.02,
Norte,E0,1:00:00,5345,0.11,1801.56,26.18,
Norte,E0,1:00:00,5478,0.0,1801.55,21.77,
Norte,E0,1:00:00,5484,0.0,1801.52,19.36,
Norte,E0,1:00:00,5493,0.01,1801.48,31.0,
Norte,E0,1:00:00,5494,0.01,1801.48,31.07,
Norte,E0,1:00:00,5495,0.08,1801.46,32.99,
Norte,E0,1:00:00,5506,0.01,1801.51,23.03,
Norte,E0,1:00:00,5523,0.0,1801.46,29.45,
Norte,E0,1:00:00,5533,0.02,1801.53,20.99,
Norte,E0,1:00:00,5537,0.03,1801.46,29.71,
Norte,E0,1:00:00,5538,0.05,1801.46,30.03,
Norte,E0,1:00:00,5603,0.04,1801.47,31.25,
Norte,E0,1:00:00,5604,0.06,1801.47,30.82,
Norte,E0,1:00:00,5613,0.05,1801.47,32.66,
Norte,E0,1:00:00,5614,0.02,1801.48,32.75,
Norte,E0,1:00:00,5620,0.04,1801.46,32.61,
Norte,E0,1:00:00,5621,0.03,1801.46,32.55,
Norte,E0,1:00:00,5678,0.05,1801.46,30.14,
Norte,E0,1:00:00,5685,0.02,1801.48,25.94,
Norte,E0,1:00:00,5709,0.12,1801.57,21.1,
Norte,E0,1:00:00,5744,0.04,1801.48,32.4,
Norte,E0,1:00:00,5746,0.06,1801.52,24.67,
Norte,E0,1:00:00,5747,0.04,1801.5,26.17,
Norte,E0,1:00:00,5748,0.05,1801.61,21.35,
Norte,E0,1:00:00,5749,0.05,1801.66,21.51,
Norte,E0,1:00:00,5750,0.03,1801.69,21.36,
Norte,E0,1:00:00,5760,0.03,1801.73,21.09,
Norte,E0,1:00:00,5761,0.02,1801.7,21.47,
Norte,E0,1:00:00,5762,0.01,1801.77,20.53,
Norte,E0,1:00:00,5763,0.02,1801.76,20.76,
Norte,E0,1:00:00,10020,0.04,1801.47,33.53,
Norte,E0,1:00:00,10059,0.03,1801.46,29.97,
Norte,E0,1:00:00,10061,0.0,1801.53,20.82,
Norte,E0,1:00:00,10062,0.0,1801.55,20.73,
Norte,E0,1:00:00,10063,0.0,1801.57,20.98,
Norte,E0,1:00:00,10082,0.07,1801.52,20.78,
Norte,E0,2:00:00,346,0.04,1801.44,33.74,
Norte,E0,2:00:00,347,0.06,1801.44,33.92,
Norte,E0,2:00:00,348,0.1,1801.44,33.93,
Norte,E0,2:00:00,349,0.05,1801.44,32.61,
Norte,E0,2:00:00,350,0.02,1801.44,32.6,
Norte,E0,2:00:00,351,0.04,1801.44,34.19,
Norte,E0,2:00:00,352,0.11,1801.44,34.07,
Norte,E0,2:00:00,353,0.06,1801.44,33.98,
Norte,E0,2:00:00,354,0.1,1801.46,32.76,
Norte,E0,2:00:00,355,0.04,1801.46,32.68,
Norte,E0,2:00:00,356,0.07,1801.46,32.72,
Norte,E0,2:00:00,357,0.03,1801.46,32.94,
Norte,E0,2:00:00,358,0.02,1801.46,33.19,
Norte,E0,2:00:00,362,0.07,1801.45,32.75,
Norte,E0,2:00:00,363,0.03,1801.46,32.75,
Norte,E0,2:00:00,364,0.06,1801.46,32.75,
Norte,E0,2:00:00,368,0.03,1801.45,32.78,
Norte,E0,2:00:00,371,0.05,1801.45,32.76,
Norte,E0,2:00:00,400,0.05,1801.45,32.47,
Norte,E0,2:00:00,401,0.05,1801.45,32.49,
Norte,E0,2:00:00,404,0.02,1801.45,32.29,
Norte,E0,2:00:00,405,0.01,1801.45,32.24,
Norte,E0,2:00:00,1049,0.02,1801.44,30.04,
Norte,E0,2:00:00,1051,0.03,1801.44,29.93,
Norte,E0,2:00:00,1053,0.02,1801.44,29.93,
Norte,E0,2:00:00,1059,0.05,1801.44,29.7,
Norte,E0,2:00:00,1063,0.02,1801.44,29.43,
Norte,E0,2:00:00,1077,0.02,1801.44,29.89,
Norte,E0,2:00:00,1089,0.03,1801.44,30.05,
Norte,E0,2:00:00,1093,0.06,1801.44,29.6,
Norte,E0,2:00:00,1094,0.01,1801.44,29.36,
Norte,E0,2:00:00,1095,0.02,1801.44,29.85,
Norte,E0,2:00:00,1100,0.04,1801.44,30.46,
Norte,E0,2:00:00,1102,0.06,1801.44,30.41,
Norte,E0,2:00:00,1103,0.01,1801.45,31.4,
Norte,E0,2:00:00,1104,0.06,1801.44,30.44,
Norte,E0,2:00:00,1106,0.07,1801.44,30.38,
Norte,E0,2:00:00,1107,0.03,1801.44,30.64,
Norte,E0,2:00:00,1109,0.01,1801.44,30.63,
Norte,E0,2:00:00,1110,0.01,1801.44,30.27,
Norte,E0,2:00:00,1112,0.02,1801.44,30.29,
Norte,E0,2:00:00,1113,0.03,1801.44,30.03,
Norte,E0,2:00:00,1115,0.07,1801.44,30.02,
Norte,E0,2:00:00,1117,0.07,1801.45,30.08,
Norte,E0,2:00:00,1119,0.09,1801.44,30.66,
Norte,E0,2:00:00,1120,0.07,1801.44,30.23,
Norte,E0,2:00:00,1122,0.05,1801.45,31.54,
Norte,E0,2:00:00,1125,0.05,1801.45,31.48,
Norte,E0,2:00:00,1128,0.05,1801.45,31.73,
Norte,E0,2:00:00,1130,0.06,1801.45,31.55,
Norte,E0,2:00:00,1131,0.06,1801.45,31.7,
Norte,E0,2:00:00,1133,0.02,1801.44,32.72,
Norte,E0,2:00:00,1134,0.11,1801.47,32.8,
Norte,E0,2:00:00,1135,0.08,1801.45,32.91,
Norte,E0,2:00:00,1137,0.1,1801.47,32.74,
Norte,E0,2:00:00,1139,0.06,1801.46,32.71,
Norte,E0,2:00:00,1140,0.03,1801.46,32.76,
Norte,E0,2:00:00,1141,0.04,1801.44,31.7,
Norte,E0,2:00:00,1142,0.02,1801.46,31.66,
Norte,E0,2:00:00,1143,0.07,1801.46,32.51,
Norte,E0,2:00:00,1144,0.06,1801.44,32.67,
Norte,E0,2:00:00,1145,0.03,1801.46,32.6,
Norte,E0,2:00:00,1147,0.0,1801.45,32.75,
Norte,E0,2:00:00,1148,0.0,1801.45,32.76,
Norte,E0,2:00:00,1149,0.13,1801.48,31.37,
Norte,E0,2:00:00,1150,0.17,1801.45,31.17,
Norte,E0,2:00:00,1151,0.03,1801.52,27.29,
Norte,E0,2:00:00,1153,0.01,1801.49,28.89,
Norte,E0,2:00:00,1154,0.0,1801.49,29.34,
Norte,E0,2:00:00,1158,0.09,1801.49,29.55,
Norte,E0,2:00:00,1159,0.06,1801.48,31.92,
Norte,E0,2:00:00,1161,0.03,1801.48,30.99,
Norte,E0,2:00:00,1162,0.0,1801.47,32.41,
Norte,E0,2:00:00,1164,0.08,1801.47,32.49,
Norte,E0,2:00:00,1165,0.03,1801.47,32.6,
Norte,E0,2:00:00,1166,0.04,1801.47,32.15,
Norte,E0,2:00:00,1169,0.07,1801.47,32.77,
Norte,E0,2:00:00,1171,0.05,1801.46,32.78,
Norte,E0,2:00:00,1172,0.13,1801.46,33.83,
Norte,E0,2:00:00,1174,0.04,1801.46,33.63,
Norte,E0,2:00:00,1175,0.1,1801.46,32.12,
Norte,E0,2:00:00,1176,0.14,1801.46,33.61,
Norte,E0,2:00:00,1179,0.05,1801.46,33.12,
Norte,E0,2:00:00,1181,0.01,1801.46,33.62,
Norte,E0,2:00:00,1182,0.05,1801.47,32.86,
Norte,E0,2:00:00,1184,0.03,1801.49,25.05,
Norte,E0,2:00:00,1185,0.02,1801.49,26.76,
Norte,E0,2:00:00,1186,0.01,1801.49,26.08,
Norte,E0,2:00:00,1187,0.17,1801.47,25.76,
Norte,E0,2:00:00,1189,0.01,1801.43,25.34,
Norte,E0,2:00:00,1190,0.05,1801.43,26.3,
Norte,E0,2:00:00,1191,0.05,1801.46,29.34,
Norte,E0,2:00:00,1192,0.01,1801.46,27.44,
Norte,E0,2:00:00,1196,0.04,1801.41,27.19,
Norte,E0,2:00:00,1197,0.04,1801.41,27.66,
Norte,E0,2:00:00,1207,0.09,1801.41,25.62,
Norte,E0,2:00:00,1216,0.07,1801.4,19.37,
Norte,E0,2:00:00,1221,0.04,1801.5,19.94,
Norte,E0,2:00:00,1223,0.04,1801.5,19.72,
Norte,E0,2:00:00,1224,0.06,1801.5,23.32,
Norte,E0,2:00:00,1225,0.03,1801.48,24.78,
Norte,E0,2:00:00,1226,0.05,1801.5,23.55,
Norte,E0,2:00:00,1228,0.03,1801.5,22.88,
Norte,E0,2:00:00,1229,0.01,1801.5,22.58,
Norte,E0,2:00:00,1230,0.01,1801.5,22.53,
Norte,E0,2:00:00,1231,0.01,1801.5,22.61,
Norte,E0,2:00:00,1232,0.02,1801.5,22.07,
Norte,E0,2:00:00,1233,0.01,1801.5,22.04,
Norte,E0,2:00:00,1240,0.09,1801.51,21.34,
Norte,E0,2:00:00,1242,0.09,1801.5,22.5,
Norte,E0,2:00:00,1243,0.03,1801.5,23.27,
Norte,E0,2:00:00,1244,0.09,1801.48,24.81,
Norte,E0,2:00:00,1245,0.05,1801.48,25.89,
Norte,E0,2:00:00,1246,0.03,1801.47,26.07,
Norte,E0,2:00:00,1247,0.06,1801.47,25.83,
Norte,E0,2:00:00,1248,0.05,1801.47,25.54,
Norte,E0,2:00:00,1249,0.11,1801.49,23.91,
Norte,E0,2:00:00,1250,0.12,1801.5,22.81,
Norte,E0,2:00:00,1252,0.09,1801.51,21.42,
Norte,E0,2:00:00,1253,0.11,1801.49,23.88,
Norte,E0,2:00:00,1254,0.11,1801.51,22.21,
Norte,E0,2:00:00,1255,0.06,1801.53,21.96,
Norte,E0,2:00:00,1257,0.06,1801.53,21.34,
Norte,E0,2:00:00,1265,0.02,1801.56,20.97,
Norte,E0,2:00:00,1268,0.05,1801.56,21.06,
Norte,E0,2:00:00,1272,0.03,1801.54,21.71,
Norte,E0,2:00:00,1274,0.05,1801.54,21.74,
Norte,E0,2:00:00,1276,0.1,1801.53,22.72,
Norte,E0,2:00:00,1279,0.05,1801.52,24.01,
Norte,E0,2:00:00,1281,0.05,1801.52,24.38,
Norte,E0,2:00:00,1282,0.02,1801.52,25.85,
Norte,E0,2:00:00,1284,0.02,1801.45,31.21,
Norte,E0,2:00:00,1286,0.06,1801.52,22.93,
Norte,E0,2:00:00,1288,0.01,1801.52,24.96,
Norte,E0,2:00:00,1289,0.02,1801.52,23.29,
Norte,E0,2:00:00,1290,0.08,1801.52,23.37,
Norte,E0,2:00:00,1291,0.0,1801.52,21.13,
Norte,E0,2:00:00,1292,0.05,1801.52,21.36,
Norte,E0,2:00:00,1293,0.07,1801.52,22.01,
Norte,E0,2:00:00,1294,0.02,1801.53,21.87,
Norte,E0,2:00:00,1295,0.11,1801.53,21.04,
Norte,E0,2:00:00,1297,0.08,1801.54,20.66,
Norte,E0,2:00:00,1302,0.07,1801.53,20.13,
Norte,E0,2:00:00,1304,0.05,1801.53,20.13,
Norte,E0,2:00:00,1305,0.0,1801.53,20.14,
Norte,E0,2:00:00,1306,0.05,1801.53,20.14,
Norte,E0,2:00:00,1308,0.06,1801.52,20.66,
Norte,E0,2:00:00,1309,0.03,1801.52,28.55,
Norte,E0,2:00:00,1310,0.02,1801.52,24.7,
Norte,E0,2:00:00,1312,0.08,1801.47,29.55,
Norte,E0,2:00:00,1313,0.0,1801.47,29.77,
Norte,E0,2:00:00,1315,0.05,1801.47,29.73,
Norte,E0,2:00:00,1318,0.06,1801.44,29.71,
Norte,E0,2:00:00,1319,0.01,1801.44,29.36,
Norte,E0,2:00:00,1321,0.04,1801.52,21.55,
Norte,E0,2:00:00,1322,0.0,1801.52,22.32,
Norte,E0,2:00:00,1323,0.05,1801.52,22.11,
Norte,E0,2:00:00,1324,0.02,1801.53,20.68,
Norte,E0,2:00:00,1326,0.07,1801.52,20.33,
Norte,E0,2:00:00,1334,0.05,1801.52,22.24,
Norte,E0,2:00:00,1335,0.06,1801.51,22.8,
Norte,E0,2:00:00,1336,0.01,1801.51,21.93,
Norte,E0,2:00:00,1340,0.03,1801.52,29.18,
Norte,E0,2:00:00,5010,0.02,1801.5,26.05,
Norte,E0,2:00:00,5011,0.04,1801.43,26.22,
Norte,E0,2:00:00,5019,0.05,1801.44,32.26,
Norte,E0,2:00:00,5086,0.06,1801.45,32.74,
Norte,E0,2:00:00,5087,0.01,1801.45,32.79,
Norte,E0,2:00:00,5108,0.0,1801.43,26.15,
Norte,E0,2:00:00,5112,0.02,1801.54,21.75,
Norte,E0,2:00:00,5148,0.0,1801.45,32.47,
Norte,E0,2:00:00,5193,0.0,1801.45,31.6,
Norte,E0,2:00:00,5204,0.11,1801.41,25.69,
Norte,E0,2:00:00,5241,0.0,1801.5,19.87,
Norte,E0,2:00:00,5264,0.02,1801.45,32.75,
Norte,E0,2:00:00,5289,0.01,1801.44,29.96,
Norte,E0,2:00:00,5291,0.01,1801.47,29.99,
Norte,E0,2:00:00,5311,0.1,1801.44,32.69,
Norte,E0,2:00:00,5312,0.0,1801.44,32.83,
Norte,E0,2:00:00,5313,0.0,1801.44,32.63,
Norte,E0,2:00:00,5314,0.01,1801.43,26.08,
Norte,E0,2:00:00,5342,0.03,1801.5,25.95,
Norte,E0,2:00:00,5343,0.11,1801.56,21.08,
Norte,E0,2:00:00,5344,0.11,1801.55,26.01,
Norte,E0,2:00:00,5345,0.11,1801.55,26.17,
Norte,E0,2:00:00,5478,0.0,1801.54,21.76,
Norte,E0,2:00:00,5484,0.0,1801.5,19.34,
Norte,E0,2:00:00,5493,0.01,1801.46,30.98,
Norte,E0,2:00:00,5494,0.01,1801.47,31.06,
Norte,E0,2:00:00,5495,0.08,1801.44,32.97,
Norte,E0,2:00:00,5506,0.01,1801.5,23.02,
Norte,E0,2:00:00,5523,0.0,1801.44,29.43,
Norte,E0,2:00:00,5533,0.02,1801.52,20.98,
Norte,E0,2:00:00,5537,0.03,1801.44,29.69,
Norte,E0,2:00:00,5538,0.05,1801.44,30.01,
Norte,E0,2:00:00,5603,0.04,1801.46,31.24,
Norte,E0,2:00:00,5604,0.06,1801.45,30.8,
Norte,E0,2:00:00,5613,0.06,1801.46,32.65,
Norte,E0,2:00:00,5614,0.02,1801.47,32.74,
Norte,E0,2:00:00,5620,0.04,1801.44,32.59,
Norte,E0,2:00:00,5621,0.03,1801.44,32.53,
Norte,E0,2:00:00,5678,0.05,1801.44,30.12,
Norte,E0,2:00:00,5685,0.02,1801.46,25.92,
Norte,E0,2:00:00,5709,0.13,1801.56,21.09,
Norte,E0,2:00:00,5744,0.04,1801.47,32.39,
Norte,E0,2:00:00,5746,0.07,1801.51,24.66,
Norte,E0,2:00:00,5747,0.04,1801.49,26.16,
Norte,E0,2:00:00,5748,0.05,1801.6,21.34,
Norte,E0,2:00:00,5749,0.05,1801.65,21.5,
Norte,E0,2:00:00,5750,0.03,1801.69,21.36,
Norte,E0,2:00:00,5760,0.03,1801.73,21.09,
Norte,E0,2:00:00,5761,0.02,1801.7,21.47,
Norte,E0,2:00:00,5762,0.01,1801.77,20.53,
Norte,E0,2:00:00,5763,0.02,1801.76,20.76,
Norte,E0,2:00:00,10020,0.04,1801.45,33.51,
Norte,E0,2:00:00,10059,0.03,1801.44,29.95,
Norte,E0,2:00:00,10061,0.0,1801.52,20.81,
Norte,E0,2:00:00,10062,0.0,1801.54,20.72,
Norte,E0,2:00:00,10063,0.0,1801.56,20.97,
Norte,E0,2:00:00,10082,0.07,1801.5,20.76,
Norte,E0,3:00:00,346,0.04,1801.44,33.74,
Norte,E0,3:00:00,347,0.07,1801.44,33.92,
Norte,E0,3:00:00,348,0.1,1801.44,33.93,
Norte,E0,3:00:00,349,0.05,1801.44,32.61,
Norte,E0,3:00:00,350,0.02,1801.44,32.6,
Norte,E0,3:00:00,351,0.04,1801.44,34.19,
Norte,E0,3:00:00,352,0.11,1801.44,34.07,
Norte,E0,3:00:00,353,0.06,1801.44,33.98,
Norte,E0,3:00:00,354,0.1,1801.46,32.76,
Norte,E0,3:00:00,355,0.04,1801.46,32.68,
Norte,E0,3:00:00,356,0.07,1801.46,32.72,
Norte,E0,3:00:00,357,0.03,1801.46,32.94,
Norte,E0,3:00:00,358,0.02,1801.46,33.19,
Norte,E0,3:00:00,362,0.07,1801.45,32.75,
Norte,E0,3:00:00,363,0.03,1801.45,32.74,
Norte,E0,3:00:00,364,0.06,1801.45,32.74,
Norte,E0,3:00:00,368,0.03,1801.44,32.77,
Norte,E0,3:00:00,371,0.05,1801.44,32.75,
Norte,E0,3:00:00,400,0.05,1801.45,32.47,
Norte,E0,3:00:00,401,0.05,1801.45,32.49,
Norte,E0,3:00:00,404,0.02,1801.45,32.29,
Norte,E0,3:00:00,405,0.01,1801.45,32.24,
Norte,E0,3:00:00,1049,0.02,1801.44,30.04,
Norte,E0,3:00:00,1051,0.03,1801.44,29.93,
Norte,E0,3:00:00,1053,0.02,1801.44,29.93,
Norte,E0,3:00:00,1059,0.05,1801.44,29.7,
Norte,E0,3:00:00,1063,0.02,1801.44,29.43,
Norte,E0,3:00:00,1077,0.02,1801.44,29.89,
Norte,E0,3:00:00,1089,0.03,1801.44,30.05,
Norte,E0,3:00:00,1093,0.06,1801.44,29.6,
Norte,E0,3:00:00,1094,0.01,1801.44,29.36,
Norte,E0,3:00:00,1095,0.02,1801.44,29.85,
Norte,E0,3:00:00,1100,0.04,1801.44,30.46,
Norte,E0,3:00:00,1102,0.06,1801.44,30.41,
Norte,E0,3:00:00,1103,0.01,1801.44,31.39,
Norte,E0,3:00:00,1104,0.06,1801.44,30.44,
Norte,E0,3:00:00,1106,0.07,1801.44,30.38,
Norte,E0,3:00:00,1107,0.03,1801.44,30.64,
Norte,E0,3:00:00,1109,0.01,1801.44,30.63,
Norte,E0,3:00:00,1110,0.01,1801.44,30.27,
Norte,E0,3:00:00,1112,0.02,1801.44,30.29,
Norte,E0,3:00:00,1113,0.03,1801.44,30.03,
Norte,E0,3:00:00,1115,0.07,1801.44,30.02,
Norte,E0,3:00:00,1117,0.07,1801.44,30.07,
Norte,E0,3:00:00,1119,0.09,1801.44,30.66,
Norte,E0,3:00:00,1120,0.07,1801.44,30.23,
Norte,E0,3:00:00,1122,0.05,1801.44,31.53,
Norte,E0,3:00:00,1125,0.05,1801.44,31.47,
Norte,E0,3:00:00,1128,0.05,1801.44,31.72,
Norte,E0,3:00:00,1130,0.06,1801.44,31.54,
Norte,E0,3:00:00,1131,0.06,1801.44,31.69,
Norte,E0,3:00:00,1133,0.02,1801.44,32.72,
Norte,E0,3:00:00,1134,0.11,1801.46,32.79,
Norte,E0,3:00:00,1135,0.08,1801.44,32.9,
Norte,E0,3:00:00,1137,0.1,1801.46,32.73,
Norte,E0,3:00:00,1139,0.06,1801.46,32.71,
Norte,E0,3:00:00,1140,0.03,1801.46,32.76,
Norte,E0,3:00:00,1141,0.04,1801.44,31.7,
Norte,E0,3:00:00,1142,0.02,1801.45,31.65,
Norte,E0,3:00:00,1143,0.07,1801.45,32.5,
Norte,E0,3:00:00,1144,0.06,1801.44,32.67,
Norte,E0,3:00:00,1145,0.03,1801.45,32.59,
Norte,E0,3:00:00,1147,0.0,1801.45,32.75,
Norte,E0,3:00:00,1148,0.0,1801.45,32.76,
Norte,E0,3:00:00,1149,0.13,1801.48,31.37,
Norte,E0,3:00:00,1150,0.17,1801.45,31.17,
Norte,E0,3:00:00,1151,0.03,1801.51,27.28,
Norte,E0,3:00:00,1153,0.01,1801.48,28.88,
Norte,E0,3:00:00,1154,0.0,1801.48,29.33,
Norte,E0,3:00:00,1158,0.09,1801.48,29.54,
Norte,E0,3:00:00,1159,0.06,1801.47,31.92,
Norte,E0,3:00:00,1161,0.03,1801.47,30.98,
Norte,E0,3:00:00,1162,0.0,1801.47,32.41,
Norte,E0,3:00:00,1164,0.08,1801.46,32.48,
Norte,E0,3:00:00,1165,0.03,1801.47,32.6,
Norte,E0,3:00:00,1166,0.04,1801.47,32.15,
Norte,E0,3:00:00,1169,0.07,1801.46,32.76,
Norte,E0,3:00:00,1171,0.05,1801.45,32.77,
Norte,E0,3:00:00,1172,0.13,1801.45,33.82,
Norte,E0,3:00:00,1174,0.04,1801.45,33.62,
Norte,E0,3:00:00,1175,0.1,1801.46,32.12,
Norte,E0,3:00:00,1176,0.14,1801.46,33.61,
Norte,E0,3:00:00,1179,0.05,1801.46,33.12,
Norte,E0,3:00:00,1181,0.01,1801.45,33.61,
Norte,E0,3:00:00,1182,0.05,1801.46,32.85,
Norte,E0,3:00:00,1184,0.03,1801.49,25.05,
Norte,E0,3:00:00,1185,0.02,1801.48,26.75,
Norte,E0,3:00:00,1186,0.01,1801.48,26.07,
Norte,E0,3:00:00,1187,0.17,1801.47,25.76,
Norte,E0,3:00:00,1189,0.01,1801.43,25.34,
Norte,E0,3:00:00,1190,0.05,1801.42,26.29,
Norte,E0,3:00:00,1191,0.05,1801.46,29.34,
Norte,E0,3:00:00,1192,0.01,1801.46,27.44,
Norte,E0,3:00:00,1196,0.04,1801.4,27.18,
Norte,E0,3:00:00,1197,0.04,1801.4,27.65,
Norte,E0,3:00:00,1207,0.09,1801.4,25.61,
Norte,E0,3:00:00,1216,0.07,1801.4,19.37,
Norte,E0,3:00:00,1221,0.04,1801.5,19.94,
Norte,E0,3:00:00,1223,0.04,1801.5,19.72,
Norte,E0,3:00:00,1224,0.06,1801.5,23.32,
Norte,E0,3:00:00,1225,0.03,1801.48,24.78,
Norte,E0,3:00:00,1226,0.05,1801.49,23.54,
Norte,E0,3:00:00,1228,0.03,1801.49,22.87,
Norte,E0,3:00:00,1229,0.01,1801.49,22.57,
Norte,E0,3:00:00,1230,0.01,1801.49,22.52,
Norte,E0,3:00:00,1231,0.01,1801.49,22.6,
Norte,E0,3:00:00,1232,0.02,1801.49,22.06,
Norte,E0,3:00:00,1233,0.01,1801.49,22.03,
Norte,E0,3:00:00,1240,0.09,1801.5,21.33,
Norte,E0,3:00:00,1242,0.09,1801.5,22.5,
Norte,E0,3:00:00,1243,0.03,1801.49,23.26,
Norte,E0,3:00:00,1244,0.09,1801.48,24.81,
Norte,E0,3:00:00,1245,0.05,1801.48,25.89,
Norte,E0,3:00:00,1246,0.03,1801.47,26.07,
Norte,E0,3:00:00,1247,0.06,1801.47,25.83,
Norte,E0,3:00:00,1248,0.05,1801.47,25.54,
Norte,E0,3:00:00,1249,0.11,1801.49,23.91,
Norte,E0,3:00:00,1250,0.12,1801.5,22.81,
Norte,E0,3:00:00,1252,0.09,1801.51,21.42,
Norte,E0,3:00:00,1253,0.12,1801.49,23.88,
Norte,E0,3:00:00,1254,0.11,1801.51,22.21,
Norte,E0,3:00:00,1255,0.06,1801.53,21.96,
Norte,E0,3:00:00,1257,0.06,1801.53,21.34,
Norte,E0,3:00:00,1265,0.03,1801.56,20.97,
Norte,E0,3:00:00,1268,0.05,1801.56,21.06,
Norte,E0,3:00:00,1272,0.03,1801.54,21.71,
Norte,E0,3:00:00,1274,0.05,1801.54,21.74,
Norte,E0,3:00:00,1276,0.1,1801.52,22.71,
Norte,E0,3:00:00,1279,0.05,1801.51,24.0,
Norte,E0,3:00:00,1281,0.05,1801.51,24.37,
Norte,E0,3:00:00,1282,0.02,1801.51,25.84,
Norte,E0,3:00:00,1284,0.02,1801.45,31.21,
Norte,E0,3:00:00,1286,0.06,1801.52,22.93,
Norte,E0,3:00:00,1288,0.01,1801.52,24.96,
Norte,E0,3:00:00,1289,0.02,1801.52,23.29,
Norte,E0,3:00:00,1290,0.08,1801.52,23.37,
Norte,E0,3:00:00,1291,0.01,1801.52,21.13,
Norte,E0,3:00:00,1292,0.05,1801.52,21.36,
Norte,E0,3:00:00,1293,0.07,1801.52,22.01,
Norte,E0,3:00:00,1294,0.02,1801.52,21.86,
Norte,E0,3:00:00,1295,0.11,1801.53,21.04,
Norte,E0,3:00:00,1297,0.08,1801.53,20.65,
Norte,E0,3:00:00,1302,0.07,1801.52,20.12,
Norte,E0,3:00:00,1304,0.05,1801.52,20.12,
Norte,E0,3:00:00,1305,0.0,1801.52,20.13,
Norte,E0,3:00:00,1306,0.05,1801.52,20.13,
Norte,E0,3:00:00,1308,0.06,1801.52,20.66,
Norte,E0,3:00:00,1309,0.03,1801.52,28.55,
Norte,E0,3:00:00,1310,0.02,1801.52,24.7,
Norte,E0,3:00:00,1312,0.08,1801.47,29.55,
Norte,E0,3:00:00,1313,0.0,1801.47,29.77,
Norte,E0,3:00:00,1315,0.05,1801.47,29.73,
Norte,E0,3:00:00,1318,0.07,1801.44,29.71,
Norte,E0,3:00:00,1319,0.01,1801.44,29.36,
Norte,E0,3:00:00,1321,0.04,1801.52,21.55,
Norte,E0,3:00:00,1322,0.0,1801.52,22.32,
Norte,E0,3:00:00,1323,0.05,1801.52,22.11,
Norte,E0,3:00:00,1324,0.02,1801.52,20.67,
Norte,E0,3:00:00,1326,0.07,1801.52,20.33,
Norte,E0,3:00:00,1334,0.05,1801.52,22.24,
Norte,E0,3:00:00,1335,0.06,1801.5,22.79,
Norte,E0,3:00:00,1336,0.01,1801.5,21.92,
Norte,E0,3:00:00,1340,0.03,1801.52,29.18,
Norte,E0,3:00:00,5010,0.03,1801.5,26.05,
Norte,E0,3:00:00,5011,0.04,1801.43,26.22,
Norte,E0,3:00:00,5019,0.05,1801.44,32.26,
Norte,E0,3:00:00,5086,0.06,1801.45,32.74,
Norte,E0,3:00:00,5087,0.01,1801.45,32.79,
Norte,E0,3:00:00,5108,0.0,1801.43,26.15,
Norte,E0,3:00:00,5112,0.02,1801.54,21.75,
Norte,E0,3:00:00,5148,0.0,1801.45,32.47,
Norte,E0,3:00:00,5193,0.0,1801.44,31.59,
Norte,E0,3:00:00,5204,0.12,1801.4,25.68,
Norte,E0,3:00:00,5241,0.0,1801.5,19.87,
Norte,E0,3:00:00,5264,0.02,1801.45,32.75,
Norte,E0,3:00:00,5289,0.01,1801.44,29.96,
Norte,E0,3:00:00,5291,0.01,1801.47,29.99,
Norte,E0,3:00:00,5311,0.1,1801.44,32.69,
Norte,E0,3:00:00,5312,0.0,1801.44,32.83,
Norte,E0,3:00:00,5313,0.0,1801.44,32.63,
Norte,E0,3:00:00,5314,0.01,1801.43,26.08,
Norte,E0,3:00:00,5342,0.03,1801.5,25.95,
Norte,E0,3:00:00,5343,0.11,1801.55,21.07,
Norte,E0,3:00:00,5344,0.11,1801.55,26.01,
Norte,E0,3:00:00,5345,0.11,1801.55,26.17,
Norte,E0,3:00:00,5478,0.0,1801.54,21.76,
Norte,E0,3:00:00,5484,0.0,1801.5,19.34,
Norte,E0,3:00:00,5493,0.01,1801.46,30.98,
Norte,E0,3:00:00,5494,0.01,1801.46,31.05,
Norte,E0,3:00:00,5495,0.08,1801.44,32.97,
Norte,E0,3:00:00,5506,0.01,1801.49,23.01,
Norte,E0,3:00:00,5523,0.0,1801.44,29.43,
Norte,E0,3:00:00,5533,0.02,1801.52,20.98,
Norte,E0,3:00:00,5537,0.03,1801.44,29.69,
Norte,E0,3:00:00,5538,0.06,1801.44,30.01,
Norte,E0,3:00:00,5603,0.04,1801.45,31.23,
Norte,E0,3:00:00,5604,0.06,1801.45,30.8,
Norte,E0,3:00:00,5613,0.06,1801.45,32.64,
Norte,E0,3:00:00,5614,0.02,1801.46,32.73,
Norte,E0,3:00:00,5620,0.04,1801.44,32.59,
Norte,E0,3:00:00,5621,0.03,1801.44,32.53,
Norte,E0,3:00:00,5678,0.05,1801.44,30.12,
Norte,E0,3:00:00,5685,0.02,1801.46,25.92,
Norte,E0,3:00:00,5709,0.13,1801.55,21.08,
Norte,E0,3:00:00,5744,0.04,1801.46,32.38,
Norte,E0,3:00:00,5746,0.07,1801.5,24.65,
Norte,E0,3:00:00,5747,0.04,1801.49,26.16,
Norte,E0,3:00:00,5748,0.05,1801.6,21.34,
Norte,E0,3:00:00,5749,0.05,1801.65,21.5,
Norte,E0,3:00:00,5750,0.03,1801.69,21.36,
Norte,E0,3:00:00,5760,0.03,1801.73,21.09,
Norte,E0,3:00:00,5761,0.02,1801.7,21.47,
Norte,E0,3:00:00,5762,0.01,1801.77,20.53,
Norte,E0,3:00:00,5763,0.02,1801.76,20.76,
Norte,E0,3:00:00,10020,0.04,1801.45,33.51,
Norte,E0,3:00:00,10059,0.03,1801.44,29.95,
Norte,E0,3:00:00,10061,0.0,1801.52,20.81,
Norte,E0,3:00:00,10062,0.0,1801.53,20.71,
Norte,E0,3:00:00,10063,0.0,1801.56,20.97,
Norte,E0,3:00:00,10082,0.07,1801.5,20.76,
Norte,E0,4:00:00,346,0.04,1801.42,33.72,
Norte,E0,4:00:00,347,0.07,1801.42,33.9,
Norte,E0,4:00:00,348,0.1,1801.42,33.91,
Norte,E0,4:00:00,349,0.05,1801.42,32.59,
Norte,E0,4:00:00,350,0.02,1801.42,32.58,
Norte,E0,4:00:00,351,0.04,1801.43,34.18,
Norte,E0,4:00:00,352,0.11,1801.43,34.06,
Norte,E0,4:00:00,353,0.06,1801.43,33.97,
Norte,E0,4:00:00,354,0.11,1801.44,32.74,
Norte,E0,4:00:00,355,0.04,1801.45,32.67,
Norte,E0,4:00:00,356,0.07,1801.45,32.71,
Norte,E0,4:00:00,357,0.03,1801.45,32.93,
Norte,E0,4:00:00,358,0.02,1801.45,33.18,
Norte,E0,4:00:00,362,0.07,1801.44,32.74,
Norte,E0,4:00:00,363,0.03,1801.44,32.73,
Norte,E0,4:00:00,364,0.07,1801.44,32.73,
Norte,E0,4:00:00,368,0.03,1801.43,32.76,
Norte,E0,4:00:00,371,0.05,1801.43,32.74,
Norte,E0,4:00:00,400,0.05,1801.43,32.45,
Norte,E0,4:00:00,401,0.05,1801.43,32.47,
Norte,E0,4:00:00,404,0.02,1801.43,32.27,
Norte,E0,4:00:00,405,0.01,1801.43,32.22,
Norte,E0,4:00:00,1049,0.02,1801.43,30.03,
Norte,E0,4:00:00,1051,0.03,1801.43,29.92,
Norte,E0,4:00:00,1053,0.02,1801.43,29.92,
Norte,E0,4:00:00,1059,0.05,1801.43,29.69,
Norte,E0,4:00:00,1063,0.02,1801.43,29.42,
Norte,E0,4:00:00,1077,0.02,1801.43,29.88,
Norte,E0,4:00:00,1089,0.03,1801.42,30.03,
Norte,E0,4:00:00,1093,0.06,1801.42,29.58,
Norte,E0,4:00:00,1094,0.02,1801.42,29.34,
Norte,E0,4:00:00,1095,0.02,1801.43,29.84,
Norte,E0,4:00:00,1100,0.04,1801.43,30.45,
Norte,E0,4:00:00,1102,0.06,1801.43,30.4,
Norte,E0,4:00:00,1103,0.01,1801.43,31.38,
Norte,E0,4:00:00,1104,0.06,1801.43,30.43,
Norte,E0,4:00:00,1106,0.07,1801.43,30.37,
Norte,E0,4:00:00,1107,0.03,1801.43,30.63,
Norte,E0,4:00:00,1109,0.01,1801.43,30.62,
Norte,E0,4:00:00,1110,0.01,1801.43,30.26,
Norte,E0,4:00:00,1112,0.02,1801.43,30.28,
Norte,E0,4:00:00,1113,0.03,1801.43,30.02,
Norte,E0,4:00:00,1115,0.07,1801.43,30.01,
Norte,E0,4:00:00,1117,0.07,1801.43,30.06,
Norte,E0,4:00:00,1119,0.09,1801.43,30.65,
Norte,E0,4:00:00,1120,0.07,1801.43,30.22,
Norte,E0,4:00:00,1122,0.05,1801.43,31.52,
Norte,E0,4:00:00,1125,0.05,1801.43,31.46,
Norte,E0,4:00:00,1128,0.05,1801.43,31.71,
Norte,E0,4:00:00,1130,0.06,1801.43,31.53,
Norte,E0,4:00:00,1131,0.07,1801.43,31.68,
Norte,E0,4:00:00,1133,0.02,1801.43,32.71,
Norte,E0,4:00:00,1134,0.12,1801.45,32.78,
Norte,E0,4:00:00,1135,0.08,1801.43,32.89,
Norte,E0,4:00:00,1137,0.1,1801.45,32.72,
Norte,E0,4:00:00,1139,0.07,1801.45,32.7,
Norte,E0,4:00:00,1140,0.03,1801.45,32.75,
Norte,E0,4:00:00,1141,0.05,1801.43,31.69,
Norte,E0,4:00:00,1142,0.02,1801.44,31.64,
Norte,E0,4:00:00,1143,0.07,1801.44,32.49,
Norte,E0,4:00:00,1144,0.06,1801.43,32.66,
Norte,E0,4:00:00,1145,0.03,1801.44,32.58,
Norte,E0,4:00:00,1147,0.0,1801.43,32.73,
Norte,E0,4:00:00,1148,0.0,1801.44,32.75,
Norte,E0,4:00:00,1149,0.13,1801.46,31.35,
Norte,E0,4:00:00,1150,0.18,1801.44,31.16,
Norte,E0,4:00:00,1151,0.03,1801.5,27.27,
Norte,E0,4:00:00,1153,0.01,1801.47,28.87,
Norte,E0,4:00:00,1154,0.0,1801.47,29.32,
Norte,E0,4:00:00,1158,0.09,1801.47,29.53,
Norte,E0,4:00:00,1159,0.07,1801.46,31.9,
Norte,E0,4:00:00,1161,0.03,1801.46,30.97,
Norte,E0,4:00:00,1162,0.0,1801.45,32.39,
Norte,E0,4:00:00,1164,0.08,1801.45,32.47,
Norte,E0,4:00:00,1165,0.03,1801.45,32.58,
Norte,E0,4:00:00,1166,0.04,1801.45,32.13,
Norte,E0,4:00:00,1169,0.07,1801.45,32.75,
Norte,E0,4:00:00,1171,0.06,1801.44,32.76,
Norte,E0,4:00:00,1172,0.13,1801.44,33.81,
Norte,E0,4:00:00,1174,0.05,1801.44,33.61,
Norte,E0,4:00:00,1175,0.1,1801.45,32.11,
Norte,E0,4:00:00,1176,0.14,1801.45,33.6,
Norte,E0,4:00:00,1179,0.05,1801.45,33.11,
Norte,E0,4:00:00,1181,0.01,1801.44,33.6,
Norte,E0,4:00:00,1182,0.05,1801.45,32.84,
Norte,E0,4:00:00,1184,0.03,1801.48,25.04,
Norte,E0,4:00:00,1185,0.02,1801.47,26.74,
Norte,E0,4:00:00,1186,0.01,1801.47,26.06,
Norte,E0,4:00:00,1187,0.17,1801.45,25.74,
Norte,E0,4:00:00,1189,0.01,1801.41,25.32,
Norte,E0,4:00:00,1190,0.05,1801.41,26.28,
Norte,E0,4:00:00,1191,0.05,1801.45,29.33,
Norte,E0,4:00:00,1192,0.01,1801.45,27.43,
Norte,E0,4:00:00,1196,0.04,1801.39,27.17,
Norte,E0,4:00:00,1197,0.04,1801.39,27.64,
Norte,E0,4:00:00,1207,0.09,1801.39,25.6,
Norte,E0,4:00:00,1216,0.07,1801.38,19.35,
Norte,E0,4:00:00,1221,0.04,1801.49,19.93,
Norte,E0,4:00:00,1223,0.04,1801.49,19.71,
Norte,E0,4:00:00,1224,0.06,1801.48,23.3,
Norte,E0,4:00:00,1225,0.03,1801.47,24.77,
Norte,E0,4:00:00,1226,0.05,1801.48,23.53,
Norte,E0,4:00:00,1228,0.03,1801.48,22.86,
Norte,E0,4:00:00,1229,0.01,1801.48,22.56,
Norte,E0,4:00:00,1230,0.01,1801.48,22.51,
Norte,E0,4:00:00,1231,0.01,1801.48,22.59,
Norte,E0,4:00:00,1232,0.02,1801.48,22.05,
Norte,E0,4:00:00,1233,0.01,1801.48,22.02,
Norte,E0,4:00:00,1240,0.09,1801.49,21.32,
Norte,E0,4:00:00,1242,0.09,1801.48,22.48,
Norte,E0,4:00:00,1243,0.03,1801.48,23.25,
Norte,E0,4:00:00,1244,0.09,1801.47,24.8,
Norte,E0,4:00:00,1245,0.05,1801.47,25.88,
Norte,E0,4:00:00,1246,0.03,1801.46,26.06,
Norte,E0,4:00:00,1247,0.06,1801.46,25.82,
Norte,E0,4:00:00,1248,0.05,1801.46,25.53,
Norte,E0,4:00:00,1249,0.11,1801.48,23.9,
Norte,E0,4:00:00,1250,0.12,1801.49,22.8,
Norte,E0,4:00:00,1252,0.09,1801.5,21.41,
Norte,E0,4:00:00,1253,0.12,1801.48,23.87,
Norte,E0,4:00:00,1254,0.11,1801.5,22.2,
Norte,E0,4:00:00,1255,0.06,1801.52,21.95,
Norte,E0,4:00:00,1257,0.07,1801.52,21.33,
Norte,E0,4:00:00,1265,0.03,1801.55,20.96,
Norte,E0,4:00:00,1268,0.05,1801.55,21.05,
Norte,E0,4:00:00,1272,0.03,1801.53,21.7,
Norte,E0,4:00:00,1274,0.05,1801.53,21.73,
Norte,E0,4:00:00,1276,0.11,1801.51,22.7,
Norte,E0,4:00:00,1279,0.05,1801.5,23.99,
Norte,E0,4:00:00,1281,0.05,1801.5,24.36,
Norte,E0,4:00:00,1282,0.02,1801.5,25.83,
Norte,E0,4:00:00,1284,0.02,1801.44,31.2,
Norte,E0,4:00:00,1286,0.07,1801.5,22.91,
Norte,E0,4:00:00,1288,0.01,1801.5,24.94,
Norte,E0,4:00:00,1289,0.02,1801.5,23.27,
Norte,E0,4:00:00,1290,0.08,1801.5,23.35,
Norte,E0,4:00:00,1291,0.01,1801.51,21.12,
Norte,E0,4:00:00,1292,0.05,1801.51,21.35,
Norte,E0,4:00:00,1293,0.07,1801.51,22.0,
Norte,E0,4:00:00,1294,0.02,1801.51,21.85,
Norte,E0,4:00:00,1295,0.11,1801.52,21.03,
Norte,E0,4:00:00,1297,0.08,1801.52,20.64,
Norte,E0,4:00:00,1302,0.08,1801.51,20.11,
Norte,E0,4:00:00,1304,0.05,1801.51,20.11,
Norte,E0,4:00:00,1305,0.0,1801.51,20.12,
Norte,E0,4:00:00,1306,0.05,1801.51,20.12,
Norte,E0,4:00:00,1308,0.07,1801.51,20.65,
Norte,E0,4:00:00,1309,0.03,1801.51,28.54,
Norte,E0,4:00:00,1310,0.02,1801.51,24.69,
Norte,E0,4:00:00,1312,0.08,1801.46,29.54,
Norte,E0,4:00:00,1313,0.0,1801.46,29.76,
Norte,E0,4:00:00,1315,0.05,1801.46,29.72,
Norte,E0,4:00:00,1318,0.07,1801.42,29.69,
Norte,E0,4:00:00,1319,0.01,1801.42,29.34,
Norte,E0,4:00:00,1321,0.04,1801.51,21.54,
Norte,E0,4:00:00,1322,0.0,1801.51,22.31,
Norte,E0,4:00:00,1323,0.05,1801.51,22.1,
Norte,E0,4:00:00,1324,0.02,1801.51,20.66,
Norte,E0,4:00:00,1326,0.07,1801.51,20.32,
Norte,E0,4:00:00,1334,0.05,1801.5,22.22,
Norte,E0,4:00:00,1335,0.06,1801.49,22.78,
Norte,E0,4:00:00,1336,0.01,1801.49,21.91,
Norte,E0,4:00:00,1340,0.03,1801.5,29.16,
Norte,E0,4:00:00,5010,0.03,1801.49,26.04,
Norte,E0,4:00:00,5011,0.04,1801.41,26.2,
Norte,E0,4:00:00,5019,0.05,1801.42,32.24,
Norte,E0,4:00:00,5086,0.06,1801.43,32.72,
Norte,E0,4:00:00,5087,0.01,1801.43,32.77,
Norte,E0,4:00:00,5108,0.0,1801.41,26.13,
Norte,E0,4:00:00,5112,0.02,1801.53,21.74,
Norte,E0,4:00:00,5148,0.0,1801.43,32.45,
Norte,E0,4:00:00,5193,0.0,1801.43,31.58,
Norte,E0,4:00:00,5204,0.12,1801.39,25.67,
Norte,E0,4:00:00,5241,0.0,1801.49,19.86,
Norte,E0,4:00:00,5264,0.02,1801.44,32.74,
Norte,E0,4:00:00,5289,0.01,1801.42,29.94,
Norte,E0,4:00:00,5291,0.01,1801.46,29.98,
Norte,E0,4:00:00,5311,0.11,1801.43,32.68,
Norte,E0,4:00:00,5312,0.0,1801.43,32.82,
Norte,E0,4:00:00,5313,0.01,1801.43,32.62,
Norte,E0,4:00:00,5314,0.01,1801.41,26.06,
Norte,E0,4:00:00,5342,0.03,1801.49,25.94,
Norte,E0,4:00:00,5343,0.11,1801.55,21.07,
Norte,E0,4:00:00,5344,0.11,1801.54,26.0,
Norte,E0,4:00:00,5345,0.11,1801.54,26.16,
Norte,E0,4:00:00,5478,0.0,1801.53,21.75,
Norte,E0,4:00:00,5484,0.0,1801.49,19.33,
Norte,E0,4:00:00,5493,0.01,1801.45,30.97,
Norte,E0,4:00:00,5494,0.01,1801.45,31.04,
Norte,E0,4:00:00,5495,0.08,1801.43,32.96,
Norte,E0,4:00:00,5506,0.01,1801.48,23.0,
Norte,E0,4:00:00,5523,0.0,1801.43,29.42,
Norte,E0,4:00:00,5533,0.02,1801.51,20.97,
Norte,E0,4:00:00,5537,0.03,1801.43,29.68,
Norte,E0,4:00:00,5538,0.06,1801.43,30.0,
Norte,E0,4:00:00,5603,0.04,1801.44,31.22,
Norte,E0,4:00:00,5604,0.06,1801.43,30.78,
Norte,E0,4:00:00,5613,0.06,1801.44,32.63,
Norte,E0,4:00:00,5614,0.02,1801.45,32.72,
Norte,E0,4:00:00,5620,0.04,1801.42,32.57,
Norte,E0,4:00:00,5621,0.03,1801.42,32.51,
Norte,E0,4:00:00,5678,0.05,1801.43,30.11,
Norte,E0,4:00:00,5685,0.02,1801.45,25.91,
Norte,E0,4:00:00,5709,0.13,1801.55,21.08,
Norte,E0,4:00:00,5744,0.04,1801.45,32.37,
Norte,E0,4:00:00,5746,0.07,1801.49,24.64,
Norte,E0,4:00:00,5747,0.04,1801.47,26.14,
Norte,E0,4:00:00,5748,0.05,1801.59,21.33,
Norte,E0,4:00:00,5749,0.05,1801.64,21.49,
Norte,E0,4:00:00,5750,0.03,1801.68,21.35,
Norte,E0,4:00:00,5760,0.03,1801.73,21.09,
Norte,E0,4:00:00,5761,0.02,1801.69,21.46,
Norte,E0,4:00:00,5762,0.01,1801.77,20.53,
Norte,E0,4:00:00,5763,0.02,1801.76,20.76,
Norte,E0,4:00:00,10020,0.04,1801.44,33.5,
Norte,E0,4:00:00,10059,0.03,1801.43,29.94,
Norte,E0,4:00:00,10061,0.0,1801.51,20.8,
Norte,E0,4:00:00,10062,0.0,1801.52,20.7,
Norte,E0,4:00:00,10063,0.0,1801.55,20.96,
Norte,E0,4:00:00,10082,0.07,1801.49,20.75,
Norte,E0,5:00:00,346,0.05,1801.22,33.52,
Norte,E0,5:00:00,347,0.08,1801.22,33.7,
Norte,E0,5:00:00,348,0.13,1801.22,33.71,
Norte,E0,5:00:00,349,0.06,1801.23,32.4,
Norte,E0,5:00:00,350,0.03,1801.23,32.39,
Norte,E0,5:00:00,351,0.06,1801.23,33.98,
Norte,E0,5:00:00,352,0.14,1801.23,33.86,
Norte,E0,5:00:00,353,0.08,1801.23,33.77,
Norte,E0,5:00:00,354,0.14,1801.26,32.56,
Norte,E0,5:00:00,355,0.05,1801.26,32.48,
Norte,E0,5:00:00,356,0.09,1801.26,32.52,
Norte,E0,5:00:00,357,0.04,1801.26,32.74,
Norte,E0,5:00:00,358,0.02,1801.26,32.99,
Norte,E0,5:00:00,362,0.09,1801.24,32.54,
Norte,E0,5:00:00,363,0.04,1801.25,32.54,
Norte,E0,5:00:00,364,0.08,1801.25,32.54,
Norte,E0,5:00:00,368,0.04,1801.23,32.56,
Norte,E0,5:00:00,371,0.06,1801.23,32.54,
Norte,E0,5:00:00,400,0.07,1801.24,32.26,
Norte,E0,5:00:00,401,0.06,1801.24,32.28,
Norte,E0,5:00:00,404,0.03,1801.24,32.08,
Norte,E0,5:00:00,405,0.01,1801.24,32.03,
Norte,E0,5:00:00,1049,0.03,1801.23,29.83,
Norte,E0,5:00:00,1051,0.04,1801.23,29.72,
Norte,E0,5:00:00,1053,0.03,1801.23,29.72,
Norte,E0,5:00:00,1059,0.06,1801.23,29.49,
Norte,E0,5:00:00,1063,0.03,1801.23,29.22,
Norte,E0,5:00:00,1077,0.03,1801.23,29.68,
Norte,E0,5:00:00,1089,0.04,1801.22,29.83,
Norte,E0,5:00:00,1093,0.08,1801.22,29.38,
Norte,E0,5:00:00,1094,0.02,1801.22,29.14,
Norte,E0,5:00:00,1095,0.02,1801.23,29.64,
Norte,E0,5:00:00,1100,0.05,1801.23,30.25,
Norte,E0,5:00:00,1102,0.08,1801.23,30.2,
Norte,E0,5:00:00,1103,0.01,1801.23,31.18,
Norte,E0,5:00:00,1104,0.08,1801.23,30.23,
Norte,E0,5:00:00,1106,0.09,1801.23,30.17,
Norte,E0,5:00:00,1107,0.04,1801.23,30.43,
Norte,E0,5:00:00,1109,0.01,1801.23,30.42,
Norte,E0,5:00:00,1110,0.01,1801.23,30.06,
Norte,E0,5:00:00,1112,0.02,1801.23,30.08,
Norte,E0,5:00:00,1113,0.04,1801.23,29.82,
Norte,E0,5:00:00,1115,0.09,1801.23,29.81,
Norte,E0,5:00:00,1117,0.09,1801.23,29.86,
Norte,E0,5:00:00,1119,0.12,1801.23,30.45,
Norte,E0,5:00:00,1120,0.09,1801.23,30.02,
Norte,E0,5:00:00,1122,0.06,1801.23,31.32,
Norte,E0,5:00:00,1125,0.07,1801.23,31.26,
Norte,E0,5:00:00,1128,0.07,1801.23,31.51,
Norte,E0,5:00:00,1130,0.08,1801.23,31.33,
Norte,E0,5:00:00,1131,0.08,1801.23,31.48,
Norte,E0,5:00:00,1133,0.03,1801.23,32.51,
Norte,E0,5:00:00,1134,0.15,1801.27,32.6,
Norte,E0,5:00:00,1135,0.1,1801.23,32.69,
Norte,E0,5:00:00,1137,0.13,1801.26,32.53,
Norte,E0,5:00:00,1139,0.08,1801.26,32.51,
Norte,E0,5:00:00,1140,0.03,1801.26,32.56,
Norte,E0,5:00:00,1141,0.06,1801.23,31.49,
Norte,E0,5:00:00,1142,0.03,1801.25,31.45,
Norte,E0,5:00:00,1143,0.09,1801.25,32.3,
Norte,E0,5:00:00,1144,0.08,1801.23,32.46,
Norte,E0,5:00:00,1145,0.03,1801.25,32.39,
Norte,E0,5:00:00,1147,0.0,1801.24,32.54,
Norte,E0,5:00:00,1148,0.0,1801.24,32.55,
Norte,E0,5:00:00,1149,0.17,1801.29,31.18,
Norte,E0,5:00:00,1150,0.22,1801.24,30.96,
Norte,E0,5:00:00,1151,0.04,1801.34,27.11,
Norte,E0,5:00:00,1153,0.02,1801.3,28.7,
Norte,E0,5:00:00,1154,0.0,1801.3,29.15,
Norte,E0,5:00:00,1158,0.12,1801.3,29.36,
Norte,E0,5:00:00,1159,0.08,1801.28,31.72,
Norte,E0,5:00:00,1161,0.04,1801.28,30.79,
Norte,E0,5:00:00,1162,0.01,1801.27,32.21,
Norte,E0,5:00:00,1164,0.1,1801.27,32.29,
Norte,E0,5:00:00,1165,0.04,1801.27,32.4,
Norte,E0,5:00:00,1166,0.06,1801.27,31.95,
Norte,E0,5:00:00,1169,0.09,1801.26,32.56,
Norte,E0,5:00:00,1171,0.07,1801.25,32.57,
Norte,E0,5:00:00,1172,0.17,1801.25,33.62,
Norte,E0,5:00:00,1174,0.06,1801.25,33.42,
Norte,E0,5:00:00,1175,0.13,1801.26,31.92,
Norte,E0,5:00:00,1176,0.18,1801.26,33.41,
Norte,E0,5:00:00,1179,0.06,1801.26,32.92,
Norte,E0,5:00:00,1181,0.01,1801.25,33.41,
Norte,E0,5:00:00,1182,0.06,1801.26,32.65,
Norte,E0,5:00:00,1184,0.04,1801.31,24.87,
Norte,E0,5:00:00,1185,0.02,1801.3,26.57,
Norte,E0,5:00:00,1186,0.01,1801.3,25.89,
Norte,E0,5:00:00,1187,0.22,1801.27,25.56,
Norte,E0,5:00:00,1189,0.01,1801.2,25.11,
Norte,E0,5:00:00,1190,0.07,1801.2,26.07,
Norte,E0,5:00:00,1191,0.07,1801.26,29.14,
Norte,E0,5:00:00,1192,0.01,1801.26,27.24,
Norte,E0,5:00:00,1196,0.06,1801.16,26.94,
Norte,E0,5:00:00,1197,0.05,1801.16,27.41,
Norte,E0,5:00:00,1207,0.12,1801.17,25.37,
Norte,E0,5:00:00,1216,0.09,1801.16,19.13,
Norte,E0,5:00:00,1221,0.05,1801.32,19.76,
Norte,E0,5:00:00,1223,0.05,1801.32,19.54,
Norte,E0,5:00:00,1224,0.07,1801.32,23.14,
Norte,E0,5:00:00,1225,0.04,1801.29,24.59,
Norte,E0,5:00:00,1226,0.07,1801.32,23.37,
Norte,E0,5:00:00,1228,0.04,1801.32,22.7,
Norte,E0,5:00:00,1229,0.02,1801.32,22.4,
Norte,E0,5:00:00,1230,0.01,1801.32,22.35,
Norte,E0,5:00:00,1231,0.01,1801.32,22.43,
Norte,E0,5:00:00,1232,0.02,1801.32,21.89,
Norte,E0,5:00:00,1233,0.01,1801.32,21.86,
Norte,E0,5:00:00,1240,0.12,1801.33,21.16,
Norte,E0,5:00:00,1242,0.12,1801.32,22.32,
Norte,E0,5:00:00,1243,0.04,1801.31,23.08,
Norte,E0,5:00:00,1244,0.12,1801.29,24.62,
Norte,E0,5:00:00,1245,0.06,1801.29,25.7,
Norte,E0,5:00:00,1246,0.03,1801.28,25.87,
Norte,E0,5:00:00,1247,0.07,1801.28,25.64,
Norte,E0,5:00:00,1248,0.07,1801.27,25.34,
Norte,E0,5:00:00,1249,0.15,1801.31,23.73,
Norte,E0,5:00:00,1250,0.16,1801.32,22.63,
Norte,E0,5:00:00,1252,0.11,1801.34,21.25,
Norte,E0,5:00:00,1253,0.15,1801.31,23.7,
Norte,E0,5:00:00,1254,0.14,1801.34,22.04,
Norte,E0,5:00:00,1255,0.08,1801.37,21.8,
Norte,E0,5:00:00,1257,0.08,1801.38,21.19,
Norte,E0,5:00:00,1265,0.03,1801.42,20.83,
Norte,E0,5:00:00,1268,0.07,1801.42,20.92,
Norte,E0,5:00:00,1272,0.03,1801.39,21.56,
Norte,E0,5:00:00,1274,0.06,1801.39,21.59,
Norte,E0,5:00:00,1276,0.14,1801.36,22.55,
Norte,E0,5:00:00,1279,0.06,1801.35,23.84,
Norte,E0,5:00:00,1281,0.07,1801.35,24.21,
Norte,E0,5:00:00,1282,0.03,1801.35,25.68,
Norte,E0,5:00:00,1284,0.03,1801.24,31.0,
Norte,E0,5:00:00,1286,0.08,1801.35,22.76,
Norte,E0,5:00:00,1288,0.01,1801.35,24.79,
Norte,E0,5:00:00,1289,0.02,1801.35,23.12,
Norte,E0,5:00:00,1290,0.1,1801.35,23.2,
Norte,E0,5:00:00,1291,0.01,1801.35,20.96,
Norte,E0,5:00:00,1292,0.07,1801.35,21.19,
Norte,E0,5:00:00,1293,0.09,1801.36,21.85,
Norte,E0,5:00:00,1294,0.02,1801.36,21.7,
Norte,E0,5:00:00,1295,0.14,1801.37,20.88,
Norte,E0,5:00:00,1297,0.1,1801.38,20.5,
Norte,E0,5:00:00,1302,0.1,1801.37,19.97,
Norte,E0,5:00:00,1304,0.06,1801.37,19.97,
Norte,E0,5:00:00,1305,0.0,1801.37,19.98,
Norte,E0,5:00:00,1306,0.07,1801.37,19.98,
Norte,E0,5:00:00,1308,0.08,1801.36,20.5,
Norte,E0,5:00:00,1309,0.04,1801.36,28.39,
Norte,E0,5:00:00,1310,0.02,1801.36,24.54,
Norte,E0,5:00:00,1312,0.11,1801.28,29.36,
Norte,E0,5:00:00,1313,0.0,1801.28,29.58,
Norte,E0,5:00:00,1315,0.07,1801.28,29.54,
Norte,E0,5:00:00,1318,0.08,1801.22,29.49,
Norte,E0,5:00:00,1319,0.02,1801.22,29.14,
Norte,E0,5:00:00,1321,0.05,1801.36,21.39,
Norte,E0,5:00:00,1322,0.01,1801.36,22.16,
Norte,E0,5:00:00,1323,0.06,1801.36,21.95,
Norte,E0,5:00:00,1324,0.03,1801.36,20.52,
Norte,E0,5:00:00,1326,0.09,1801.36,20.17,
Norte,E0,5:00:00,1334,0.07,1801.35,22.07,
Norte,E0,5:00:00,1335,0.07,1801.33,22.62,
Norte,E0,5:00:00,1336,0.01,1801.33,21.75,
Norte,E0,5:00:00,1340,0.04,1801.35,29.01,
Norte,E0,5:00:00,5010,0.03,1801.32,25.87,
Norte,E0,5:00:00,5011,0.06,1801.21,26.0,
Norte,E0,5:00:00,5019,0.06,1801.22,32.04,
Norte,E0,5:00:00,5086,0.07,1801.24,32.53,
Norte,E0,5:00:00,5087,0.01,1801.24,32.58,
Norte,E0,5:00:00,5108,0.0,1801.2,25.92,
Norte,E0,5:00:00,5112,0.03,1801.39,21.6,
Norte,E0,5:00:00,5148,0.0,1801.24,32.26,
Norte,E0,5:00:00,5193,0.0,1801.23,31.38,
Norte,E0,5:00:00,5204,0.15,1801.16,25.44,
Norte,E0,5:00:00,5241,0.0,1801.32,19.69,
Norte,E0,5:00:00,5264,0.03,1801.24,32.54,
Norte,E0,5:00:00,5289,0.01,1801.22,29.74,
Norte,E0,5:00:00,5291,0.02,1801.28,29.8,
Norte,E0,5:00:00,5311,0.14,1801.23,32.48,
Norte,E0,5:00:00,5312,0.01,1801.23,32.62,
Norte,E0,5:00:00,5313,0.01,1801.23,32.42,
Norte,E0,5:00:00,5314,0.02,1801.2,25.85,
Norte,E0,5:00:00,5342,0.03,1801.32,25.77,
Norte,E0,5:00:00,5343,0.14,1801.41,20.93,
Norte,E0,5:00:00,5344,0.15,1801.4,25.86,
Norte,E0,5:00:00,5345,0.15,1801.4,26.02,
Norte,E0,5:00:00,5478,0.0,1801.39,21.61,
Norte,E0,5:00:00,5484,0.01,1801.32,19.16,
Norte,E0,5:00:00,5493,0.01,1801.26,30.78,
Norte,E0,5:00:00,5494,0.01,1801.26,30.85,
Norte,E0,5:00:00,5495,0.11,1801.23,32.76,
Norte,E0,5:00:00,5506,0.02,1801.32,22.84,
Norte,E0,5:00:00,5523,0.0,1801.23,29.22,
Norte,E0,5:00:00,5533,0.03,1801.35,20.81,
Norte,E0,5:00:00,5537,0.04,1801.23,29.48,
Norte,E0,5:00:00,5538,0.07,1801.23,29.8,
Norte,E0,5:00:00,5603,0.05,1801.25,31.03,
Norte,E0,5:00:00,5604,0.07,1801.24,30.59,
Norte,E0,5:00:00,5613,0.07,1801.25,32.44,
Norte,E0,5:00:00,5614,0.03,1801.26,32.53,
Norte,E0,5:00:00,5620,0.05,1801.22,32.37,
Norte,E0,5:00:00,5621,0.04,1801.22,32.31,
Norte,E0,5:00:00,5678,0.06,1801.23,29.91,
Norte,E0,5:00:00,5685,0.02,1801.26,25.72,
Norte,E0,5:00:00,5709,0.17,1801.41,20.94,
Norte,E0,5:00:00,5744,0.06,1801.27,32.19,
Norte,E0,5:00:00,5746,0.09,1801.33,24.48,
Norte,E0,5:00:00,5747,0.05,1801.3,25.97,
Norte,E0,5:00:00,5748,0.06,1801.49,21.23,
Norte,E0,5:00:00,5749,0.06,1801.57,21.42,
Norte,E0,5:00:00,5750,0.04,1801.63,21.3,
Norte,E0,5:00:00,5760,0.04,1801.7,21.06,
Norte,E0,5:00:00,5761,0.03,1801.65,21.42,
Norte,E0,5:00:00,5762,0.01,1801.77,20.53,
Norte,E0,5:00:00,5763,0.03,1801.75,20.75,
Norte,E0,5:00:00,10020,0.05,1801.24,33.3,
Norte,E0,5:00:00,10059,0.04,1801.23,29.74,
Norte,E0,5:00:00,10061,0.0,1801.35,20.64,
Norte,E0,5:00:00,10062,0.0,1801.38,20.56,
Norte,E0,5:00:00,10063,0.0,1801.42,20.83,
Norte,E0,5:00:00,10082,0.09,1801.33,20.59,
Norte,E0,6:00:00,346,0.05,1801.08,33.38,
Norte,E0,6:00:00,347,0.1,1801.08,33.56,
Norte,E0,6:00:00,348,0.15,1801.08,33.57,
Norte,E0,6:00:00,349,0.07,1801.08,32.25,
Norte,E0,6:00:00,350,0.03,1801.08,32.24,
Norte,E0,6:00:00,351,0.06,1801.08,33.83,
Norte,E0,6:00:00,352,0.16,1801.08,33.71,
Norte,E0,6:00:00,353,0.09,1801.08,33.62,
Norte,E0,6:00:00,354,0.15,1801.12,32.42,
Norte,E0,6:00:00,355,0.06,1801.13,32.35,
Norte,E0,6:00:00,356,0.11,1801.13,32.39,
Norte,E0,6:00:00,357,0.05,1801.13,32.61,
Norte,E0,6:00:00,358,0.03,1801.13,32.86,
Norte,E0,6:00:00,362,0.1,1801.1,32.4,
Norte,E0,6:00:00,363,0.05,1801.11,32.4,
Norte,E0,6:00:00,364,0.09,1801.11,32.4,
Norte,E0,6:00:00,368,0.05,1801.09,32.42,
Norte,E0,6:00:00,371,0.07,1801.09,32.4,
Norte,E0,6:00:00,400,0.07,1801.1,32.12,
Norte,E0,6:00:00,401,0.07,1801.1,32.14,
Norte,E0,6:00:00,404,0.03,1801.1,31.94,
Norte,E0,6:00:00,405,0.01,1801.1,31.89,
Norte,E0,6:00:00,1049,0.03,1801.08,29.68,
Norte,E0,6:00:00,1051,0.05,1801.08,29.57,
Norte,E0,6:00:00,1053,0.03,1801.08,29.57,
Norte,E0,6:00:00,1059,0.07,1801.08,29.34,
Norte,E0,6:00:00,1063,0.03,1801.08,29.07,
Norte,E0,6:00:00,1077,0.03,1801.09,29.54,
Norte,E0,6:00:00,1089,0.04,1801.08,29.69,
Norte,E0,6:00:00,1093,0.09,1801.08,29.24,
Norte,E0,6:00:00,1094,0.02,1801.08,29.0,
Norte,E0,6:00:00,1095,0.03,1801.08,29.49,
Norte,E0,6:00:00,1100,0.05,1801.08,30.1,
Norte,E0,6:00:00,1102,0.09,1801.08,30.05,
Norte,E0,6:00:00,1103,0.01,1801.09,31.04,
Norte,E0,6:00:00,1104,0.09,1801.08,30.08,
Norte,E0,6:00:00,1106,0.1,1801.08,30.02,
Norte,E0,6:00:00,1107,0.05,1801.09,30.29,
Norte,E0,6:00:00,1109,0.02,1801.08,30.27,
Norte,E0,6:00:00,1110,0.02,1801.09,29.92,
Norte,E0,6:00:00,1112,0.03,1801.09,29.94,
Norte,E0,6:00:00,1113,0.05,1801.09,29.68,
Norte,E0,6:00:00,1115,0.1,1801.09,29.67,
Norte,E0,6:00:00,1117,0.11,1801.09,29.72,
Norte,E0,6:00:00,1119,0.13,1801.08,30.3,
Norte,E0,6:00:00,1120,0.1,1801.09,29.88,
Norte,E0,6:00:00,1122,0.07,1801.09,31.18,
Norte,E0,6:00:00,1125,0.08,1801.09,31.12,
Norte,E0,6:00:00,1128,0.08,1801.09,31.37,
Norte,E0,6:00:00,1130,0.09,1801.09,31.19,
Norte,E0,6:00:00,1131,0.09,1801.09,31.34,
Norte,E0,6:00:00,1133,0.03,1801.08,32.36,
Norte,E0,6:00:00,1134,0.17,1801.13,32.46,
Norte,E0,6:00:00,1135,0.12,1801.09,32.55,
Norte,E0,6:00:00,1137,0.15,1801.13,32.4,
Norte,E0,6:00:00,1139,0.1,1801.13,32.38,
Norte,E0,6:00:00,1140,0.04,1801.13,32.43,
Norte,E0,6:00:00,1141,0.07,1801.08,31.34,
Norte,E0,6:00:00,1142,0.03,1801.11,31.31,
Norte,E0,6:00:00,1143,0.1,1801.11,32.16,
Norte,E0,6:00:00,1144,0.09,1801.08,32.31,
Norte,E0,6:00:00,1145,0.04,1801.11,32.25,
Norte,E0,6:00:00,1147,0.0,1801.1,32.4,
Norte,E0,6:00:00,1148,0.01,1801.1,32.41,
Norte,E0,6:00:00,1149,0.19,1801.16,31.05,
Norte,E0,6:00:00,1150,0.25,1801.1,30.82,
Norte,E0,6:00:00,1151,0.04,1801.23,27.0,
Norte,E0,6:00:00,1153,0.02,1801.17,28.57,
Norte,E0,6:00:00,1154,0.0,1801.17,29.02,
Norte,E0,6:00:00,1158,0.13,1801.17,29.23,
Norte,E0,6:00:00,1159,0.1,1801.16,31.6,
Norte,E0,6:00:00,1161,0.04,1801.16,30.67,
Norte,E0,6:00:00,1162,0.01,1801.14,32.08,
Norte,E0,6:00:00,1164,0.12,1801.13,32.15,
Norte,E0,6:00:00,1165,0.04,1801.14,32.27,
Norte,E0,6:00:00,1166,0.06,1801.14,31.82,
Norte,E0,6:00:00,1169,0.1,1801.13,32.43,
Norte,E0,6:00:00,1171,0.08,1801.11,32.43,
Norte,E0,6:00:00,1172,0.19,1801.11,33.48,
Norte,E0,6:00:00,1174,0.07,1801.11,33.28,
Norte,E0,6:00:00,1175,0.15,1801.12,31.78,
Norte,E0,6:00:00,1176,0.21,1801.12,33.27,
Norte,E0,6:00:00,1179,0.07,1801.13,32.79,
Norte,E0,6:00:00,1181,0.01,1801.11,33.27,
Norte,E0,6:00:00,1182,0.07,1801.13,32.52,
Norte,E0,6:00:00,1184,0.05,1801.18,24.74,
Norte,E0,6:00:00,1185,0.03,1801.17,26.44,
Norte,E0,6:00:00,1186,0.01,1801.17,25.76,
Norte,E0,6:00:00,1187,0.25,1801.14,25.43,
Norte,E0,6:00:00,1189,0.01,1801.06,24.97,
Norte,E0,6:00:00,1190,0.08,1801.05,25.92,
Norte,E0,6:00:00,1191,0.08,1801.12,29.0,
Norte,E0,6:00:00,1192,0.01,1801.12,27.1,
Norte,E0,6:00:00,1196,0.06,1801.0,26.78,
Norte,E0,6:00:00,1197,0.06,1801.0,27.25,
Norte,E0,6:00:00,1207,0.13,1801.01,25.22,
Norte,E0,6:00:00,1216,0.1,1801.0,18.97,
Norte,E0,6:00:00,1221,0.06,1801.2,19.64,
Norte,E0,6:00:00,1223,0.06,1801.2,19.42,
Norte,E0,6:00:00,1224,0.08,1801.2,23.02,
Norte,E0,6:00:00,1225,0.04,1801.16,24.46,
Norte,E0,6:00:00,1226,0.07,1801.2,23.25,
Norte,E0,6:00:00,1228,0.04,1801.19,22.57,
Norte,E0,6:00:00,1229,0.02,1801.19,22.27,
Norte,E0,6:00:00,1230,0.02,1801.19,22.22,
Norte,E0,6:00:00,1231,0.01,1801.19,22.3,
Norte,E0,6:00:00,1232,0.03,1801.19,21.76,
Norte,E0,6:00:00,1233,0.02,1801.19,21.73,
Norte,E0,6:00:00,1240,0.13,1801.21,21.04,
Norte,E0,6:00:00,1242,0.14,1801.2,22.2,
Norte,E0,6:00:00,1243,0.05,1801.19,22.96,
Norte,E0,6:00:00,1244,0.13,1801.16,24.49,
Norte,E0,6:00:00,1245,0.07,1801.16,25.57,
Norte,E0,6:00:00,1246,0.04,1801.14,25.74,
Norte,E0,6:00:00,1247,0.08,1801.14,25.5,
Norte,E0,6:00:00,1248,0.08,1801.14,25.21,
Norte,E0,6:00:00,1249,0.16,1801.18,23.6,
Norte,E0,6:00:00,1250,0.18,1801.2,22.51,
Norte,E0,6:00:00,1252,0.13,1801.23,21.14,
Norte,E0,6:00:00,1253,0.17,1801.19,23.58,
Norte,E0,6:00:00,1254,0.16,1801.23,21.93,
Norte,E0,6:00:00,1255,0.09,1801.27,21.7,
Norte,E0,6:00:00,1257,0.09,1801.27,21.08,
Norte,E0,6:00:00,1265,0.04,1801.33,20.74,
Norte,E0,6:00:00,1268,0.08,1801.32,20.82,
Norte,E0,6:00:00,1272,0.04,1801.29,21.46,
Norte,E0,6:00:00,1274,0.07,1801.29,21.49,
Norte,E0,6:00:00,1276,0.15,1801.25,22.44,
Norte,E0,6:00:00,1279,0.07,1801.23,23.72,
Norte,E0,6:00:00,1281,0.08,1801.23,24.09,
Norte,E0,6:00:00,1282,0.03,1801.23,25.56,
Norte,E0,6:00:00,1284,0.03,1801.1,30.86,
Norte,E0,6:00:00,1286,0.1,1801.24,22.65,
Norte,E0,6:00:00,1288,0.01,1801.24,24.68,
Norte,E0,6:00:00,1289,0.03,1801.24,23.01,
Norte,E0,6:00:00,1290,0.12,1801.24,23.09,
Norte,E0,6:00:00,1291,0.01,1801.24,20.85,
Norte,E0,6:00:00,1292,0.08,1801.24,21.08,
Norte,E0,6:00:00,1293,0.1,1801.25,21.74,
Norte,E0,6:00:00,1294,0.03,1801.25,21.59,
Norte,E0,6:00:00,1295,0.16,1801.27,20.78,
Norte,E0,6:00:00,1297,0.11,1801.27,20.39,
Norte,E0,6:00:00,1302,0.11,1801.26,19.86,
Norte,E0,6:00:00,1304,0.07,1801.26,19.86,
Norte,E0,6:00:00,1305,0.0,1801.26,19.87,
Norte,E0,6:00:00,1306,0.08,1801.26,19.87,
Norte,E0,6:00:00,1308,0.09,1801.25,20.39,
Norte,E0,6:00:00,1309,0.05,1801.25,28.28,
Norte,E0,6:00:00,1310,0.02,1801.25,24.43,
Norte,E0,6:00:00,1312,0.12,1801.15,29.23,
Norte,E0,6:00:00,1313,0.0,1801.15,29.45,
Norte,E0,6:00:00,1315,0.08,1801.15,29.41,
Norte,E0,6:00:00,1318,0.1,1801.08,29.35,
Norte,E0,6:00:00,1319,0.02,1801.08,29.0,
Norte,E0,6:00:00,1321,0.06,1801.25,21.28,
Norte,E0,6:00:00,1322,0.01,1801.25,22.05,
Norte,E0,6:00:00,1323,0.07,1801.25,21.84,
Norte,E0,6:00:00,1324,0.03,1801.26,20.41,
Norte,E0,6:00:00,1326,0.11,1801.25,20.06,
Norte,E0,6:00:00,1334,0.08,1801.24,21.96,
Norte,E0,6:00:00,1335,0.08,1801.21,22.5,
Norte,E0,6:00:00,1336,0.01,1801.21,21.63,
Norte,E0,6:00:00,1340,0.05,1801.24,28.9,
Norte,E0,6:00:00,5010,0.04,1801.2,25.75,
Norte,E0,6:00:00,5011,0.06,1801.06,25.85,
Norte,E0,6:00:00,5019,0.07,1801.08,31.9,
Norte,E0,6:00:00,5086,0.08,1801.1,32.39,
Norte,E0,6:00:00,5087,0.01,1801.1,32.44,
Norte,E0,6:00:00,5108,0.0,1801.05,25.77,
Norte,E0,6:00:00,5112,0.03,1801.29,21.5,
Norte,E0,6:00:00,5148,0.0,1801.1,32.12,
Norte,E0,6:00:00,5193,0.0,1801.09,31.24,
Norte,E0,6:00:00,5204,0.17,1801.0,25.28,
Norte,E0,6:00:00,5241,0.0,1801.2,19.57,
Norte,E0,6:00:00,5264,0.03,1801.1,32.4,
Norte,E0,6:00:00,5289,0.01,1801.08,29.6,
Norte,E0,6:00:00,5291,0.02,1801.15,29.67,
Norte,E0,6:00:00,5311,0.15,1801.08,32.33,
Norte,E0,6:00:00,5312,0.01,1801.08,32.47,
Norte,E0,6:00:00,5313,0.01,1801.08,32.27,
Norte,E0,6:00:00,5314,0.02,1801.06,25.71,
Norte,E0,6:00:00,5342,0.04,1801.2,25.65,
Norte,E0,6:00:00,5343,0.16,1801.32,20.84,
Norte,E0,6:00:00,5344,0.17,1801.31,25.77,
Norte,E0,6:00:00,5345,0.17,1801.31,25.93,
Norte,E0,6:00:00,5478,0.01,1801.29,21.51,
Norte,E0,6:00:00,5484,0.01,1801.2,19.04,
Norte,E0,6:00:00,5493,0.01,1801.13,30.65,
Norte,E0,6:00:00,5494,0.01,1801.13,30.72,
Norte,E0,6:00:00,5495,0.12,1801.08,32.61,
Norte,E0,6:00:00,5506,0.02,1801.2,22.72,
Norte,E0,6:00:00,5523,0.0,1801.09,29.08,
Norte,E0,6:00:00,5533,0.04,1801.24,20.7,
Norte,E0,6:00:00,5537,0.05,1801.09,29.34,
Norte,E0,6:00:00,5538,0.08,1801.09,29.66,
Norte,E0,6:00:00,5603,0.06,1801.11,30.89,
Norte,E0,6:00:00,5604,0.08,1801.1,30.45,
Norte,E0,6:00:00,5613,0.08,1801.11,32.3,
Norte,E0,6:00:00,5614,0.03,1801.13,32.4,
Norte,E0,6:00:00,5620,0.06,1801.08,32.23,
Norte,E0,6:00:00,5621,0.05,1801.08,32.17,
Norte,E0,6:00:00,5678,0.07,1801.08,29.76,
Norte,E0,6:00:00,5685,0.02,1801.12,25.58,
Norte,E0,6:00:00,5709,0.19,1801.32,20.85,
Norte,E0,6:00:00,5744,0.06,1801.13,32.05,
Norte,E0,6:00:00,5746,0.1,1801.21,24.36,
Norte,E0,6:00:00,5747,0.06,1801.18,25.85,
Norte,E0,6:00:00,5748,0.07,1801.41,21.15,
Norte,E0,6:00:00,5749,0.07,1801.51,21.36,
Norte,E0,6:00:00,5750,0.04,1801.59,21.26,
Norte,E0,6:00:00,5760,0.05,1801.68,21.04,
Norte,E0,6:00:00,5761,0.03,1801.61,21.38,
Norte,E0,6:00:00,5762,0.02,1801.77,20.53,
Norte,E0,6:00:00,5763,0.04,1801.74,20.74,
Norte,E0,6:00:00,10020,0.06,1801.1,33.16,
Norte,E0,6:00:00,10059,0.05,1801.08,29.59,
Norte,E0,6:00:00,10061,0.01,1801.24,20.53,
Norte,E0,6:00:00,10062,0.0,1801.27,20.45,
Norte,E0,6:00:00,10063,0.0,1801.33,20.74,
Norte,E0,6:00:00,10082,0.11,1801.21,20.47,
Norte,E0,7:00:00,346,0.05,1801.13,33.43,
Norte,E0,7:00:00,347,0.09,1801.13,33.61,
Norte,E0,7:00:00,348,0.14,1801.13,33.62,
Norte,E0,7:00:00,349,0.06,1801.13,32.3,
Norte,E0,7:00:00,350,0.03,1801.13,32.29,
Norte,E0,7:00:00,351,0.06,1801.13,33.88,
Norte,E0,7:00:00,352,0.15,1801.13,33.76,
Norte,E0,7:00:00,353,0.09,1801.13,33.67,
Norte,E0,7:00:00,354,0.15,1801.17,32.47,
Norte,E0,7:00:00,355,0.06,1801.17,32.39,
Norte,E0,7:00:00,356,0.1,1801.17,32.43,
Norte,E0,7:00:00,357,0.04,1801.17,32.65,
Norte,E0,7:00:00,358,0.02,1801.17,32.9,
Norte,E0,7:00:00,362,0.1,1801.15,32.45,
Norte,E0,7:00:00,363,0.05,1801.16,32.45,
Norte,E0,7:00:00,364,0.09,1801.16,32.45,
Norte,E0,7:00:00,368,0.04,1801.14,32.47,
Norte,E0,7:00:00,371,0.07,1801.14,32.45,
Norte,E0,7:00:00,400,0.07,1801.15,32.17,
Norte,E0,7:00:00,401,0.06,1801.15,32.19,
Norte,E0,7:00:00,404,0.03,1801.15,31.99,
Norte,E0,7:00:00,405,0.01,1801.15,31.94,
Norte,E0,7:00:00,1049,0.03,1801.13,29.73,
Norte,E0,7:00:00,1051,0.04,1801.13,29.62,
Norte,E0,7:00:00,1053,0.03,1801.13,29.62,
Norte,E0,7:00:00,1059,0.06,1801.13,29.39,
Norte,E0,7:00:00,1063,0.03,1801.13,29.12,
Norte,E0,7:00:00,1077,0.03,1801.14,29.59,
Norte,E0,7:00:00,1089,0.04,1801.13,29.74,
Norte,E0,7:00:00,1093,0.09,1801.13,29.29,
Norte,E0,7:00:00,1094,0.02,1801.13,29.05,
Norte,E0,7:00:00,1095,0.03,1801.13,29.54,
Norte,E0,7:00:00,1100,0.05,1801.14,30.16,
Norte,E0,7:00:00,1102,0.08,1801.14,30.11,
Norte,E0,7:00:00,1103,0.01,1801.14,31.09,
Norte,E0,7:00:00,1104,0.09,1801.13,30.13,
Norte,E0,7:00:00,1106,0.1,1801.13,30.07,
Norte,E0,7:00:00,1107,0.05,1801.14,30.34,
Norte,E0,7:00:00,1109,0.01,1801.14,30.33,
Norte,E0,7:00:00,1110,0.02,1801.14,29.97,
Norte,E0,7:00:00,1112,0.03,1801.14,29.99,
Norte,E0,7:00:00,1113,0.05,1801.14,29.73,
Norte,E0,7:00:00,1115,0.1,1801.14,29.72,
Norte,E0,7:00:00,1117,0.1,1801.14,29.77,
Norte,E0,7:00:00,1119,0.13,1801.14,30.36,
Norte,E0,7:00:00,1120,0.09,1801.14,29.93,
Norte,E0,7:00:00,1122,0.07,1801.14,31.23,
Norte,E0,7:00:00,1125,0.07,1801.14,31.17,
Norte,E0,7:00:00,1128,0.07,1801.14,31.42,
Norte,E0,7:00:00,1130,0.09,1801.14,31.24,
Norte,E0,7:00:00,1131,0.09,1801.14,31.39,
Norte,E0,7:00:00,1133,0.03,1801.14,32.42,
Norte,E0,7:00:00,1134,0.16,1801.18,32.51,
Norte,E0,7:00:00,1135,0.11,1801.14,32.6,
Norte,E0,7:00:00,1137,0.14,1801.18,32.45,
Norte,E0,7:00:00,1139,0.09,1801.17,32.42,
Norte,E0,7:00:00,1140,0.04,1801.17,32.47,
Norte,E0,7:00:00,1141,0.06,1801.13,31.39,
Norte,E0,7:00:00,1142,0.03,1801.16,31.36,
Norte,E0,7:00:00,1143,0.09,1801.16,32.21,
Norte,E0,7:00:00,1144,0.09,1801.14,32.37,
Norte,E0,7:00:00,1145,0.04,1801.16,32.3,
Norte,E0,7:00:00,1147,0.0,1801.15,32.45,
Norte,E0,7:00:00,1148,0.01,1801.15,32.46,
Norte,E0,7:00:00,1149,0.18,1801.2,31.09,
Norte,E0,7:00:00,1150,0.24,1801.15,30.87,
Norte,E0,7:00:00,1151,0.04,1801.27,27.04,
Norte,E0,7:00:00,1153,0.02,1801.22,28.62,
Norte,E0,7:00:00,1154,0.0,1801.22,29.07,
Norte,E0,7:00:00,1158,0.13,1801.22,29.28,
Norte,E0,7:00:00,1159,0.09,1801.2,31.64,
Norte,E0,7:00:00,1161,0.04,1801.2,30.71,
Norte,E0,7:00:00,1162,0.01,1801.18,32.12,
Norte,E0,7:00:00,1164,0.11,1801.18,32.2,
Norte,E0,7:00:00,1165,0.04,1801.18,32.31,
Norte,E0,7:00:00,1166,0.06,1801.19,31.87,
Norte,E0,7:00:00,1169,0.1,1801.18,32.48,
Norte,E0,7:00:00,1171,0.08,1801.16,32.48,
Norte,E0,7:00:00,1172,0.18,1801.16,33.53,
Norte,E0,7:00:00,1174,0.06,1801.16,33.33,
Norte,E0,7:00:00,1175,0.14,1801.17,31.83,
Norte,E0,7:00:00,1176,0.2,1801.17,33.32,
Norte,E0,7:00:00,1179,0.06,1801.17,32.83,
Norte,E0,7:00:00,1181,0.01,1801.16,33.32,
Norte,E0,7:00:00,1182,0.07,1801.18,32.57,
Norte,E0,7:00:00,1184,0.04,1801.23,24.79,
Norte,E0,7:00:00,1185,0.03,1801.22,26.49,
Norte,E0,7:00:00,1186,0.01,1801.22,25.81,
Norte,E0,7:00:00,1187,0.24,1801.18,25.47,
Norte,E0,7:00:00,1189,0.01,1801.11,25.02,
Norte,E0,7:00:00,1190,0.07,1801.1,25.98,
Norte,E0,7:00:00,1191,0.07,1801.17,29.05,
Norte,E0,7:00:00,1192,0.01,1801.17,27.15,
Norte,E0,7:00:00,1196,0.06,1801.06,26.84,
Norte,E0,7:00:00,1197,0.05,1801.06,27.31,
Norte,E0,7:00:00,1207,0.13,1801.06,25.27,
Norte,E0,7:00:00,1216,0.1,1801.06,19.03,
Norte,E0,7:00:00,1221,0.05,1801.25,19.69,
Norte,E0,7:00:00,1223,0.06,1801.25,19.47,
Norte,E0,7:00:00,1224,0.08,1801.24,23.06,
Norte,E0,7:00:00,1225,0.04,1801.21,24.51,
Norte,E0,7:00:00,1226,0.07,1801.24,23.29,
Norte,E0,7:00:00,1228,0.04,1801.24,22.62,
Norte,E0,7:00:00,1229,0.02,1801.24,22.32,
Norte,E0,7:00:00,1230,0.02,1801.24,22.27,
Norte,E0,7:00:00,1231,0.01,1801.24,22.35,
Norte,E0,7:00:00,1232,0.03,1801.24,21.81,
Norte,E0,7:00:00,1233,0.01,1801.24,21.78,
Norte,E0,7:00:00,1240,0.13,1801.25,21.08,
Norte,E0,7:00:00,1242,0.13,1801.24,22.24,
Norte,E0,7:00:00,1243,0.05,1801.23,23.0,
Norte,E0,7:00:00,1244,0.13,1801.21,24.54,
Norte,E0,7:00:00,1245,0.07,1801.21,25.62,
Norte,E0,7:00:00,1246,0.04,1801.19,25.79,
Norte,E0,7:00:00,1247,0.08,1801.19,25.55,
Norte,E0,7:00:00,1248,0.08,1801.19,25.26,
Norte,E0,7:00:00,1249,0.16,1801.23,23.65,
Norte,E0,7:00:00,1250,0.17,1801.25,22.56,
Norte,E0,7:00:00,1252,0.12,1801.27,21.18,
Norte,E0,7:00:00,1253,0.16,1801.23,23.62,
Norte,E0,7:00:00,1254,0.16,1801.27,21.97,
Norte,E0,7:00:00,1255,0.09,1801.3,21.73,
Norte,E0,7:00:00,1257,0.09,1801.31,21.12,
Norte,E0,7:00:00,1265,0.04,1801.36,20.77,
Norte,E0,7:00:00,1268,0.07,1801.36,20.86,
Norte,E0,7:00:00,1272,0.04,1801.32,21.49,
Norte,E0,7:00:00,1274,0.07,1801.33,21.53,
Norte,E0,7:00:00,1276,0.15,1801.29,22.48,
Norte,E0,7:00:00,1279,0.06,1801.27,23.76,
Norte,E0,7:00:00,1281,0.07,1801.27,24.13,
Norte,E0,7:00:00,1282,0.03,1801.27,25.6,
Norte,E0,7:00:00,1284,0.03,1801.15,30.91,
Norte,E0,7:00:00,1286,0.09,1801.28,22.69,
Norte,E0,7:00:00,1288,0.01,1801.28,24.72,
Norte,E0,7:00:00,1289,0.03,1801.28,23.05,
Norte,E0,7:00:00,1290,0.11,1801.28,23.13,
Norte,E0,7:00:00,1291,0.01,1801.28,20.89,
Norte,E0,7:00:00,1292,0.07,1801.28,21.12,
Norte,E0,7:00:00,1293,0.09,1801.28,21.77,
Norte,E0,7:00:00,1294,0.03,1801.29,21.63,
Norte,E0,7:00:00,1295,0.15,1801.3,20.81,
Norte,E0,7:00:00,1297,0.11,1801.31,20.43,
Norte,E0,7:00:00,1302,0.1,1801.3,19.9,
Norte,E0,7:00:00,1304,0.06,1801.3,19.9,
Norte,E0,7:00:00,1305,0.0,1801.3,19.91,
Norte,E0,7:00:00,1306,0.08,1801.3,19.91,
Norte,E0,7:00:00,1308,0.09,1801.29,20.43,
Norte,E0,7:00:00,1309,0.05,1801.29,28.32,
Norte,E0,7:00:00,1310,0.02,1801.29,24.47,
Norte,E0,7:00:00,1312,0.12,1801.19,29.27,
Norte,E0,7:00:00,1313,0.0,1801.19,29.49,
Norte,E0,7:00:00,1315,0.08,1801.19,29.45,
Norte,E0,7:00:00,1318,0.09,1801.13,29.4,
Norte,E0,7:00:00,1319,0.02,1801.13,29.05,
Norte,E0,7:00:00,1321,0.06,1801.29,21.32,
Norte,E0,7:00:00,1322,0.01,1801.29,22.09,
Norte,E0,7:00:00,1323,0.07,1801.29,21.88,
Norte,E0,7:00:00,1324,0.03,1801.3,20.45,
Norte,E0,7:00:00,1326,0.1,1801.29,20.1,
Norte,E0,7:00:00,1334,0.07,1801.28,22.0,
Norte,E0,7:00:00,1335,0.08,1801.25,22.54,
Norte,E0,7:00:00,1336,0.01,1801.25,21.67,
Norte,E0,7:00:00,1340,0.05,1801.28,28.94,
Norte,E0,7:00:00,5010,0.04,1801.25,25.8,
Norte,E0,7:00:00,5011,0.06,1801.11,25.9,
Norte,E0,7:00:00,5019,0.07,1801.13,31.95,
Norte,E0,7:00:00,5086,0.08,1801.15,32.44,
Norte,E0,7:00:00,5087,0.01,1801.15,32.49,
Norte,E0,7:00:00,5108,0.0,1801.11,25.83,
Norte,E0,7:00:00,5112,0.03,1801.32,21.53,
Norte,E0,7:00:00,5148,0.0,1801.15,32.17,
Norte,E0,7:00:00,5193,0.0,1801.14,31.29,
Norte,E0,7:00:00,5204,0.16,1801.06,25.34,
Norte,E0,7:00:00,5241,0.0,1801.25,19.62,
Norte,E0,7:00:00,5264,0.03,1801.15,32.45,
Norte,E0,7:00:00,5289,0.01,1801.13,29.65,
Norte,E0,7:00:00,5291,0.02,1801.19,29.71,
Norte,E0,7:00:00,5311,0.15,1801.14,32.39,
Norte,E0,7:00:00,5312,0.01,1801.14,32.53,
Norte,E0,7:00:00,5313,0.01,1801.14,32.33,
Norte,E0,7:00:00,5314,0.02,1801.11,25.76,
Norte,E0,7:00:00,5342,0.04,1801.25,25.7,
Norte,E0,7:00:00,5343,0.16,1801.35,20.87,
Norte,E0,7:00:00,5344,0.16,1801.34,25.8,
Norte,E0,7:00:00,5345,0.16,1801.34,25.96,
Norte,E0,7:00:00,5478,0.01,1801.32,21.54,
Norte,E0,7:00:00,5484,0.01,1801.25,19.09,
Norte,E0,7:00:00,5493,0.01,1801.17,30.69,
Norte,E0,7:00:00,5494,0.01,1801.18,30.77,
Norte,E0,7:00:00,5495,0.12,1801.14,32.67,
Norte,E0,7:00:00,5506,0.02,1801.24,22.76,
Norte,E0,7:00:00,5523,0.0,1801.14,29.13,
Norte,E0,7:00:00,5533,0.03,1801.28,20.74,
Norte,E0,7:00:00,5537,0.04,1801.14,29.39,
Norte,E0,7:00:00,5538,0.08,1801.14,29.71,
Norte,E0,7:00:00,5603,0.05,1801.16,30.94,
Norte,E0,7:00:00,5604,0.08,1801.15,30.5,
Norte,E0,7:00:00,5613,0.08,1801.16,32.35,
Norte,E0,7:00:00,5614,0.03,1801.18,32.45,
Norte,E0,7:00:00,5620,0.05,1801.13,32.28,
Norte,E0,7:00:00,5621,0.04,1801.13,32.22,
Norte,E0,7:00:00,5678,0.07,1801.13,29.81,
Norte,E0,7:00:00,5685,0.02,1801.17,25.63,
Norte,E0,7:00:00,5709,0.18,1801.35,20.88,
Norte,E0,7:00:00,5744,0.06,1801.18,32.1,
Norte,E0,7:00:00,5746,0.09,1801.26,24.41,
Norte,E0,7:00:00,5747,0.06,1801.22,25.89,
Norte,E0,7:00:00,5748,0.07,1801.44,21.18,
Norte,E0,7:00:00,5749,0.07,1801.53,21.38,
Norte,E0,7:00:00,5750,0.04,1801.61,21.28,
Norte,E0,7:00:00,5760,0.05,1801.68,21.04,
Norte,E0,7:00:00,5761,0.03,1801.63,21.4,
Norte,E0,7:00:00,5762,0.02,1801.77,20.53,
Norte,E0,7:00:00,5763,0.03,1801.74,20.74,
Norte,E0,7:00:00,10020,0.05,1801.15,33.21,
Norte,E0,7:00:00,10059,0.05,1801.13,29.64,
Norte,E0,7:00:00,10061,0.01,1801.28,20.57,
Norte,E0,7:00:00,10062,0.0,1801.31,20.49,
Norte,E0,7:00:00,10063,0.0,1801.36,20.77,
Norte,E0,7:00:00,10082,0.1,1801.25,20.51,
Norte,E0,8:00:00,346,0.05,1801.06,33.36,
Norte,E0,8:00:00,347,0.1,1801.06,33.54,
Norte,E0,8:00:00,348,0.15,1801.06,33.55,
Norte,E0,8:00:00,349,0.07,1801.06,32.23,
Norte,E0,8:00:00,350,0.03,1801.06,32.22,
Norte,E0,8:00:00,351,0.06,1801.07,33.82,
Norte,E0,8:00:00,352,0.16,1801.07,33.7,
Norte,E0,8:00:00,353,0.09,1801.07,33.61,
Norte,E0,8:00:00,354,0.16,1801.1,32.4,
Norte,E0,8:00:00,355,0.06,1801.11,32.33,
Norte,E0,8:00:00,356,0.11,1801.11,32.37,
Norte,E0,8:00:00,357,0.05,1801.11,32.59,
Norte,E0,8:00:00,358,0.03,1801.11,32.84,
Norte,E0,8:00:00,362,0.1,1801.09,32.39,
Norte,E0,8:00:00,363,0.05,1801.09,32.38,
Norte,E0,8:00:00,364,0.09,1801.09,32.38,
Norte,E0,8:00:00,368,0.05,1801.07,32.4,
Norte,E0,8:00:00,371,0.07,1801.07,32.38,
Norte,E0,8:00:00,400,0.08,1801.08,32.1,
Norte,E0,8:00:00,401,0.07,1801.08,32.12,
Norte,E0,8:00:00,404,0.03,1801.08,31.92,
Norte,E0,8:00:00,405,0.01,1801.08,31.87,
Norte,E0,8:00:00,1049,0.03,1801.07,29.67,
Norte,E0,8:00:00,1051,0.05,1801.07,29.56,
Norte,E0,8:00:00,1053,0.03,1801.07,29.56,
Norte,E0,8:00:00,1059,0.07,1801.07,29.33,
Norte,E0,8:00:00,1063,0.03,1801.07,29.06,
Norte,E0,8:00:00,1077,0.03,1801.07,29.52,
Norte,E0,8:00:00,1089,0.04,1801.06,29.67,
Norte,E0,8:00:00,1093,0.09,1801.06,29.22,
Norte,E0,8:00:00,1094,0.02,1801.06,28.98,
Norte,E0,8:00:00,1095,0.03,1801.07,29.48,
Norte,E0,8:00:00,1100,0.05,1801.07,30.09,
Norte,E0,8:00:00,1102,0.09,1801.07,30.04,
Norte,E0,8:00:00,1103,0.01,1801.07,31.02,
Norte,E0,8:00:00,1104,0.09,1801.07,30.07,
Norte,E0,8:00:00,1106,0.1,1801.07,30.01,
Norte,E0,8:00:00,1107,0.05,1801.07,30.27,
Norte,E0,8:00:00,1109,0.02,1801.07,30.26,
Norte,E0,8:00:00,1110,0.02,1801.07,29.9,
Norte,E0,8:00:00,1112,0.03,1801.07,29.92,
Norte,E0,8:00:00,1113,0.05,1801.07,29.66,
Norte,E0,8:00:00,1115,0.1,1801.07,29.65,
Norte,E0,8:00:00,1117,0.11,1801.07,29.7,
Norte,E0,8:00:00,1119,0.13,1801.07,30.29,
Norte,E0,8:00:00,1120,0.1,1801.07,29.86,
Norte,E0,8:00:00,1122,0.07,1801.07,31.16,
Norte,E0,8:00:00,1125,0.08,1801.07,31.1,
Norte,E0,8:00:00,1128,0.08,1801.07,31.35,
Norte,E0,8:00:00,1130,0.09,1801.07,31.17,
Norte,E0,8:00:00,1131,0.1,1801.07,31.32,
Norte,E0,8:00:00,1133,0.03,1801.07,32.35,
Norte,E0,8:00:00,1134,0.17,1801.12,32.45,
Norte,E0,8:00:00,1135,0.12,1801.07,32.53,
Norte,E0,8:00:00,1137,0.15,1801.11,32.38,
Norte,E0,8:00:00,1139,0.1,1801.11,32.36,
Norte,E0,8:00:00,1140,0.04,1801.11,32.41,
Norte,E0,8:00:00,1141,0.07,1801.07,31.33,
Norte,E0,8:00:00,1142,0.03,1801.09,31.29,
Norte,E0,8:00:00,1143,0.1,1801.09,32.14,
Norte,E0,8:00:00,1144,0.09,1801.07,32.3,
Norte,E0,8:00:00,1145,0.04,1801.1,32.24,
Norte,E0,8:00:00,1147,0.0,1801.08,32.38,
Norte,E0,8:00:00,1148,0.01,1801.09,32.4,
Norte,E0,8:00:00,1149,0.19,1801.14,31.03,
Norte,E0,8:00:00,1150,0.26,1801.09,30.81,
Norte,E0,8:00:00,1151,0.04,1801.22,26.99,
Norte,E0,8:00:00,1153,0.02,1801.16,28.56,
Norte,E0,8:00:00,1154,0.0,1801.16,29.01,
Norte,E0,8:00:00,1158,0.13,1801.16,29.22,
Norte,E0,8:00:00,1159,0.1,1801.14,31.58,
Norte,E0,8:00:00,1161,0.05,1801.14,30.65,
Norte,E0,8:00:00,1162,0.01,1801.12,32.06,
Norte,E0,8:00:00,1164,0.12,1801.12,32.14,
Norte,E0,8:00:00,1165,0.04,1801.12,32.25,
Norte,E0,8:00:00,1166,0.07,1801.13,31.8,
Norte,E0,8:00:00,1169,0.1,1801.11,32.41,
Norte,E0,8:00:00,1171,0.08,1801.1,32.42,
Norte,E0,8:00:00,1172,0.19,1801.1,33.47,
Norte,E0,8:00:00,1174,0.07,1801.1,33.27,
Norte,E0,8:00:00,1175,0.15,1801.11,31.77,
Norte,E0,8:00:00,1176,0.21,1801.11,33.26,
Norte,E0,8:00:00,1179,0.07,1801.11,32.77,
Norte,E0,8:00:00,1181,0.01,1801.1,33.26,
Norte,E0,8:00:00,1182,0.07,1801.12,32.51,
Norte,E0,8:00:00,1184,0.05,1801.17,24.73,
Norte,E0,8:00:00,1185,0.03,1801.16,26.43,
Norte,E0,8:00:00,1186,0.01,1801.16,25.75,
Norte,E0,8:00:00,1187,0.26,1801.12,25.41,
Norte,E0,8:00:00,1189,0.01,1801.04,24.95,
Norte,E0,8:00:00,1190,0.08,1801.03,25.9,
Norte,E0,8:00:00,1191,0.08,1801.11,28.99,
Norte,E0,8:00:00,1192,0.01,1801.11,27.09,
Norte,E0,8:00:00,1196,0.06,1800.98,26.76,
Norte,E0,8:00:00,1197,0.06,1800.99,27.24,
Norte,E0,8:00:00,1207,0.14,1800.99,25.2,
Norte,E0,8:00:00,1216,0.1,1800.98,18.95,
Norte,E0,8:00:00,1221,0.06,1801.19,19.63,
Norte,E0,8:00:00,1223,0.06,1801.19,19.41,
Norte,E0,8:00:00,1224,0.09,1801.18,23.0,
Norte,E0,8:00:00,1225,0.04,1801.15,24.45,
Norte,E0,8:00:00,1226,0.08,1801.18,23.23,
Norte,E0,8:00:00,1228,0.04,1801.18,22.56,
Norte,E0,8:00:00,1229,0.02,1801.18,22.26,
Norte,E0,8:00:00,1230,0.02,1801.18,22.21,
Norte,E0,8:00:00,1231,0.01,1801.18,22.29,
Norte,E0,8:00:00,1232,0.03,1801.18,21.75,
Norte,E0,8:00:00,1233,0.02,1801.18,21.72,
Norte,E0,8:00:00,1240,0.14,1801.2,21.03,
Norte,E0,8:00:00,1242,0.14,1801.18,22.18,
Norte,E0,8:00:00,1243,0.05,1801.18,22.95,
Norte,E0,8:00:00,1244,0.13,1801.15,24.48,
Norte,E0,8:00:00,1245,0.07,1801.15,25.56,
Norte,E0,8:00:00,1246,0.04,1801.13,25.73,
Norte,E0,8:00:00,1247,0.08,1801.13,25.49,
Norte,E0,8:00:00,1248,0.08,1801.13,25.2,
Norte,E0,8:00:00,1249,0.17,1801.17,23.59,
Norte,E0,8:00:00,1250,0.18,1801.19,22.5,
Norte,E0,8:00:00,1252,0.13,1801.21,21.12,
Norte,E0,8:00:00,1253,0.17,1801.17,23.56,
Norte,E0,8:00:00,1254,0.16,1801.21,21.91,
Norte,E0,8:00:00,1255,0.09,1801.25,21.68,
Norte,E0,8:00:00,1257,0.1,1801.26,21.07,
Norte,E0,8:00:00,1265,0.04,1801.32,20.73,
Norte,E0,8:00:00,1268,0.08,1801.31,20.81,
Norte,E0,8:00:00,1272,0.04,1801.28,21.45,
Norte,E0,8:00:00,1274,0.07,1801.28,21.48,
Norte,E0,8:00:00,1276,0.16,1801.24,22.43,
Norte,E0,8:00:00,1279,0.07,1801.22,23.71,
Norte,E0,8:00:00,1281,0.08,1801.22,24.08,
Norte,E0,8:00:00,1282,0.03,1801.22,25.55,
Norte,E0,8:00:00,1284,0.03,1801.09,30.85,
Norte,E0,8:00:00,1286,0.1,1801.23,22.64,
Norte,E0,8:00:00,1288,0.01,1801.23,24.67,
Norte,E0,8:00:00,1289,0.03,1801.23,23.0,
Norte,E0,8:00:00,1290,0.12,1801.23,23.08,
Norte,E0,8:00:00,1291,0.01,1801.23,20.84,
Norte,E0,8:00:00,1292,0.08,1801.23,21.07,
Norte,E0,8:00:00,1293,0.1,1801.23,21.72,
Norte,E0,8:00:00,1294,0.03,1801.24,21.58,
Norte,E0,8:00:00,1295,0.16,1801.25,20.76,
Norte,E0,8:00:00,1297,0.11,1801.26,20.38,
Norte,E0,8:00:00,1302,0.11,1801.24,19.84,
Norte,E0,8:00:00,1304,0.07,1801.24,19.84,
Norte,E0,8:00:00,1305,0.0,1801.24,19.85,
Norte,E0,8:00:00,1306,0.08,1801.24,19.85,
Norte,E0,8:00:00,1308,0.1,1801.24,20.38,
Norte,E0,8:00:00,1309,0.05,1801.24,28.27,
Norte,E0,8:00:00,1310,0.02,1801.23,24.41,
Norte,E0,8:00:00,1312,0.12,1801.13,29.21,
Norte,E0,8:00:00,1313,0.0,1801.13,29.43,
Norte,E0,8:00:00,1315,0.08,1801.13,29.39,
Norte,E0,8:00:00,1318,0.1,1801.06,29.33,
Norte,E0,8:00:00,1319,0.02,1801.06,28.98,
Norte,E0,8:00:00,1321,0.06,1801.23,21.26,
Norte,E0,8:00:00,1322,0.01,1801.23,22.03,
Norte,E0,8:00:00,1323,0.07,1801.23,21.82,
Norte,E0,8:00:00,1324,0.03,1801.24,20.39,
Norte,E0,8:00:00,1326,0.11,1801.23,20.04,
Norte,E0,8:00:00,1334,0.08,1801.22,21.94,
Norte,E0,8:00:00,1335,0.09,1801.2,22.49,
Norte,E0,8:00:00,1336,0.01,1801.2,21.62,
Norte,E0,8:00:00,1340,0.05,1801.22,28.88,
Norte,E0,8:00:00,5010,0.04,1801.19,25.74,
Norte,E0,8:00:00,5011,0.06,1801.04,25.83,
Norte,E0,8:00:00,5019,0.07,1801.06,31.88,
Norte,E0,8:00:00,5086,0.08,1801.08,32.37,
Norte,E0,8:00:00,5087,0.01,1801.08,32.42,
Norte,E0,8:00:00,5108,0.0,1801.04,25.76,
Norte,E0,8:00:00,5112,0.03,1801.27,21.48,
Norte,E0,8:00:00,5148,0.0,1801.08,32.1,
Norte,E0,8:00:00,5193,0.0,1801.07,31.22,
Norte,E0,8:00:00,5204,0.17,1800.99,25.27,
Norte,E0,8:00:00,5241,0.0,1801.19,19.56,
Norte,E0,8:00:00,5264,0.03,1801.09,32.39,
Norte,E0,8:00:00,5289,0.01,1801.06,29.58,
Norte,E0,8:00:00,5291,0.02,1801.13,29.65,
Norte,E0,8:00:00,5311,0.16,1801.07,32.32,
Norte,E0,8:00:00,5312,0.01,1801.07,32.46,
Norte,E0,8:00:00,5313,0.01,1801.07,32.26,
Norte,E0,8:00:00,5314,0.02,1801.04,25.69,
Norte,E0,8:00:00,5342,0.04,1801.19,25.64,
Norte,E0,8:00:00,5343,0.16,1801.31,20.83,
Norte,E0,8:00:00,5344,0.17,1801.3,25.76,
Norte,E0,8:00:00,5345,0.17,1801.3,25.92,
Norte,E0,8:00:00,5478,0.01,1801.27,21.49,
Norte,E0,8:00:00,5484,0.01,1801.19,19.03,
Norte,E0,8:00:00,5493,0.01,1801.11,30.63,
Norte,E0,8:00:00,5494,0.01,1801.12,30.71,
Norte,E0,8:00:00,5495,0.12,1801.07,32.6,
Norte,E0,8:00:00,5506,0.02,1801.18,22.7,
Norte,E0,8:00:00,5523,0.0,1801.07,29.06,
Norte,E0,8:00:00,5533,0.04,1801.23,20.69,
Norte,E0,8:00:00,5537,0.05,1801.07,29.32,
Norte,E0,8:00:00,5538,0.08,1801.07,29.64,
Norte,E0,8:00:00,5603,0.06,1801.09,30.87,
Norte,E0,8:00:00,5604,0.09,1801.08,30.43,
Norte,E0,8:00:00,5613,0.08,1801.1,32.29,
Norte,E0,8:00:00,5614,0.03,1801.11,32.38,
Norte,E0,8:00:00,5620,0.06,1801.06,32.21,
Norte,E0,8:00:00,5621,0.05,1801.06,32.15,
Norte,E0,8:00:00,5678,0.07,1801.07,29.75,
Norte,E0,8:00:00,5685,0.02,1801.11,25.57,
Norte,E0,8:00:00,5709,0.19,1801.31,20.84,
Norte,E0,8:00:00,5744,0.06,1801.12,32.04,
Norte,E0,8:00:00,5746,0.1,1801.2,24.35,
Norte,E0,8:00:00,5747,0.06,1801.17,25.84,
Norte,E0,8:00:00,5748,0.07,1801.4,21.14,
Norte,E0,8:00:00,5749,0.07,1801.5,21.35,
Norte,E0,8:00:00,5750,0.04,1801.59,21.26,
Norte,E0,8:00:00,5760,0.05,1801.67,21.03,
Norte,E0,8:00:00,5761,0.03,1801.61,21.38,
Norte,E0,8:00:00,5762,0.02,1801.77,20.53,
Norte,E0,8:00:00,5763,0.04,1801.74,20.74,
Norte,E0,8:00:00,10020,0.06,1801.09,33.15,
Norte,E0,8:00:00,10059,0.05,1801.07,29.58,
Norte,E0,8:00:00,10061,0.01,1801.23,20.52,
Norte,E0,8:00:00,10062,0.0,1801.26,20.44,
Norte,E0,8:00:00,10063,0.0,1801.32,20.73,
Norte,E0,8:00:00,10082,0.11,1801.19,20.45,
Norte,E0,9:00:00,346,0.06,1800.99,33.29,
Norte,E0,9:00:00,347,0.1,1800.99,33.47,
Norte,E0,9:00:00,348,0.16,1800.99,33.48,
Norte,E0,9:00:00,349,0.07,1800.99,32.16,
Norte,E0,9:00:00,350,0.04,1800.99,32.15,
Norte,E0,9:00:00,351,0.07,1800.99,33.74,
Norte,E0,9:00:00,352,0.17,1800.99,33.62,
Norte,E0,9:00:00,353,0.1,1800.99,33.53,
Norte,E0,9:00:00,354,0.16,1801.04,32.34,
Norte,E0,9:00:00,355,0.06,1801.04,32.26,
Norte,E0,9:00:00,356,0.11,1801.04,32.3,
Norte,E0,9:00:00,357,0.05,1801.04,32.52,
Norte,E0,9:00:00,358,0.03,1801.04,32.77,
Norte,E0,9:00:00,362,0.11,1801.02,32.32,
Norte,E0,9:00:00,363,0.05,1801.02,32.31,
Norte,E0,9:00:00,364,0.1,1801.02,32.31,
Norte,E0,9:00:00,368,0.05,1801.0,32.33,
Norte,E0,9:00:00,371,0.07,1801.0,32.31,
Norte,E0,9:00:00,400,0.08,1801.01,32.03,
Norte,E0,9:00:00,401,0.07,1801.01,32.05,
Norte,E0,9:00:00,404,0.03,1801.01,31.85,
Norte,E0,9:00:00,405,0.01,1801.01,31.8,
Norte,E0,9:00:00,1049,0.04,1801.0,29.6,
Norte,E0,9:00:00,1051,0.05,1801.0,29.49,
Norte,E0,9:00:00,1053,0.03,1800.99,29.49,
Norte,E0,9:00:00,1059,0.07,1801.0,29.26,
Norte,E0,9:00:00,1063,0.03,1801.0,28.99,
Norte,E0,9:00:00,1077,0.04,1801.0,29.45,
Norte,E0,9:00:00,1089,0.05,1800.99,29.6,
Norte,E0,9:00:00,1093,0.1,1800.99,29.15,
Norte,E0,9:00:00,1094,0.02,1800.99,28.91,
Norte,E0,9:00:00,1095,0.03,1801.0,29.41,
Norte,E0,9:00:00,1100,0.06,1801.0,30.02,
Norte,E0,9:00:00,1102,0.09,1801.0,29.97,
Norte,E0,9:00:00,1103,0.01,1801.0,30.95,
Norte,E0,9:00:00,1104,0.1,1801.0,30.0,
Norte,E0,9:00:00,1106,0.11,1801.0,29.94,
Norte,E0,9:00:00,1107,0.05,1801.0,30.2,
Norte,E0,9:00:00,1109,0.02,1801.0,30.19,
Norte,E0,9:00:00,1110,0.02,1801.0,29.83,
Norte,E0,9:00:00,1112,0.03,1801.0,29.85,
Norte,E0,9:00:00,1113,0.05,1801.0,29.59,
Norte,E0,9:00:00,1115,0.11,1801.0,29.58,
Norte,E0,9:00:00,1117,0.11,1801.0,29.63,
Norte,E0,9:00:00,1119,0.14,1801.0,30.22,
Norte,E0,9:00:00,1120,0.1,1801.0,29.79,
Norte,E0,9:00:00,1122,0.07,1801.0,31.09,
Norte,E0,9:00:00,1125,0.08,1801.0,31.03,
Norte,E0,9:00:00,1128,0.08,1801.0,31.28,
Norte,E0,9:00:00,1130,0.09,1801.0,31.1,
Norte,E0,9:00:00,1131,0.1,1801.0,31.25,
Norte,E0,9:00:00,1133,0.03,1801.0,32.28,
Norte,E0,9:00:00,1134,0.18,1801.05,32.38,
Norte,E0,9:00:00,1135,0.12,1801.0,32.46,
Norte,E0,9:00:00,1137,0.16,1801.05,32.32,
Norte,E0,9:00:00,1139,0.1,1801.04,32.29,
Norte,E0,9:00:00,1140,0.04,1801.04,32.34,
Norte,E0,9:00:00,1141,0.07,1800.99,31.25,
Norte,E0,9:00:00,1142,0.03,1801.03,31.23,
Norte,E0,9:00:00,1143,0.1,1801.03,32.08,
Norte,E0,9:00:00,1144,0.1,1801.0,32.23,
Norte,E0,9:00:00,1145,0.04,1801.03,32.17,
Norte,E0,9:00:00,1147,0.0,1801.01,32.31,
Norte,E0,9:00:00,1148,0.01,1801.02,32.33,
Norte,E0,9:00:00,1149,0.2,1801.08,30.97,
Norte,E0,9:00:00,1150,0.27,1801.02,30.74,
Norte,E0,9:00:00,1151,0.05,1801.16,26.93,
Norte,E0,9:00:00,1153,0.02,1801.09,28.49,
Norte,E0,9:00:00,1154,0.01,1801.09,28.94,
Norte,E0,9:00:00,1158,0.14,1801.09,29.15,
Norte,E0,9:00:00,1159,0.1,1801.08,31.52,
Norte,E0,9:00:00,1161,0.05,1801.08,30.59,
Norte,E0,9:00:00,1162,0.01,1801.05,31.99,
Norte,E0,9:00:00,1164,0.13,1801.05,32.07,
Norte,E0,9:00:00,1165,0.04,1801.06,32.19,
Norte,E0,9:00:00,1166,0.07,1801.06,31.74,
Norte,E0,9:00:00,1169,0.11,1801.05,32.35,
Norte,E0,9:00:00,1171,0.08,1801.03,32.35,
Norte,E0,9:00:00,1172,0.2,1801.03,33.4,
Norte,E0,9:00:00,1174,0.07,1801.03,33.2,
Norte,E0,9:00:00,1175,0.16,1801.04,31.7,
Norte,E0,9:00:00,1176,0.22,1801.04,33.19,
Norte,E0,9:00:00,1179,0.07,1801.04,32.7,
Norte,E0,9:00:00,1181,0.02,1801.03,33.19,
Norte,E0,9:00:00,1182,0.07,1801.05,32.44,
Norte,E0,9:00:00,1184,0.05,1801.11,24.67,
Norte,E0,9:00:00,1185,0.03,1801.09,26.36,
Norte,E0,9:00:00,1186,0.01,1801.09,25.68,
Norte,E0,9:00:00,1187,0.27,1801.06,25.35,
Norte,E0,9:00:00,1189,0.01,1800.96,24.87,
Norte,E0,9:00:00,1190,0.08,1800.96,25.83,
Norte,E0,9:00:00,1191,0.08,1801.04,28.92,
Norte,E0,9:00:00,1192,0.01,1801.04,27.02,
Norte,E0,9:00:00,1196,0.07,1800.91,26.69,
Norte,E0,9:00:00,1197,0.06,1800.91,27.16,
Norte,E0,9:00:00,1207,0.14,1800.91,25.12,
Norte,E0,9:00:00,1216,0.11,1800.9,18.87,
Norte,E0,9:00:00,1221,0.06,1801.13,19.57,
Norte,E0,9:00:00,1223,0.06,1801.13,19.35,
Norte,E0,9:00:00,1224,0.09,1801.12,22.94,
Norte,E0,9:00:00,1225,0.04,1801.08,24.38,
Norte,E0,9:00:00,1226,0.08,1801.12,23.17,
Norte,E0,9:00:00,1228,0.04,1801.12,22.5,
Norte,E0,9:00:00,1229,0.02,1801.12,22.2,
Norte,E0,9:00:00,1230,0.02,1801.12,22.15,
Norte,E0,9:00:00,1231,0.01,1801.12,22.23,
Norte,E0,9:00:00,1232,0.03,1801.12,21.69,
Norte,E0,9:00:00,1233,0.02,1801.12,21.66,
Norte,E0,9:00:00,1240,0.14,1801.14,20.97,
Norte,E0,9:00:00,1242,0.14,1801.12,22.12,
Norte,E0,9:00:00,1243,0.05,1801.12,22.89,
Norte,E0,9:00:00,1244,0.14,1801.09,24.42,
Norte,E0,9:00:00,1245,0.08,1801.08,25.49,
Norte,E0,9:00:00,1246,0.04,1801.06,25.66,
Norte,E0,9:00:00,1247,0.09,1801.06,25.42,
Norte,E0,9:00:00,1248,0.08,1801.06,25.13,
Norte,E0,9:00:00,1249,0.18,1801.11,23.53,
Norte,E0,9:00:00,1250,0.19,1801.13,22.44,
Norte,E0,9:00:00,1252,0.14,1801.16,21.07,
Norte,E0,9:00:00,1253,0.18,1801.11,23.5,
Norte,E0,9:00:00,1254,0.17,1801.16,21.86,
Norte,E0,9:00:00,1255,0.1,1801.2,21.63,
Norte,E0,9:00:00,1257,0.1,1801.21,21.02,
Norte,E0,9:00:00,1265,0.04,1801.27,20.68,
Norte,E0,9:00:00,1268,0.08,1801.26,20.76,
Norte,E0,9:00:00,1272,0.04,1801.23,21.4,
Norte,E0,9:00:00,1274,0.07,1801.23,21.43,
Norte,E0,9:00:00,1276,0.16,1801.19,22.38,
Norte,E0,9:00:00,1279,0.07,1801.16,23.65,
Norte,E0,9:00:00,1281,0.08,1801.16,24.02,
Norte,E0,9:00:00,1282,0.03,1801.16,25.49,
Norte,E0,9:00:00,1284,0.04,1801.02,30.78,
Norte,E0,9:00:00,1286,0.1,1801.17,22.58,
Norte,E0,9:00:00,1288,0.01,1801.17,24.61,
Norte,E0,9:00:00,1289,0.03,1801.17,22.94,
Norte,E0,9:00:00,1290,0.12,1801.17,23.02,
Norte,E0,9:00:00,1291,0.01,1801.17,20.78,
Norte,E0,9:00:00,1292,0.08,1801.17,21.01,
Norte,E0,9:00:00,1293,0.1,1801.18,21.67,
Norte,E0,9:00:00,1294,0.03,1801.19,21.53,
Norte,E0,9:00:00,1295,0.17,1801.2,20.71,
Norte,E0,9:00:00,1297,0.12,1801.21,20.33,
Norte,E0,9:00:00,1302,0.12,1801.19,19.79,
Norte,E0,9:00:00,1304,0.07,1801.19,19.79,
Norte,E0,9:00:00,1305,0.0,1801.19,19.8,
Norte,E0,9:00:00,1306,0.08,1801.19,19.8,
Norte,E0,9:00:00,1308,0.1,1801.18,20.32,
Norte,E0,9:00:00,1309,0.05,1801.18,28.21,
Norte,E0,9:00:00,1310,0.02,1801.18,24.36,
Norte,E0,9:00:00,1312,0.13,1801.07,29.15,
Norte,E0,9:00:00,1313,0.0,1801.07,29.37,
Norte,E0,9:00:00,1315,0.08,1801.07,29.33,
Norte,E0,9:00:00,1318,0.1,1800.99,29.26,
Norte,E0,9:00:00,1319,0.02,1800.99,28.91,
Norte,E0,9:00:00,1321,0.06,1801.18,21.21,
Norte,E0,9:00:00,1322,0.01,1801.18,21.98,
Norte,E0,9:00:00,1323,0.07,1801.18,21.77,
Norte,E0,9:00:00,1324,0.03,1801.19,20.34,
Norte,E0,9:00:00,1326,0.11,1801.18,19.99,
Norte,E0,9:00:00,1334,0.08,1801.17,21.89,
Norte,E0,9:00:00,1335,0.09,1801.14,22.43,
Norte,E0,9:00:00,1336,0.01,1801.14,21.56,
Norte,E0,9:00:00,1340,0.05,1801.17,28.83,
Norte,E0,9:00:00,5010,0.04,1801.13,25.68,
Norte,E0,9:00:00,5011,0.07,1800.97,25.76,
Norte,E0,9:00:00,5019,0.07,1800.99,31.81,
Norte,E0,9:00:00,5086,0.09,1801.01,32.3,
Norte,E0,9:00:00,5087,0.01,1801.02,32.36,
Norte,E0,9:00:00,5108,0.0,1800.96,25.68,
Norte,E0,9:00:00,5112,0.03,1801.22,21.43,
Norte,E0,9:00:00,5148,0.0,1801.01,32.03,
Norte,E0,9:00:00,5193,0.0,1801.0,31.15,
Norte,E0,9:00:00,5204,0.18,1800.91,25.19,
Norte,E0,9:00:00,5241,0.0,1801.13,19.5,
Norte,E0,9:00:00,5264,0.03,1801.02,32.32,
Norte,E0,9:00:00,5289,0.01,1800.99,29.51,
Norte,E0,9:00:00,5291,0.02,1801.07,29.59,
Norte,E0,9:00:00,5311,0.16,1801.0,32.25,
Norte,E0,9:00:00,5312,0.01,1801.0,32.39,
Norte,E0,9:00:00,5313,0.01,1801.0,32.19,
Norte,E0,9:00:00,5314,0.02,1800.96,25.61,
Norte,E0,9:00:00,5342,0.04,1801.13,25.58,
Norte,E0,9:00:00,5343,0.17,1801.26,20.78,
Norte,E0,9:00:00,5344,0.18,1801.25,25.71,
Norte,E0,9:00:00,5345,0.18,1801.25,25.87,
Norte,E0,9:00:00,5478,0.01,1801.22,21.44,
Norte,E0,9:00:00,5484,0.01,1801.13,18.97,
Norte,E0,9:00:00,5493,0.02,1801.04,30.56,
Norte,E0,9:00:00,5494,0.02,1801.05,30.64,
Norte,E0,9:00:00,5495,0.13,1801.0,32.53,
Norte,E0,9:00:00,5506,0.02,1801.12,22.64,
Norte,E0,9:00:00,5523,0.0,1801.0,28.99,
Norte,E0,9:00:00,5533,0.04,1801.17,20.63,
Norte,E0,9:00:00,5537,0.05,1801.0,29.25,
Norte,E0,9:00:00,5538,0.09,1801.0,29.57,
Norte,E0,9:00:00,5603,0.06,1801.03,30.81,
Norte,E0,9:00:00,5604,0.09,1801.01,30.36,
Norte,E0,9:00:00,5613,0.09,1801.03,32.22,
Norte,E0,9:00:00,5614,0.04,1801.05,32.32,
Norte,E0,9:00:00,5620,0.06,1800.99,32.14,
Norte,E0,9:00:00,5621,0.05,1800.99,32.08,
Norte,E0,9:00:00,5678,0.08,1801.0,29.68,
Norte,E0,9:00:00,5685,0.02,1801.04,25.5,
Norte,E0,9:00:00,5709,0.2,1801.26,20.79,
Norte,E0,9:00:00,5744,0.07,1801.05,31.97,
Norte,E0,9:00:00,5746,0.1,1801.14,24.29,
Norte,E0,9:00:00,5747,0.06,1801.1,25.77,
Norte,E0,9:00:00,5748,0.08,1801.36,21.1,
Norte,E0,9:00:00,5749,0.08,1801.48,21.33,
Norte,E0,9:00:00,5750,0.04,1801.57,21.24,
Norte,E0,9:00:00,5760,0.05,1801.66,21.02,
Norte,E0,9:00:00,5761,0.04,1801.59,21.36,
Norte,E0,9:00:00,5762,0.02,1801.76,20.52,
Norte,E0,9:00:00,5763,0.04,1801.73,20.73,
Norte,E0,9:00:00,10020,0.06,1801.02,33.08,
Norte,E0,9:00:00,10059,0.05,1800.99,29.5,
Norte,E0,9:00:00,10061,0.01,1801.17,20.46,
Norte,E0,9:00:00,10062,0.0,1801.21,20.39,
Norte,E0,9:00:00,10063,0.0,1801.27,20.68,
Norte,E0,9:00:00,10082,0.11,1801.14,20.4,
Norte,E0,10:00:00,346,0.05,1801.06,33.36,
Norte,E0,10:00:00,347,0.1,1801.06,33.54,
Norte,E0,10:00:00,348,0.15,1801.06,33.55,
Norte,E0,10:00:00,349,0.07,1801.06,32.23,
Norte,E0,10:00:00,350,0.03,1801.06,32.22,
Norte,E0,10:00:00,351,0.06,1801.07,33.82,
Norte,E0,10:00:00,352,0.16,1801.07,33.7,
Norte,E0,10:00:00,353,0.09,1801.07,33.61,
Norte,E0,10:00:00,354,0.16,1801.1,32.4,
Norte,E0,10:00:00,355,0.06,1801.11,32.33,
Norte,E0,10:00:00,356,0.11,1801.11,32.37,
Norte,E0,10:00:00,357,0.05,1801.11,32.59,
Norte,E0,10:00:00,358,0.03,1801.11,32.84,
Norte,E0,10:00:00,362,0.1,1801.09,32.39,
Norte,E0,10:00:00,363,0.05,1801.09,32.38,
Norte,E0,10:00:00,364,0.09,1801.09,32.38,
Norte,E0,10:00:00,368,0.05,1801.07,32.4,
Norte,E0,10:00:00,371,0.07,1801.07,32.38,
Norte,E0,10:00:00,400,0.08,1801.08,32.1,
Norte,E0,10:00:00,401,0.07,1801.08,32.12,
Norte,E0,10:00:00,404,0.03,1801.08,31.92,
Norte,E0,10:00:00,405,0.01,1801.08,31.87,
Norte,E0,10:00:00,1049,0.03,1801.07,29.67,
Norte,E0,10:00:00,1051,0.05,1801.07,29.56,
Norte,E0,10:00:00,1053,0.03,1801.07,29.56,
Norte,E0,10:00:00,1059,0.07,1801.07,29.33,
Norte,E0,10:00:00,1063,0.03,1801.07,29.06,
Norte,E0,10:00:00,1077,0.03,1801.07,29.52,
Norte,E0,10:00:00,1089,0.04,1801.06,29.67,
Norte,E0,10:00:00,1093,0.09,1801.06,29.22,
Norte,E0,10:00:00,1094,0.02,1801.06,28.98,
Norte,E0,10:00:00,1095,0.03,1801.07,29.48,
Norte,E0,10:00:00,1100,0.05,1801.07,30.09,
Norte,E0,10:00:00,1102,0.09,1801.07,30.04,
Norte,E0,10:00:00,1103,0.01,1801.07,31.02,
Norte,E0,10:00:00,1104,0.09,1801.07,30.07,
Norte,E0,10:00:00,1106,0.1,1801.07,30.01,
Norte,E0,10:00:00,1107,0.05,1801.07,30.27,
Norte,E0,10:00:00,1109,0.02,1801.07,30.26,
Norte,E0,10:00:00,1110,0.02,1801.07,29.9,
Norte,E0,10:00:00,1112,0.03,1801.07,29.92,
Norte,E0,10:00:00,1113,0.05,1801.07,29.66,
Norte,E0,10:00:00,1115,0.1,1801.07,29.65,
Norte,E0,10:00:00,1117,0.11,1801.07,29.7,
Norte,E0,10:00:00,1119,0.13,1801.07,30.29,
Norte,E0,10:00:00,1120,0.1,1801.07,29.86,
Norte,E0,10:00:00,1122,0.07,1801.07,31.16,
Norte,E0,10:00:00,1125,0.08,1801.07,31.1,
Norte,E0,10:00:00,1128,0.08,1801.07,31.35,
Norte,E0,10:00:00,1130,0.09,1801.07,31.17,
Norte,E0,10:00:00,1131,0.1,1801.07,31.32,
Norte,E0,10:00:00,1133,0.03,1801.07,32.35,
Norte,E0,10:00:00,1134,0.17,1801.12,32.45,
Norte,E0,10:00:00,1135,0.12,1801.07,32.53,
Norte,E0,10:00:00,1137,0.15,1801.11,32.38,
Norte,E0,10:00:00,1139,0.1,1801.11,32.36,
Norte,E0,10:00:00,1140,0.04,1801.11,32.41,
Norte,E0,10:00:00,1141,0.07,1801.07,31.33,
Norte,E0,10:00:00,1142,0.03,1801.09,31.29,
Norte,E0,10:00:00,1143,0.1,1801.09,32.14,
Norte,E0,10:00:00,1144,0.09,1801.07,32.3,
Norte,E0,10:00:00,1145,0.04,1801.1,32.24,
Norte,E0,10:00:00,1147,0.0,1801.08,32.38,
Norte,E0,10:00:00,1148,0.01,1801.09,32.4,
Norte,E0,10:00:00,1149,0.19,1801.14,31.03,
Norte,E0,10:00:00,1150,0.26,1801.09,30.81,
Norte,E0,10:00:00,1151,0.04,1801.22,26.99,
Norte,E0,10:00:00,1153,0.02,1801.16,28.56,
Norte,E0,10:00:00,1154,0.0,1801.16,29.01,
Norte,E0,10:00:00,1158,0.13,1801.16,29.22,
Norte,E0,10:00:00,1159,0.1,1801.14,31.58,
Norte,E0,10:00:00,1161,0.05,1801.14,30.65,
Norte,E0,10:00:00,1162,0.01,1801.12,32.06,
Norte,E0,10:00:00,1164,0.12,1801.12,32.14,
Norte,E0,10:00:00,1165,0.04,1801.12,32.25,
Norte,E0,10:00:00,1166,0.07,1801.13,31.8,
Norte,E0,10:00:00,1169,0.1,1801.11,32.41,
Norte,E0,10:00:00,1171,0.08,1801.1,32.42,
Norte,E0,10:00:00,1172,0.19,1801.1,33.47,
Norte,E0,10:00:00,1174,0.07,1801.1,33.27,
Norte,E0,10:00:00,1175,0.15,1801.11,31.77,
Norte,E0,10:00:00,1176,0.21,1801.11,33.26,
Norte,E0,10:00:00,1179,0.07,1801.11,32.77,
Norte,E0,10:00:00,1181,0.01,1801.1,33.26,
Norte,E0,10:00:00,1182,0.07,1801.12,32.51,
Norte,E0,10:00:00,1184,0.05,1801.17,24.73,
Norte,E0,10:00:00,1185,0.03,1801.16,26.43,
Norte,E0,10:00:00,1186,0.01,1801.16,25.75,
Norte,E0,10:00:00,1187,0.26,1801.12,25.41,
Norte,E0,10:00:00,1189,0.01,1801.04,24.95,
Norte,E0,10:00:00,1190,0.08,1801.03,25.9,
Norte,E0,10:00:00,1191,0.08,1801.11,28.99,
Norte,E0,10:00:00,1192,0.01,1801.11,27.09,
Norte,E0,10:00:00,1196,0.06,1800.98,26.76,
Norte,E0,10:00:00,1197,0.06,1800.99,27.24,
Norte,E0,10:00:00,1207,0.14,1800.99,25.2,
Norte,E0,10:00:00,1216,0.1,1800.98,18.95,
Norte,E0,10:00:00,1221,0.06,1801.19,19.63,
Norte,E0,10:00:00,1223,0.06,1801.19,19.41,
Norte,E0,10:00:00,1224,0.09,1801.18,23.0,
Norte,E0,10:00:00,1225,0.04,1801.15,24.45,
Norte,E0,10:00:00,1226,0.08,1801.18,23.23,
Norte,E0,10:00:00,1228,0.04,1801.18,22.56,
Norte,E0,10:00:00,1229,0.02,1801.18,22.26,
Norte,E0,10:00:00,1230,0.02,1801.18,22.21,
Norte,E0,10:00:00,1231,0.01,1801.18,22.29,
Norte,E0,10:00:00,1232,0.03,1801.18,21.75,
Norte,E0,10:00:00,1233,0.02,1801.18,21.72,
Norte,E0,10:00:00,1240,0.14,1801.2,21.03,
Norte,E0,10:00:00,1242,0.14,1801.18,22.18,
Norte,E0,10:00:00,1243,0.05,1801.18,22.95,
Norte,E0,10:00:00,1244,0.13,1801.15,24.48,
Norte,E0,10:00:00,1245,0.07,1801.15,25.56,
Norte,E0,10:00:00,1246,0.04,1801.13,25.73,
Norte,E0,10:00:00,1247,0.08,1801.13,25.49,
Norte,E0,10:00:00,1248,0.08,1801.13,25.2,
Norte,E0,10:00:00,1249,0.17,1801.17,23.59,
Norte,E0,10:00:00,1250,0.18,1801.19,22.5,
Norte,E0,10:00:00,1252,0.13,1801.21,21.12,
Norte,E0,10:00:00,1253,0.17,1801.17,23.56,
Norte,E0,10:00:00,1254,0.16,1801.21,21.91,
Norte,E0,10:00:00,1255,0.09,1801.25,21.68,
Norte,E0,10:00:00,1257,0.1,1801.26,21.07,
Norte,E0,10:00:00,1265,0.04,1801.32,20.73,
Norte,E0,10:00:00,1268,0.08,1801.31,20.81,
Norte,E0,10:00:00,1272,0.04,1801.28,21.45,
Norte,E0,10:00:00,1274,0.07,1801.28,21.48,
Norte,E0,10:00:00,1276,0.16,1801.24,22.43,
Norte,E0,10:00:00,1279,0.07,1801.22,23.71,
Norte,E0,10:00:00,1281,0.08,1801.22,24.08,
Norte,E0,10:00:00,1282,0.03,1801.22,25.55,
Norte,E0,10:00:00,1284,0.03,1801.09,30.85,
Norte,E0,10:00:00,1286,0.1,1801.23,22.64,
Norte,E0,10:00:00,1288,0.01,1801.23,24.67,
Norte,E0,10:00:00,1289,0.03,1801.23,23.0,
Norte,E0,10:00:00,1290,0.12,1801.23,23.08,
Norte,E0,10:00:00,1291,0.01,1801.23,20.84,
Norte,E0,10:00:00,1292,0.08,1801.23,21.07,
Norte,E0,10:00:00,1293,0.1,1801.23,21.72,
Norte,E0,10:00:00,1294,0.03,1801.24,21.58,
Norte,E0,10:00:00,1295,0.16,1801.25,20.76,
Norte,E0,10:00:00,1297,0.11,1801.26,20.38,
Norte,E0,10:00:00,1302,0.11,1801.24,19.84,
Norte,E0,10:00:00,1304,0.07,1801.24,19.84,
Norte,E0,10:00:00,1305,0.0,1801.24,19.85,
Norte,E0,10:00:00,1306,0.08,1801.24,19.85,
Norte,E0,10:00:00,1308,0.1,1801.24,20.38,
Norte,E0,10:00:00,1309,0.05,1801.24,28.27,
Norte,E0,10:00:00,1310,0.02,1801.23,24.41,
Norte,E0,10:00:00,1312,0.12,1801.13,29.21,
Norte,E0,10:00:00,1313,0.0,1801.13,29.43,
Norte,E0,10:00:00,1315,0.08,1801.13,29.39,
Norte,E0,10:00:00,1318,0.1,1801.06,29.33,
Norte,E0,10:00:00,1319,0.02,1801.06,28.98,
Norte,E0,10:00:00,1321,0.06,1801.23,21.26,
Norte,E0,10:00:00,1322,0.01,1801.23,22.03,
Norte,E0,10:00:00,1323,0.07,1801.23,21.82,
Norte,E0,10:00:00,1324,0.03,1801.24,20.39,
Norte,E0,10:00:00,1326,0.11,1801.23,20.04,
Norte,E0,10:00:00,1334,0.08,1801.22,21.94,
Norte,E0,10:00:00,1335,0.09,1801.2,22.49,
Norte,E0,10:00:00,1336,0.01,1801.2,21.62,
Norte,E0,10:00:00,1340,0.05,1801.22,28.88,
Norte,E0,10:00:00,5010,0.04,1801.19,25.74,
Norte,E0,10:00:00,5011,0.06,1801.04,25.83,
Norte,E0,10:00:00,5019,0.07,1801.06,31.88,
Norte,E0,10:00:00,5086,0.08,1801.08,32.37,
Norte,E0,10:00:00,5087,0.01,1801.08,32.42,
Norte,E0,10:00:00,5108,0.0,1801.04,25.76,
Norte,E0,10:00:00,5112,0.03,1801.27,21.48,
Norte,E0,10:00:00,5148,0.0,1801.08,32.1,
Norte,E0,10:00:00,5193,0.0,1801.07,31.22,
Norte,E0,10:00:00,5204,0.17,1800.99,25.27,
Norte,E0,10:00:00,5241,0.0,1801.19,19.56,
Norte,E0,10:00:00,5264,0.03,1801.09,32.39,
Norte,E0,10:00:00,5289,0.01,1801.06,29.58,
Norte,E0,10:00:00,5291,0.02,1801.13,29.65,
Norte,E0,10:00:00,5311,0.16,1801.07,32.32,
Norte,E0,10:00:00,5312,0.01,1801.07,32.46,
Norte,E0,10:00:00,5313,0.01,1801.07,32.26,
Norte,E0,10:00:00,5314,0.02,1801.04,25.69,
Norte,E0,10:00:00,5342,0.04,1801.19,25.64,
Norte,E0,10:00:00,5343,0.16,1801.31,20.83,
Norte,E0,10:00:00,5344,0.17,1801.3,25.76,
Norte,E0,10:00:00,5345,0.17,1801.3,25.92,
Norte,E0,10:00:00,5478,0.01,1801.27,21.49,
Norte,E0,10:00:00,5484,0.01,1801.19,19.03,
Norte,E0,10:00:00,5493,0.01,1801.11,30.63,
Norte,E0,10:00:00,5494,0.01,1801.12,30.71,
Norte,E0,10:00:00,5495,0.12,1801.07,32.6,
Norte,E0,10:00:00,5506,0.02,1801.18,22.7,
Norte,E0,10:00:00,5523,0.0,1801.07,29.06,
Norte,E0,10:00:00,5533,0.04,1801.23,20.69,
Norte,E0,10:00:00,5537,0.05,1801.07,29.32,
Norte,E0,10:00:00,5538,0.08,1801.07,29.64,
Norte,E0,10:00:00,5603,0.06,1801.09,30.87,
Norte,E0,10:00:00,5604,0.09,1801.08,30.43,
Norte,E0,10:00:00,5613,0.08,1801.1,32.29,
Norte,E0,10:00:00,5614,0.03,1801.11,32.38,
Norte,E0,10:00:00,5620,0.06,1801.06,32.21,
Norte,E0,10:00:00,5621,0.05,1801.06,32.15,
Norte,E0,10:00:00,5678,0.07,1801.07,29.75,
Norte,E0,10:00:00,5685,0.02,1801.11,25.57,
Norte,E0,10:00:00,5709,0.19,1801.31,20.84,
Norte,E0,10:00:00,5744,0.06,1801.12,32.04,
Norte,E0,10:00:00,5746,0.1,1801.2,24.35,
Norte,E0,10:00:00,5747,0.06,1801.17,25.84,
Norte,E0,10:00:00,5748,0.07,1801.4,21.14,
Norte,E0,10:00:00,5749,0.07,1801.5,21.35,
Norte,E0,10:00:00,5750,0.04,1801.59,21.26,
Norte,E0,10:00:00,5760,0.05,1801.67,21.03,
Norte,E0,10:00:00,5761,0.03,1801.61,21.38,
Norte,E0,10:00:00,5762,0.02,1801.77,20.53,
Norte,E0,10:00:00,5763,0.04,1801.74,20.74,
Norte,E0,10:00:00,10020,0.06,1801.09,33.15,
Norte,E0,10:00:00,10059,0.05,1801.07,29.58,
Norte,E0,10:00:00,10061,0.01,1801.23,20.52,
Norte,E0,10:00:00,10062,0.0,1801.26,20.44,
Norte,E0,10:00:00,10063,0.0,1801.32,20.73,
Norte,E0,10:00:00,10082,0.11,1801.19,20.45,
Norte,E0,11:00:00,346,0.05,1801.13,33.43,
Norte,E0,11:00:00,347,0.09,1801.13,33.61,
Norte,E0,11:00:00,348,0.14,1801.13,33.62,
Norte,E0,11:00:00,349,0.06,1801.13,32.3,
Norte,E0,11:00:00,350,0.03,1801.13,32.29,
Norte,E0,11:00:00,351,0.06,1801.13,33.88,
Norte,E0,11:00:00,352,0.15,1801.13,33.76,
Norte,E0,11:00:00,353,0.09,1801.13,33.67,
Norte,E0,11:00:00,354,0.15,1801.17,32.47,
Norte,E0,11:00:00,355,0.06,1801.17,32.39,
Norte,E0,11:00:00,356,0.1,1801.17,32.43,
Norte,E0,11:00:00,357,0.04,1801.17,32.65,
Norte,E0,11:00:00,358,0.02,1801.17,32.9,
Norte,E0,11:00:00,362,0.1,1801.15,32.45,
Norte,E0,11:00:00,363,0.05,1801.16,32.45,
Norte,E0,11:00:00,364,0.09,1801.16,32.45,
Norte,E0,11:00:00,368,0.04,1801.14,32.47,
Norte,E0,11:00:00,371,0.07,1801.14,32.45,
Norte,E0,11:00:00,400,0.07,1801.15,32.17,
Norte,E0,11:00:00,401,0.06,1801.15,32.19,
Norte,E0,11:00:00,404,0.03,1801.15,31.99,
Norte,E0,11:00:00,405,0.01,1801.15,31.94,
Norte,E0,11:00:00,1049,0.03,1801.13,29.73,
Norte,E0,11:00:00,1051,0.04,1801.13,29.62,
Norte,E0,11:00:00,1053,0.03,1801.13,29.62,
Norte,E0,11:00:00,1059,0.06,1801.13,29.39,
Norte,E0,11:00:00,1063,0.03,1801.13,29.12,
Norte,E0,11:00:00,1077,0.03,1801.14,29.59,
Norte,E0,11:00:00,1089,0.04,1801.13,29.74,
Norte,E0,11:00:00,1093,0.09,1801.13,29.29,
Norte,E0,11:00:00,1094,0.02,1801.13,29.05,
Norte,E0,11:00:00,1095,0.03,1801.13,29.54,
Norte,E0,11:00:00,1100,0.05,1801.14,30.16,
Norte,E0,11:00:00,1102,0.08,1801.14,30.11,
Norte,E0,11:00:00,1103,0.01,1801.14,31.09,
Norte,E0,11:00:00,1104,0.09,1801.13,30.13,
Norte,E0,11:00:00,1106,0.1,1801.13,30.07,
Norte,E0,11:00:00,1107,0.05,1801.14,30.34,
Norte,E0,11:00:00,1109,0.01,1801.14,30.33,
Norte,E0,11:00:00,1110,0.02,1801.14,29.97,
Norte,E0,11:00:00,1112,0.03,1801.14,29.99,
Norte,E0,11:00:00,1113,0.05,1801.14,29.73,
Norte,E0,11:00:00,1115,0.1,1801.14,29.72,
Norte,E0,11:00:00,1117,0.1,1801.14,29.77,
Norte,E0,11:00:00,1119,0.13,1801.14,30.36,
Norte,E0,11:00:00,1120,0.09,1801.14,29.93,
Norte,E0,11:00:00,1122,0.07,1801.14,31.23,
Norte,E0,11:00:00,1125,0.07,1801.14,31.17,
Norte,E0,11:00:00,1128,0.07,1801.14,31.42,
Norte,E0,11:00:00,1130,0.09,1801.14,31.24,
Norte,E0,11:00:00,1131,0.09,1801.14,31.39,
Norte,E0,11:00:00,1133,0.03,1801.14,32.42,
Norte,E0,11:00:00,1134,0.16,1801.18,32.51,
Norte,E0,11:00:00,1135,0.11,1801.14,32.6,
Norte,E0,11:00:00,1137,0.14,1801.18,32.45,
Norte,E0,11:00:00,1139,0.09,1801.17,32.42,
Norte,E0,11:00:00,1140,0.04,1801.17,32.47,
Norte,E0,11:00:00,1141,0.06,1801.13,31.39,
Norte,E0,11:00:00,1142,0.03,1801.16,31.36,
Norte,E0,11:00:00,1143,0.09,1801.16,32.21,
Norte,E0,11:00:00,1144,0.09,1801.14,32.37,
Norte,E0,11:00:00,1145,0.04,1801.16,32.3,
Norte,E0,11:00:00,1147,0.0,1801.15,32.45,
Norte,E0,11:00:00,1148,0.01,1801.15,32.46,
Norte,E0,11:00:00,1149,0.18,1801.2,31.09,
Norte,E0,11:00:00,1150,0.24,1801.15,30.87,
Norte,E0,11:00:00,1151,0.04,1801.27,27.04,
Norte,E0,11:00:00,1153,0.02,1801.22,28.62,
Norte,E0,11:00:00,1154,0.0,1801.22,29.07,
Norte,E0,11:00:00,1158,0.13,1801.22,29.28,
Norte,E0,11:00:00,1159,0.09,1801.2,31.64,
Norte,E0,11:00:00,1161,0.04,1801.2,30.71,
Norte,E0,11:00:00,1162,0.01,1801.18,32.12,
Norte,E0,11:00:00,1164,0.11,1801.18,32.2,
Norte,E0,11:00:00,1165,0.04,1801.18,32.31,
Norte,E0,11:00:00,1166,0.06,1801.19,31.87,
Norte,E0,11:00:00,1169,0.1,1801.18,32.48,
Norte,E0,11:00:00,1171,0.08,1801.16,32.48,
Norte,E0,11:00:00,1172,0.18,1801.16,33.53,
Norte,E0,11:00:00,1174,0.06,1801.16,33.33,
Norte,E0,11:00:00,1175,0.14,1801.17,31.83,
Norte,E0,11:00:00,1176,0.2,1801.17,33.32,
Norte,E0,11:00:00,1179,0.06,1801.17,32.83,
Norte,E0,11:00:00,1181,0.01,1801.16,33.32,
Norte,E0,11:00:00,1182,0.07,1801.18,32.57,
Norte,E0,11:00:00,1184,0.04,1801.23,24.79,
Norte,E0,11:00:00,1185,0.03,1801.22,26.49,
Norte,E0,11:00:00,1186,0.01,1801.22,25.81,
Norte,E0,11:00:00,1187,0.24,1801.18,25.47,
Norte,E0,11:00:00,1189,0.01,1801.11,25.02,
Norte,E0,11:00:00,1190,0.07,1801.1,25.98,
Norte,E0,11:00:00,1191,0.07,1801.17,29.05,
Norte,E0,11:00:00,1192,0.01,1801.17,27.15,
Norte,E0,11:00:00,1196,0.06,1801.06,26.84,
Norte,E0,11:00:00,1197,0.05,1801.06,27.31,
Norte,E0,11:00:00,1207,0.13,1801.06,25.27,
Norte,E0,11:00:00,1216,0.1,1801.06,19.03,
Norte,E0,11:00:00,1221,0.05,1801.25,19.69,
Norte,E0,11:00:00,1223,0.06,1801.25,19.47,
Norte,E0,11:00:00,1224,0.08,1801.24,23.06,
Norte,E0,11:00:00,1225,0.04,1801.21,24.51,
Norte,E0,11:00:00,1226,0.07,1801.24,23.29,
Norte,E0,11:00:00,1228,0.04,1801.24,22.62,
Norte,E0,11:00:00,1229,0.02,1801.24,22.32,
Norte,E0,11:00:00,1230,0.02,1801.24,22.27,
Norte,E0,11:00:00,1231,0.01,1801.24,22.35,
Norte,E0,11:00:00,1232,0.03,1801.24,21.81,
Norte,E0,11:00:00,1233,0.01,1801.24,21.78,
Norte,E0,11:00:00,1240,0.13,1801.25,21.08,
Norte,E0,11:00:00,1242,0.13,1801.24,22.24,
Norte,E0,11:00:00,1243,0.05,1801.23,23.0,
Norte,E0,11:00:00,1244,0.13,1801.21,24.54,
Norte,E0,11:00:00,1245,0.07,1801.21,25.62,
Norte,E0,11:00:00,1246,0.04,1801.19,25.79,
Norte,E0,11:00:00,1247,0.08,1801.19,25.55,
Norte,E0,11:00:00,1248,0.08,1801.19,25.26,
Norte,E0,11:00:00,1249,0.16,1801.23,23.65,
Norte,E0,11:00:00,1250,0.17,1801.25,22.56,
Norte,E0,11:00:00,1252,0.12,1801.27,21.18,
Norte,E0,11:00:00,1253,0.16,1801.23,23.62,
Norte,E0,11:00:00,1254,0.16,1801.27,21.97,
Norte,E0,11:00:00,1255,0.09,1801.3,21.73,
Norte,E0,11:00:00,1257,0.09,1801.31,21.12,
Norte,E0,11:00:00,1265,0.04,1801.36,20.77,
Norte,E0,11:00:00,1268,0.07,1801.36,20.86,
Norte,E0,11:00:00,1272,0.04,1801.32,21.49,
Norte,E0,11:00:00,1274,0.07,1801.33,21.53,
Norte,E0,11:00:00,1276,0.15,1801.29,22.48,
Norte,E0,11:00:00,1279,0.06,1801.27,23.76,
Norte,E0,11:00:00,1281,0.07,1801.27,24.13,
Norte,E0,11:00:00,1282,0.03,1801.27,25.6,
Norte,E0,11:00:00,1284,0.03,1801.15,30.91,
Norte,E0,11:00:00,1286,0.09,1801.28,22.69,
Norte,E0,11:00:00,1288,0.01,1801.28,24.72,
Norte,E0,11:00:00,1289,0.03,1801.28,23.05,
Norte,E0,11:00:00,1290,0.11,1801.28,23.13,
Norte,E0,11:00:00,1291,0.01,1801.28,20.89,
Norte,E0,11:00:00,1292,0.07,1801.28,21.12,
Norte,E0,11:00:00,1293,0.09,1801.28,21.77,
Norte,E0,11:00:00,1294,0.03,1801.29,21.63,
Norte,E0,11:00:00,1295,0.15,1801.3,20.81,
Norte,E0,11:00:00,1297,0.11,1801.31,20.43,
Norte,E0,11:00:00,1302,0.1,1801.3,19.9,
Norte,E0,11:00:00,1304,0.06,1801.3,19.9,
Norte,E0,11:00:00,1305,0.0,1801.3,19.91,
Norte,E0,11:00:00,1306,0.08,1801.3,19.91,
Norte,E0,11:00:00,1308,0.09,1801.29,20.43,
Norte,E0,11:00:00,1309,0.05,1801.29,28.32,
Norte,E0,11:00:00,1310,0.02,1801.29,24.47,
Norte,E0,11:00:00,1312,0.12,1801.19,29.27,
Norte,E0,11:00:00,1313,0.0,1801.19,29.49,
Norte,E0,11:00:00,1315,0.08,1801.19,29.45,
Norte,E0,11:00:00,1318,0.09,1801.13,29.4,
Norte,E0,11:00:00,1319,0.02,1801.13,29.05,
Norte,E0,11:00:00,1321,0.06,1801.29,21.32,
Norte,E0,11:00:00,1322,0.01,1801.29,22.09,
Norte,E0,11:00:00,1323,0.07,1801.29,21.88,
Norte,E0,11:00:00,1324,0.03,1801.3,20.45,
Norte,E0,11:00:00,1326,0.1,1801.29,20.1,
Norte,E0,11:00:00,1334,0.07,1801.28,22.0,
Norte,E0,11:00:00,1335,0.08,1801.25,22.54,
Norte,E0,11:00:00,1336,0.01,1801.25,21.67,
Norte,E0,11:00:00,1340,0.05,1801.28,28.94,
Norte,E0,11:00:00,5010,0.04,1801.25,25.8,
Norte,E0,11:00:00,5011,0.06,1801.11,25.9,
Norte,E0,11:00:00,5019,0.07,1801.13,31.95,
Norte,E0,11:00:00,5086,0.08,1801.15,32.44,
Norte,E0,11:00:00,5087,0.01,1801.15,32.49,
Norte,E0,11:00:00,5108,0.0,1801.11,25.83,
Norte,E0,11:00:00,5112,0.03,1801.32,21.53,
Norte,E0,11:00:00,5148,0.0,1801.15,32.17,
Norte,E0,11:00:00,5193,0.0,1801.14,31.29,
Norte,E0,11:00:00,5204,0.16,1801.06,25.34,
Norte,E0,11:00:00,5241,0.0,1801.25,19.62,
Norte,E0,11:00:00,5264,0.03,1801.15,32.45,
Norte,E0,11:00:00,5289,0.01,1801.13,29.65,
Norte,E0,11:00:00,5291,0.02,1801.19,29.71,
Norte,E0,11:00:00,5311,0.15,1801.14,32.39,
Norte,E0,11:00:00,5312,0.01,1801.14,32.53,
Norte,E0,11:00:00,5313,0.01,1801.14,32.33,
Norte,E0,11:00:00,5314,0.02,1801.11,25.76,
Norte,E0,11:00:00,5342,0.04,1801.25,25.7,
Norte,E0,11:00:00,5343,0.16,1801.35,20.87,
Norte,E0,11:00:00,5344,0.16,1801.34,25.8,
Norte,E0,11:00:00,5345,0.16,1801.34,25.96,
Norte,E0,11:00:00,5478,0.01,1801.32,21.54,
Norte,E0,11:00:00,5484,0.01,1801.25,19.09,
Norte,E0,11:00:00,5493,0.01,1801.17,30.69,
Norte,E0,11:00:00,5494,0.01,1801.18,30.77,
Norte,E0,11:00:00,5495,0.12,1801.14,32.67,
Norte,E0,11:00:00,5506,0.02,1801.24,22.76,
Norte,E0,11:00:00,5523,0.0,1801.14,29.13,
Norte,E0,11:00:00,5533,0.03,1801.28,20.74,
Norte,E0,11:00:00,5537,0.04,1801.14,29.39,
Norte,E0,11:00:00,5538,0.08,1801.14,29.71,
Norte,E0,11:00:00,5603,0.05,1801.16,30.94,
Norte,E0,11:00:00,5604,0.08,1801.15,30.5,
Norte,E0,11:00:00,5613,0.08,1801.16,32.35,
Norte,E0,11:00:00,5614,0.03,1801.18,32.45,
Norte,E0,11:00:00,5620,0.05,1801.13,32.28,
Norte,E0,11:00:00,5621,0.04,1801.13,32.22,
Norte,E0,11:00:00,5678,0.07,1801.13,29.81,
Norte,E0,11:00:00,5685,0.02,1801.17,25.63,
Norte,E0,11:00:00,5709,0.18,1801.35,20.88,
Norte,E0,11:00:00,5744,0.06,1801.18,32.1,
Norte,E0,11:00:00,5746,0.09,1801.26,24.41,
Norte,E0,11:00:00,5747,0.06,1801.22,25.89,
Norte,E0,11:00:00,5748,0.07,1801.44,21.18,
Norte,E0,11:00:00,5749,0.07,1801.53,21.38,
Norte,E0,11:00:00,5750,0.04,1801.61,21.28,
Norte,E0,11:00:00,5760,0.05,1801.68,21.04,
Norte,E0,11:00:00,5761,0.03,1801.63,21.4,
Norte,E0,11:00:00,5762,0.02,1801.77,20.53,
Norte,E0,11:00:00,5763,0.03,1801.74,20.74,
Norte,E0,11:00:00,10020,0.05,1801.15,33.21,
Norte,E0,11:00:00,10059,0.05,1801.13,29.64,
Norte,E0,11:00:00,10061,0.01,1801.28,20.57,
Norte,E0,11:00:00,10062,0.0,1801.31,20.49,
Norte,E0,11:00:00,10063,0.0,1801.36,20.77,
Norte,E0,11:00:00,10082,0.1,1801.25,20.51,
Norte,E0,12:00:00,346,0.05,1801.19,33.49,
Norte,E0,12:00:00,347,0.09,1801.19,33.67,
Norte,E0,12:00:00,348,0.13,1801.19,33.68,
Norte,E0,12:00:00,349,0.06,1801.2,32.37,
Norte,E0,12:00:00,350,0.03,1801.2,32.36,
Norte,E0,12:00:00,351,0.06,1801.2,33.95,
Norte,E0,12:00:00,352,0.14,1801.2,33.83,
Norte,E0,12:00:00,353,0.08,1801.2,33.74,
Norte,E0,12:00:00,354,0.14,1801.23,32.53,
Norte,E0,12:00:00,355,0.05,1801.23,32.45,
Norte,E0,12:00:00,356,0.1,1801.23,32.49,
Norte,E0,12:00:00,357,0.04,1801.23,32.71,
Norte,E0,12:00:00,358,0.02,1801.23,32.96,
Norte,E0,12:00:00,362,0.09,1801.22,32.52,
Norte,E0,12:00:00,363,0.04,1801.22,32.51,
Norte,E0,12:00:00,364,0.08,1801.22,32.51,
Norte,E0,12:00:00,368,0.04,1801.2,32.53,
Norte,E0,12:00:00,371,0.06,1801.2,32.51,
Norte,E0,12:00:00,400,0.07,1801.21,32.23,
Norte,E0,12:00:00,401,0.06,1801.21,32.25,
Norte,E0,12:00:00,404,0.03,1801.21,32.05,
Norte,E0,12:00:00,405,0.01,1801.21,32.0,
Norte,E0,12:00:00,1049,0.03,1801.2,29.8,
Norte,E0,12:00:00,1051,0.04,1801.2,29.69,
Norte,E0,12:00:00,1053,0.03,1801.2,29.69,
Norte,E0,12:00:00,1059,0.06,1801.2,29.46,
Norte,E0,12:00:00,1063,0.03,1801.2,29.19,
Norte,E0,12:00:00,1077,0.03,1801.2,29.65,
Norte,E0,12:00:00,1089,0.04,1801.2,29.81,
Norte,E0,12:00:00,1093,0.08,1801.2,29.36,
Norte,E0,12:00:00,1094,0.02,1801.2,29.12,
Norte,E0,12:00:00,1095,0.02,1801.2,29.61,
Norte,E0,12:00:00,1100,0.05,1801.2,30.22,
Norte,E0,12:00:00,1102,0.08,1801.2,30.17,
Norte,E0,12:00:00,1103,0.01,1801.2,31.15,
Norte,E0,12:00:00,1104,0.08,1801.2,30.2,
Norte,E0,12:00:00,1106,0.09,1801.2,30.14,
Norte,E0,12:00:00,1107,0.04,1801.2,30.4,
Norte,E0,12:00:00,1109,0.01,1801.2,30.39,
Norte,E0,12:00:00,1110,0.02,1801.2,30.03,
Norte,E0,12:00:00,1112,0.02,1801.2,30.05,
Norte,E0,12:00:00,1113,0.04,1801.2,29.79,
Norte,E0,12:00:00,1115,0.09,1801.2,29.78,
Norte,E0,12:00:00,1117,0.1,1801.2,29.83,
Norte,E0,12:00:00,1119,0.12,1801.2,30.42,
Norte,E0,12:00:00,1120,0.09,1801.2,29.99,
Norte,E0,12:00:00,1122,0.06,1801.2,31.29,
Norte,E0,12:00:00,1125,0.07,1801.2,31.23,
Norte,E0,12:00:00,1128,0.07,1801.2,31.48,
Norte,E0,12:00:00,1130,0.08,1801.2,31.3,
Norte,E0,12:00:00,1131,0.09,1801.2,31.45,
Norte,E0,12:00:00,1133,0.03,1801.2,32.48,
Norte,E0,12:00:00,1134,0.15,1801.24,32.57,
Norte,E0,12:00:00,1135,0.1,1801.2,32.66,
Norte,E0,12:00:00,1137,0.14,1801.24,32.51,
Norte,E0,12:00:00,1139,0.09,1801.24,32.49,
Norte,E0,12:00:00,1140,0.03,1801.24,32.54,
Norte,E0,12:00:00,1141,0.06,1801.2,31.46,
Norte,E0,12:00:00,1142,0.03,1801.22,31.42,
Norte,E0,12:00:00,1143,0.09,1801.22,32.27,
Norte,E0,12:00:00,1144,0.08,1801.2,32.43,
Norte,E0,12:00:00,1145,0.04,1801.22,32.36,
Norte,E0,12:00:00,1147,0.0,1801.21,32.51,
Norte,E0,12:00:00,1148,0.0,1801.22,32.53,
Norte,E0,12:00:00,1149,0.17,1801.26,31.15,
Norte,E0,12:00:00,1150,0.23,1801.22,30.94,
Norte,E0,12:00:00,1151,0.04,1801.32,27.09,
Norte,E0,12:00:00,1153,0.02,1801.27,28.67,
Norte,E0,12:00:00,1154,0.0,1801.27,29.12,
Norte,E0,12:00:00,1158,0.12,1801.27,29.33,
Norte,E0,12:00:00,1159,0.09,1801.26,31.7,
Norte,E0,12:00:00,1161,0.04,1801.26,30.77,
Norte,E0,12:00:00,1162,0.01,1801.24,32.18,
Norte,E0,12:00:00,1164,0.11,1801.24,32.26,
Norte,E0,12:00:00,1165,0.04,1801.24,32.37,
Norte,E0,12:00:00,1166,0.06,1801.25,31.93,
Norte,E0,12:00:00,1169,0.09,1801.24,32.54,
Norte,E0,12:00:00,1171,0.07,1801.22,32.54,
Norte,E0,12:00:00,1172,0.17,1801.22,33.59,
Norte,E0,12:00:00,1174,0.06,1801.22,33.39,
Norte,E0,12:00:00,1175,0.13,1801.23,31.89,
Norte,E0,12:00:00,1176,0.19,1801.23,33.38,
Norte,E0,12:00:00,1179,0.06,1801.24,32.9,
Norte,E0,12:00:00,1181,0.01,1801.22,33.38,
Norte,E0,12:00:00,1182,0.06,1801.24,32.63,
Norte,E0,12:00:00,1184,0.04,1801.28,24.84,
Norte,E0,12:00:00,1185,0.03,1801.27,26.54,
Norte,E0,12:00:00,1186,0.01,1801.27,25.86,
Norte,E0,12:00:00,1187,0.23,1801.24,25.53,
Norte,E0,12:00:00,1189,0.01,1801.18,25.09,
Norte,E0,12:00:00,1190,0.07,1801.17,26.04,
Norte,E0,12:00:00,1191,0.07,1801.23,29.11,
Norte,E0,12:00:00,1192,0.01,1801.23,27.21,
Norte,E0,12:00:00,1196,0.06,1801.13,26.91,
Norte,E0,12:00:00,1197,0.05,1801.13,27.38,
Norte,E0,12:00:00,1207,0.12,1801.13,25.34,
Norte,E0,12:00:00,1216,0.09,1801.13,19.1,
Norte,E0,12:00:00,1221,0.05,1801.3,19.74,
Norte,E0,12:00:00,1223,0.05,1801.3,19.52,
Norte,E0,12:00:00,1224,0.08,1801.29,23.11,
Norte,E0,12:00:00,1225,0.04,1801.26,24.56,
Norte,E0,12:00:00,1226,0.07,1801.29,23.34,
Norte,E0,12:00:00,1228,0.04,1801.29,22.67,
Norte,E0,12:00:00,1229,0.02,1801.29,22.37,
Norte,E0,12:00:00,1230,0.01,1801.29,22.32,
Norte,E0,12:00:00,1231,0.01,1801.29,22.4,
Norte,E0,12:00:00,1232,0.02,1801.29,21.86,
Norte,E0,12:00:00,1233,0.01,1801.29,21.83,
Norte,E0,12:00:00,1240,0.12,1801.31,21.14,
Norte,E0,12:00:00,1242,0.12,1801.29,22.29,
Norte,E0,12:00:00,1243,0.04,1801.29,23.06,
Norte,E0,12:00:00,1244,0.12,1801.27,24.6,
Norte,E0,12:00:00,1245,0.06,1801.27,25.68,
Norte,E0,12:00:00,1246,0.04,1801.25,25.85,
Norte,E0,12:00:00,1247,0.08,1801.25,25.61,
Norte,E0,12:00:00,1248,0.07,1801.25,25.32,
Norte,E0,12:00:00,1249,0.15,1801.28,23.7,
Norte,E0,12:00:00,1250,0.16,1801.3,22.61,
Norte,E0,12:00:00,1252,0.12,1801.32,21.23,
Norte,E0,12:00:00,1253,0.15,1801.28,23.67,
Norte,E0,12:00:00,1254,0.15,1801.32,22.02,
Norte,E0,12:00:00,1255,0.08,1801.35,21.78,
Norte,E0,12:00:00,1257,0.09,1801.36,21.17,
Norte,E0,12:00:00,1265,0.03,1801.4,20.81,
Norte,E0,12:00:00,1268,0.07,1801.4,20.9,
Norte,E0,12:00:00,1272,0.03,1801.37,21.54,
Norte,E0,12:00:00,1274,0.06,1801.37,21.57,
Norte,E0,12:00:00,1276,0.14,1801.34,22.53,
Norte,E0,12:00:00,1279,0.06,1801.32,23.81,
Norte,E0,12:00:00,1281,0.07,1801.32,24.18,
Norte,E0,12:00:00,1282,0.03,1801.32,25.65,
Norte,E0,12:00:00,1284,0.03,1801.22,30.98,
Norte,E0,12:00:00,1286,0.09,1801.33,22.74,
Norte,E0,12:00:00,1288,0.01,1801.33,24.77,
Norte,E0,12:00:00,1289,0.02,1801.33,23.1,
Norte,E0,12:00:00,1290,0.11,1801.33,23.18,
Norte,E0,12:00:00,1291,0.01,1801.33,20.94,
Norte,E0,12:00:00,1292,0.07,1801.33,21.17,
Norte,E0,12:00:00,1293,0.09,1801.33,21.82,
Norte,E0,12:00:00,1294,0.02,1801.34,21.68,
Norte,E0,12:00:00,1295,0.14,1801.35,20.86,
Norte,E0,12:00:00,1297,0.1,1801.36,20.48,
Norte,E0,12:00:00,1302,0.1,1801.34,19.94,
Norte,E0,12:00:00,1304,0.06,1801.34,19.94,
Norte,E0,12:00:00,1305,0.0,1801.34,19.95,
Norte,E0,12:00:00,1306,0.07,1801.34,19.95,
Norte,E0,12:00:00,1308,0.09,1801.34,20.48,
Norte,E0,12:00:00,1309,0.04,1801.34,28.37,
Norte,E0,12:00:00,1310,0.02,1801.34,24.52,
Norte,E0,12:00:00,1312,0.11,1801.25,29.33,
Norte,E0,12:00:00,1313,0.0,1801.25,29.55,
Norte,E0,12:00:00,1315,0.07,1801.25,29.51,
Norte,E0,12:00:00,1318,0.09,1801.2,29.47,
Norte,E0,12:00:00,1319,0.02,1801.2,29.12,
Norte,E0,12:00:00,1321,0.05,1801.34,21.37,
Norte,E0,12:00:00,1322,0.01,1801.34,22.14,
Norte,E0,12:00:00,1323,0.06,1801.34,21.93,
Norte,E0,12:00:00,1324,0.03,1801.34,20.49,
Norte,E0,12:00:00,1326,0.1,1801.34,20.15,
Norte,E0,12:00:00,1334,0.07,1801.33,22.05,
Norte,E0,12:00:00,1335,0.08,1801.31,22.6,
Norte,E0,12:00:00,1336,0.01,1801.31,21.73,
Norte,E0,12:00:00,1340,0.04,1801.33,28.99,
Norte,E0,12:00:00,5010,0.03,1801.3,25.85,
Norte,E0,12:00:00,5011,0.06,1801.18,25.97,
Norte,E0,12:00:00,5019,0.06,1801.2,32.02,
Norte,E0,12:00:00,5086,0.08,1801.21,32.5,
Norte,E0,12:00:00,5087,0.01,1801.21,32.55,
Norte,E0,12:00:00,5108,0.0,1801.17,25.89,
Norte,E0,12:00:00,5112,0.03,1801.37,21.58,
Norte,E0,12:00:00,5148,0.0,1801.21,32.23,
Norte,E0,12:00:00,5193,0.0,1801.2,31.35,
Norte,E0,12:00:00,5204,0.15,1801.13,25.41,
Norte,E0,12:00:00,5241,0.0,1801.3,19.67,
Norte,E0,12:00:00,5264,0.03,1801.22,32.52,
Norte,E0,12:00:00,5289,0.01,1801.2,29.72,
Norte,E0,12:00:00,5291,0.02,1801.25,29.77,
Norte,E0,12:00:00,5311,0.14,1801.2,32.45,
Norte,E0,12:00:00,5312,0.01,1801.2,32.59,
Norte,E0,12:00:00,5313,0.01,1801.2,32.39,
Norte,E0,12:00:00,5314,0.02,1801.18,25.83,
Norte,E0,12:00:00,5342,0.04,1801.3,25.75,
Norte,E0,12:00:00,5343,0.15,1801.4,20.92,
Norte,E0,12:00:00,5344,0.15,1801.39,25.85,
Norte,E0,12:00:00,5345,0.15,1801.39,26.01,
Norte,E0,12:00:00,5478,0.0,1801.37,21.59,
Norte,E0,12:00:00,5484,0.01,1801.3,19.14,
Norte,E0,12:00:00,5493,0.01,1801.24,30.76,
Norte,E0,12:00:00,5494,0.01,1801.24,30.83,
Norte,E0,12:00:00,5495,0.11,1801.2,32.73,
Norte,E0,12:00:00,5506,0.02,1801.29,22.81,
Norte,E0,12:00:00,5523,0.0,1801.2,29.19,
Norte,E0,12:00:00,5533,0.03,1801.33,20.79,
Norte,E0,12:00:00,5537,0.04,1801.2,29.45,
Norte,E0,12:00:00,5538,0.07,1801.2,29.77,
Norte,E0,12:00:00,5603,0.05,1801.22,31.0,
Norte,E0,12:00:00,5604,0.08,1801.21,30.56,
Norte,E0,12:00:00,5613,0.08,1801.22,32.41,
Norte,E0,12:00:00,5614,0.03,1801.24,32.51,
Norte,E0,12:00:00,5620,0.05,1801.2,32.35,
Norte,E0,12:00:00,5621,0.04,1801.2,32.29,
Norte,E0,12:00:00,5678,0.07,1801.2,29.88,
Norte,E0,12:00:00,5685,0.02,1801.23,25.69,
Norte,E0,12:00:00,5709,0.17,1801.4,20.93,
Norte,E0,12:00:00,5744,0.06,1801.24,32.16,
Norte,E0,12:00:00,5746,0.09,1801.31,24.46,
Norte,E0,12:00:00,5747,0.05,1801.28,25.95,
Norte,E0,12:00:00,5748,0.07,1801.47,21.21,
Norte,E0,12:00:00,5749,0.07,1801.55,21.4,
Norte,E0,12:00:00,5750,0.04,1801.62,21.29,
Norte,E0,12:00:00,5760,0.04,1801.69,21.05,
Norte,E0,12:00:00,5761,0.03,1801.64,21.41,
Norte,E0,12:00:00,5762,0.01,1801.77,20.53,
Norte,E0,12:00:00,5763,0.03,1801.74,20.74,
Norte,E0,12:00:00,10020,0.05,1801.22,33.28,
Norte,E0,12:00:00,10059,0.04,1801.2,29.71,
Norte,E0,12:00:00,10061,0.0,1801.33,20.62,
Norte,E0,12:00:00,10062,0.0,1801.36,20.54,
Norte,E0,12:00:00,10063,0.0,1801.4,20.81,
Norte,E0,12:00:00,10082,0.1,1801.3,20.56,
Norte,E0,13:00:00,346,0.05,1801.19,33.49,
Norte,E0,13:00:00,347,0.09,1801.19,33.67,
Norte,E0,13:00:00,348,0.13,1801.19,33.68,
Norte,E0,13:00:00,349,0.06,1801.2,32.37,
Norte,E0,13:00:00,350,0.03,1801.2,32.36,
Norte,E0,13:00:00,351,0.06,1801.2,33.95,
Norte,E0,13:00:00,352,0.14,1801.2,33.83,
Norte,E0,13:00:00,353,0.08,1801.2,33.74,
Norte,E0,13:00:00,354,0.14,1801.23,32.53,
Norte,E0,13:00:00,355,0.05,1801.23,32.45,
Norte,E0,13:00:00,356,0.1,1801.23,32.49,
Norte,E0,13:00:00,357,0.04,1801.23,32.71,
Norte,E0,13:00:00,358,0.02,1801.23,32.96,
Norte,E0,13:00:00,362,0.09,1801.22,32.52,
Norte,E0,13:00:00,363,0.04,1801.22,32.51,
Norte,E0,13:00:00,364,0.08,1801.22,32.51,
Norte,E0,13:00:00,368,0.04,1801.2,32.53,
Norte,E0,13:00:00,371,0.06,1801.2,32.51,
Norte,E0,13:00:00,400,0.07,1801.21,32.23,
Norte,E0,13:00:00,401,0.06,1801.21,32.25,
Norte,E0,13:00:00,404,0.03,1801.21,32.05,
Norte,E0,13:00:00,405,0.01,1801.21,32.0,
Norte,E0,13:00:00,1049,0.03,1801.2,29.8,
Norte,E0,13:00:00,1051,0.04,1801.2,29.69,
Norte,E0,13:00:00,1053,0.03,1801.2,29.69,
Norte,E0,13:00:00,1059,0.06,1801.2,29.46,
Norte,E0,13:00:00,1063,0.03,1801.2,29.19,
Norte,E0,13:00:00,1077,0.03,1801.2,29.65,
Norte,E0,13:00:00,1089,0.04,1801.2,29.81,
Norte,E0,13:00:00,1093,0.08,1801.2,29.36,
Norte,E0,13:00:00,1094,0.02,1801.2,29.12,
Norte,E0,13:00:00,1095,0.02,1801.2,29.61,
Norte,E0,13:00:00,1100,0.05,1801.2,30.22,
Norte,E0,13:00:00,1102,0.08,1801.2,30.17,
Norte,E0,13:00:00,1103,0.01,1801.2,31.15,
Norte,E0,13:00:00,1104,0.08,1801.2,30.2,
Norte,E0,13:00:00,1106,0.09,1801.2,30.14,
Norte,E0,13:00:00,1107,0.04,1801.2,30.4,
Norte,E0,13:00:00,1109,0.01,1801.2,30.39,
Norte,E0,13:00:00,1110,0.02,1801.2,30.03,
Norte,E0,13:00:00,1112,0.02,1801.2,30.05,
Norte,E0,13:00:00,1113,0.04,1801.2,29.79,
Norte,E0,13:00:00,1115,0.09,1801.2,29.78,
Norte,E0,13:00:00,1117,0.1,1801.2,29.83,
Norte,E0,13:00:00,1119,0.12,1801.2,30.42,
Norte,E0,13:00:00,1120,0.09,1801.2,29.99,
Norte,E0,13:00:00,1122,0.06,1801.2,31.29,
Norte,E0,13:00:00,1125,0.07,1801.2,31.23,
Norte,E0,13:00:00,1128,0.07,1801.2,31.48,
Norte,E0,13:00:00,1130,0.08,1801.2,31.3,
Norte,E0,13:00:00,1131,0.09,1801.2,31.45,
Norte,E0,13:00:00,1133,0.03,1801.2,32.48,
Norte,E0,13:00:00,1134,0.15,1801.24,32.57,
Norte,E0,13:00:00,1135,0.1,1801.2,32.66,
Norte,E0,13:00:00,1137,0.14,1801.24,32.51,
Norte,E0,13:00:00,1139,0.09,1801.24,32.49,
Norte,E0,13:00:00,1140,0.03,1801.24,32.54,
Norte,E0,13:00:00,1141,0.06,1801.2,31.46,
Norte,E0,13:00:00,1142,0.03,1801.22,31.42,
Norte,E0,13:00:00,1143,0.09,1801.22,32.27,
Norte,E0,13:00:00,1144,0.08,1801.2,32.43,
Norte,E0,13:00:00,1145,0.04,1801.22,32.36,
Norte,E0,13:00:00,1147,0.0,1801.21,32.51,
Norte,E0,13:00:00,1148,0.0,1801.22,32.53,
Norte,E0,13:00:00,1149,0.17,1801.26,31.15,
Norte,E0,13:00:00,1150,0.23,1801.22,30.94,
Norte,E0,13:00:00,1151,0.04,1801.32,27.09,
Norte,E0,13:00:00,1153,0.02,1801.27,28.67,
Norte,E0,13:00:00,1154,0.0,1801.27,29.12,
Norte,E0,13:00:00,1158,0.12,1801.27,29.33,
Norte,E0,13:00:00,1159,0.09,1801.26,31.7,
Norte,E0,13:00:00,1161,0.04,1801.26,30.77,
Norte,E0,13:00:00,1162,0.01,1801.24,32.18,
Norte,E0,13:00:00,1164,0.11,1801.24,32.26,
Norte,E0,13:00:00,1165,0.04,1801.24,32.37,
Norte,E0,13:00:00,1166,0.06,1801.25,31.93,
Norte,E0,13:00:00,1169,0.09,1801.24,32.54,
Norte,E0,13:00:00,1171,0.07,1801.22,32.54,
Norte,E0,13:00:00,1172,0.17,1801.22,33.59,
Norte,E0,13:00:00,1174,0.06,1801.22,33.39,
Norte,E0,13:00:00,1175,0.13,1801.23,31.89,
Norte,E0,13:00:00,1176,0.19,1801.23,33.38,
Norte,E0,13:00:00,1179,0.06,1801.24,32.9,
Norte,E0,13:00:00,1181,0.01,1801.22,33.38,
Norte,E0,13:00:00,1182,0.06,1801.24,32.63,
Norte,E0,13:00:00,1184,0.04,1801.28,24.84,
Norte,E0,13:00:00,1185,0.03,1801.27,26.54,
Norte,E0,13:00:00,1186,0.01,1801.27,25.86,
Norte,E0,13:00:00,1187,0.23,1801.24,25.53,
Norte,E0,13:00:00,1189,0.01,1801.18,25.09,
Norte,E0,13:00:00,1190,0.07,1801.17,26.04,
Norte,E0,13:00:00,1191,0.07,1801.23,29.11,
Norte,E0,13:00:00,1192,0.01,1801.23,27.21,
Norte,E0,13:00:00,1196,0.06,1801.13,26.91,
Norte,E0,13:00:00,1197,0.05,1801.13,27.38,
Norte,E0,13:00:00,1207,0.12,1801.13,25.34,
Norte,E0,13:00:00,1216,0.09,1801.13,19.1,
Norte,E0,13:00:00,1221,0.05,1801.3,19.74,
Norte,E0,13:00:00,1223,0.05,1801.3,19.52,
Norte,E0,13:00:00,1224,0.08,1801.29,23.11,
Norte,E0,13:00:00,1225,0.04,1801.26,24.56,
Norte,E0,13:00:00,1226,0.07,1801.29,23.34,
Norte,E0,13:00:00,1228,0.04,1801.29,22.67,
Norte,E0,13:00:00,1229,0.02,1801.29,22.37,
Norte,E0,13:00:00,1230,0.01,1801.29,22.32,
Norte,E0,13:00:00,1231,0.01,1801.29,22.4,
Norte,E0,13:00:00,1232,0.02,1801.29,21.86,
Norte,E0,13:00:00,1233,0.01,1801.29,21.83,
Norte,E0,13:00:00,1240,0.12,1801.31,21.14,
Norte,E0,13:00:00,1242,0.12,1801.29,22.29,
Norte,E0,13:00:00,1243,0.04,1801.29,23.06,
Norte,E0,13:00:00,1244,0.12,1801.27,24.6,
Norte,E0,13:00:00,1245,0.06,1801.27,25.68,
Norte,E0,13:00:00,1246,0.04,1801.25,25.85,
Norte,E0,13:00:00,1247,0.08,1801.25,25.61,
Norte,E0,13:00:00,1248,0.07,1801.25,25.32,
Norte,E0,13:00:00,1249,0.15,1801.28,23.7,
Norte,E0,13:00:00,1250,0.16,1801.3,22.61,
Norte,E0,13:00:00,1252,0.12,1801.32,21.23,
Norte,E0,13:00:00,1253,0.15,1801.28,23.67,
Norte,E0,13:00:00,1254,0.15,1801.32,22.02,
Norte,E0,13:00:00,1255,0.08,1801.35,21.78,
Norte,E0,13:00:00,1257,0.09,1801.36,21.17,
Norte,E0,13:00:00,1265,0.03,1801.4,20.81,
Norte,E0,13:00:00,1268,0.07,1801.4,20.9,
Norte,E0,13:00:00,1272,0.03,1801.37,21.54,
Norte,E0,13:00:00,1274,0.06,1801.37,21.57,
Norte,E0,13:00:00,1276,0.14,1801.34,22.53,
Norte,E0,13:00:00,1279,0.06,1801.32,23.81,
Norte,E0,13:00:00,1281,0.07,1801.32,24.18,
Norte,E0,13:00:00,1282,0.03,1801.32,25.65,
Norte,E0,13:00:00,1284,0.03,1801.22,30.98,
Norte,E0,13:00:00,1286,0.09,1801.33,22.74,
Norte,E0,13:00:00,1288,0.01,1801.33,24.77,
Norte,E0,13:00:00,1289,0.02,1801.33,23.1,
Norte,E0,13:00:00,1290,0.11,1801.33,23.18,
Norte,E0,13:00:00,1291,0.01,1801.33,20.94,
Norte,E0,13:00:00,1292,0.07,1801.33,21.17,
Norte,E0,13:00:00,1293,0.09,1801.33,21.82,
Norte,E0,13:00:00,1294,0.02,1801.34,21.68,
Norte,E0,13:00:00,1295,0.14,1801.35,20.86,
Norte,E0,13:00:00,1297,0.1,1801.36,20.48,
Norte,E0,13:00:00,1302,0.1,1801.34,19.94,
Norte,E0,13:00:00,1304,0.06,1801.34,19.94,
Norte,E0,13:00:00,1305,0.0,1801.34,19.95,
Norte,E0,13:00:00,1306,0.07,1801.34,19.95,
Norte,E0,13:00:00,1308,0.09,1801.34,20.48,
Norte,E0,13:00:00,1309,0.04,1801.34,28.37,
Norte,E0,13:00:00,1310,0.02,1801.34,24.52,
Norte,E0,13:00:00,1312,0.11,1801.25,29.33,
Norte,E0,13:00:00,1313,0.0,1801.25,29.55,
Norte,E0,13:00:00,1315,0.07,1801.25,29.51,
Norte,E0,13:00:00,1318,0.09,1801.2,29.47,
Norte,E0,13:00:00,1319,0.02,1801.2,29.12,
Norte,E0,13:00:00,1321,0.05,1801.34,21.37,
Norte,E0,13:00:00,1322,0.01,1801.34,22.14,
Norte,E0,13:00:00,1323,0.06,1801.34,21.93,
Norte,E0,13:00:00,1324,0.03,1801.34,20.49,
Norte,E0,13:00:00,1326,0.1,1801.34,20.15,
Norte,E0,13:00:00,1334,0.07,1801.33,22.05,
Norte,E0,13:00:00,1335,0.08,1801.31,22.6,
Norte,E0,13:00:00,1336,0.01,1801.31,21.73,
Norte,E0,13:00:00,1340,0.04,1801.33,28.99,
Norte,E0,13:00:00,5010,0.03,1801.3,25.85,
Norte,E0,13:00:00,5011,0.06,1801.18,25.97,
Norte,E0,13:00:00,5019,0.06,1801.2,32.02,
Norte,E0,13:00:00,5086,0.08,1801.21,32.5,
Norte,E0,13:00:00,5087,0.01,1801.21,32.55,
Norte,E0,13:00:00,5108,0.0,1801.17,25.89,
Norte,E0,13:00:00,5112,0.03,1801.37,21.58,
Norte,E0,13:00:00,5148,0.0,1801.21,32.23,
Norte,E0,13:00:00,5193,0.0,1801.2,31.35,
Norte,E0,13:00:00,5204,0.15,1801.13,25.41,
Norte,E0,13:00:00,5241,0.0,1801.3,19.67,
Norte,E0,13:00:00,5264,0.03,1801.22,32.52,
Norte,E0,13:00:00,5289,0.01,1801.2,29.72,
Norte,E0,13:00:00,5291,0.02,1801.25,29.77,
Norte,E0,13:00:00,5311,0.14,1801.2,32.45,
Norte,E0,13:00:00,5312,0.01,1801.2,32.59,
Norte,E0,13:00:00,5313,0.01,1801.2,32.39,
Norte,E0,13:00:00,5314,0.02,1801.18,25.83,
Norte,E0,13:00:00,5342,0.04,1801.3,25.75,
Norte,E0,13:00:00,5343,0.15,1801.4,20.92,
Norte,E0,13:00:00,5344,0.15,1801.39,25.85,
Norte,E0,13:00:00,5345,0.15,1801.39,26.01,
Norte,E0,13:00:00,5478,0.0,1801.37,21.59,
Norte,E0,13:00:00,5484,0.01,1801.3,19.14,
Norte,E0,13:00:00,5493,0.01,1801.24,30.76,
Norte,E0,13:00:00,5494,0.01,1801.24,30.83,
Norte,E0,13:00:00,5495,0.11,1801.2,32.73,
Norte,E0,13:00:00,5506,0.02,1801.29,22.81,
Norte,E0,13:00:00,5523,0.0,1801.2,29.19,
Norte,E0,13:00:00,5533,0.03,1801.33,20.79,
Norte,E0,13:00:00,5537,0.04,1801.2,29.45,
Norte,E0,13:00:00,5538,0.07,1801.2,29.77,
Norte,E0,13:00:00,5603,0.05,1801.22,31.0,
Norte,E0,13:00:00,5604,0.08,1801.21,30.56,
Norte,E0,13:00:00,5613,0.08,1801.22,32.41,
Norte,E0,13:00:00,5614,0.03,1801.24,32.51,
Norte,E0,13:00:00,5620,0.05,1801.2,32.35,
Norte,E0,13:00:00,5621,0.04,1801.2,32.29,
Norte,E0,13:00:00,5678,0.07,1801.2,29.88,
Norte,E0,13:00:00,5685,0.02,1801.23,25.69,
Norte,E0,13:00:00,5709,0.17,1801.4,20.93,
Norte,E0,13:00:00,5744,0.06,1801.24,32.16,
Norte,E0,13:00:00,5746,0.09,1801.31,24.46,
Norte,E0,13:00:00,5747,0.05,1801.28,25.95,
Norte,E0,13:00:00,5748,0.07,1801.47,21.21,
Norte,E0,13:00:00,5749,0.07,1801.55,21.4,
Norte,E0,13:00:00,5750,0.04,1801.62,21.29,
Norte,E0,13:00:00,5760,0.04,1801.69,21.05,
Norte,E0,13:00:00,5761,0.03,1801.64,21.41,
Norte,E0,13:00:00,5762,0.01,1801.77,20.53,
Norte,E0,13:00:00,5763,0.03,1801.74,20.74,
Norte,E0,13:00:00,10020,0.05,1801.22,33.28,
Norte,E0,13:00:00,10059,0.04,1801.2,29.71,
Norte,E0,13:00:00,10061,0.0,1801.33,20.62,
Norte,E0,13:00:00,10062,0.0,1801.36,20.54,
Norte,E0,13:00:00,10063,0.0,1801.4,20.81,
Norte,E0,13:00:00,10082,0.1,1801.3,20.56,
Norte,E0,14:00:00,346,0.05,1801.26,33.56,
Norte,E0,14:00:00,347,0.08,1801.26,33.74,
Norte,E0,14:00:00,348,0.13,1801.26,33.75,
Norte,E0,14:00:00,349,0.06,1801.26,32.43,
Norte,E0,14:00:00,350,0.03,1801.26,32.42,
Norte,E0,14:00:00,351,0.05,1801.26,34.01,
Norte,E0,14:00:00,352,0.13,1801.26,33.89,
Norte,E0,14:00:00,353,0.08,1801.26,33.8,
Norte,E0,14:00:00,354,0.13,1801.29,32.59,
Norte,E0,14:00:00,355,0.05,1801.29,32.51,
Norte,E0,14:00:00,356,0.09,1801.29,32.55,
Norte,E0,14:00:00,357,0.04,1801.29,32.77,
Norte,E0,14:00:00,358,0.02,1801.29,33.02,
Norte,E0,14:00:00,362,0.09,1801.28,32.58,
Norte,E0,14:00:00,363,0.04,1801.28,32.57,
Norte,E0,14:00:00,364,0.08,1801.28,32.57,
Norte,E0,14:00:00,368,0.04,1801.26,32.59,
Norte,E0,14:00:00,371,0.06,1801.26,32.57,
Norte,E0,14:00:00,400,0.06,1801.27,32.29,
Norte,E0,14:00:00,401,0.06,1801.27,32.31,
Norte,E0,14:00:00,404,0.02,1801.27,32.11,
Norte,E0,14:00:00,405,0.01,1801.27,32.06,
Norte,E0,14:00:00,1049,0.03,1801.26,29.86,
Norte,E0,14:00:00,1051,0.04,1801.26,29.75,
Norte,E0,14:00:00,1053,0.03,1801.26,29.75,
Norte,E0,14:00:00,1059,0.06,1801.26,29.52,
Norte,E0,14:00:00,1063,0.03,1801.26,29.25,
Norte,E0,14:00:00,1077,0.03,1801.26,29.71,
Norte,E0,14:00:00,1089,0.04,1801.26,29.87,
Norte,E0,14:00:00,1093,0.08,1801.26,29.42,
Norte,E0,14:00:00,1094,0.02,1801.26,29.18,
Norte,E0,14:00:00,1095,0.02,1801.26,29.67,
Norte,E0,14:00:00,1100,0.04,1801.26,30.28,
Norte,E0,14:00:00,1102,0.07,1801.26,30.23,
Norte,E0,14:00:00,1103,0.01,1801.26,31.21,
Norte,E0,14:00:00,1104,0.08,1801.26,30.26,
Norte,E0,14:00:00,1106,0.09,1801.26,30.2,
Norte,E0,14:00:00,1107,0.04,1801.26,30.46,
Norte,E0,14:00:00,1109,0.01,1801.26,30.45,
Norte,E0,14:00:00,1110,0.01,1801.26,30.09,
Norte,E0,14:00:00,1112,0.02,1801.26,30.11,
Norte,E0,14:00:00,1113,0.04,1801.26,29.85,
Norte,E0,14:00:00,1115,0.09,1801.26,29.84,
Norte,E0,14:00:00,1117,0.09,1801.26,29.89,
Norte,E0,14:00:00,1119,0.11,1801.26,30.48,
Norte,E0,14:00:00,1120,0.08,1801.26,30.05,
Norte,E0,14:00:00,1122,0.06,1801.26,31.35,
Norte,E0,14:00:00,1125,0.07,1801.26,31.29,
Norte,E0,14:00:00,1128,0.07,1801.26,31.54,
Norte,E0,14:00:00,1130,0.08,1801.26,31.36,
Norte,E0,14:00:00,1131,0.08,1801.26,31.51,
Norte,E0,14:00:00,1133,0.03,1801.26,32.54,
Norte,E0,14:00:00,1134,0.14,1801.3,32.63,
Norte,E0,14:00:00,1135,0.1,1801.26,32.72,
Norte,E0,14:00:00,1137,0.13,1801.29,32.56,
Norte,E0,14:00:00,1139,0.08,1801.29,32.54,
Norte,E0,14:00:00,1140,0.03,1801.29,32.59,
Norte,E0,14:00:00,1141,0.06,1801.26,31.52,
Norte,E0,14:00:00,1142,0.03,1801.28,31.48,
Norte,E0,14:00:00,1143,0.08,1801.28,32.33,
Norte,E0,14:00:00,1144,0.08,1801.26,32.49,
Norte,E0,14:00:00,1145,0.03,1801.28,32.42,
Norte,E0,14:00:00,1147,0.0,1801.27,32.57,
Norte,E0,14:00:00,1148,0.0,1801.28,32.59,
Norte,E0,14:00:00,1149,0.16,1801.32,31.21,
Norte,E0,14:00:00,1150,0.22,1801.28,31.0,
Norte,E0,14:00:00,1151,0.04,1801.37,27.14,
Norte,E0,14:00:00,1153,0.02,1801.33,28.73,
Norte,E0,14:00:00,1154,0.0,1801.33,29.18,
Norte,E0,14:00:00,1158,0.11,1801.33,29.39,
Norte,E0,14:00:00,1159,0.08,1801.31,31.75,
Norte,E0,14:00:00,1161,0.04,1801.31,30.82,
Norte,E0,14:00:00,1162,0.01,1801.3,32.24,
Norte,E0,14:00:00,1164,0.1,1801.3,32.32,
Norte,E0,14:00:00,1165,0.03,1801.3,32.43,
Norte,E0,14:00:00,1166,0.06,1801.3,31.98,
Norte,E0,14:00:00,1169,0.09,1801.3,32.6,
Norte,E0,14:00:00,1171,0.07,1801.28,32.6,
Norte,E0,14:00:00,1172,0.16,1801.28,33.65,
Norte,E0,14:00:00,1174,0.06,1801.28,33.45,
Norte,E0,14:00:00,1175,0.12,1801.29,31.95,
Norte,E0,14:00:00,1176,0.18,1801.29,33.44,
Norte,E0,14:00:00,1179,0.06,1801.29,32.95,
Norte,E0,14:00:00,1181,0.01,1801.28,33.44,
Norte,E0,14:00:00,1182,0.06,1801.3,32.69,
Norte,E0,14:00:00,1184,0.04,1801.34,24.9,
Norte,E0,14:00:00,1185,0.02,1801.33,26.6,
Norte,E0,14:00:00,1186,0.01,1801.33,25.92,
Norte,E0,14:00:00,1187,0.21,1801.3,25.59,
Norte,E0,14:00:00,1189,0.01,1801.24,25.15,
Norte,E0,14:00:00,1190,0.07,1801.24,26.11,
Norte,E0,14:00:00,1191,0.06,1801.29,29.17,
Norte,E0,14:00:00,1192,0.01,1801.29,27.27,
Norte,E0,14:00:00,1196,0.05,1801.2,26.98,
Norte,E0,14:00:00,1197,0.05,1801.2,27.45,
Norte,E0,14:00:00,1207,0.11,1801.2,25.41,
Norte,E0,14:00:00,1216,0.09,1801.2,19.17,
Norte,E0,14:00:00,1221,0.05,1801.35,19.79,
Norte,E0,14:00:00,1223,0.05,1801.35,19.57,
Norte,E0,14:00:00,1224,0.07,1801.35,23.17,
Norte,E0,14:00:00,1225,0.03,1801.32,24.62,
Norte,E0,14:00:00,1226,0.06,1801.34,23.39,
Norte,E0,14:00:00,1228,0.03,1801.34,22.72,
Norte,E0,14:00:00,1229,0.02,1801.34,22.42,
Norte,E0,14:00:00,1230,0.01,1801.34,22.37,
Norte,E0,14:00:00,1231,0.01,1801.34,22.45,
Norte,E0,14:00:00,1232,0.02,1801.34,21.91,
Norte,E0,14:00:00,1233,0.01,1801.34,21.88,
Norte,E0,14:00:00,1240,0.11,1801.36,21.19,
Norte,E0,14:00:00,1242,0.12,1801.35,22.35,
Norte,E0,14:00:00,1243,0.04,1801.34,23.11,
Norte,E0,14:00:00,1244,0.11,1801.32,24.65,
Norte,E0,14:00:00,1245,0.06,1801.32,25.73,
Norte,E0,14:00:00,1246,0.03,1801.31,25.91,
Norte,E0,14:00:00,1247,0.07,1801.31,25.67,
Norte,E0,14:00:00,1248,0.07,1801.3,25.37,
Norte,E0,14:00:00,1249,0.14,1801.34,23.76,
Norte,E0,14:00:00,1250,0.15,1801.35,22.66,
Norte,E0,14:00:00,1252,0.11,1801.37,21.28,
Norte,E0,14:00:00,1253,0.14,1801.34,23.73,
Norte,E0,14:00:00,1254,0.14,1801.37,22.07,
Norte,E0,14:00:00,1255,0.08,1801.4,21.83,
Norte,E0,14:00:00,1257,0.08,1801.4,21.21,
Norte,E0,14:00:00,1265,0.03,1801.44,20.85,
Norte,E0,14:00:00,1268,0.07,1801.44,20.94,
Norte,E0,14:00:00,1272,0.03,1801.41,21.58,
Norte,E0,14:00:00,1274,0.06,1801.42,21.62,
Norte,E0,14:00:00,1276,0.13,1801.39,22.58,
Norte,E0,14:00:00,1279,0.06,1801.37,23.86,
Norte,E0,14:00:00,1281,0.07,1801.37,24.23,
Norte,E0,14:00:00,1282,0.03,1801.37,25.7,
Norte,E0,14:00:00,1284,0.03,1801.28,31.04,
Norte,E0,14:00:00,1286,0.08,1801.38,22.79,
Norte,E0,14:00:00,1288,0.01,1801.38,24.82,
Norte,E0,14:00:00,1289,0.02,1801.38,23.15,
Norte,E0,14:00:00,1290,0.1,1801.38,23.23,
Norte,E0,14:00:00,1291,0.01,1801.38,20.99,
Norte,E0,14:00:00,1292,0.06,1801.38,21.22,
Norte,E0,14:00:00,1293,0.08,1801.38,21.87,
Norte,E0,14:00:00,1294,0.02,1801.39,21.73,
Norte,E0,14:00:00,1295,0.13,1801.4,20.91,
Norte,E0,14:00:00,1297,0.1,1801.4,20.52,
Norte,E0,14:00:00,1302,0.09,1801.39,19.99,
Norte,E0,14:00:00,1304,0.06,1801.39,19.99,
Norte,E0,14:00:00,1305,0.0,1801.39,20.0,
Norte,E0,14:00:00,1306,0.07,1801.39,20.0,
Norte,E0,14:00:00,1308,0.08,1801.39,20.53,
Norte,E0,14:00:00,1309,0.04,1801.39,28.42,
Norte,E0,14:00:00,1310,0.02,1801.38,24.56,
Norte,E0,14:00:00,1312,0.1,1801.31,29.39,
Norte,E0,14:00:00,1313,0.0,1801.31,29.61,
Norte,E0,14:00:00,1315,0.07,1801.31,29.57,
Norte,E0,14:00:00,1318,0.08,1801.26,29.53,
Norte,E0,14:00:00,1319,0.02,1801.26,29.18,
Norte,E0,14:00:00,1321,0.05,1801.38,21.41,
Norte,E0,14:00:00,1322,0.01,1801.38,22.18,
Norte,E0,14:00:00,1323,0.06,1801.38,21.97,
Norte,E0,14:00:00,1324,0.03,1801.39,20.54,
Norte,E0,14:00:00,1326,0.09,1801.38,20.19,
Norte,E0,14:00:00,1334,0.06,1801.38,22.1,
Norte,E0,14:00:00,1335,0.07,1801.36,22.65,
Norte,E0,14:00:00,1336,0.01,1801.36,21.78,
Norte,E0,14:00:00,1340,0.04,1801.38,29.04,
Norte,E0,14:00:00,5010,0.03,1801.35,25.9,
Norte,E0,14:00:00,5011,0.05,1801.24,26.03,
Norte,E0,14:00:00,5019,0.06,1801.26,32.08,
Norte,E0,14:00:00,5086,0.07,1801.27,32.56,
Norte,E0,14:00:00,5087,0.01,1801.27,32.61,
Norte,E0,14:00:00,5108,0.0,1801.24,25.96,
Norte,E0,14:00:00,5112,0.03,1801.41,21.62,
Norte,E0,14:00:00,5148,0.0,1801.27,32.29,
Norte,E0,14:00:00,5193,0.0,1801.26,31.41,
Norte,E0,14:00:00,5204,0.14,1801.2,25.48,
Norte,E0,14:00:00,5241,0.0,1801.35,19.72,
Norte,E0,14:00:00,5264,0.02,1801.28,32.58,
Norte,E0,14:00:00,5289,0.01,1801.26,29.78,
Norte,E0,14:00:00,5291,0.02,1801.31,29.83,
Norte,E0,14:00:00,5311,0.13,1801.26,32.51,
Norte,E0,14:00:00,5312,0.01,1801.26,32.65,
Norte,E0,14:00:00,5313,0.01,1801.26,32.45,
Norte,E0,14:00:00,5314,0.02,1801.24,25.89,
Norte,E0,14:00:00,5342,0.03,1801.35,25.8,
Norte,E0,14:00:00,5343,0.14,1801.44,20.96,
Norte,E0,14:00:00,5344,0.14,1801.43,25.89,
Norte,E0,14:00:00,5345,0.14,1801.43,26.05,
Norte,E0,14:00:00,5478,0.0,1801.41,21.63,
Norte,E0,14:00:00,5484,0.01,1801.35,19.19,
Norte,E0,14:00:00,5493,0.01,1801.29,30.81,
Norte,E0,14:00:00,5494,0.01,1801.3,30.89,
Norte,E0,14:00:00,5495,0.1,1801.26,32.79,
Norte,E0,14:00:00,5506,0.02,1801.34,22.86,
Norte,E0,14:00:00,5523,0.0,1801.26,29.25,
Norte,E0,14:00:00,5533,0.03,1801.38,20.84,
Norte,E0,14:00:00,5537,0.04,1801.26,29.51,
Norte,E0,14:00:00,5538,0.07,1801.26,29.83,
Norte,E0,14:00:00,5603,0.05,1801.28,31.06,
Norte,E0,14:00:00,5604,0.07,1801.27,30.62,
Norte,E0,14:00:00,5613,0.07,1801.28,32.47,
Norte,E0,14:00:00,5614,0.03,1801.3,32.57,
Norte,E0,14:00:00,5620,0.05,1801.26,32.41,
Norte,E0,14:00:00,5621,0.04,1801.26,32.35,
Norte,E0,14:00:00,5678,0.06,1801.26,29.94,
Norte,E0,14:00:00,5685,0.02,1801.29,25.75,
Norte,E0,14:00:00,5709,0.16,1801.44,20.97,
Norte,E0,14:00:00,5744,0.05,1801.3,32.22,
Norte,E0,14:00:00,5746,0.08,1801.36,24.51,
Norte,E0,14:00:00,5747,0.05,1801.33,26.0,
Norte,E0,14:00:00,5748,0.06,1801.5,21.24,
Norte,E0,14:00:00,5749,0.06,1801.58,21.43,
Norte,E0,14:00:00,5750,0.04,1801.64,21.31,
Norte,E0,14:00:00,5760,0.04,1801.7,21.06,
Norte,E0,14:00:00,5761,0.03,1801.66,21.43,
Norte,E0,14:00:00,5762,0.01,1801.77,20.53,
Norte,E0,14:00:00,5763,0.03,1801.75,20.75,
Norte,E0,14:00:00,10020,0.05,1801.28,33.34,
Norte,E0,14:00:00,10059,0.04,1801.26,29.77,
Norte,E0,14:00:00,10061,0.0,1801.38,20.67,
Norte,E0,14:00:00,10062,0.0,1801.4,20.58,
Norte,E0,14:00:00,10063,0.0,1801.44,20.85,
Norte,E0,14:00:00,10082,0.09,1801.35,20.61,
Norte,E0,15:00:00,346,0.05,1801.26,33.56,
Norte,E0,15:00:00,347,0.08,1801.26,33.74,
Norte,E0,15:00:00,348,0.13,1801.26,33.75,
Norte,E0,15:00:00,349,0.06,1801.26,32.43,
Norte,E0,15:00:00,350,0.03,1801.26,32.42,
Norte,E0,15:00:00,351,0.05,1801.26,34.01,
Norte,E0,15:00:00,352,0.13,1801.26,33.89,
Norte,E0,15:00:00,353,0.08,1801.26,33.8,
Norte,E0,15:00:00,354,0.13,1801.29,32.59,
Norte,E0,15:00:00,355,0.05,1801.29,32.51,
Norte,E0,15:00:00,356,0.09,1801.29,32.55,
Norte,E0,15:00:00,357,0.04,1801.29,32.77,
Norte,E0,15:00:00,358,0.02,1801.29,33.02,
Norte,E0,15:00:00,362,0.09,1801.28,32.58,
Norte,E0,15:00:00,363,0.04,1801.28,32.57,
Norte,E0,15:00:00,364,0.08,1801.28,32.57,
Norte,E0,15:00:00,368,0.04,1801.26,32.59,
Norte,E0,15:00:00,371,0.06,1801.26,32.57,
Norte,E0,15:00:00,400,0.06,1801.27,32.29,
Norte,E0,15:00:00,401,0.06,1801.27,32.31,
Norte,E0,15:00:00,404,0.02,1801.27,32.11,
Norte,E0,15:00:00,405,0.01,1801.27,32.06,
Norte,E0,15:00:00,1049,0.03,1801.26,29.86,
Norte,E0,15:00:00,1051,0.04,1801.26,29.75,
Norte,E0,15:00:00,1053,0.03,1801.26,29.75,
Norte,E0,15:00:00,1059,0.06,1801.26,29.52,
Norte,E0,15:00:00,1063,0.03,1801.26,29.25,
Norte,E0,15:00:00,1077,0.03,1801.26,29.71,
Norte,E0,15:00:00,1089,0.04,1801.26,29.87,
Norte,E0,15:00:00,1093,0.08,1801.26,29.42,
Norte,E0,15:00:00,1094,0.02,1801.26,29.18,
Norte,E0,15:00:00,1095,0.02,1801.26,29.67,
Norte,E0,15:00:00,1100,0.04,1801.26,30.28,
Norte,E0,15:00:00,1102,0.07,1801.26,30.23,
Norte,E0,15:00:00,1103,0.01,1801.26,31.21,
Norte,E0,15:00:00,1104,0.08,1801.26,30.26,
Norte,E0,15:00:00,1106,0.09,1801.26,30.2,
Norte,E0,15:00:00,1107,0.04,1801.26,30.46,
Norte,E0,15:00:00,1109,0.01,1801.26,30.45,
Norte,E0,15:00:00,1110,0.01,1801.26,30.09,
Norte,E0,15:00:00,1112,0.02,1801.26,30.11,
Norte,E0,15:00:00,1113,0.04,1801.26,29.85,
Norte,E0,15:00:00,1115,0.09,1801.26,29.84,
Norte,E0,15:00:00,1117,0.09,1801.26,29.89,
Norte,E0,15:00:00,1119,0.11,1801.26,30.48,
Norte,E0,15:00:00,1120,0.08,1801.26,30.05,
Norte,E0,15:00:00,1122,0.06,1801.26,31.35,
Norte,E0,15:00:00,1125,0.07,1801.26,31.29,
Norte,E0,15:00:00,1128,0.07,1801.26,31.54,
Norte,E0,15:00:00,1130,0.08,1801.26,31.36,
Norte,E0,15:00:00,1131,0.08,1801.26,31.51,
Norte,E0,15:00:00,1133,0.03,1801.26,32.54,
Norte,E0,15:00:00,1134,0.14,1801.3,32.63,
Norte,E0,15:00:00,1135,0.1,1801.26,32.72,
Norte,E0,15:00:00,1137,0.13,1801.29,32.56,
Norte,E0,15:00:00,1139,0.08,1801.29,32.54,
Norte,E0,15:00:00,1140,0.03,1801.29,32.59,
Norte,E0,15:00:00,1141,0.06,1801.26,31.52,
Norte,E0,15:00:00,1142,0.03,1801.28,31.48,
Norte,E0,15:00:00,1143,0.08,1801.28,32.33,
Norte,E0,15:00:00,1144,0.08,1801.26,32.49,
Norte,E0,15:00:00,1145,0.03,1801.28,32.42,
Norte,E0,15:00:00,1147,0.0,1801.27,32.57,
Norte,E0,15:00:00,1148,0.0,1801.28,32.59,
Norte,E0,15:00:00,1149,0.16,1801.32,31.21,
Norte,E0,15:00:00,1150,0.22,1801.28,31.0,
Norte,E0,15:00:00,1151,0.04,1801.37,27.14,
Norte,E0,15:00:00,1153,0.02,1801.33,28.73,
Norte,E0,15:00:00,1154,0.0,1801.33,29.18,
Norte,E0,15:00:00,1158,0.11,1801.33,29.39,
Norte,E0,15:00:00,1159,0.08,1801.31,31.75,
Norte,E0,15:00:00,1161,0.04,1801.31,30.82,
Norte,E0,15:00:00,1162,0.01,1801.3,32.24,
Norte,E0,15:00:00,1164,0.1,1801.3,32.32,
Norte,E0,15:00:00,1165,0.03,1801.3,32.43,
Norte,E0,15:00:00,1166,0.06,1801.3,31.98,
Norte,E0,15:00:00,1169,0.09,1801.3,32.6,
Norte,E0,15:00:00,1171,0.07,1801.28,32.6,
Norte,E0,15:00:00,1172,0.16,1801.28,33.65,
Norte,E0,15:00:00,1174,0.06,1801.28,33.45,
Norte,E0,15:00:00,1175,0.12,1801.29,31.95,
Norte,E0,15:00:00,1176,0.18,1801.29,33.44,
Norte,E0,15:00:00,1179,0.06,1801.29,32.95,
Norte,E0,15:00:00,1181,0.01,1801.28,33.44,
Norte,E0,15:00:00,1182,0.06,1801.3,32.69,
Norte,E0,15:00:00,1184,0.04,1801.34,24.9,
Norte,E0,15:00:00,1185,0.02,1801.33,26.6,
Norte,E0,15:00:00,1186,0.01,1801.33,25.92,
Norte,E0,15:00:00,1187,0.21,1801.3,25.59,
Norte,E0,15:00:00,1189,0.01,1801.24,25.15,
Norte,E0,15:00:00,1190,0.07,1801.24,26.11,
Norte,E0,15:00:00,1191,0.06,1801.29,29.17,
Norte,E0,15:00:00,1192,0.01,1801.29,27.27,
Norte,E0,15:00:00,1196,0.05,1801.2,26.98,
Norte,E0,15:00:00,1197,0.05,1801.2,27.45,
Norte,E0,15:00:00,1207,0.11,1801.2,25.41,
Norte,E0,15:00:00,1216,0.09,1801.2,19.17,
Norte,E0,15:00:00,1221,0.05,1801.35,19.79,
Norte,E0,15:00:00,1223,0.05,1801.35,19.57,
Norte,E0,15:00:00,1224,0.07,1801.35,23.17,
Norte,E0,15:00:00,1225,0.03,1801.32,24.62,
Norte,E0,15:00:00,1226,0.06,1801.34,23.39,
Norte,E0,15:00:00,1228,0.03,1801.34,22.72,
Norte,E0,15:00:00,1229,0.02,1801.34,22.42,
Norte,E0,15:00:00,1230,0.01,1801.34,22.37,
Norte,E0,15:00:00,1231,0.01,1801.34,22.45,
Norte,E0,15:00:00,1232,0.02,1801.34,21.91,
Norte,E0,15:00:00,1233,0.01,1801.34,21.88,
Norte,E0,15:00:00,1240,0.11,1801.36,21.19,
Norte,E0,15:00:00,1242,0.12,1801.35,22.35,
Norte,E0,15:00:00,1243,0.04,1801.34,23.11,
Norte,E0,15:00:00,1244,0.11,1801.32,24.65,
Norte,E0,15:00:00,1245,0.06,1801.32,25.73,
Norte,E0,15:00:00,1246,0.03,1801.31,25.91,
Norte,E0,15:00:00,1247,0.07,1801.31,25.67,
Norte,E0,15:00:00,1248,0.07,1801.3,25.37,
Norte,E0,15:00:00,1249,0.14,1801.34,23.76,
Norte,E0,15:00:00,1250,0.15,1801.35,22.66,
Norte,E0,15:00:00,1252,0.11,1801.37,21.28,
Norte,E0,15:00:00,1253,0.14,1801.34,23.73,
Norte,E0,15:00:00,1254,0.14,1801.37,22.07,
Norte,E0,15:00:00,1255,0.08,1801.4,21.83,
Norte,E0,15:00:00,1257,0.08,1801.4,21.21,
Norte,E0,15:00:00,1265,0.03,1801.44,20.85,
Norte,E0,15:00:00,1268,0.07,1801.44,20.94,
Norte,E0,15:00:00,1272,0.03,1801.41,21.58,
Norte,E0,15:00:00,1274,0.06,1801.42,21.62,
Norte,E0,15:00:00,1276,0.13,1801.39,22.58,
Norte,E0,15:00:00,1279,0.06,1801.37,23.86,
Norte,E0,15:00:00,1281,0.07,1801.37,24.23,
Norte,E0,15:00:00,1282,0.03,1801.37,25.7,
Norte,E0,15:00:00,1284,0.03,1801.28,31.04,
Norte,E0,15:00:00,1286,0.08,1801.38,22.79,
Norte,E0,15:00:00,1288,0.01,1801.38,24.82,
Norte,E0,15:00:00,1289,0.02,1801.38,23.15,
Norte,E0,15:00:00,1290,0.1,1801.38,23.23,
Norte,E0,15:00:00,1291,0.01,1801.38,20.99,
Norte,E0,15:00:00,1292,0.06,1801.38,21.22,
Norte,E0,15:00:00,1293,0.08,1801.38,21.87,
Norte,E0,15:00:00,1294,0.02,1801.39,21.73,
Norte,E0,15:00:00,1295,0.13,1801.4,20.91,
Norte,E0,15:00:00,1297,0.1,1801.4,20.52,
Norte,E0,15:00:00,1302,0.09,1801.39,19.99,
Norte,E0,15:00:00,1304,0.06,1801.39,19.99,
Norte,E0,15:00:00,1305,0.0,1801.39,20.0,
Norte,E0,15:00:00,1306,0.07,1801.39,20.0,
Norte,E0,15:00:00,1308,0.08,1801.39,20.53,
Norte,E0,15:00:00,1309,0.04,1801.39,28.42,
Norte,E0,15:00:00,1310,0.02,1801.38,24.56,
Norte,E0,15:00:00,1312,0.1,1801.31,29.39,
Norte,E0,15:00:00,1313,0.0,1801.31,29.61,
Norte,E0,15:00:00,1315,0.07,1801.31,29.57,
Norte,E0,15:00:00,1318,0.08,1801.26,29.53,
Norte,E0,15:00:00,1319,0.02,1801.26,29.18,
Norte,E0,15:00:00,1321,0.05,1801.38,21.41,
Norte,E0,15:00:00,1322,0.01,1801.38,22.18,
Norte,E0,15:00:00,1323,0.06,1801.38,21.97,
Norte,E0,15:00:00,1324,0.03,1801.39,20.54,
Norte,E0,15:00:00,1326,0.09,1801.38,20.19,
Norte,E0,15:00:00,1334,0.06,1801.38,22.1,
Norte,E0,15:00:00,1335,0.07,1801.36,22.65,
Norte,E0,15:00:00,1336,0.01,1801.36,21.78,
Norte,E0,15:00:00,1340,0.04,1801.38,29.04,
Norte,E0,15:00:00,5010,0.03,1801.35,25.9,
Norte,E0,15:00:00,5011,0.05,1801.24,26.03,
Norte,E0,15:00:00,5019,0.06,1801.26,32.08,
Norte,E0,15:00:00,5086,0.07,1801.27,32.56,
Norte,E0,15:00:00,5087,0.01,1801.27,32.61,
Norte,E0,15:00:00,5108,0.0,1801.24,25.96,
Norte,E0,15:00:00,5112,0.03,1801.41,21.62,
Norte,E0,15:00:00,5148,0.0,1801.27,32.29,
Norte,E0,15:00:00,5193,0.0,1801.26,31.41,
Norte,E0,15:00:00,5204,0.14,1801.2,25.48,
Norte,E0,15:00:00,5241,0.0,1801.35,19.72,
Norte,E0,15:00:00,5264,0.02,1801.28,32.58,
Norte,E0,15:00:00,5289,0.01,1801.26,29.78,
Norte,E0,15:00:00,5291,0.02,1801.31,29.83,
Norte,E0,15:00:00,5311,0.13,1801.26,32.51,
Norte,E0,15:00:00,5312,0.01,1801.26,32.65,
Norte,E0,15:00:00,5313,0.01,1801.26,32.45,
Norte,E0,15:00:00,5314,0.02,1801.24,25.89,
Norte,E0,15:00:00,5342,0.03,1801.35,25.8,
Norte,E0,15:00:00,5343,0.14,1801.44,20.96,
Norte,E0,15:00:00,5344,0.14,1801.43,25.89,
Norte,E0,15:00:00,5345,0.14,1801.43,26.05,
Norte,E0,15:00:00,5478,0.0,1801.41,21.63,
Norte,E0,15:00:00,5484,0.01,1801.35,19.19,
Norte,E0,15:00:00,5493,0.01,1801.29,30.81,
Norte,E0,15:00:00,5494,0.01,1801.3,30.89,
Norte,E0,15:00:00,5495,0.1,1801.26,32.79,
Norte,E0,15:00:00,5506,0.02,1801.34,22.86,
Norte,E0,15:00:00,5523,0.0,1801.26,29.25,
Norte,E0,15:00:00,5533,0.03,1801.38,20.84,
Norte,E0,15:00:00,5537,0.04,1801.26,29.51,
Norte,E0,15:00:00,5538,0.07,1801.26,29.83,
Norte,E0,15:00:00,5603,0.05,1801.28,31.06,
Norte,E0,15:00:00,5604,0.07,1801.27,30.62,
Norte,E0,15:00:00,5613,0.07,1801.28,32.47,
Norte,E0,15:00:00,5614,0.03,1801.3,32.57,
Norte,E0,15:00:00,5620,0.05,1801.26,32.41,
Norte,E0,15:00:00,5621,0.04,1801.26,32.35,
Norte,E0,15:00:00,5678,0.06,1801.26,29.94,
Norte,E0,15:00:00,5685,0.02,1801.29,25.75,
Norte,E0,15:00:00,5709,0.16,1801.44,20.97,
Norte,E0,15:00:00,5744,0.05,1801.3,32.22,
Norte,E0,15:00:00,5746,0.08,1801.36,24.51,
Norte,E0,15:00:00,5747,0.05,1801.33,26.0,
Norte,E0,15:00:00,5748,0.06,1801.5,21.24,
Norte,E0,15:00:00,5749,0.06,1801.58,21.43,
Norte,E0,15:00:00,5750,0.04,1801.64,21.31,
Norte,E0,15:00:00,5760,0.04,1801.7,21.06,
Norte,E0,15:00:00,5761,0.03,1801.66,21.43,
Norte,E0,15:00:00,5762,0.01,1801.77,20.53,
Norte,E0,15:00:00,5763,0.03,1801.75,20.75,
Norte,E0,15:00:00,10020,0.05,1801.28,33.34,
Norte,E0,15:00:00,10059,0.04,1801.26,29.77,
Norte,E0,15:00:00,10061,0.0,1801.38,20.67,
Norte,E0,15:00:00,10062,0.0,1801.4,20.58,
Norte,E0,15:00:00,10063,0.0,1801.44,20.85,
Norte,E0,15:00:00,10082,0.09,1801.35,20.61,
Norte,E0,16:00:00,346,0.04,1801.32,33.62,
Norte,E0,16:00:00,347,0.08,1801.32,33.8,
Norte,E0,16:00:00,348,0.12,1801.32,33.81,
Norte,E0,16:00:00,349,0.05,1801.32,32.49,
Norte,E0,16:00:00,350,0.03,1801.32,32.48,
Norte,E0,16:00:00,351,0.05,1801.32,34.07,
Norte,E0,16:00:00,352,0.12,1801.32,33.95,
Norte,E0,16:00:00,353,0.07,1801.32,33.86,
Norte,E0,16:00:00,354,0.12,1801.34,32.64,
Norte,E0,16:00:00,355,0.05,1801.35,32.57,
Norte,E0,16:00:00,356,0.09,1801.35,32.61,
Norte,E0,16:00:00,357,0.04,1801.35,32.83,
Norte,E0,16:00:00,358,0.02,1801.35,33.08,
Norte,E0,16:00:00,362,0.08,1801.33,32.63,
Norte,E0,16:00:00,363,0.04,1801.34,32.63,
Norte,E0,16:00:00,364,0.07,1801.34,32.63,
Norte,E0,16:00:00,368,0.04,1801.32,32.65,
Norte,E0,16:00:00,371,0.05,1801.32,32.63,
Norte,E0,16:00:00,400,0.06,1801.33,32.35,
Norte,E0,16:00:00,401,0.05,1801.33,32.37,
Norte,E0,16:00:00,404,0.02,1801.33,32.17,
Norte,E0,16:00:00,405,0.01,1801.33,32.12,
Norte,E0,16:00:00,1049,0.03,1801.32,29.92,
Norte,E0,16:00:00,1051,0.04,1801.32,29.81,
Norte,E0,16:00:00,1053,0.02,1801.32,29.81,
Norte,E0,16:00:00,1059,0.05,1801.32,29.58,
Norte,E0,16:00:00,1063,0.02,1801.32,29.31,
Norte,E0,16:00:00,1077,0.03,1801.32,29.77,
Norte,E0,16:00:00,1089,0.03,1801.32,29.93,
Norte,E0,16:00:00,1093,0.07,1801.32,29.48,
Norte,E0,16:00:00,1094,0.02,1801.32,29.24,
Norte,E0,16:00:00,1095,0.02,1801.32,29.73,
Norte,E0,16:00:00,1100,0.04,1801.32,30.34,
Norte,E0,16:00:00,1102,0.07,1801.32,30.29,
Norte,E0,16:00:00,1103,0.01,1801.32,31.27,
Norte,E0,16:00:00,1104,0.07,1801.32,30.32,
Norte,E0,16:00:00,1106,0.08,1801.32,30.26,
Norte,E0,16:00:00,1107,0.04,1801.32,30.52,
Norte,E0,16:00:00,1109,0.01,1801.32,30.51,
Norte,E0,16:00:00,1110,0.01,1801.32,30.15,
Norte,E0,16:00:00,1112,0.02,1801.32,30.17,
Norte,E0,16:00:00,1113,0.04,1801.32,29.91,
Norte,E0,16:00:00,1115,0.08,1801.32,29.9,
Norte,E0,16:00:00,1117,0.09,1801.32,29.95,
Norte,E0,16:00:00,1119,0.11,1801.32,30.54,
Norte,E0,16:00:00,1120,0.08,1801.32,30.11,
Norte,E0,16:00:00,1122,0.06,1801.32,31.41,
Norte,E0,16:00:00,1125,0.06,1801.32,31.35,
Norte,E0,16:00:00,1128,0.06,1801.32,31.6,
Norte,E0,16:00:00,1130,0.07,1801.32,31.42,
Norte,E0,16:00:00,1131,0.08,1801.32,31.57,
Norte,E0,16:00:00,1133,0.02,1801.32,32.6,
Norte,E0,16:00:00,1134,0.13,1801.35,32.68,
Norte,E0,16:00:00,1135,0.09,1801.32,32.78,
Norte,E0,16:00:00,1137,0.12,1801.35,32.62,
Norte,E0,16:00:00,1139,0.08,1801.35,32.6,
Norte,E0,16:00:00,1140,0.03,1801.35,32.65,
Norte,E0,16:00:00,1141,0.05,1801.32,31.58,
Norte,E0,16:00:00,1142,0.02,1801.34,31.54,
Norte,E0,16:00:00,1143,0.08,1801.34,32.39,
Norte,E0,16:00:00,1144,0.07,1801.32,32.55,
Norte,E0,16:00:00,1145,0.03,1801.34,32.48,
Norte,E0,16:00:00,1147,0.0,1801.33,32.63,
Norte,E0,16:00:00,1148,0.0,1801.33,32.64,
Norte,E0,16:00:00,1149,0.15,1801.37,31.26,
Norte,E0,16:00:00,1150,0.2,1801.33,31.05,
Norte,E0,16:00:00,1151,0.03,1801.42,27.19,
Norte,E0,16:00:00,1153,0.01,1801.38,28.78,
Norte,E0,16:00:00,1154,0.0,1801.38,29.23,
Norte,E0,16:00:00,1158,0.11,1801.38,29.44,
Norte,E0,16:00:00,1159,0.08,1801.37,31.81,
Norte,E0,16:00:00,1161,0.04,1801.37,30.88,
Norte,E0,16:00:00,1162,0.01,1801.35,32.29,
Norte,E0,16:00:00,1164,0.09,1801.35,32.37,
Norte,E0,16:00:00,1165,0.03,1801.35,32.48,
Norte,E0,16:00:00,1166,0.05,1801.36,32.04,
Norte,E0,16:00:00,1169,0.08,1801.35,32.65,
Norte,E0,16:00:00,1171,0.06,1801.34,32.66,
Norte,E0,16:00:00,1172,0.15,1801.34,33.71,
Norte,E0,16:00:00,1174,0.05,1801.34,33.51,
Norte,E0,16:00:00,1175,0.12,1801.35,32.01,
Norte,E0,16:00:00,1176,0.16,1801.35,33.5,
Norte,E0,16:00:00,1179,0.05,1801.35,33.01,
Norte,E0,16:00:00,1181,0.01,1801.34,33.5,
Norte,E0,16:00:00,1182,0.06,1801.35,32.74,
Norte,E0,16:00:00,1184,0.04,1801.39,24.95,
Norte,E0,16:00:00,1185,0.02,1801.38,26.65,
Norte,E0,16:00:00,1186,0.01,1801.38,25.97,
Norte,E0,16:00:00,1187,0.2,1801.36,25.65,
Norte,E0,16:00:00,1189,0.01,1801.3,25.21,
Norte,E0,16:00:00,1190,0.06,1801.3,26.17,
Norte,E0,16:00:00,1191,0.06,1801.34,29.22,
Norte,E0,16:00:00,1192,0.01,1801.34,27.32,
Norte,E0,16:00:00,1196,0.05,1801.27,27.05,
Norte,E0,16:00:00,1197,0.04,1801.27,27.52,
Norte,E0,16:00:00,1207,0.11,1801.27,25.48,
Norte,E0,16:00:00,1216,0.08,1801.27,19.24,
Norte,E0,16:00:00,1221,0.05,1801.4,19.84,
Norte,E0,16:00:00,1223,0.05,1801.4,19.62,
Norte,E0,16:00:00,1224,0.07,1801.4,23.22,
Norte,E0,16:00:00,1225,0.03,1801.37,24.67,
Norte,E0,16:00:00,1226,0.06,1801.39,23.44,
Norte,E0,16:00:00,1228,0.03,1801.39,22.77,
Norte,E0,16:00:00,1229,0.01,1801.39,22.47,
Norte,E0,16:00:00,1230,0.01,1801.39,22.42,
Norte,E0,16:00:00,1231,0.01,1801.39,22.5,
Norte,E0,16:00:00,1232,0.02,1801.39,21.96,
Norte,E0,16:00:00,1233,0.01,1801.39,21.93,
Norte,E0,16:00:00,1240,0.11,1801.41,21.24,
Norte,E0,16:00:00,1242,0.11,1801.39,22.39,
Norte,E0,16:00:00,1243,0.04,1801.39,23.16,
Norte,E0,16:00:00,1244,0.11,1801.37,24.7,
Norte,E0,16:00:00,1245,0.06,1801.37,25.78,
Norte,E0,16:00:00,1246,0.03,1801.36,25.96,
Norte,E0,16:00:00,1247,0.07,1801.36,25.72,
Norte,E0,16:00:00,1248,0.06,1801.36,25.43,
Norte,E0,16:00:00,1249,0.13,1801.39,23.81,
Norte,E0,16:00:00,1250,0.14,1801.4,22.71,
Norte,E0,16:00:00,1252,0.1,1801.42,21.33,
Norte,E0,16:00:00,1253,0.14,1801.39,23.78,
Norte,E0,16:00:00,1254,0.13,1801.41,22.11,
Norte,E0,16:00:00,1255,0.07,1801.44,21.87,
Norte,E0,16:00:00,1257,0.08,1801.44,21.25,
Norte,E0,16:00:00,1265,0.03,1801.48,20.89,
Norte,E0,16:00:00,1268,0.06,1801.48,20.98,
Norte,E0,16:00:00,1272,0.03,1801.45,21.62,
Norte,E0,16:00:00,1274,0.06,1801.46,21.66,
Norte,E0,16:00:00,1276,0.12,1801.43,22.62,
Norte,E0,16:00:00,1279,0.05,1801.42,23.91,
Norte,E0,16:00:00,1281,0.06,1801.42,24.28,
Norte,E0,16:00:00,1282,0.02,1801.42,25.75,
Norte,E0,16:00:00,1284,0.03,1801.33,31.09,
Norte,E0,16:00:00,1286,0.08,1801.42,22.83,
Norte,E0,16:00:00,1288,0.01,1801.42,24.86,
Norte,E0,16:00:00,1289,0.02,1801.42,23.19,
Norte,E0,16:00:00,1290,0.09,1801.42,23.27,
Norte,E0,16:00:00,1291,0.01,1801.42,21.03,
Norte,E0,16:00:00,1292,0.06,1801.42,21.26,
Norte,E0,16:00:00,1293,0.08,1801.43,21.92,
Norte,E0,16:00:00,1294,0.02,1801.43,21.77,
Norte,E0,16:00:00,1295,0.12,1801.44,20.95,
Norte,E0,16:00:00,1297,0.09,1801.44,20.56,
Norte,E0,16:00:00,1302,0.09,1801.43,20.03,
Norte,E0,16:00:00,1304,0.05,1801.43,20.03,
Norte,E0,16:00:00,1305,0.0,1801.43,20.04,
Norte,E0,16:00:00,1306,0.06,1801.43,20.04,
Norte,E0,16:00:00,1308,0.08,1801.43,20.57,
Norte,E0,16:00:00,1309,0.04,1801.43,28.46,
Norte,E0,16:00:00,1310,0.02,1801.43,24.61,
Norte,E0,16:00:00,1312,0.1,1801.36,29.44,
Norte,E0,16:00:00,1313,0.0,1801.36,29.66,
Norte,E0,16:00:00,1315,0.06,1801.36,29.62,
Norte,E0,16:00:00,1318,0.08,1801.32,29.59,
Norte,E0,16:00:00,1319,0.02,1801.32,29.24,
Norte,E0,16:00:00,1321,0.05,1801.43,21.46,
Norte,E0,16:00:00,1322,0.01,1801.43,22.23,
Norte,E0,16:00:00,1323,0.06,1801.43,22.02,
Norte,E0,16:00:00,1324,0.02,1801.43,20.58,
Norte,E0,16:00:00,1326,0.08,1801.43,20.24,
Norte,E0,16:00:00,1334,0.06,1801.42,22.14,
Norte,E0,16:00:00,1335,0.07,1801.4,22.69,
Norte,E0,16:00:00,1336,0.01,1801.4,21.82,
Norte,E0,16:00:00,1340,0.04,1801.42,29.08,
Norte,E0,16:00:00,5010,0.03,1801.4,25.95,
Norte,E0,16:00:00,5011,0.05,1801.3,26.09,
Norte,E0,16:00:00,5019,0.05,1801.32,32.14,
Norte,E0,16:00:00,5086,0.07,1801.33,32.62,
Norte,E0,16:00:00,5087,0.01,1801.33,32.67,
Norte,E0,16:00:00,5108,0.0,1801.3,26.02,
Norte,E0,16:00:00,5112,0.02,1801.45,21.66,
Norte,E0,16:00:00,5148,0.0,1801.33,32.35,
Norte,E0,16:00:00,5193,0.0,1801.32,31.47,
Norte,E0,16:00:00,5204,0.14,1801.27,25.55,
Norte,E0,16:00:00,5241,0.0,1801.4,19.77,
Norte,E0,16:00:00,5264,0.02,1801.33,32.63,
Norte,E0,16:00:00,5289,0.01,1801.32,29.84,
Norte,E0,16:00:00,5291,0.02,1801.36,29.88,
Norte,E0,16:00:00,5311,0.12,1801.32,32.57,
Norte,E0,16:00:00,5312,0.01,1801.32,32.71,
Norte,E0,16:00:00,5313,0.01,1801.32,32.51,
Norte,E0,16:00:00,5314,0.01,1801.3,25.95,
Norte,E0,16:00:00,5342,0.03,1801.4,25.85,
Norte,E0,16:00:00,5343,0.13,1801.47,20.99,
Norte,E0,16:00:00,5344,0.13,1801.47,25.93,
Norte,E0,16:00:00,5345,0.13,1801.47,26.09,
Norte,E0,16:00:00,5478,0.0,1801.45,21.67,
Norte,E0,16:00:00,5484,0.01,1801.4,19.24,
Norte,E0,16:00:00,5493,0.01,1801.35,30.87,
Norte,E0,16:00:00,5494,0.01,1801.35,30.94,
Norte,E0,16:00:00,5495,0.1,1801.32,32.85,
Norte,E0,16:00:00,5506,0.02,1801.39,22.91,
Norte,E0,16:00:00,5523,0.0,1801.32,29.31,
Norte,E0,16:00:00,5533,0.03,1801.42,20.88,
Norte,E0,16:00:00,5537,0.04,1801.32,29.57,
Norte,E0,16:00:00,5538,0.06,1801.32,29.89,
Norte,E0,16:00:00,5603,0.05,1801.34,31.12,
Norte,E0,16:00:00,5604,0.07,1801.33,30.68,
Norte,E0,16:00:00,5613,0.07,1801.34,32.53,
Norte,E0,16:00:00,5614,0.03,1801.35,32.62,
Norte,E0,16:00:00,5620,0.04,1801.32,32.47,
Norte,E0,16:00:00,5621,0.04,1801.32,32.41,
Norte,E0,16:00:00,5678,0.06,1801.32,30.0,
Norte,E0,16:00:00,5685,0.02,1801.34,25.8,
Norte,E0,16:00:00,5709,0.15,1801.48,21.01,
Norte,E0,16:00:00,5744,0.05,1801.35,32.27,
Norte,E0,16:00:00,5746,0.08,1801.41,24.56,
Norte,E0,16:00:00,5747,0.05,1801.38,26.05,
Norte,E0,16:00:00,5748,0.06,1801.53,21.27,
Norte,E0,16:00:00,5749,0.06,1801.6,21.45,
Norte,E0,16:00:00,5750,0.03,1801.66,21.33,
Norte,E0,16:00:00,5760,0.04,1801.71,21.07,
Norte,E0,16:00:00,5761,0.03,1801.67,21.44,
Norte,E0,16:00:00,5762,0.01,1801.77,20.53,
Norte,E0,16:00:00,5763,0.03,1801.75,20.75,
Norte,E0,16:00:00,10020,0.04,1801.33,33.39,
Norte,E0,16:00:00,10059,0.04,1801.32,29.83,
Norte,E0,16:00:00,10061,0.0,1801.42,20.71,
Norte,E0,16:00:00,10062,0.0,1801.44,20.62,
Norte,E0,16:00:00,10063,0.0,1801.48,20.89,
Norte,E0,16:00:00,10082,0.08,1801.4,20.66,
Norte,E0,17:00:00,346,0.04,1801.32,33.62,
Norte,E0,17:00:00,347,0.08,1801.32,33.8,
Norte,E0,17:00:00,348,0.12,1801.32,33.81,
Norte,E0,17:00:00,349,0.05,1801.32,32.49,
Norte,E0,17:00:00,350,0.03,1801.32,32.48,
Norte,E0,17:00:00,351,0.05,1801.32,34.07,
Norte,E0,17:00:00,352,0.12,1801.32,33.95,
Norte,E0,17:00:00,353,0.07,1801.32,33.86,
Norte,E0,17:00:00,354,0.12,1801.34,32.64,
Norte,E0,17:00:00,355,0.05,1801.35,32.57,
Norte,E0,17:00:00,356,0.09,1801.35,32.61,
Norte,E0,17:00:00,357,0.04,1801.35,32.83,
Norte,E0,17:00:00,358,0.02,1801.35,33.08,
Norte,E0,17:00:00,362,0.08,1801.33,32.63,
Norte,E0,17:00:00,363,0.04,1801.34,32.63,
Norte,E0,17:00:00,364,0.07,1801.34,32.63,
Norte,E0,17:00:00,368,0.04,1801.32,32.65,
Norte,E0,17:00:00,371,0.05,1801.32,32.63,
Norte,E0,17:00:00,400,0.06,1801.33,32.35,
Norte,E0,17:00:00,401,0.05,1801.33,32.37,
Norte,E0,17:00:00,404,0.02,1801.33,32.17,
Norte,E0,17:00:00,405,0.01,1801.33,32.12,
Norte,E0,17:00:00,1049,0.03,1801.32,29.92,
Norte,E0,17:00:00,1051,0.04,1801.32,29.81,
Norte,E0,17:00:00,1053,0.02,1801.32,29.81,
Norte,E0,17:00:00,1059,0.05,1801.32,29.58,
Norte,E0,17:00:00,1063,0.02,1801.32,29.31,
Norte,E0,17:00:00,1077,0.03,1801.32,29.77,
Norte,E0,17:00:00,1089,0.03,1801.32,29.93,
Norte,E0,17:00:00,1093,0.07,1801.32,29.48,
Norte,E0,17:00:00,1094,0.02,1801.32,29.24,
Norte,E0,17:00:00,1095,0.02,1801.32,29.73,
Norte,E0,17:00:00,1100,0.04,1801.32,30.34,
Norte,E0,17:00:00,1102,0.07,1801.32,30.29,
Norte,E0,17:00:00,1103,0.01,1801.32,31.27,
Norte,E0,17:00:00,1104,0.07,1801.32,30.32,
Norte,E0,17:00:00,1106,0.08,1801.32,30.26,
Norte,E0,17:00:00,1107,0.04,1801.32,30.52,
Norte,E0,17:00:00,1109,0.01,1801.32,30.51,
Norte,E0,17:00:00,1110,0.01,1801.32,30.15,
Norte,E0,17:00:00,1112,0.02,1801.32,30.17,
Norte,E0,17:00:00,1113,0.04,1801.32,29.91,
Norte,E0,17:00:00,1115,0.08,1801.32,29.9,
Norte,E0,17:00:00,1117,0.09,1801.32,29.95,
Norte,E0,17:00:00,1119,0.11,1801.32,30.54,
Norte,E0,17:00:00,1120,0.08,1801.32,30.11,
Norte,E0,17:00:00,1122,0.06,1801.32,31.41,
Norte,E0,17:00:00,1125,0.06,1801.32,31.35,
Norte,E0,17:00:00,1128,0.06,1801.32,31.6,
Norte,E0,17:00:00,1130,0.07,1801.32,31.42,
Norte,E0,17:00:00,1131,0.08,1801.32,31.57,
Norte,E0,17:00:00,1133,0.02,1801.32,32.6,
Norte,E0,17:00:00,1134,0.13,1801.35,32.68,
Norte,E0,17:00:00,1135,0.09,1801.32,32.78,
Norte,E0,17:00:00,1137,0.12,1801.35,32.62,
Norte,E0,17:00:00,1139,0.08,1801.35,32.6,
Norte,E0,17:00:00,1140,0.03,1801.35,32.65,
Norte,E0,17:00:00,1141,0.05,1801.32,31.58,
Norte,E0,17:00:00,1142,0.02,1801.34,31.54,
Norte,E0,17:00:00,1143,0.08,1801.34,32.39,
Norte,E0,17:00:00,1144,0.07,1801.32,32.55,
Norte,E0,17:00:00,1145,0.03,1801.34,32.48,
Norte,E0,17:00:00,1147,0.0,1801.33,32.63,
Norte,E0,17:00:00,1148,0.0,1801.33,32.64,
Norte,E0,17:00:00,1149,0.15,1801.37,31.26,
Norte,E0,17:00:00,1150,0.2,1801.33,31.05,
Norte,E0,17:00:00,1151,0.03,1801.42,27.19,
Norte,E0,17:00:00,1153,0.01,1801.38,28.78,
Norte,E0,17:00:00,1154,0.0,1801.38,29.23,
Norte,E0,17:00:00,1158,0.11,1801.38,29.44,
Norte,E0,17:00:00,1159,0.08,1801.37,31.81,
Norte,E0,17:00:00,1161,0.04,1801.37,30.88,
Norte,E0,17:00:00,1162,0.01,1801.35,32.29,
Norte,E0,17:00:00,1164,0.09,1801.35,32.37,
Norte,E0,17:00:00,1165,0.03,1801.35,32.48,
Norte,E0,17:00:00,1166,0.05,1801.36,32.04,
Norte,E0,17:00:00,1169,0.08,1801.35,32.65,
Norte,E0,17:00:00,1171,0.06,1801.34,32.66,
Norte,E0,17:00:00,1172,0.15,1801.34,33.71,
Norte,E0,17:00:00,1174,0.05,1801.34,33.51,
Norte,E0,17:00:00,1175,0.12,1801.35,32.01,
Norte,E0,17:00:00,1176,0.16,1801.35,33.5,
Norte,E0,17:00:00,1179,0.05,1801.35,33.01,
Norte,E0,17:00:00,1181,0.01,1801.34,33.5,
Norte,E0,17:00:00,1182,0.06,1801.35,32.74,
Norte,E0,17:00:00,1184,0.04,1801.39,24.95,
Norte,E0,17:00:00,1185,0.02,1801.38,26.65,
Norte,E0,17:00:00,1186,0.01,1801.38,25.97,
Norte,E0,17:00:00,1187,0.2,1801.36,25.65,
Norte,E0,17:00:00,1189,0.01,1801.3,25.21,
Norte,E0,17:00:00,1190,0.06,1801.3,26.17,
Norte,E0,17:00:00,1191,0.06,1801.34,29.22,
Norte,E0,17:00:00,1192,0.01,1801.34,27.32,
Norte,E0,17:00:00,1196,0.05,1801.27,27.05,
Norte,E0,17:00:00,1197,0.04,1801.27,27.52,
Norte,E0,17:00:00,1207,0.11,1801.27,25.48,
Norte,E0,17:00:00,1216,0.08,1801.27,19.24,
Norte,E0,17:00:00,1221,0.05,1801.4,19.84,
Norte,E0,17:00:00,1223,0.05,1801.4,19.62,
Norte,E0,17:00:00,1224,0.07,1801.4,23.22,
Norte,E0,17:00:00,1225,0.03,1801.37,24.67,
Norte,E0,17:00:00,1226,0.06,1801.39,23.44,
Norte,E0,17:00:00,1228,0.03,1801.39,22.77,
Norte,E0,17:00:00,1229,0.01,1801.39,22.47,
Norte,E0,17:00:00,1230,0.01,1801.39,22.42,
Norte,E0,17:00:00,1231,0.01,1801.39,22.5,
Norte,E0,17:00:00,1232,0.02,1801.39,21.96,
Norte,E0,17:00:00,1233,0.01,1801.39,21.93,
Norte,E0,17:00:00,1240,0.11,1801.41,21.24,
Norte,E0,17:00:00,1242,0.11,1801.39,22.39,
Norte,E0,17:00:00,1243,0.04,1801.39,23.16,
Norte,E0,17:00:00,1244,0.11,1801.37,24.7,
Norte,E0,17:00:00,1245,0.06,1801.37,25.78,
Norte,E0,17:00:00,1246,0.03,1801.36,25.96,
Norte,E0,17:00:00,1247,0.07,1801.36,25.72,
Norte,E0,17:00:00,1248,0.06,1801.36,25.43,
Norte,E0,17:00:00,1249,0.13,1801.39,23.81,
Norte,E0,17:00:00,1250,0.14,1801.4,22.71,
Norte,E0,17:00:00,1252,0.1,1801.42,21.33,
Norte,E0,17:00:00,1253,0.14,1801.39,23.78,
Norte,E0,17:00:00,1254,0.13,1801.41,22.11,
Norte,E0,17:00:00,1255,0.07,1801.44,21.87,
Norte,E0,17:00:00,1257,0.08,1801.44,21.25,
Norte,E0,17:00:00,1265,0.03,1801.48,20.89,
Norte,E0,17:00:00,1268,0.06,1801.48,20.98,
Norte,E0,17:00:00,1272,0.03,1801.45,21.62,
Norte,E0,17:00:00,1274,0.06,1801.46,21.66,
Norte,E0,17:00:00,1276,0.12,1801.43,22.62,
Norte,E0,17:00:00,1279,0.05,1801.42,23.91,
Norte,E0,17:00:00,1281,0.06,1801.42,24.28,
Norte,E0,17:00:00,1282,0.02,1801.42,25.75,
Norte,E0,17:00:00,1284,0.03,1801.33,31.09,
Norte,E0,17:00:00,1286,0.08,1801.42,22.83,
Norte,E0,17:00:00,1288,0.01,1801.42,24.86,
Norte,E0,17:00:00,1289,0.02,1801.42,23.19,
Norte,E0,17:00:00,1290,0.09,1801.42,23.27,
Norte,E0,17:00:00,1291,0.01,1801.42,21.03,
Norte,E0,17:00:00,1292,0.06,1801.42,21.26,
Norte,E0,17:00:00,1293,0.08,1801.43,21.92,
Norte,E0,17:00:00,1294,0.02,1801.43,21.77,
Norte,E0,17:00:00,1295,0.12,1801.44,20.95,
Norte,E0,17:00:00,1297,0.09,1801.44,20.56,
Norte,E0,17:00:00,1302,0.09,1801.43,20.03,
Norte,E0,17:00:00,1304,0.05,1801.43,20.03,
Norte,E0,17:00:00,1305,0.0,1801.43,20.04,
Norte,E0,17:00:00,1306,0.06,1801.43,20.04,
Norte,E0,17:00:00,1308,0.08,1801.43,20.57,
Norte,E0,17:00:00,1309,0.04,1801.43,28.46,
Norte,E0,17:00:00,1310,0.02,1801.43,24.61,
Norte,E0,17:00:00,1312,0.1,1801.36,29.44,
Norte,E0,17:00:00,1313,0.0,1801.36,29.66,
Norte,E0,17:00:00,1315,0.06,1801.36,29.62,
Norte,E0,17:00:00,1318,0.08,1801.32,29.59,
Norte,E0,17:00:00,1319,0.02,1801.32,29.24,
Norte,E0,17:00:00,1321,0.05,1801.43,21.46,
Norte,E0,17:00:00,1322,0.01,1801.43,22.23,
Norte,E0,17:00:00,1323,0.06,1801.43,22.02,
Norte,E0,17:00:00,1324,0.02,1801.43,20.58,
Norte,E0,17:00:00,1326,0.08,1801.43,20.24,
Norte,E0,17:00:00,1334,0.06,1801.42,22.14,
Norte,E0,17:00:00,1335,0.07,1801.4,22.69,
Norte,E0,17:00:00,1336,0.01,1801.4,21.82,
Norte,E0,17:00:00,1340,0.04,1801.42,29.08,
Norte,E0,17:00:00,5010,0.03,1801.4,25.95,
Norte,E0,17:00:00,5011,0.05,1801.3,26.09,
Norte,E0,17:00:00,5019,0.05,1801.32,32.14,
Norte,E0,17:00:00,5086,0.07,1801.33,32.62,
Norte,E0,17:00:00,5087,0.01,1801.33,32.67,
Norte,E0,17:00:00,5108,0.0,1801.3,26.02,
Norte,E0,17:00:00,5112,0.02,1801.45,21.66,
Norte,E0,17:00:00,5148,0.0,1801.33,32.35,
Norte,E0,17:00:00,5193,0.0,1801.32,31.47,
Norte,E0,17:00:00,5204,0.14,1801.27,25.55,
Norte,E0,17:00:00,5241,0.0,1801.4,19.77,
Norte,E0,17:00:00,5264,0.02,1801.33,32.63,
Norte,E0,17:00:00,5289,0.01,1801.32,29.84,
Norte,E0,17:00:00,5291,0.02,1801.36,29.88,
Norte,E0,17:00:00,5311,0.12,1801.32,32.57,
Norte,E0,17:00:00,5312,0.01,1801.32,32.71,
Norte,E0,17:00:00,5313,0.01,1801.32,32.51,
Norte,E0,17:00:00,5314,0.01,1801.3,25.95,
Norte,E0,17:00:00,5342,0.03,1801.4,25.85,
Norte,E0,17:00:00,5343,0.13,1801.47,20.99,
Norte,E0,17:00:00,5344,0.13,1801.47,25.93,
Norte,E0,17:00:00,5345,0.13,1801.47,26.09,
Norte,E0,17:00:00,5478,0.0,1801.45,21.67,
Norte,E0,17:00:00,5484,0.01,1801.4,19.24,
Norte,E0,17:00:00,5493,0.01,1801.35,30.87,
Norte,E0,17:00:00,5494,0.01,1801.35,30.94,
Norte,E0,17:00:00,5495,0.1,1801.32,32.85,
Norte,E0,17:00:00,5506,0.02,1801.39,22.91,
Norte,E0,17:00:00,5523,0.0,1801.32,29.31,
Norte,E0,17:00:00,5533,0.03,1801.42,20.88,
Norte,E0,17:00:00,5537,0.04,1801.32,29.57,
Norte,E0,17:00:00,5538,0.06,1801.32,29.89,
Norte,E0,17:00:00,5603,0.05,1801.34,31.12,
Norte,E0,17:00:00,5604,0.07,1801.33,30.68,
Norte,E0,17:00:00,5613,0.07,1801.34,32.53,
Norte,E0,17:00:00,5614,0.03,1801.35,32.62,
Norte,E0,17:00:00,5620,0.04,1801.32,32.47,
Norte,E0,17:00:00,5621,0.04,1801.32,32.41,
Norte,E0,17:00:00,5678,0.06,1801.32,30.0,
Norte,E0,17:00:00,5685,0.02,1801.34,25.8,
Norte,E0,17:00:00,5709,0.15,1801.48,21.01,
Norte,E0,17:00:00,5744,0.05,1801.35,32.27,
Norte,E0,17:00:00,5746,0.08,1801.41,24.56,
Norte,E0,17:00:00,5747,0.05,1801.38,26.05,
Norte,E0,17:00:00,5748,0.06,1801.53,21.27,
Norte,E0,17:00:00,5749,0.06,1801.6,21.45,
Norte,E0,17:00:00,5750,0.03,1801.66,21.33,
Norte,E0,17:00:00,5760,0.04,1801.71,21.07,
Norte,E0,17:00:00,5761,0.03,1801.67,21.44,
Norte,E0,17:00:00,5762,0.01,1801.77,20.53,
Norte,E0,17:00:00,5763,0.03,1801.75,20.75,
Norte,E0,17:00:00,10020,0.04,1801.33,33.39,
Norte,E0,17:00:00,10059,0.04,1801.32,29.83,
Norte,E0,17:00:00,10061,0.0,1801.42,20.71,
Norte,E0,17:00:00,10062,0.0,1801.44,20.62,
Norte,E0,17:00:00,10063,0.0,1801.48,20.89,
Norte,E0,17:00:00,10082,0.08,1801.4,20.66,
Norte,E0,18:00:00,346,0.04,1801.37,33.67,
Norte,E0,18:00:00,347,0.07,1801.37,33.85,
Norte,E0,18:00:00,348,0.11,1801.37,33.86,
Norte,E0,18:00:00,349,0.05,1801.37,32.54,
Norte,E0,18:00:00,350,0.02,1801.37,32.53,
Norte,E0,18:00:00,351,0.05,1801.37,34.12,
Norte,E0,18:00:00,352,0.12,1801.37,34.0,
Norte,E0,18:00:00,353,0.07,1801.37,33.91,
Norte,E0,18:00:00,354,0.11,1801.4,32.7,
Norte,E0,18:00:00,355,0.04,1801.4,32.62,
Norte,E0,18:00:00,356,0.08,1801.4,32.66,
Norte,E0,18:00:00,357,0.03,1801.4,32.88,
Norte,E0,18:00:00,358,0.02,1801.4,33.13,
Norte,E0,18:00:00,362,0.08,1801.39,32.69,
Norte,E0,18:00:00,363,0.04,1801.39,32.68,
Norte,E0,18:00:00,364,0.07,1801.39,32.68,
Norte,E0,18:00:00,368,0.03,1801.38,32.71,
Norte,E0,18:00:00,371,0.05,1801.38,32.69,
Norte,E0,18:00:00,400,0.06,1801.38,32.4,
Norte,E0,18:00:00,401,0.05,1801.38,32.42,
Norte,E0,18:00:00,404,0.02,1801.38,32.22,
Norte,E0,18:00:00,405,0.01,1801.38,32.17,
Norte,E0,18:00:00,1049,0.03,1801.37,29.97,
Norte,E0,18:00:00,1051,0.03,1801.37,29.86,
Norte,E0,18:00:00,1053,0.02,1801.37,29.86,
Norte,E0,18:00:00,1059,0.05,1801.37,29.63,
Norte,E0,18:00:00,1063,0.02,1801.37,29.36,
Norte,E0,18:00:00,1077,0.02,1801.38,29.83,
Norte,E0,18:00:00,1089,0.03,1801.37,29.98,
Norte,E0,18:00:00,1093,0.07,1801.37,29.53,
Norte,E0,18:00:00,1094,0.02,1801.37,29.29,
Norte,E0,18:00:00,1095,0.02,1801.37,29.78,
Norte,E0,18:00:00,1100,0.04,1801.38,30.4,
Norte,E0,18:00:00,1102,0.07,1801.38,30.35,
Norte,E0,18:00:00,1103,0.01,1801.38,31.33,
Norte,E0,18:00:00,1104,0.07,1801.37,30.37,
Norte,E0,18:00:00,1106,0.08,1801.37,30.31,
Norte,E0,18:00:00,1107,0.04,1801.38,30.58,
Norte,E0,18:00:00,1109,0.01,1801.38,30.57,
Norte,E0,18:00:00,1110,0.01,1801.38,30.21,
Norte,E0,18:00:00,1112,0.02,1801.38,30.23,
Norte,E0,18:00:00,1113,0.04,1801.38,29.97,
Norte,E0,18:00:00,1115,0.08,1801.38,29.96,
Norte,E0,18:00:00,1117,0.08,1801.38,30.01,
Norte,E0,18:00:00,1119,0.1,1801.38,30.6,
Norte,E0,18:00:00,1120,0.07,1801.38,30.17,
Norte,E0,18:00:00,1122,0.05,1801.38,31.47,
Norte,E0,18:00:00,1125,0.06,1801.38,31.41,
Norte,E0,18:00:00,1128,0.06,1801.38,31.66,
Norte,E0,18:00:00,1130,0.07,1801.38,31.48,
Norte,E0,18:00:00,1131,0.07,1801.38,31.63,
Norte,E0,18:00:00,1133,0.02,1801.38,32.66,
Norte,E0,18:00:00,1134,0.12,1801.4,32.73,
Norte,E0,18:00:00,1135,0.09,1801.38,32.84,
Norte,E0,18:00:00,1137,0.11,1801.4,32.67,
Norte,E0,18:00:00,1139,0.07,1801.4,32.65,
Norte,E0,18:00:00,1140,0.03,1801.4,32.7,
Norte,E0,18:00:00,1141,0.05,1801.37,31.63,
Norte,E0,18:00:00,1142,0.02,1801.39,31.59,
Norte,E0,18:00:00,1143,0.07,1801.39,32.44,
Norte,E0,18:00:00,1144,0.07,1801.38,32.61,
Norte,E0,18:00:00,1145,0.03,1801.39,32.53,
Norte,E0,18:00:00,1147,0.0,1801.38,32.68,
Norte,E0,18:00:00,1148,0.0,1801.39,32.7,
Norte,E0,18:00:00,1149,0.14,1801.42,31.31,
Norte,E0,18:00:00,1150,0.19,1801.39,31.11,
Norte,E0,18:00:00,1151,0.03,1801.46,27.23,
Norte,E0,18:00:00,1153,0.01,1801.43,28.83,
Norte,E0,18:00:00,1154,0.0,1801.43,29.28,
Norte,E0,18:00:00,1158,0.1,1801.43,29.49,
Norte,E0,18:00:00,1159,0.07,1801.42,31.86,
Norte,E0,18:00:00,1161,0.03,1801.42,30.93,
Norte,E0,18:00:00,1162,0.01,1801.41,32.35,
Norte,E0,18:00:00,1164,0.09,1801.4,32.42,
Norte,E0,18:00:00,1165,0.03,1801.41,32.54,
Norte,E0,18:00:00,1166,0.05,1801.41,32.09,
Norte,E0,18:00:00,1169,0.08,1801.4,32.7,
Norte,E0,18:00:00,1171,0.06,1801.39,32.71,
Norte,E0,18:00:00,1172,0.14,1801.39,33.76,
Norte,E0,18:00:00,1174,0.05,1801.39,33.56,
Norte,E0,18:00:00,1175,0.11,1801.4,32.06,
Norte,E0,18:00:00,1176,0.15,1801.4,33.55,
Norte,E0,18:00:00,1179,0.05,1801.4,33.06,
Norte,E0,18:00:00,1181,0.01,1801.39,33.55,
Norte,E0,18:00:00,1182,0.05,1801.4,32.79,
Norte,E0,18:00:00,1184,0.03,1801.43,24.99,
Norte,E0,18:00:00,1185,0.02,1801.43,26.7,
Norte,E0,18:00:00,1186,0.01,1801.43,26.02,
Norte,E0,18:00:00,1187,0.19,1801.41,25.7,
Norte,E0,18:00:00,1189,0.01,1801.36,25.27,
Norte,E0,18:00:00,1190,0.06,1801.36,26.23,
Norte,E0,18:00:00,1191,0.06,1801.4,29.28,
Norte,E0,18:00:00,1192,0.01,1801.4,27.38,
Norte,E0,18:00:00,1196,0.05,1801.33,27.11,
Norte,E0,18:00:00,1197,0.04,1801.33,27.58,
Norte,E0,18:00:00,1207,0.1,1801.33,25.54,
Norte,E0,18:00:00,1216,0.08,1801.33,19.3,
Norte,E0,18:00:00,1221,0.04,1801.44,19.88,
Norte,E0,18:00:00,1223,0.04,1801.44,19.66,
Norte,E0,18:00:00,1224,0.06,1801.44,23.26,
Norte,E0,18:00:00,1225,0.03,1801.42,24.72,
Norte,E0,18:00:00,1226,0.06,1801.44,23.49,
Norte,E0,18:00:00,1228,0.03,1801.44,22.82,
Norte,E0,18:00:00,1229,0.01,1801.44,22.52,
Norte,E0,18:00:00,1230,0.01,1801.44,22.47,
Norte,E0,18:00:00,1231,0.01,1801.44,22.55,
Norte,E0,18:00:00,1232,0.02,1801.44,22.01,
Norte,E0,18:00:00,1233,0.01,1801.44,21.98,
Norte,E0,18:00:00,1240,0.1,1801.45,21.28,
Norte,E0,18:00:00,1242,0.1,1801.44,22.44,
Norte,E0,18:00:00,1243,0.04,1801.44,23.21,
Norte,E0,18:00:00,1244,0.1,1801.42,24.75,
Norte,E0,18:00:00,1245,0.05,1801.42,25.83,
Norte,E0,18:00:00,1246,0.03,1801.41,26.01,
Norte,E0,18:00:00,1247,0.06,1801.41,25.77,
Norte,E0,18:00:00,1248,0.06,1801.41,25.48,
Norte,E0,18:00:00,1249,0.12,1801.43,23.85,
Norte,E0,18:00:00,1250,0.13,1801.45,22.76,
Norte,E0,18:00:00,1252,0.1,1801.46,21.37,
Norte,E0,18:00:00,1253,0.13,1801.43,23.82,
Norte,E0,18:00:00,1254,0.12,1801.46,22.16,
Norte,E0,18:00:00,1255,0.07,1801.48,21.91,
Norte,E0,18:00:00,1257,0.07,1801.48,21.29,
Norte,E0,18:00:00,1265,0.03,1801.52,20.93,
Norte,E0,18:00:00,1268,0.06,1801.51,21.01,
Norte,E0,18:00:00,1272,0.03,1801.49,21.66,
Norte,E0,18:00:00,1274,0.05,1801.49,21.69,
Norte,E0,18:00:00,1276,0.11,1801.47,22.66,
Norte,E0,18:00:00,1279,0.05,1801.46,23.95,
Norte,E0,18:00:00,1281,0.06,1801.46,24.32,
Norte,E0,18:00:00,1282,0.02,1801.46,25.79,
Norte,E0,18:00:00,1284,0.03,1801.39,31.15,
Norte,E0,18:00:00,1286,0.07,1801.47,22.88,
Norte,E0,18:00:00,1288,0.01,1801.47,24.91,
Norte,E0,18:00:00,1289,0.02,1801.47,23.24,
Norte,E0,18:00:00,1290,0.09,1801.47,23.32,
Norte,E0,18:00:00,1291,0.01,1801.47,21.08,
Norte,E0,18:00:00,1292,0.06,1801.47,21.31,
Norte,E0,18:00:00,1293,0.07,1801.47,21.96,
Norte,E0,18:00:00,1294,0.02,1801.47,21.81,
Norte,E0,18:00:00,1295,0.12,1801.48,20.99,
Norte,E0,18:00:00,1297,0.08,1801.49,20.61,
Norte,E0,18:00:00,1302,0.08,1801.48,20.08,
Norte,E0,18:00:00,1304,0.05,1801.48,20.08,
Norte,E0,18:00:00,1305,0.0,1801.48,20.09,
Norte,E0,18:00:00,1306,0.06,1801.48,20.09,
Norte,E0,18:00:00,1308,0.07,1801.47,20.61,
Norte,E0,18:00:00,1309,0.04,1801.47,28.5,
Norte,E0,18:00:00,1310,0.02,1801.47,24.65,
Norte,E0,18:00:00,1312,0.09,1801.41,29.49,
Norte,E0,18:00:00,1313,0.0,1801.41,29.71,
Norte,E0,18:00:00,1315,0.06,1801.41,29.67,
Norte,E0,18:00:00,1318,0.07,1801.37,29.64,
Norte,E0,18:00:00,1319,0.01,1801.37,29.29,
Norte,E0,18:00:00,1321,0.04,1801.47,21.5,
Norte,E0,18:00:00,1322,0.0,1801.47,22.27,
Norte,E0,18:00:00,1323,0.05,1801.47,22.06,
Norte,E0,18:00:00,1324,0.02,1801.48,20.63,
Norte,E0,18:00:00,1326,0.08,1801.47,20.28,
Norte,E0,18:00:00,1334,0.06,1801.46,22.18,
Norte,E0,18:00:00,1335,0.06,1801.45,22.74,
Norte,E0,18:00:00,1336,0.01,1801.45,21.87,
Norte,E0,18:00:00,1340,0.04,1801.46,29.12,
Norte,E0,18:00:00,5010,0.03,1801.44,25.99,
Norte,E0,18:00:00,5011,0.05,1801.36,26.15,
Norte,E0,18:00:00,5019,0.05,1801.37,32.19,
Norte,E0,18:00:00,5086,0.06,1801.38,32.67,
Norte,E0,18:00:00,5087,0.01,1801.39,32.73,
Norte,E0,18:00:00,5108,0.0,1801.36,26.08,
Norte,E0,18:00:00,5112,0.02,1801.49,21.7,
Norte,E0,18:00:00,5148,0.0,1801.38,32.4,
Norte,E0,18:00:00,5193,0.0,1801.38,31.53,
Norte,E0,18:00:00,5204,0.13,1801.33,25.61,
Norte,E0,18:00:00,5241,0.0,1801.44,19.81,
Norte,E0,18:00:00,5264,0.02,1801.39,32.69,
Norte,E0,18:00:00,5289,0.01,1801.37,29.89,
Norte,E0,18:00:00,5291,0.02,1801.41,29.93,
Norte,E0,18:00:00,5311,0.11,1801.38,32.63,
Norte,E0,18:00:00,5312,0.0,1801.38,32.77,
Norte,E0,18:00:00,5313,0.01,1801.38,32.57,
Norte,E0,18:00:00,5314,0.01,1801.36,26.01,
Norte,E0,18:00:00,5342,0.03,1801.45,25.9,
Norte,E0,18:00:00,5343,0.12,1801.51,21.03,
Norte,E0,18:00:00,5344,0.12,1801.5,25.96,
Norte,E0,18:00:00,5345,0.12,1801.5,26.12,
Norte,E0,18:00:00,5478,0.0,1801.49,21.71,
Norte,E0,18:00:00,5484,0.01,1801.44,19.28,
Norte,E0,18:00:00,5493,0.01,1801.4,30.92,
Norte,E0,18:00:00,5494,0.01,1801.4,30.99,
Norte,E0,18:00:00,5495,0.09,1801.38,32.91,
Norte,E0,18:00:00,5506,0.01,1801.44,22.96,
Norte,E0,18:00:00,5523,0.0,1801.38,29.37,
Norte,E0,18:00:00,5533,0.03,1801.47,20.93,
Norte,E0,18:00:00,5537,0.03,1801.38,29.63,
Norte,E0,18:00:00,5538,0.06,1801.38,29.95,
Norte,E0,18:00:00,5603,0.04,1801.39,31.17,
Norte,E0,18:00:00,5604,0.06,1801.38,30.73,
Norte,E0,18:00:00,5613,0.06,1801.39,32.58,
Norte,E0,18:00:00,5614,0.02,1801.4,32.67,
Norte,E0,18:00:00,5620,0.04,1801.37,32.52,
Norte,E0,18:00:00,5621,0.03,1801.37,32.46,
Norte,E0,18:00:00,5678,0.05,1801.38,30.05,
Norte,E0,18:00:00,5685,0.02,1801.4,25.86,
Norte,E0,18:00:00,5709,0.14,1801.51,21.04,
Norte,E0,18:00:00,5744,0.05,1801.4,32.32,
Norte,E0,18:00:00,5746,0.07,1801.45,24.6,
Norte,E0,18:00:00,5747,0.04,1801.43,26.1,
Norte,E0,18:00:00,5748,0.05,1801.56,21.3,
Norte,E0,18:00:00,5749,0.05,1801.62,21.47,
Norte,E0,18:00:00,5750,0.03,1801.67,21.34,
Norte,E0,18:00:00,5760,0.04,1801.72,21.08,
Norte,E0,18:00:00,5761,0.03,1801.68,21.45,
Norte,E0,18:00:00,5762,0.01,1801.77,20.53,
Norte,E0,18:00:00,5763,0.03,1801.76,20.76,
Norte,E0,18:00:00,10020,0.04,1801.39,33.45,
Norte,E0,18:00:00,10059,0.04,1801.37,29.88,
Norte,E0,18:00:00,10061,0.0,1801.47,20.76,
Norte,E0,18:00:00,10062,0.0,1801.49,20.67,
Norte,E0,18:00:00,10063,0.0,1801.52,20.93,
Norte,E0,18:00:00,10082,0.08,1801.45,20.71,
Norte,E0,19:00:00,346,0.04,1801.37,33.67,
Norte,E0,19:00:00,347,0.07,1801.37,33.85,
Norte,E0,19:00:00,348,0.11,1801.37,33.86,
Norte,E0,19:00:00,349,0.05,1801.37,32.54,
Norte,E0,19:00:00,350,0.02,1801.37,32.53,
Norte,E0,19:00:00,351,0.05,1801.37,34.12,
Norte,E0,19:00:00,352,0.12,1801.37,34.0,
Norte,E0,19:00:00,353,0.07,1801.37,33.91,
Norte,E0,19:00:00,354,0.11,1801.4,32.7,
Norte,E0,19:00:00,355,0.04,1801.4,32.62,
Norte,E0,19:00:00,356,0.08,1801.4,32.66,
Norte,E0,19:00:00,357,0.03,1801.4,32.88,
Norte,E0,19:00:00,358,0.02,1801.4,33.13,
Norte,E0,19:00:00,362,0.08,1801.39,32.69,
Norte,E0,19:00:00,363,0.04,1801.39,32.68,
Norte,E0,19:00:00,364,0.07,1801.39,32.68,
Norte,E0,19:00:00,368,0.03,1801.38,32.71,
Norte,E0,19:00:00,371,0.05,1801.38,32.69,
Norte,E0,19:00:00,400,0.06,1801.38,32.4,
Norte,E0,19:00:00,401,0.05,1801.38,32.42,
Norte,E0,19:00:00,404,0.02,1801.38,32.22,
Norte,E0,19:00:00,405,0.01,1801.38,32.17,
Norte,E0,19:00:00,1049,0.03,1801.37,29.97,
Norte,E0,19:00:00,1051,0.03,1801.37,29.86,
Norte,E0,19:00:00,1053,0.02,1801.37,29.86,
Norte,E0,19:00:00,1059,0.05,1801.37,29.63,
Norte,E0,19:00:00,1063,0.02,1801.37,29.36,
Norte,E0,19:00:00,1077,0.02,1801.38,29.83,
Norte,E0,19:00:00,1089,0.03,1801.37,29.98,
Norte,E0,19:00:00,1093,0.07,1801.37,29.53,
Norte,E0,19:00:00,1094,0.02,1801.37,29.29,
Norte,E0,19:00:00,1095,0.02,1801.37,29.78,
Norte,E0,19:00:00,1100,0.04,1801.38,30.4,
Norte,E0,19:00:00,1102,0.07,1801.38,30.35,
Norte,E0,19:00:00,1103,0.01,1801.38,31.33,
Norte,E0,19:00:00,1104,0.07,1801.37,30.37,
Norte,E0,19:00:00,1106,0.08,1801.37,30.31,
Norte,E0,19:00:00,1107,0.04,1801.38,30.58,
Norte,E0,19:00:00,1109,0.01,1801.38,30.57,
Norte,E0,19:00:00,1110,0.01,1801.38,30.21,
Norte,E0,19:00:00,1112,0.02,1801.38,30.23,
Norte,E0,19:00:00,1113,0.04,1801.38,29.97,
Norte,E0,19:00:00,1115,0.08,1801.38,29.96,
Norte,E0,19:00:00,1117,0.08,1801.38,30.01,
Norte,E0,19:00:00,1119,0.1,1801.38,30.6,
Norte,E0,19:00:00,1120,0.07,1801.38,30.17,
Norte,E0,19:00:00,1122,0.05,1801.38,31.47,
Norte,E0,19:00:00,1125,0.06,1801.38,31.41,
Norte,E0,19:00:00,1128,0.06,1801.38,31.66,
Norte,E0,19:00:00,1130,0.07,1801.38,31.48,
Norte,E0,19:00:00,1131,0.07,1801.38,31.63,
Norte,E0,19:00:00,1133,0.02,1801.38,32.66,
Norte,E0,19:00:00,1134,0.12,1801.4,32.73,
Norte,E0,19:00:00,1135,0.09,1801.38,32.84,
Norte,E0,19:00:00,1137,0.11,1801.4,32.67,
Norte,E0,19:00:00,1139,0.07,1801.4,32.65,
Norte,E0,19:00:00,1140,0.03,1801.4,32.7,
Norte,E0,19:00:00,1141,0.05,1801.37,31.63,
Norte,E0,19:00:00,1142,0.02,1801.39,31.59,
Norte,E0,19:00:00,1143,0.07,1801.39,32.44,
Norte,E0,19:00:00,1144,0.07,1801.38,32.61,
Norte,E0,19:00:00,1145,0.03,1801.39,32.53,
Norte,E0,19:00:00,1147,0.0,1801.38,32.68,
Norte,E0,19:00:00,1148,0.0,1801.39,32.7,
Norte,E0,19:00:00,1149,0.14,1801.42,31.31,
Norte,E0,19:00:00,1150,0.19,1801.39,31.11,
Norte,E0,19:00:00,1151,0.03,1801.46,27.23,
Norte,E0,19:00:00,1153,0.01,1801.43,28.83,
Norte,E0,19:00:00,1154,0.0,1801.43,29.28,
Norte,E0,19:00:00,1158,0.1,1801.43,29.49,
Norte,E0,19:00:00,1159,0.07,1801.42,31.86,
Norte,E0,19:00:00,1161,0.03,1801.42,30.93,
Norte,E0,19:00:00,1162,0.01,1801.41,32.35,
Norte,E0,19:00:00,1164,0.09,1801.4,32.42,
Norte,E0,19:00:00,1165,0.03,1801.41,32.54,
Norte,E0,19:00:00,1166,0.05,1801.41,32.09,
Norte,E0,19:00:00,1169,0.08,1801.4,32.7,
Norte,E0,19:00:00,1171,0.06,1801.39,32.71,
Norte,E0,19:00:00,1172,0.14,1801.39,33.76,
Norte,E0,19:00:00,1174,0.05,1801.39,33.56,
Norte,E0,19:00:00,1175,0.11,1801.4,32.06,
Norte,E0,19:00:00,1176,0.15,1801.4,33.55,
Norte,E0,19:00:00,1179,0.05,1801.4,33.06,
Norte,E0,19:00:00,1181,0.01,1801.39,33.55,
Norte,E0,19:00:00,1182,0.05,1801.4,32.79,
Norte,E0,19:00:00,1184,0.03,1801.43,24.99,
Norte,E0,19:00:00,1185,0.02,1801.43,26.7,
Norte,E0,19:00:00,1186,0.01,1801.43,26.02,
Norte,E0,19:00:00,1187,0.19,1801.41,25.7,
Norte,E0,19:00:00,1189,0.01,1801.36,25.27,
Norte,E0,19:00:00,1190,0.06,1801.36,26.23,
Norte,E0,19:00:00,1191,0.06,1801.4,29.28,
Norte,E0,19:00:00,1192,0.01,1801.4,27.38,
Norte,E0,19:00:00,1196,0.05,1801.33,27.11,
Norte,E0,19:00:00,1197,0.04,1801.33,27.58,
Norte,E0,19:00:00,1207,0.1,1801.33,25.54,
Norte,E0,19:00:00,1216,0.08,1801.33,19.3,
Norte,E0,19:00:00,1221,0.04,1801.44,19.88,
Norte,E0,19:00:00,1223,0.04,1801.44,19.66,
Norte,E0,19:00:00,1224,0.06,1801.44,23.26,
Norte,E0,19:00:00,1225,0.03,1801.42,24.72,
Norte,E0,19:00:00,1226,0.06,1801.44,23.49,
Norte,E0,19:00:00,1228,0.03,1801.44,22.82,
Norte,E0,19:00:00,1229,0.01,1801.44,22.52,
Norte,E0,19:00:00,1230,0.01,1801.44,22.47,
Norte,E0,19:00:00,1231,0.01,1801.44,22.55,
Norte,E0,19:00:00,1232,0.02,1801.44,22.01,
Norte,E0,19:00:00,1233,0.01,1801.44,21.98,
Norte,E0,19:00:00,1240,0.1,1801.45,21.28,
Norte,E0,19:00:00,1242,0.1,1801.44,22.44,
Norte,E0,19:00:00,1243,0.04,1801.44,23.21,
Norte,E0,19:00:00,1244,0.1,1801.42,24.75,
Norte,E0,19:00:00,1245,0.05,1801.42,25.83,
Norte,E0,19:00:00,1246,0.03,1801.41,26.01,
Norte,E0,19:00:00,1247,0.06,1801.41,25.77,
Norte,E0,19:00:00,1248,0.06,1801.41,25.48,
Norte,E0,19:00:00,1249,0.12,1801.43,23.85,
Norte,E0,19:00:00,1250,0.13,1801.45,22.76,
Norte,E0,19:00:00,1252,0.1,1801.46,21.37,
Norte,E0,19:00:00,1253,0.13,1801.43,23.82,
Norte,E0,19:00:00,1254,0.12,1801.46,22.16,
Norte,E0,19:00:00,1255,0.07,1801.48,21.91,
Norte,E0,19:00:00,1257,0.07,1801.48,21.29,
Norte,E0,19:00:00,1265,0.03,1801.52,20.93,
Norte,E0,19:00:00,1268,0.06,1801.51,21.01,
Norte,E0,19:00:00,1272,0.03,1801.49,21.66,
Norte,E0,19:00:00,1274,0.05,1801.49,21.69,
Norte,E0,19:00:00,1276,0.11,1801.47,22.66,
Norte,E0,19:00:00,1279,0.05,1801.46,23.95,
Norte,E0,19:00:00,1281,0.06,1801.46,24.32,
Norte,E0,19:00:00,1282,0.02,1801.46,25.79,
Norte,E0,19:00:00,1284,0.03,1801.39,31.15,
Norte,E0,19:00:00,1286,0.07,1801.47,22.88,
Norte,E0,19:00:00,1288,0.01,1801.47,24.91,
Norte,E0,19:00:00,1289,0.02,1801.47,23.24,
Norte,E0,19:00:00,1290,0.09,1801.47,23.32,
Norte,E0,19:00:00,1291,0.01,1801.47,21.08,
Norte,E0,19:00:00,1292,0.06,1801.47,21.31,
Norte,E0,19:00:00,1293,0.07,1801.47,21.96,
Norte,E0,19:00:00,1294,0.02,1801.47,21.81,
Norte,E0,19:00:00,1295,0.12,1801.48,20.99,
Norte,E0,19:00:00,1297,0.08,1801.49,20.61,
Norte,E0,19:00:00,1302,0.08,1801.48,20.08,
Norte,E0,19:00:00,1304,0.05,1801.48,20.08,
Norte,E0,19:00:00,1305,0.0,1801.48,20.09,
Norte,E0,19:00:00,1306,0.06,1801.48,20.09,
Norte,E0,19:00:00,1308,0.07,1801.47,20.61,
Norte,E0,19:00:00,1309,0.04,1801.47,28.5,
Norte,E0,19:00:00,1310,0.02,1801.47,24.65,
Norte,E0,19:00:00,1312,0.09,1801.41,29.49,
Norte,E0,19:00:00,1313,0.0,1801.41,29.71,
Norte,E0,19:00:00,1315,0.06,1801.41,29.67,
Norte,E0,19:00:00,1318,0.07,1801.37,29.64,
Norte,E0,19:00:00,1319,0.01,1801.37,29.29,
Norte,E0,19:00:00,1321,0.04,1801.47,21.5,
Norte,E0,19:00:00,1322,0.0,1801.47,22.27,
Norte,E0,19:00:00,1323,0.05,1801.47,22.06,
Norte,E0,19:00:00,1324,0.02,1801.48,20.63,
Norte,E0,19:00:00,1326,0.08,1801.47,20.28,
Norte,E0,19:00:00,1334,0.06,1801.46,22.18,
Norte,E0,19:00:00,1335,0.06,1801.45,22.74,
Norte,E0,19:00:00,1336,0.01,1801.45,21.87,
Norte,E0,19:00:00,1340,0.04,1801.46,29.12,
Norte,E0,19:00:00,5010,0.03,1801.44,25.99,
Norte,E0,19:00:00,5011,0.05,1801.36,26.15,
Norte,E0,19:00:00,5019,0.05,1801.37,32.19,
Norte,E0,19:00:00,5086,0.06,1801.38,32.67,
Norte,E0,19:00:00,5087,0.01,1801.39,32.73,
Norte,E0,19:00:00,5108,0.0,1801.36,26.08,
Norte,E0,19:00:00,5112,0.02,1801.49,21.7,
Norte,E0,19:00:00,5148,0.0,1801.38,32.4,
Norte,E0,19:00:00,5193,0.0,1801.38,31.53,
Norte,E0,19:00:00,5204,0.13,1801.33,25.61,
Norte,E0,19:00:00,5241,0.0,1801.44,19.81,
Norte,E0,19:00:00,5264,0.02,1801.39,32.69,
Norte,E0,19:00:00,5289,0.01,1801.37,29.89,
Norte,E0,19:00:00,5291,0.02,1801.41,29.93,
Norte,E0,19:00:00,5311,0.11,1801.38,32.63,
Norte,E0,19:00:00,5312,0.0,1801.38,32.77,
Norte,E0,19:00:00,5313,0.01,1801.38,32.57,
Norte,E0,19:00:00,5314,0.01,1801.36,26.01,
Norte,E0,19:00:00,5342,0.03,1801.45,25.9,
Norte,E0,19:00:00,5343,0.12,1801.51,21.03,
Norte,E0,19:00:00,5344,0.12,1801.5,25.96,
Norte,E0,19:00:00,5345,0.12,1801.5,26.12,
Norte,E0,19:00:00,5478,0.0,1801.49,21.71,
Norte,E0,19:00:00,5484,0.01,1801.44,19.28,
Norte,E0,19:00:00,5493,0.01,1801.4,30.92,
Norte,E0,19:00:00,5494,0.01,1801.4,30.99,
Norte,E0,19:00:00,5495,0.09,1801.38,32.91,
Norte,E0,19:00:00,5506,0.01,1801.44,22.96,
Norte,E0,19:00:00,5523,0.0,1801.38,29.37,
Norte,E0,19:00:00,5533,0.03,1801.47,20.93,
Norte,E0,19:00:00,5537,0.03,1801.38,29.63,
Norte,E0,19:00:00,5538,0.06,1801.38,29.95,
Norte,E0,19:00:00,5603,0.04,1801.39,31.17,
Norte,E0,19:00:00,5604,0.06,1801.38,30.73,
Norte,E0,19:00:00,5613,0.06,1801.39,32.58,
Norte,E0,19:00:00,5614,0.02,1801.4,32.67,
Norte,E0,19:00:00,5620,0.04,1801.37,32.52,
Norte,E0,19:00:00,5621,0.03,1801.37,32.46,
Norte,E0,19:00:00,5678,0.05,1801.38,30.05,
Norte,E0,19:00:00,5685,0.02,1801.4,25.86,
Norte,E0,19:00:00,5709,0.14,1801.51,21.04,
Norte,E0,19:00:00,5744,0.05,1801.4,32.32,
Norte,E0,19:00:00,5746,0.07,1801.45,24.6,
Norte,E0,19:00:00,5747,0.04,1801.43,26.1,
Norte,E0,19:00:00,5748,0.05,1801.56,21.3,
Norte,E0,19:00:00,5749,0.05,1801.62,21.47,
Norte,E0,19:00:00,5750,0.03,1801.67,21.34,
Norte,E0,19:00:00,5760,0.04,1801.72,21.08,
Norte,E0,19:00:00,5761,0.03,1801.68,21.45,
Norte,E0,19:00:00,5762,0.01,1801.77,20.53,
Norte,E0,19:00:00,5763,0.03,1801.76,20.76,
Norte,E0,19:00:00,10020,0.04,1801.39,33.45,
Norte,E0,19:00:00,10059,0.04,1801.37,29.88,
Norte,E0,19:00:00,10061,0.0,1801.47,20.76,
Norte,E0,19:00:00,10062,0.0,1801.49,20.67,
Norte,E0,19:00:00,10063,0.0,1801.52,20.93,
Norte,E0,19:00:00,10082,0.08,1801.45,20.71,
Norte,E0,20:00:00,346,0.04,1801.37,33.67,
Norte,E0,20:00:00,347,0.07,1801.37,33.85,
Norte,E0,20:00:00,348,0.11,1801.37,33.86,
Norte,E0,20:00:00,349,0.05,1801.37,32.54,
Norte,E0,20:00:00,350,0.02,1801.37,32.53,
Norte,E0,20:00:00,351,0.05,1801.37,34.12,
Norte,E0,20:00:00,352,0.12,1801.37,34.0,
Norte,E0,20:00:00,353,0.07,1801.37,33.91,
Norte,E0,20:00:00,354,0.11,1801.4,32.7,
Norte,E0,20:00:00,355,0.04,1801.4,32.62,
Norte,E0,20:00:00,356,0.08,1801.4,32.66,
Norte,E0,20:00:00,357,0.03,1801.4,32.88,
Norte,E0,20:00:00,358,0.02,1801.4,33.13,
Norte,E0,20:00:00,362,0.08,1801.39,32.69,
Norte,E0,20:00:00,363,0.04,1801.39,32.68,
Norte,E0,20:00:00,364,0.07,1801.39,32.68,
Norte,E0,20:00:00,368,0.03,1801.38,32.71,
Norte,E0,20:00:00,371,0.05,1801.38,32.69,
Norte,E0,20:00:00,400,0.06,1801.38,32.4,
Norte,E0,20:00:00,401,0.05,1801.38,32.42,
Norte,E0,20:00:00,404,0.02,1801.38,32.22,
Norte,E0,20:00:00,405,0.01,1801.38,32.17,
Norte,E0,20:00:00,1049,0.03,1801.37,29.97,
Norte,E0,20:00:00,1051,0.03,1801.37,29.86,
Norte,E0,20:00:00,1053,0.02,1801.37,29.86,
Norte,E0,20:00:00,1059,0.05,1801.37,29.63,
Norte,E0,20:00:00,1063,0.02,1801.37,29.36,
Norte,E0,20:00:00,1077,0.02,1801.38,29.83,
Norte,E0,20:00:00,1089,0.03,1801.37,29.98,
Norte,E0,20:00:00,1093,0.07,1801.37,29.53,
Norte,E0,20:00:00,1094,0.02,1801.37,29.29,
Norte,E0,20:00:00,1095,0.02,1801.37,29.78,
Norte,E0,20:00:00,1100,0.04,1801.38,30.4,
Norte,E0,20:00:00,1102,0.07,1801.38,30.35,
Norte,E0,20:00:00,1103,0.01,1801.38,31.33,
Norte,E0,20:00:00,1104,0.07,1801.37,30.37,
Norte,E0,20:00:00,1106,0.08,1801.37,30.31,
Norte,E0,20:00:00,1107,0.04,1801.38,30.58,
Norte,E0,20:00:00,1109,0.01,1801.38,30.57,
Norte,E0,20:00:00,1110,0.01,1801.38,30.21,
Norte,E0,20:00:00,1112,0.02,1801.38,30.23,
Norte,E0,20:00:00,1113,0.04,1801.38,29.97,
Norte,E0,20:00:00,1115,0.08,1801.38,29.96,
Norte,E0,20:00:00,1117,0.08,1801.38,30.01,
Norte,E0,20:00:00,1119,0.1,1801.38,30.6,
Norte,E0,20:00:00,1120,0.07,1801.38,30.17,
Norte,E0,20:00:00,1122,0.05,1801.38,31.47,
Norte,E0,20:00:00,1125,0.06,1801.38,31.41,
Norte,E0,20:00:00,1128,0.06,1801.38,31.66,
Norte,E0,20:00:00,1130,0.07,1801.38,31.48,
Norte,E0,20:00:00,1131,0.07,1801.38,31.63,
Norte,E0,20:00:00,1133,0.02,1801.38,32.66,
Norte,E0,20:00:00,1134,0.12,1801.4,32.73,
Norte,E0,20:00:00,1135,0.09,1801.38,32.84,
Norte,E0,20:00:00,1137,0.11,1801.4,32.67,
Norte,E0,20:00:00,1139,0.07,1801.4,32.65,
Norte,E0,20:00:00,1140,0.03,1801.4,32.7,
Norte,E0,20:00:00,1141,0.05,1801.37,31.63,
Norte,E0,20:00:00,1142,0.02,1801.39,31.59,
Norte,E0,20:00:00,1143,0.07,1801.39,32.44,
Norte,E0,20:00:00,1144,0.07,1801.38,32.61,
Norte,E0,20:00:00,1145,0.03,1801.39,32.53,
Norte,E0,20:00:00,1147,0.0,1801.38,32.68,
Norte,E0,20:00:00,1148,0.0,1801.39,32.7,
Norte,E0,20:00:00,1149,0.14,1801.42,31.31,
Norte,E0,20:00:00,1150,0.19,1801.39,31.11,
Norte,E0,20:00:00,1151,0.03,1801.46,27.23,
Norte,E0,20:00:00,1153,0.01,1801.43,28.83,
Norte,E0,20:00:00,1154,0.0,1801.43,29.28,
Norte,E0,20:00:00,1158,0.1,1801.43,29.49,
Norte,E0,20:00:00,1159,0.07,1801.42,31.86,
Norte,E0,20:00:00,1161,0.03,1801.42,30.93,
Norte,E0,20:00:00,1162,0.01,1801.41,32.35,
Norte,E0,20:00:00,1164,0.09,1801.4,32.42,
Norte,E0,20:00:00,1165,0.03,1801.41,32.54,
Norte,E0,20:00:00,1166,0.05,1801.41,32.09,
Norte,E0,20:00:00,1169,0.08,1801.4,32.7,
Norte,E0,20:00:00,1171,0.06,1801.39,32.71,
Norte,E0,20:00:00,1172,0.14,1801.39,33.76,
Norte,E0,20:00:00,1174,0.05,1801.39,33.56,
Norte,E0,20:00:00,1175,0.11,1801.4,32.06,
Norte,E0,20:00:00,1176,0.15,1801.4,33.55,
Norte,E0,20:00:00,1179,0.05,1801.4,33.06,
Norte,E0,20:00:00,1181,0.01,1801.39,33.55,
Norte,E0,20:00:00,1182,0.05,1801.4,32.79,
Norte,E0,20:00:00,1184,0.03,1801.43,24.99,
Norte,E0,20:00:00,1185,0.02,1801.43,26.7,
Norte,E0,20:00:00,1186,0.01,1801.43,26.02,
Norte,E0,20:00:00,1187,0.19,1801.41,25.7,
Norte,E0,20:00:00,1189,0.01,1801.36,25.27,
Norte,E0,20:00:00,1190,0.06,1801.36,26.23,
Norte,E0,20:00:00,1191,0.06,1801.4,29.28,
Norte,E0,20:00:00,1192,0.01,1801.4,27.38,
Norte,E0,20:00:00,1196,0.05,1801.33,27.11,
Norte,E0,20:00:00,1197,0.04,1801.33,27.58,
Norte,E0,20:00:00,1207,0.1,1801.33,25.54,
Norte,E0,20:00:00,1216,0.08,1801.33,19.3,
Norte,E0,20:00:00,1221,0.04,1801.44,19.88,
Norte,E0,20:00:00,1223,0.04,1801.44,19.66,
Norte,E0,20:00:00,1224,0.06,1801.44,23.26,
Norte,E0,20:00:00,1225,0.03,1801.42,24.72,
Norte,E0,20:00:00,1226,0.06,1801.44,23.49,
Norte,E0,20:00:00,1228,0.03,1801.44,22.82,
Norte,E0,20:00:00,1229,0.01,1801.44,22.52,
Norte,E0,20:00:00,1230,0.01,1801.44,22.47,
Norte,E0,20:00:00,1231,0.01,1801.44,22.55,
Norte,E0,20:00:00,1232,0.02,1801.44,22.01,
Norte,E0,20:00:00,1233,0.01,1801.44,21.98,
Norte,E0,20:00:00,1240,0.1,1801.45,21.28,
Norte,E0,20:00:00,1242,0.1,1801.44,22.44,
Norte,E0,20:00:00,1243,0.04,1801.44,23.21,
Norte,E0,20:00:00,1244,0.1,1801.42,24.75,
Norte,E0,20:00:00,1245,0.05,1801.42,25.83,
Norte,E0,20:00:00,1246,0.03,1801.41,26.01,
Norte,E0,20:00:00,1247,0.06,1801.41,25.77,
Norte,E0,20:00:00,1248,0.06,1801.41,25.48,
Norte,E0,20:00:00,1249,0.12,1801.43,23.85,
Norte,E0,20:00:00,1250,0.13,1801.45,22.76,
Norte,E0,20:00:00,1252,0.1,1801.46,21.37,
Norte,E0,20:00:00,1253,0.13,1801.43,23.82,
Norte,E0,20:00:00,1254,0.12,1801.46,22.16,
Norte,E0,20:00:00,1255,0.07,1801.48,21.91,
Norte,E0,20:00:00,1257,0.07,1801.48,21.29,
Norte,E0,20:00:00,1265,0.03,1801.52,20.93,
Norte,E0,20:00:00,1268,0.06,1801.51,21.01,
Norte,E0,20:00:00,1272,0.03,1801.49,21.66,
Norte,E0,20:00:00,1274,0.05,1801.49,21.69,
Norte,E0,20:00:00,1276,0.11,1801.47,22.66,
Norte,E0,20:00:00,1279,0.05,1801.46,23.95,
Norte,E0,20:00:00,1281,0.06,1801.46,24.32,
Norte,E0,20:00:00,1282,0.02,1801.46,25.79,
Norte,E0,20:00:00,1284,0.03,1801.39,31.15,
Norte,E0,20:00:00,1286,0.07,1801.47,22.88,
Norte,E0,20:00:00,1288,0.01,1801.47,24.91,
Norte,E0,20:00:00,1289,0.02,1801.47,23.24,
Norte,E0,20:00:00,1290,0.09,1801.47,23.32,
Norte,E0,20:00:00,1291,0.01,1801.47,21.08,
Norte,E0,20:00:00,1292,0.06,1801.47,21.31,
Norte,E0,20:00:00,1293,0.07,1801.47,21.96,
Norte,E0,20:00:00,1294,0.02,1801.47,21.81,
Norte,E0,20:00:00,1295,0.12,1801.48,20.99,
Norte,E0,20:00:00,1297,0.08,1801.49,20.61,
Norte,E0,20:00:00,1302,0.08,1801.48,20.08,
Norte,E0,20:00:00,1304,0.05,1801.48,20.08,
Norte,E0,20:00:00,1305,0.0,1801.48,20.09,
Norte,E0,20:00:00,1306,0.06,1801.48,20.09,
Norte,E0,20:00:00,1308,0.07,1801.47,20.61,
Norte,E0,20:00:00,1309,0.04,1801.47,28.5,
Norte,E0,20:00:00,1310,0.02,1801.47,24.65,
Norte,E0,20:00:00,1312,0.09,1801.41,29.49,
Norte,E0,20:00:00,1313,0.0,1801.41,29.71,
Norte,E0,20:00:00,1315,0.06,1801.41,29.67,
Norte,E0,20:00:00,1318,0.07,1801.37,29.64,
Norte,E0,20:00:00,1319,0.01,1801.37,29.29,
Norte,E0,20:00:00,1321,0.04,1801.47,21.5,
Norte,E0,20:00:00,1322,0.0,1801.47,22.27,
Norte,E0,20:00:00,1323,0.05,1801.47,22.06,
Norte,E0,20:00:00,1324,0.02,1801.48,20.63,
Norte,E0,20:00:00,1326,0.08,1801.47,20.28,
Norte,E0,20:00:00,1334,0.06,1801.46,22.18,
Norte,E0,20:00:00,1335,0.06,1801.45,22.74,
Norte,E0,20:00:00,1336,0.01,1801.45,21.87,
Norte,E0,20:00:00,1340,0.04,1801.46,29.12,
Norte,E0,20:00:00,5010,0.03,1801.44,25.99,
Norte,E0,20:00:00,5011,0.05,1801.36,26.15,
Norte,E0,20:00:00,5019,0.05,1801.37,32.19,
Norte,E0,20:00:00,5086,0.06,1801.38,32.67,
Norte,E0,20:00:00,5087,0.01,1801.39,32.73,
Norte,E0,20:00:00,5108,0.0,1801.36,26.08,
Norte,E0,20:00:00,5112,0.02,1801.49,21.7,
Norte,E0,20:00:00,5148,0.0,1801.38,32.4,
Norte,E0,20:00:00,5193,0.0,1801.38,31.53,
Norte,E0,20:00:00,5204,0.13,1801.33,25.61,
Norte,E0,20:00:00,5241,0.0,1801.44,19.81,
Norte,E0,20:00:00,5264,0.02,1801.39,32.69,
Norte,E0,20:00:00,5289,0.01,1801.37,29.89,
Norte,E0,20:00:00,5291,0.02,1801.41,29.93,
Norte,E0,20:00:00,5311,0.11,1801.38,32.63,
Norte,E0,20:00:00,5312,0.0,1801.38,32.77,
Norte,E0,20:00:00,5313,0.01,1801.38,32.57,
Norte,E0,20:00:00,5314,0.01,1801.36,26.01,
Norte,E0,20:00:00,5342,0.03,1801.45,25.9,
Norte,E0,20:00:00,5343,0.12,1801.51,21.03,
Norte,E0,20:00:00,5344,0.12,1801.5,25.96,
Norte,E0,20:00:00,5345,0.12,1801.5,26.12,
Norte,E0,20:00:00,5478,0.0,1801.49,21.71,
Norte,E0,20:00:00,5484,0.01,1801.44,19.28,
Norte,E0,20:00:00,5493,0.01,1801.4,30.92,
Norte,E0,20:00:00,5494,0.01,1801.4,30.99,
Norte,E0,20:00:00,5495,0.09,1801.38,32.91,
Norte,E0,20:00:00,5506,0.01,1801.44,22.96,
Norte,E0,20:00:00,5523,0.0,1801.38,29.37,
Norte,E0,20:00:00,5533,0.03,1801.47,20.93,
Norte,E0,20:00:00,5537,0.03,1801.38,29.63,
Norte,E0,20:00:00,5538,0.06,1801.38,29.95,
Norte,E0,20:00:00,5603,0.04,1801.39,31.17,
Norte,E0,20:00:00,5604,0.06,1801.38,30.73,
Norte,E0,20:00:00,5613,0.06,1801.39,32.58,
Norte,E0,20:00:00,5614,0.02,1801.4,32.67,
Norte,E0,20:00:00,5620,0.04,1801.37,32.52,
Norte,E0,20:00:00,5621,0.03,1801.37,32.46,
Norte,E0,20:00:00,5678,0.05,1801.38,30.05,
Norte,E0,20:00:00,5685,0.02,1801.4,25.86,
Norte,E0,20:00:00,5709,0.14,1801.51,21.04,
Norte,E0,20:00:00,5744,0.05,1801.4,32.32,
Norte,E0,20:00:00,5746,0.07,1801.45,24.6,
Norte,E0,20:00:00,5747,0.04,1801.43,26.1,
Norte,E0,20:00:00,5748,0.05,1801.56,21.3,
Norte,E0,20:00:00,5749,0.05,1801.62,21.47,
Norte,E0,20:00:00,5750,0.03,1801.67,21.34,
Norte,E0,20:00:00,5760,0.04,1801.72,21.08,
Norte,E0,20:00:00,5761,0.03,1801.68,21.45,
Norte,E0,20:00:00,5762,0.01,1801.77,20.53,
Norte,E0,20:00:00,5763,0.03,1801.76,20.76,
Norte,E0,20:00:00,10020,0.04,1801.39,33.45,
Norte,E0,20:00:00,10059,0.04,1801.37,29.88,
Norte,E0,20:00:00,10061,0.0,1801.47,20.76,
Norte,E0,20:00:00,10062,0.0,1801.49,20.67,
Norte,E0,20:00:00,10063,0.0,1801.52,20.93,
Norte,E0,20:00:00,10082,0.08,1801.45,20.71,
Norte,E0,21:00:00,346,0.04,1801.28,33.58,
Norte,E0,21:00:00,347,0.08,1801.28,33.76,
Norte,E0,21:00:00,348,0.12,1801.28,33.77,
Norte,E0,21:00:00,349,0.06,1801.28,32.45,
Norte,E0,21:00:00,350,0.03,1801.28,32.44,
Norte,E0,21:00:00,351,0.05,1801.28,34.03,
Norte,E0,21:00:00,352,0.13,1801.28,33.91,
Norte,E0,21:00:00,353,0.08,1801.28,33.82,
Norte,E0,21:00:00,354,0.13,1801.31,32.61,
Norte,E0,21:00:00,355,0.05,1801.31,32.53,
Norte,E0,21:00:00,356,0.09,1801.31,32.57,
Norte,E0,21:00:00,357,0.04,1801.31,32.79,
Norte,E0,21:00:00,358,0.02,1801.31,33.04,
Norte,E0,21:00:00,362,0.08,1801.3,32.6,
Norte,E0,21:00:00,363,0.04,1801.3,32.59,
Norte,E0,21:00:00,364,0.08,1801.3,32.59,
Norte,E0,21:00:00,368,0.04,1801.28,32.61,
Norte,E0,21:00:00,371,0.06,1801.28,32.59,
Norte,E0,21:00:00,400,0.06,1801.29,32.31,
Norte,E0,21:00:00,401,0.06,1801.29,32.33,
Norte,E0,21:00:00,404,0.02,1801.29,32.13,
Norte,E0,21:00:00,405,0.01,1801.29,32.08,
Norte,E0,21:00:00,1049,0.03,1801.28,29.88,
Norte,E0,21:00:00,1051,0.04,1801.28,29.77,
Norte,E0,21:00:00,1053,0.02,1801.28,29.77,
Norte,E0,21:00:00,1059,0.06,1801.28,29.54,
Norte,E0,21:00:00,1063,0.03,1801.28,29.27,
Norte,E0,21:00:00,1077,0.03,1801.28,29.73,
Norte,E0,21:00:00,1089,0.04,1801.28,29.89,
Norte,E0,21:00:00,1093,0.08,1801.28,29.44,
Norte,E0,21:00:00,1094,0.02,1801.28,29.2,
Norte,E0,21:00:00,1095,0.02,1801.28,29.69,
Norte,E0,21:00:00,1100,0.04,1801.28,30.3,
Norte,E0,21:00:00,1102,0.07,1801.28,30.25,
Norte,E0,21:00:00,1103,0.01,1801.28,31.23,
Norte,E0,21:00:00,1104,0.08,1801.28,30.28,
Norte,E0,21:00:00,1106,0.09,1801.28,30.22,
Norte,E0,21:00:00,1107,0.04,1801.28,30.48,
Norte,E0,21:00:00,1109,0.01,1801.28,30.47,
Norte,E0,21:00:00,1110,0.01,1801.28,30.11,
Norte,E0,21:00:00,1112,0.02,1801.28,30.13,
Norte,E0,21:00:00,1113,0.04,1801.28,29.87,
Norte,E0,21:00:00,1115,0.08,1801.28,29.86,
Norte,E0,21:00:00,1117,0.09,1801.28,29.91,
Norte,E0,21:00:00,1119,0.11,1801.28,30.5,
Norte,E0,21:00:00,1120,0.08,1801.28,30.07,
Norte,E0,21:00:00,1122,0.06,1801.28,31.37,
Norte,E0,21:00:00,1125,0.06,1801.28,31.31,
Norte,E0,21:00:00,1128,0.07,1801.28,31.56,
Norte,E0,21:00:00,1130,0.07,1801.28,31.38,
Norte,E0,21:00:00,1131,0.08,1801.28,31.53,
Norte,E0,21:00:00,1133,0.03,1801.28,32.56,
Norte,E0,21:00:00,1134,0.14,1801.32,32.65,
Norte,E0,21:00:00,1135,0.1,1801.28,32.74,
Norte,E0,21:00:00,1137,0.13,1801.31,32.58,
Norte,E0,21:00:00,1139,0.08,1801.31,32.56,
Norte,E0,21:00:00,1140,0.03,1801.31,32.61,
Norte,E0,21:00:00,1141,0.05,1801.28,31.54,
Norte,E0,21:00:00,1142,0.03,1801.3,31.5,
Norte,E0,21:00:00,1143,0.08,1801.3,32.35,
Norte,E0,21:00:00,1144,0.08,1801.28,32.51,
Norte,E0,21:00:00,1145,0.03,1801.3,32.44,
Norte,E0,21:00:00,1147,0.0,1801.29,32.59,
Norte,E0,21:00:00,1148,0.0,1801.29,32.6,
Norte,E0,21:00:00,1149,0.16,1801.33,31.22,
Norte,E0,21:00:00,1150,0.21,1801.29,31.01,
Norte,E0,21:00:00,1151,0.04,1801.39,27.16,
Norte,E0,21:00:00,1153,0.01,1801.34,28.74,
Norte,E0,21:00:00,1154,0.0,1801.34,29.19,
Norte,E0,21:00:00,1158,0.11,1801.34,29.4,
Norte,E0,21:00:00,1159,0.08,1801.33,31.77,
Norte,E0,21:00:00,1161,0.04,1801.33,30.84,
Norte,E0,21:00:00,1162,0.01,1801.32,32.26,
Norte,E0,21:00:00,1164,0.1,1801.31,32.33,
Norte,E0,21:00:00,1165,0.03,1801.32,32.45,
Norte,E0,21:00:00,1166,0.05,1801.32,32.0,
Norte,E0,21:00:00,1169,0.09,1801.31,32.61,
Norte,E0,21:00:00,1171,0.07,1801.3,32.62,
Norte,E0,21:00:00,1172,0.16,1801.3,33.67,
Norte,E0,21:00:00,1174,0.06,1801.3,33.47,
Norte,E0,21:00:00,1175,0.12,1801.31,31.97,
Norte,E0,21:00:00,1176,0.17,1801.31,33.46,
Norte,E0,21:00:00,1179,0.06,1801.31,32.97,
Norte,E0,21:00:00,1181,0.01,1801.3,33.46,
Norte,E0,21:00:00,1182,0.06,1801.31,32.7,
Norte,E0,21:00:00,1184,0.04,1801.35,24.91,
Norte,E0,21:00:00,1185,0.02,1801.34,26.61,
Norte,E0,21:00:00,1186,0.01,1801.34,25.93,
Norte,E0,21:00:00,1187,0.21,1801.32,25.61,
Norte,E0,21:00:00,1189,0.01,1801.26,25.17,
Norte,E0,21:00:00,1190,0.06,1801.26,26.13,
Norte,E0,21:00:00,1191,0.06,1801.31,29.19,
Norte,E0,21:00:00,1192,0.01,1801.31,27.29,
Norte,E0,21:00:00,1196,0.05,1801.22,27.0,
Norte,E0,21:00:00,1197,0.05,1801.22,27.47,
Norte,E0,21:00:00,1207,0.11,1801.22,25.43,
Norte,E0,21:00:00,1216,0.08,1801.22,19.19,
Norte,E0,21:00:00,1221,0.05,1801.37,19.81,
Norte,E0,21:00:00,1223,0.05,1801.37,19.59,
Norte,E0,21:00:00,1224,0.07,1801.36,23.18,
Norte,E0,21:00:00,1225,0.03,1801.34,24.64,
Norte,E0,21:00:00,1226,0.06,1801.36,23.41,
Norte,E0,21:00:00,1228,0.03,1801.36,22.74,
Norte,E0,21:00:00,1229,0.01,1801.36,22.44,
Norte,E0,21:00:00,1230,0.01,1801.36,22.39,
Norte,E0,21:00:00,1231,0.01,1801.36,22.47,
Norte,E0,21:00:00,1232,0.02,1801.36,21.93,
Norte,E0,21:00:00,1233,0.01,1801.36,21.9,
Norte,E0,21:00:00,1240,0.11,1801.37,21.2,
Norte,E0,21:00:00,1242,0.11,1801.36,22.36,
Norte,E0,21:00:00,1243,0.04,1801.36,23.13,
Norte,E0,21:00:00,1244,0.11,1801.34,24.67,
Norte,E0,21:00:00,1245,0.06,1801.34,25.75,
Norte,E0,21:00:00,1246,0.03,1801.32,25.92,
Norte,E0,21:00:00,1247,0.07,1801.32,25.68,
Norte,E0,21:00:00,1248,0.07,1801.32,25.39,
Norte,E0,21:00:00,1249,0.14,1801.35,23.77,
Norte,E0,21:00:00,1250,0.15,1801.37,22.68,
Norte,E0,21:00:00,1252,0.11,1801.38,21.29,
Norte,E0,21:00:00,1253,0.14,1801.35,23.74,
Norte,E0,21:00:00,1254,0.14,1801.38,22.08,
Norte,E0,21:00:00,1255,0.08,1801.41,21.84,
Norte,E0,21:00:00,1257,0.08,1801.41,21.22,
Norte,E0,21:00:00,1265,0.03,1801.46,20.87,
Norte,E0,21:00:00,1268,0.07,1801.45,20.95,
Norte,E0,21:00:00,1272,0.03,1801.43,21.6,
Norte,E0,21:00:00,1274,0.06,1801.43,21.63,
Norte,E0,21:00:00,1276,0.13,1801.4,22.59,
Norte,E0,21:00:00,1279,0.06,1801.39,23.88,
Norte,E0,21:00:00,1281,0.07,1801.39,24.25,
Norte,E0,21:00:00,1282,0.03,1801.39,25.72,
Norte,E0,21:00:00,1284,0.03,1801.29,31.05,
Norte,E0,21:00:00,1286,0.08,1801.39,22.8,
Norte,E0,21:00:00,1288,0.01,1801.39,24.83,
Norte,E0,21:00:00,1289,0.02,1801.39,23.16,
Norte,E0,21:00:00,1290,0.1,1801.39,23.24,
Norte,E0,21:00:00,1291,0.01,1801.39,21.0,
Norte,E0,21:00:00,1292,0.06,1801.39,21.23,
Norte,E0,21:00:00,1293,0.08,1801.4,21.89,
Norte,E0,21:00:00,1294,0.02,1801.4,21.74,
Norte,E0,21:00:00,1295,0.13,1801.41,20.92,
Norte,E0,21:00:00,1297,0.09,1801.42,20.54,
Norte,E0,21:00:00,1302,0.09,1801.41,20.01,
Norte,E0,21:00:00,1304,0.06,1801.41,20.01,
Norte,E0,21:00:00,1305,0.0,1801.41,20.02,
Norte,E0,21:00:00,1306,0.07,1801.41,20.02,
Norte,E0,21:00:00,1308,0.08,1801.4,20.54,
Norte,E0,21:00:00,1309,0.04,1801.4,28.43,
Norte,E0,21:00:00,1310,0.02,1801.4,24.58,
Norte,E0,21:00:00,1312,0.1,1801.32,29.4,
Norte,E0,21:00:00,1313,0.0,1801.33,29.63,
Norte,E0,21:00:00,1315,0.07,1801.33,29.59,
Norte,E0,21:00:00,1318,0.08,1801.28,29.55,
Norte,E0,21:00:00,1319,0.02,1801.28,29.2,
Norte,E0,21:00:00,1321,0.05,1801.4,21.43,
Norte,E0,21:00:00,1322,0.01,1801.4,22.2,
Norte,E0,21:00:00,1323,0.06,1801.4,21.99,
Norte,E0,21:00:00,1324,0.03,1801.41,20.56,
Norte,E0,21:00:00,1326,0.09,1801.4,20.21,
Norte,E0,21:00:00,1334,0.06,1801.39,22.11,
Norte,E0,21:00:00,1335,0.07,1801.37,22.66,
Norte,E0,21:00:00,1336,0.01,1801.37,21.79,
Norte,E0,21:00:00,1340,0.04,1801.39,29.05,
Norte,E0,21:00:00,5010,0.03,1801.37,25.92,
Norte,E0,21:00:00,5011,0.05,1801.26,26.05,
Norte,E0,21:00:00,5019,0.06,1801.28,32.1,
Norte,E0,21:00:00,5086,0.07,1801.29,32.58,
Norte,E0,21:00:00,5087,0.01,1801.29,32.63,
Norte,E0,21:00:00,5108,0.0,1801.26,25.98,
Norte,E0,21:00:00,5112,0.02,1801.43,21.64,
Norte,E0,21:00:00,5148,0.0,1801.29,32.31,
Norte,E0,21:00:00,5193,0.0,1801.28,31.43,
Norte,E0,21:00:00,5204,0.14,1801.22,25.5,
Norte,E0,21:00:00,5241,0.0,1801.37,19.74,
Norte,E0,21:00:00,5264,0.02,1801.29,32.59,
Norte,E0,21:00:00,5289,0.01,1801.28,29.8,
Norte,E0,21:00:00,5291,0.02,1801.33,29.85,
Norte,E0,21:00:00,5311,0.13,1801.28,32.53,
Norte,E0,21:00:00,5312,0.01,1801.28,32.67,
Norte,E0,21:00:00,5313,0.01,1801.28,32.47,
Norte,E0,21:00:00,5314,0.01,1801.26,25.91,
Norte,E0,21:00:00,5342,0.03,1801.37,25.82,
Norte,E0,21:00:00,5343,0.14,1801.45,20.97,
Norte,E0,21:00:00,5344,0.14,1801.44,25.9,
Norte,E0,21:00:00,5345,0.14,1801.44,26.06,
Norte,E0,21:00:00,5478,0.0,1801.43,21.65,
Norte,E0,21:00:00,5484,0.01,1801.37,19.21,
Norte,E0,21:00:00,5493,0.01,1801.31,30.83,
Norte,E0,21:00:00,5494,0.01,1801.31,30.9,
Norte,E0,21:00:00,5495,0.1,1801.28,32.81,
Norte,E0,21:00:00,5506,0.02,1801.36,22.88,
Norte,E0,21:00:00,5523,0.0,1801.28,29.27,
Norte,E0,21:00:00,5533,0.03,1801.39,20.85,
Norte,E0,21:00:00,5537,0.04,1801.28,29.53,
Norte,E0,21:00:00,5538,0.07,1801.28,29.85,
Norte,E0,21:00:00,5603,0.05,1801.3,31.08,
Norte,E0,21:00:00,5604,0.07,1801.29,30.64,
Norte,E0,21:00:00,5613,0.07,1801.3,32.49,
Norte,E0,21:00:00,5614,0.03,1801.31,32.58,
Norte,E0,21:00:00,5620,0.05,1801.28,32.43,
Norte,E0,21:00:00,5621,0.04,1801.28,32.37,
Norte,E0,21:00:00,5678,0.06,1801.28,29.96,
Norte,E0,21:00:00,5685,0.02,1801.31,25.77,
Norte,E0,21:00:00,5709,0.16,1801.45,20.98,
Norte,E0,21:00:00,5744,0.05,1801.32,32.24,
Norte,E0,21:00:00,5746,0.08,1801.37,24.52,
Norte,E0,21:00:00,5747,0.05,1801.35,26.02,
Norte,E0,21:00:00,5748,0.06,1801.51,21.25,
Norte,E0,21:00:00,5749,0.06,1801.59,21.44,
Norte,E0,21:00:00,5750,0.03,1801.65,21.32,
Norte,E0,21:00:00,5760,0.04,1801.71,21.07,
Norte,E0,21:00:00,5761,0.03,1801.66,21.43,
Norte,E0,21:00:00,5762,0.01,1801.77,20.53,
Norte,E0,21:00:00,5763,0.03,1801.75,20.75,
Norte,E0,21:00:00,10020,0.05,1801.3,33.36,
Norte,E0,21:00:00,10059,0.04,1801.28,29.79,
Norte,E0,21:00:00,10061,0.0,1801.39,20.68,
Norte,E0,21:00:00,10062,0.0,1801.42,20.6,
Norte,E0,21:00:00,10063,0.0,1801.46,20.87,
Norte,E0,21:00:00,10082,0.09,1801.37,20.63,
Norte,E0,22:00:00,346,0.04,1801.36,33.66,
Norte,E0,22:00:00,347,0.07,1801.36,33.84,
Norte,E0,22:00:00,348,0.11,1801.36,33.85,
Norte,E0,22:00:00,349,0.05,1801.36,32.53,
Norte,E0,22:00:00,350,0.03,1801.36,32.52,
Norte,E0,22:00:00,351,0.05,1801.36,34.11,
Norte,E0,22:00:00,352,0.12,1801.36,33.99,
Norte,E0,22:00:00,353,0.07,1801.36,33.9,
Norte,E0,22:00:00,354,0.12,1801.39,32.69,
Norte,E0,22:00:00,355,0.05,1801.39,32.61,
Norte,E0,22:00:00,356,0.08,1801.39,32.65,
Norte,E0,22:00:00,357,0.03,1801.39,32.87,
Norte,E0,22:00:00,358,0.02,1801.39,33.12,
Norte,E0,22:00:00,362,0.08,1801.38,32.68,
Norte,E0,22:00:00,363,0.04,1801.38,32.67,
Norte,E0,22:00:00,364,0.07,1801.38,32.67,
Norte,E0,22:00:00,368,0.03,1801.37,32.7,
Norte,E0,22:00:00,371,0.05,1801.37,32.68,
Norte,E0,22:00:00,400,0.06,1801.37,32.39,
Norte,E0,22:00:00,401,0.05,1801.37,32.41,
Norte,E0,22:00:00,404,0.02,1801.37,32.21,
Norte,E0,22:00:00,405,0.01,1801.37,32.16,
Norte,E0,22:00:00,1049,0.03,1801.36,29.96,
Norte,E0,22:00:00,1051,0.03,1801.36,29.85,
Norte,E0,22:00:00,1053,0.02,1801.36,29.85,
Norte,E0,22:00:00,1059,0.05,1801.36,29.62,
Norte,E0,22:00:00,1063,0.02,1801.36,29.35,
Norte,E0,22:00:00,1077,0.03,1801.37,29.82,
Norte,E0,22:00:00,1089,0.03,1801.36,29.97,
Norte,E0,22:00:00,1093,0.07,1801.36,29.52,
Norte,E0,22:00:00,1094,0.02,1801.36,29.28,
Norte,E0,22:00:00,1095,0.02,1801.36,29.77,
Norte,E0,22:00:00,1100,0.04,1801.36,30.38,
Norte,E0,22:00:00,1102,0.07,1801.36,30.33,
Norte,E0,22:00:00,1103,0.01,1801.37,31.32,
Norte,E0,22:00:00,1104,0.07,1801.36,30.36,
Norte,E0,22:00:00,1106,0.08,1801.36,30.3,
Norte,E0,22:00:00,1107,0.04,1801.37,30.57,
Norte,E0,22:00:00,1109,0.01,1801.36,30.55,
Norte,E0,22:00:00,1110,0.01,1801.37,30.2,
Norte,E0,22:00:00,1112,0.02,1801.37,30.22,
Norte,E0,22:00:00,1113,0.04,1801.37,29.96,
Norte,E0,22:00:00,1115,0.08,1801.37,29.95,
Norte,E0,22:00:00,1117,0.08,1801.37,30.0,
Norte,E0,22:00:00,1119,0.1,1801.36,30.58,
Norte,E0,22:00:00,1120,0.07,1801.37,30.16,
Norte,E0,22:00:00,1122,0.05,1801.37,31.46,
Norte,E0,22:00:00,1125,0.06,1801.37,31.4,
Norte,E0,22:00:00,1128,0.06,1801.37,31.65,
Norte,E0,22:00:00,1130,0.07,1801.37,31.47,
Norte,E0,22:00:00,1131,0.07,1801.37,31.62,
Norte,E0,22:00:00,1133,0.02,1801.36,32.64,
Norte,E0,22:00:00,1134,0.13,1801.39,32.72,
Norte,E0,22:00:00,1135,0.09,1801.37,32.83,
Norte,E0,22:00:00,1137,0.11,1801.39,32.66,
Norte,E0,22:00:00,1139,0.07,1801.39,32.64,
Norte,E0,22:00:00,1140,0.03,1801.39,32.69,
Norte,E0,22:00:00,1141,0.05,1801.36,31.62,
Norte,E0,22:00:00,1142,0.02,1801.38,31.58,
Norte,E0,22:00:00,1143,0.07,1801.38,32.43,
Norte,E0,22:00:00,1144,0.07,1801.36,32.59,
Norte,E0,22:00:00,1145,0.03,1801.38,32.52,
Norte,E0,22:00:00,1147,0.0,1801.37,32.67,
Norte,E0,22:00:00,1148,0.0,1801.38,32.69,
Norte,E0,22:00:00,1149,0.14,1801.41,31.3,
Norte,E0,22:00:00,1150,0.19,1801.38,31.1,
Norte,E0,22:00:00,1151,0.03,1801.45,27.22,
Norte,E0,22:00:00,1153,0.01,1801.42,28.82,
Norte,E0,22:00:00,1154,0.0,1801.42,29.27,
Norte,E0,22:00:00,1158,0.1,1801.42,29.48,
Norte,E0,22:00:00,1159,0.07,1801.41,31.85,
Norte,E0,22:00:00,1161,0.03,1801.41,30.92,
Norte,E0,22:00:00,1162,0.01,1801.4,32.34,
Norte,E0,22:00:00,1164,0.09,1801.39,32.41,
Norte,E0,22:00:00,1165,0.03,1801.4,32.53,
Norte,E0,22:00:00,1166,0.05,1801.4,32.08,
Norte,E0,22:00:00,1169,0.08,1801.39,32.69,
Norte,E0,22:00:00,1171,0.06,1801.38,32.7,
Norte,E0,22:00:00,1172,0.14,1801.38,33.75,
Norte,E0,22:00:00,1174,0.05,1801.38,33.55,
Norte,E0,22:00:00,1175,0.11,1801.39,32.05,
Norte,E0,22:00:00,1176,0.16,1801.39,33.54,
Norte,E0,22:00:00,1179,0.05,1801.39,33.05,
Norte,E0,22:00:00,1181,0.01,1801.38,33.54,
Norte,E0,22:00:00,1182,0.05,1801.39,32.78,
Norte,E0,22:00:00,1184,0.03,1801.42,24.98,
Norte,E0,22:00:00,1185,0.02,1801.42,26.69,
Norte,E0,22:00:00,1186,0.01,1801.42,26.01,
Norte,E0,22:00:00,1187,0.19,1801.4,25.69,
Norte,E0,22:00:00,1189,0.01,1801.35,25.26,
Norte,E0,22:00:00,1190,0.06,1801.34,26.21,
Norte,E0,22:00:00,1191,0.06,1801.39,29.27,
Norte,E0,22:00:00,1192,0.01,1801.39,27.37,
Norte,E0,22:00:00,1196,0.05,1801.32,27.1,
Norte,E0,22:00:00,1197,0.04,1801.32,27.57,
Norte,E0,22:00:00,1207,0.1,1801.32,25.53,
Norte,E0,22:00:00,1216,0.08,1801.32,19.29,
Norte,E0,22:00:00,1221,0.04,1801.44,19.88,
Norte,E0,22:00:00,1223,0.04,1801.44,19.66,
Norte,E0,22:00:00,1224,0.06,1801.43,23.25,
Norte,E0,22:00:00,1225,0.03,1801.41,24.71,
Norte,E0,22:00:00,1226,0.06,1801.43,23.48,
Norte,E0,22:00:00,1228,0.03,1801.43,22.81,
Norte,E0,22:00:00,1229,0.01,1801.43,22.51,
Norte,E0,22:00:00,1230,0.01,1801.43,22.46,
Norte,E0,22:00:00,1231,0.01,1801.43,22.54,
Norte,E0,22:00:00,1232,0.02,1801.43,22.0,
Norte,E0,22:00:00,1233,0.01,1801.43,21.97,
Norte,E0,22:00:00,1240,0.1,1801.44,21.27,
Norte,E0,22:00:00,1242,0.1,1801.43,22.43,
Norte,E0,22:00:00,1243,0.04,1801.43,23.2,
Norte,E0,22:00:00,1244,0.1,1801.41,24.74,
Norte,E0,22:00:00,1245,0.05,1801.41,25.82,
Norte,E0,22:00:00,1246,0.03,1801.4,26.0,
Norte,E0,22:00:00,1247,0.06,1801.4,25.76,
Norte,E0,22:00:00,1248,0.06,1801.4,25.47,
Norte,E0,22:00:00,1249,0.12,1801.42,23.84,
Norte,E0,22:00:00,1250,0.13,1801.44,22.75,
Norte,E0,22:00:00,1252,0.1,1801.45,21.36,
Norte,E0,22:00:00,1253,0.13,1801.43,23.82,
Norte,E0,22:00:00,1254,0.12,1801.45,22.15,
Norte,E0,22:00:00,1255,0.07,1801.47,21.9,
Norte,E0,22:00:00,1257,0.07,1801.48,21.29,
Norte,E0,22:00:00,1265,0.03,1801.51,20.92,
Norte,E0,22:00:00,1268,0.06,1801.51,21.01,
Norte,E0,22:00:00,1272,0.03,1801.49,21.66,
Norte,E0,22:00:00,1274,0.05,1801.49,21.69,
Norte,E0,22:00:00,1276,0.12,1801.47,22.66,
Norte,E0,22:00:00,1279,0.05,1801.45,23.94,
Norte,E0,22:00:00,1281,0.06,1801.45,24.31,
Norte,E0,22:00:00,1282,0.02,1801.45,25.78,
Norte,E0,22:00:00,1284,0.03,1801.38,31.14,
Norte,E0,22:00:00,1286,0.07,1801.46,22.87,
Norte,E0,22:00:00,1288,0.01,1801.46,24.9,
Norte,E0,22:00:00,1289,0.02,1801.46,23.23,
Norte,E0,22:00:00,1290,0.09,1801.46,23.31,
Norte,E0,22:00:00,1291,0.01,1801.46,21.07,
Norte,E0,22:00:00,1292,0.06,1801.46,21.3,
Norte,E0,22:00:00,1293,0.07,1801.46,21.95,
Norte,E0,22:00:00,1294,0.02,1801.47,21.81,
Norte,E0,22:00:00,1295,0.12,1801.47,20.98,
Norte,E0,22:00:00,1297,0.09,1801.48,20.6,
Norte,E0,22:00:00,1302,0.08,1801.47,20.07,
Norte,E0,22:00:00,1304,0.05,1801.47,20.07,
Norte,E0,22:00:00,1305,0.0,1801.47,20.08,
Norte,E0,22:00:00,1306,0.06,1801.47,20.08,
Norte,E0,22:00:00,1308,0.07,1801.46,20.6,
Norte,E0,22:00:00,1309,0.04,1801.46,28.49,
Norte,E0,22:00:00,1310,0.02,1801.46,24.64,
Norte,E0,22:00:00,1312,0.09,1801.4,29.48,
Norte,E0,22:00:00,1313,0.0,1801.4,29.7,
Norte,E0,22:00:00,1315,0.06,1801.4,29.66,
Norte,E0,22:00:00,1318,0.07,1801.36,29.63,
Norte,E0,22:00:00,1319,0.02,1801.36,29.28,
Norte,E0,22:00:00,1321,0.04,1801.46,21.49,
Norte,E0,22:00:00,1322,0.0,1801.46,22.26,
Norte,E0,22:00:00,1323,0.05,1801.46,22.05,
Norte,E0,22:00:00,1324,0.02,1801.47,20.62,
Norte,E0,22:00:00,1326,0.08,1801.46,20.27,
Norte,E0,22:00:00,1334,0.06,1801.46,22.18,
Norte,E0,22:00:00,1335,0.06,1801.44,22.73,
Norte,E0,22:00:00,1336,0.01,1801.44,21.86,
Norte,E0,22:00:00,1340,0.04,1801.46,29.12,
Norte,E0,22:00:00,5010,0.03,1801.44,25.99,
Norte,E0,22:00:00,5011,0.05,1801.35,26.14,
Norte,E0,22:00:00,5019,0.05,1801.36,32.18,
Norte,E0,22:00:00,5086,0.06,1801.37,32.66,
Norte,E0,22:00:00,5087,0.01,1801.37,32.71,
Norte,E0,22:00:00,5108,0.0,1801.35,26.07,
Norte,E0,22:00:00,5112,0.02,1801.49,21.7,
Norte,E0,22:00:00,5148,0.0,1801.37,32.39,
Norte,E0,22:00:00,5193,0.0,1801.37,31.52,
Norte,E0,22:00:00,5204,0.13,1801.32,25.6,
Norte,E0,22:00:00,5241,0.0,1801.44,19.81,
Norte,E0,22:00:00,5264,0.02,1801.38,32.68,
Norte,E0,22:00:00,5289,0.01,1801.36,29.88,
Norte,E0,22:00:00,5291,0.02,1801.4,29.92,
Norte,E0,22:00:00,5311,0.12,1801.36,32.61,
Norte,E0,22:00:00,5312,0.0,1801.36,32.75,
Norte,E0,22:00:00,5313,0.01,1801.36,32.55,
Norte,E0,22:00:00,5314,0.01,1801.35,26.0,
Norte,E0,22:00:00,5342,0.03,1801.44,25.89,
Norte,E0,22:00:00,5343,0.12,1801.5,21.02,
Norte,E0,22:00:00,5344,0.13,1801.5,25.96,
Norte,E0,22:00:00,5345,0.13,1801.5,26.12,
Norte,E0,22:00:00,5478,0.0,1801.49,21.71,
Norte,E0,22:00:00,5484,0.01,1801.44,19.28,
Norte,E0,22:00:00,5493,0.01,1801.39,30.91,
Norte,E0,22:00:00,5494,0.01,1801.39,30.98,
Norte,E0,22:00:00,5495,0.09,1801.36,32.89,
Norte,E0,22:00:00,5506,0.02,1801.43,22.95,
Norte,E0,22:00:00,5523,0.0,1801.37,29.36,
Norte,E0,22:00:00,5533,0.03,1801.46,20.92,
Norte,E0,22:00:00,5537,0.04,1801.37,29.62,
Norte,E0,22:00:00,5538,0.06,1801.37,29.94,
Norte,E0,22:00:00,5603,0.04,1801.38,31.16,
Norte,E0,22:00:00,5604,0.06,1801.37,30.72,
Norte,E0,22:00:00,5613,0.06,1801.38,32.57,
Norte,E0,22:00:00,5614,0.03,1801.39,32.66,
Norte,E0,22:00:00,5620,0.04,1801.36,32.51,
Norte,E0,22:00:00,5621,0.03,1801.36,32.45,
Norte,E0,22:00:00,5678,0.06,1801.36,30.04,
Norte,E0,22:00:00,5685,0.02,1801.39,25.85,
Norte,E0,22:00:00,5709,0.14,1801.5,21.03,
Norte,E0,22:00:00,5744,0.05,1801.39,32.31,
Norte,E0,22:00:00,5746,0.07,1801.44,24.59,
Norte,E0,22:00:00,5747,0.04,1801.42,26.09,
Norte,E0,22:00:00,5748,0.06,1801.56,21.3,
Norte,E0,22:00:00,5749,0.06,1801.62,21.47,
Norte,E0,22:00:00,5750,0.03,1801.67,21.34,
Norte,E0,22:00:00,5760,0.04,1801.72,21.08,
Norte,E0,22:00:00,5761,0.03,1801.68,21.45,
Norte,E0,22:00:00,5762,0.01,1801.77,20.53,
Norte,E0,22:00:00,5763,0.03,1801.75,20.75,
Norte,E0,22:00:00,10020,0.04,1801.38,33.44,
Norte,E0,22:00:00,10059,0.04,1801.36,29.87,
Norte,E0,22:00:00,10061,0.0,1801.46,20.75,
Norte,E0,22:00:00,10062,0.0,1801.48,20.66,
Norte,E0,22:00:00,10063,0.0,1801.51,20.92,
Norte,E0,22:00:00,10082,0.08,1801.44,20.7,
Norte,E0,23:00:00,346,0.04,1801.42,33.72,
Norte,E0,23:00:00,347,0.07,1801.42,33.9,
Norte,E0,23:00:00,348,0.1,1801.42,33.91,
Norte,E0,23:00:00,349,0.05,1801.42,32.59,
Norte,E0,23:00:00,350,0.02,1801.42,32.58,
Norte,E0,23:00:00,351,0.04,1801.43,34.18,
Norte,E0,23:00:00,352,0.11,1801.43,34.06,
Norte,E0,23:00:00,353,0.06,1801.43,33.97,
Norte,E0,23:00:00,354,0.11,1801.44,32.74,
Norte,E0,23:00:00,355,0.04,1801.45,32.67,
Norte,E0,23:00:00,356,0.07,1801.45,32.71,
Norte,E0,23:00:00,357,0.03,1801.45,32.93,
Norte,E0,23:00:00,358,0.02,1801.45,33.18,
Norte,E0,23:00:00,362,0.07,1801.44,32.74,
Norte,E0,23:00:00,363,0.03,1801.44,32.73,
Norte,E0,23:00:00,364,0.07,1801.44,32.73,
Norte,E0,23:00:00,368,0.03,1801.43,32.76,
Norte,E0,23:00:00,371,0.05,1801.43,32.74,
Norte,E0,23:00:00,400,0.05,1801.43,32.45,
Norte,E0,23:00:00,401,0.05,1801.43,32.47,
Norte,E0,23:00:00,404,0.02,1801.43,32.27,
Norte,E0,23:00:00,405,0.01,1801.43,32.22,
Norte,E0,23:00:00,1049,0.02,1801.43,30.03,
Norte,E0,23:00:00,1051,0.03,1801.43,29.92,
Norte,E0,23:00:00,1053,0.02,1801.43,29.92,
Norte,E0,23:00:00,1059,0.05,1801.43,29.69,
Norte,E0,23:00:00,1063,0.02,1801.43,29.42,
Norte,E0,23:00:00,1077,0.02,1801.43,29.88,
Norte,E0,23:00:00,1089,0.03,1801.42,30.03,
Norte,E0,23:00:00,1093,0.06,1801.42,29.58,
Norte,E0,23:00:00,1094,0.02,1801.42,29.34,
Norte,E0,23:00:00,1095,0.02,1801.43,29.84,
Norte,E0,23:00:00,1100,0.04,1801.43,30.45,
Norte,E0,23:00:00,1102,0.06,1801.43,30.4,
Norte,E0,23:00:00,1103,0.01,1801.43,31.38,
Norte,E0,23:00:00,1104,0.06,1801.43,30.43,
Norte,E0,23:00:00,1106,0.07,1801.43,30.37,
Norte,E0,23:00:00,1107,0.03,1801.43,30.63,
Norte,E0,23:00:00,1109,0.01,1801.43,30.62,
Norte,E0,23:00:00,1110,0.01,1801.43,30.26,
Norte,E0,23:00:00,1112,0.02,1801.43,30.28,
Norte,E0,23:00:00,1113,0.03,1801.43,30.02,
Norte,E0,23:00:00,1115,0.07,1801.43,30.01,
Norte,E0,23:00:00,1117,0.07,1801.43,30.06,
Norte,E0,23:00:00,1119,0.09,1801.43,30.65,
Norte,E0,23:00:00,1120,0.07,1801.43,30.22,
Norte,E0,23:00:00,1122,0.05,1801.43,31.52,
Norte,E0,23:00:00,1125,0.05,1801.43,31.46,
Norte,E0,23:00:00,1128,0.05,1801.43,31.71,
Norte,E0,23:00:00,1130,0.06,1801.43,31.53,
Norte,E0,23:00:00,1131,0.07,1801.43,31.68,
Norte,E0,23:00:00,1133,0.02,1801.43,32.71,
Norte,E0,23:00:00,1134,0.12,1801.45,32.78,
Norte,E0,23:00:00,1135,0.08,1801.43,32.89,
Norte,E0,23:00:00,1137,0.1,1801.45,32.72,
Norte,E0,23:00:00,1139,0.07,1801.45,32.7,
Norte,E0,23:00:00,1140,0.03,1801.45,32.75,
Norte,E0,23:00:00,1141,0.05,1801.43,31.69,
Norte,E0,23:00:00,1142,0.02,1801.44,31.64,
Norte,E0,23:00:00,1143,0.07,1801.44,32.49,
Norte,E0,23:00:00,1144,0.06,1801.43,32.66,
Norte,E0,23:00:00,1145,0.03,1801.44,32.58,
Norte,E0,23:00:00,1147,0.0,1801.43,32.73,
Norte,E0,23:00:00,1148,0.0,1801.44,32.75,
Norte,E0,23:00:00,1149,0.13,1801.46,31.35,
Norte,E0,23:00:00,1150,0.18,1801.44,31.16,
Norte,E0,23:00:00,1151,0.03,1801.5,27.27,
Norte,E0,23:00:00,1153,0.01,1801.47,28.87,
Norte,E0,23:00:00,1154,0.0,1801.47,29.32,
Norte,E0,23:00:00,1158,0.09,1801.47,29.53,
Norte,E0,23:00:00,1159,0.07,1801.46,31.9,
Norte,E0,23:00:00,1161,0.03,1801.46,30.97,
Norte,E0,23:00:00,1162,0.0,1801.45,32.39,
Norte,E0,23:00:00,1164,0.08,1801.45,32.47,
Norte,E0,23:00:00,1165,0.03,1801.45,32.58,
Norte,E0,23:00:00,1166,0.04,1801.45,32.13,
Norte,E0,23:00:00,1169,0.07,1801.45,32.75,
Norte,E0,23:00:00,1171,0.06,1801.44,32.76,
Norte,E0,23:00:00,1172,0.13,1801.44,33.81,
Norte,E0,23:00:00,1174,0.05,1801.44,33.61,
Norte,E0,23:00:00,1175,0.1,1801.45,32.11,
Norte,E0,23:00:00,1176,0.14,1801.45,33.6,
Norte,E0,23:00:00,1179,0.05,1801.45,33.11,
Norte,E0,23:00:00,1181,0.01,1801.44,33.6,
Norte,E0,23:00:00,1182,0.05,1801.45,32.84,
Norte,E0,23:00:00,1184,0.03,1801.48,25.04,
Norte,E0,23:00:00,1185,0.02,1801.47,26.74,
Norte,E0,23:00:00,1186,0.01,1801.47,26.06,
Norte,E0,23:00:00,1187,0.17,1801.45,25.74,
Norte,E0,23:00:00,1189,0.01,1801.41,25.32,
Norte,E0,23:00:00,1190,0.05,1801.41,26.28,
Norte,E0,23:00:00,1191,0.05,1801.45,29.33,
Norte,E0,23:00:00,1192,0.01,1801.45,27.43,
Norte,E0,23:00:00,1196,0.04,1801.39,27.17,
Norte,E0,23:00:00,1197,0.04,1801.39,27.64,
Norte,E0,23:00:00,1207,0.09,1801.39,25.6,
Norte,E0,23:00:00,1216,0.07,1801.38,19.35,
Norte,E0,23:00:00,1221,0.04,1801.49,19.93,
Norte,E0,23:00:00,1223,0.04,1801.49,19.71,
Norte,E0,23:00:00,1224,0.06,1801.48,23.3,
Norte,E0,23:00:00,1225,0.03,1801.47,24.77,
Norte,E0,23:00:00,1226,0.05,1801.48,23.53,
Norte,E0,23:00:00,1228,0.03,1801.48,22.86,
Norte,E0,23:00:00,1229,0.01,1801.48,22.56,
Norte,E0,23:00:00,1230,0.01,1801.48,22.51,
Norte,E0,23:00:00,1231,0.01,1801.48,22.59,
Norte,E0,23:00:00,1232,0.02,1801.48,22.05,
Norte,E0,23:00:00,1233,0.01,1801.48,22.02,
Norte,E0,23:00:00,1240,0.09,1801.49,21.32,
Norte,E0,23:00:00,1242,0.09,1801.48,22.48,
Norte,E0,23:00:00,1243,0.03,1801.48,23.25,
Norte,E0,23:00:00,1244,0.09,1801.47,24.8,
Norte,E0,23:00:00,1245,0.05,1801.47,25.88,
Norte,E0,23:00:00,1246,0.03,1801.46,26.06,
Norte,E0,23:00:00,1247,0.06,1801.46,25.82,
Norte,E0,23:00:00,1248,0.05,1801.46,25.53,
Norte,E0,23:00:00,1249,0.11,1801.48,23.9,
Norte,E0,23:00:00,1250,0.12,1801.49,22.8,
Norte,E0,23:00:00,1252,0.09,1801.5,21.41,
Norte,E0,23:00:00,1253,0.12,1801.48,23.87,
Norte,E0,23:00:00,1254,0.11,1801.5,22.2,
Norte,E0,23:00:00,1255,0.06,1801.52,21.95,
Norte,E0,23:00:00,1257,0.07,1801.52,21.33,
Norte,E0,23:00:00,1265,0.03,1801.55,20.96,
Norte,E0,23:00:00,1268,0.05,1801.55,21.05,
Norte,E0,23:00:00,1272,0.03,1801.53,21.7,
Norte,E0,23:00:00,1274,0.05,1801.53,21.73,
Norte,E0,23:00:00,1276,0.11,1801.51,22.7,
Norte,E0,23:00:00,1279,0.05,1801.5,23.99,
Norte,E0,23:00:00,1281,0.05,1801.5,24.36,
Norte,E0,23:00:00,1282,0.02,1801.5,25.83,
Norte,E0,23:00:00,1284,0.02,1801.44,31.2,
Norte,E0,23:00:00,1286,0.07,1801.5,22.91,
Norte,E0,23:00:00,1288,0.01,1801.5,24.94,
Norte,E0,23:00:00,1289,0.02,1801.5,23.27,
Norte,E0,23:00:00,1290,0.08,1801.5,23.35,
Norte,E0,23:00:00,1291,0.01,1801.51,21.12,
Norte,E0,23:00:00,1292,0.05,1801.51,21.35,
Norte,E0,23:00:00,1293,0.07,1801.51,22.0,
Norte,E0,23:00:00,1294,0.02,1801.51,21.85,
Norte,E0,23:00:00,1295,0.11,1801.52,21.03,
Norte,E0,23:00:00,1297,0.08,1801.52,20.64,
Norte,E0,23:00:00,1302,0.08,1801.51,20.11,
Norte,E0,23:00:00,1304,0.05,1801.51,20.11,
Norte,E0,23:00:00,1305,0.0,1801.51,20.12,
Norte,E0,23:00:00,1306,0.05,1801.51,20.12,
Norte,E0,23:00:00,1308,0.07,1801.51,20.65,
Norte,E0,23:00:00,1309,0.03,1801.51,28.54,
Norte,E0,23:00:00,1310,0.02,1801.51,24.69,
Norte,E0,23:00:00,1312,0.08,1801.46,29.54,
Norte,E0,23:00:00,1313,0.0,1801.46,29.76,
Norte,E0,23:00:00,1315,0.05,1801.46,29.72,
Norte,E0,23:00:00,1318,0.07,1801.42,29.69,
Norte,E0,23:00:00,1319,0.01,1801.42,29.34,
Norte,E0,23:00:00,1321,0.04,1801.51,21.54,
Norte,E0,23:00:00,1322,0.0,1801.51,22.31,
Norte,E0,23:00:00,1323,0.05,1801.51,22.1,
Norte,E0,23:00:00,1324,0.02,1801.51,20.66,
Norte,E0,23:00:00,1326,0.07,1801.51,20.32,
Norte,E0,23:00:00,1334,0.05,1801.5,22.22,
Norte,E0,23:00:00,1335,0.06,1801.49,22.78,
Norte,E0,23:00:00,1336,0.01,1801.49,21.91,
Norte,E0,23:00:00,1340,0.03,1801.5,29.16,
Norte,E0,23:00:00,5010,0.03,1801.49,26.04,
Norte,E0,23:00:00,5011,0.04,1801.41,26.2,
Norte,E0,23:00:00,5019,0.05,1801.42,32.24,
Norte,E0,23:00:00,5086,0.06,1801.43,32.72,
Norte,E0,23:00:00,5087,0.01,1801.43,32.77,
Norte,E0,23:00:00,5108,0.0,1801.41,26.13,
Norte,E0,23:00:00,5112,0.02,1801.53,21.74,
Norte,E0,23:00:00,5148,0.0,1801.43,32.45,
Norte,E0,23:00:00,5193,0.0,1801.43,31.58,
Norte,E0,23:00:00,5204,0.12,1801.39,25.67,
Norte,E0,23:00:00,5241,0.0,1801.49,19.86,
Norte,E0,23:00:00,5264,0.02,1801.44,32.74,
Norte,E0,23:00:00,5289,0.01,1801.42,29.94,
Norte,E0,23:00:00,5291,0.01,1801.46,29.98,
Norte,E0,23:00:00,5311,0.11,1801.43,32.68,
Norte,E0,23:00:00,5312,0.0,1801.43,32.82,
Norte,E0,23:00:00,5313,0.01,1801.43,32.62,
Norte,E0,23:00:00,5314,0.01,1801.41,26.06,
Norte,E0,23:00:00,5342,0.03,1801.49,25.94,
Norte,E0,23:00:00,5343,0.11,1801.55,21.07,
Norte,E0,23:00:00,5344,0.11,1801.54,26.0,
Norte,E0,23:00:00,5345,0.11,1801.54,26.16,
Norte,E0,23:00:00,5478,0.0,1801.53,21.75,
Norte,E0,23:00:00,5484,0.0,1801.49,19.33,
Norte,E0,23:00:00,5493,0.01,1801.45,30.97,
Norte,E0,23:00:00,5494,0.01,1801.45,31.04,
Norte,E0,23:00:00,5495,0.08,1801.43,32.96,
Norte,E0,23:00:00,5506,0.01,1801.48,23.0,
Norte,E0,23:00:00,5523,0.0,1801.43,29.42,
Norte,E0,23:00:00,5533,0.02,1801.51,20.97,
Norte,E0,23:00:00,5537,0.03,1801.43,29.68,
Norte,E0,23:00:00,5538,0.06,1801.43,30.0,
Norte,E0,23:00:00,5603,0.04,1801.44,31.22,
Norte,E0,23:00:00,5604,0.06,1801.43,30.78,
Norte,E0,23:00:00,5613,0.06,1801.44,32.63,
Norte,E0,23:00:00,5614,0.02,1801.45,32.72,
Norte,E0,23:00:00,5620,0.04,1801.42,32.57,
Norte,E0,23:00:00,5621,0.03,1801.42,32.51,
Norte,E0,23:00:00,5678,0.05,1801.43,30.11,
Norte,E0,23:00:00,5685,0.02,1801.45,25.91,
Norte,E0,23:00:00,5709,0.13,1801.55,21.08,
Norte,E0,23:00:00,5744,0.04,1801.45,32.37,
Norte,E0,23:00:00,5746,0.07,1801.49,24.64,
Norte,E0,23:00:00,5747,0.04,1801.47,26.14,
Norte,E0,23:00:00,5748,0.05,1801.59,21.33,
Norte,E0,23:00:00,5749,0.05,1801.64,21.49,
Norte,E0,23:00:00,5750,0.03,1801.68,21.35,
Norte,E0,23:00:00,5760,0.03,1801.73,21.09,
Norte,E0,23:00:00,5761,0.02,1801.69,21.46,
Norte,E0,23:00:00,5762,0.01,1801.77,20.53,
Norte,E0,23:00:00,5763,0.02,1801.76,20.76,
Norte,E0,23:00:00,10020,0.04,1801.44,33.5,
Norte,E0,23:00:00,10059,0.03,1801.43,29.94,
Norte,E0,23:00:00,10061,0.0,1801.51,20.8,
Norte,E0,23:00:00,10062,0.0,1801.52,20.7,
Norte,E0,23:00:00,10063,0.0,1801.55,20.96,
Norte,E0,23:00:00,10082,0.07,1801.49,20.75,
Norte,E0,24:00:00,346,0.03,1801.47,33.77,
Norte,E0,24:00:00,347,0.06,1801.47,33.95,
Norte,E0,24:00:00,348,0.1,1801.47,33.96,
Norte,E0,24:00:00,349,0.04,1801.47,32.64,
Norte,E0,24:00:00,350,0.02,1801.47,32.63,
Norte,E0,24:00:00,351,0.04,1801.47,34.22,
Norte,E0,24:00:00,352,0.1,1801.47,34.1,
Norte,E0,24:00:00,353,0.06,1801.47,34.01,
Norte,E0,24:00:00,354,0.1,1801.49,32.79,
Norte,E0,24:00:00,355,0.04,1801.49,32.71,
Norte,E0,24:00:00,356,0.07,1801.49,32.75,
Norte,E0,24:00:00,357,0.03,1801.49,32.97,
Norte,E0,24:00:00,358,0.02,1801.49,33.22,
Norte,E0,24:00:00,362,0.07,1801.48,32.78,
Norte,E0,24:00:00,363,0.03,1801.48,32.77,
Norte,E0,24:00:00,364,0.06,1801.48,32.77,
Norte,E0,24:00:00,368,0.03,1801.47,32.8,
Norte,E0,24:00:00,371,0.04,1801.47,32.78,
Norte,E0,24:00:00,400,0.05,1801.48,32.5,
Norte,E0,24:00:00,401,0.04,1801.48,32.52,
Norte,E0,24:00:00,404,0.02,1801.48,32.32,
Norte,E0,24:00:00,405,0.01,1801.48,32.27,
Norte,E0,24:00:00,1049,0.02,1801.47,30.07,
Norte,E0,24:00:00,1051,0.03,1801.47,29.96,
Norte,E0,24:00:00,1053,0.02,1801.47,29.96,
Norte,E0,24:00:00,1059,0.04,1801.47,29.73,
Norte,E0,24:00:00,1063,0.02,1801.47,29.46,
Norte,E0,24:00:00,1077,0.02,1801.47,29.92,
Norte,E0,24:00:00,1089,0.03,1801.47,30.08,
Norte,E0,24:00:00,1093,0.06,1801.47,29.63,
Norte,E0,24:00:00,1094,0.01,1801.47,29.39,
Norte,E0,24:00:00,1095,0.02,1801.47,29.88,
Norte,E0,24:00:00,1100,0.03,1801.47,30.49,
Norte,E0,24:00:00,1102,0.06,1801.47,30.44,
Norte,E0,24:00:00,1103,0.0,1801.47,31.42,
Norte,E0,24:00:00,1104,0.06,1801.47,30.47,
Norte,E0,24:00:00,1106,0.07,1801.47,30.41,
Norte,E0,24:00:00,1107,0.03,1801.47,30.67,
Norte,E0,24:00:00,1109,0.01,1801.47,30.66,
Norte,E0,24:00:00,1110,0.01,1801.47,30.3,
Norte,E0,24:00:00,1112,0.02,1801.47,30.32,
Norte,E0,24:00:00,1113,0.03,1801.47,30.06,
Norte,E0,24:00:00,1115,0.07,1801.47,30.05,
Norte,E0,24:00:00,1117,0.07,1801.47,30.1,
Norte,E0,24:00:00,1119,0.09,1801.47,30.69,
Norte,E0,24:00:00,1120,0.06,1801.47,30.26,
Norte,E0,24:00:00,1122,0.04,1801.47,31.56,
Norte,E0,24:00:00,1125,0.05,1801.47,31.5,
Norte,E0,24:00:00,1128,0.05,1801.47,31.75,
Norte,E0,24:00:00,1130,0.06,1801.47,31.57,
Norte,E0,24:00:00,1131,0.06,1801.47,31.72,
Norte,E0,24:00:00,1133,0.02,1801.47,32.75,
Norte,E0,24:00:00,1134,0.11,1801.49,32.82,
Norte,E0,24:00:00,1135,0.07,1801.47,32.93,
Norte,E0,24:00:00,1137,0.1,1801.49,32.76,
Norte,E0,24:00:00,1139,0.06,1801.49,32.74,
Norte,E0,24:00:00,1140,0.02,1801.49,32.79,
Norte,E0,24:00:00,1141,0.04,1801.47,31.73,
Norte,E0,24:00:00,1142,0.02,1801.48,31.68,
Norte,E0,24:00:00,1143,0.06,1801.48,32.53,
Norte,E0,24:00:00,1144,0.06,1801.47,32.7,
Norte,E0,24:00:00,1145,0.03,1801.48,32.62,
Norte,E0,24:00:00,1147,0.0,1801.48,32.78,
Norte,E0,24:00:00,1148,0.0,1801.48,32.79,
Norte,E0,24:00:00,1149,0.12,1801.5,31.39,
Norte,E0,24:00:00,1150,0.16,1801.48,31.2,
Norte,E0,24:00:00,1151,0.03,1801.54,27.31,
Norte,E0,24:00:00,1153,0.01,1801.51,28.91,
Norte,E0,24:00:00,1154,0.0,1801.51,29.36,
Norte,E0,24:00:00,1158,0.09,1801.51,29.57,
Norte,E0,24:00:00,1159,0.06,1801.5,31.94,
Norte,E0,24:00:00,1161,0.03,1801.5,31.01,
Norte,E0,24:00:00,1162,0.0,1801.49,32.43,
Norte,E0,24:00:00,1164,0.08,1801.49,32.51,
Norte,E0,24:00:00,1165,0.03,1801.49,32.62,
Norte,E0,24:00:00,1166,0.04,1801.5,32.18,
Norte,E0,24:00:00,1169,0.07,1801.49,32.79,
Norte,E0,24:00:00,1171,0.05,1801.48,32.8,
Norte,E0,24:00:00,1172,0.12,1801.48,33.85,
Norte,E0,24:00:00,1174,0.04,1801.48,33.65,
Norte,E0,24:00:00,1175,0.09,1801.49,32.15,
Norte,E0,24:00:00,1176,0.13,1801.49,33.64,
Norte,E0,24:00:00,1179,0.04,1801.49,33.15,
Norte,E0,24:00:00,1181,0.01,1801.48,33.64,
Norte,E0,24:00:00,1182,0.05,1801.49,32.88,
Norte,E0,24:00:00,1184,0.03,1801.51,25.07,
Norte,E0,24:00:00,1185,0.02,1801.51,26.78,
Norte,E0,24:00:00,1186,0.01,1801.51,26.1,
Norte,E0,24:00:00,1187,0.16,1801.49,25.78,
Norte,E0,24:00:00,1189,0.01,1801.46,25.37,
Norte,E0,24:00:00,1190,0.05,1801.46,26.33,
Norte,E0,24:00:00,1191,0.05,1801.49,29.37,
Norte,E0,24:00:00,1192,0.01,1801.49,27.47,
Norte,E0,24:00:00,1196,0.04,1801.43,27.21,
Norte,E0,24:00:00,1197,0.04,1801.43,27.68,
Norte,E0,24:00:00,1207,0.09,1801.43,25.64,
Norte,E0,24:00:00,1216,0.07,1801.43,19.4,
Norte,E0,24:00:00,1221,0.04,1801.52,19.96,
Norte,E0,24:00:00,1223,0.04,1801.52,19.74,
Norte,E0,24:00:00,1224,0.05,1801.52,23.34,
Norte,E0,24:00:00,1225,0.03,1801.5,24.8,
Norte,E0,24:00:00,1226,0.05,1801.52,23.57,
Norte,E0,24:00:00,1228,0.03,1801.52,22.9,
Norte,E0,24:00:00,1229,0.01,1801.52,22.6,
Norte,E0,24:00:00,1230,0.01,1801.52,22.55,
Norte,E0,24:00:00,1231,0.01,1801.52,22.63,
Norte,E0,24:00:00,1232,0.02,1801.52,22.09,
Norte,E0,24:00:00,1233,0.01,1801.52,22.06,
Norte,E0,24:00:00,1240,0.09,1801.53,21.36,
Norte,E0,24:00:00,1242,0.09,1801.52,22.52,
Norte,E0,24:00:00,1243,0.03,1801.52,23.29,
Norte,E0,24:00:00,1244,0.09,1801.51,24.84,
Norte,E0,24:00:00,1245,0.05,1801.5,25.91,
Norte,E0,24:00:00,1246,0.03,1801.5,26.1,
Norte,E0,24:00:00,1247,0.05,1801.5,25.86,
Norte,E0,24:00:00,1248,0.05,1801.5,25.57,
Norte,E0,24:00:00,1249,0.11,1801.51,23.93,
Norte,E0,24:00:00,1250,0.11,1801.52,22.83,
Norte,E0,24:00:00,1252,0.08,1801.53,21.44,
Norte,E0,24:00:00,1253,0.11,1801.52,23.91,
Norte,E0,24:00:00,1254,0.1,1801.53,22.23,
Norte,E0,24:00:00,1255,0.06,1801.55,21.98,
Norte,E0,24:00:00,1257,0.06,1801.55,21.36,
Norte,E0,24:00:00,1265,0.02,1801.58,20.99,
Norte,E0,24:00:00,1268,0.05,1801.58,21.08,
Norte,E0,24:00:00,1272,0.02,1801.56,21.73,
Norte,E0,24:00:00,1274,0.05,1801.56,21.76,
Norte,E0,24:00:00,1276,0.1,1801.55,22.74,
Norte,E0,24:00:00,1279,0.04,1801.54,24.03,
Norte,E0,24:00:00,1281,0.05,1801.54,24.4,
Norte,E0,24:00:00,1282,0.02,1801.54,25.87,
Norte,E0,24:00:00,1284,0.02,1801.48,31.24,
Norte,E0,24:00:00,1286,0.06,1801.54,22.95,
Norte,E0,24:00:00,1288,0.01,1801.54,24.98,
Norte,E0,24:00:00,1289,0.02,1801.54,23.31,
Norte,E0,24:00:00,1290,0.08,1801.54,23.39,
Norte,E0,24:00:00,1291,0.0,1801.54,21.15,
Norte,E0,24:00:00,1292,0.05,1801.54,21.38,
Norte,E0,24:00:00,1293,0.06,1801.54,22.03,
Norte,E0,24:00:00,1294,0.02,1801.55,21.89,
Norte,E0,24:00:00,1295,0.1,1801.55,21.06,
Norte,E0,24:00:00,1297,0.07,1801.55,20.67,
Norte,E0,24:00:00,1302,0.07,1801.55,20.15,
Norte,E0,24:00:00,1304,0.04,1801.55,20.15,
Norte,E0,24:00:00,1305,0.0,1801.55,20.16,
Norte,E0,24:00:00,1306,0.05,1801.55,20.16,
Norte,E0,24:00:00,1308,0.06,1801.54,20.68,
Norte,E0,24:00:00,1309,0.03,1801.54,28.57,
Norte,E0,24:00:00,1310,0.01,1801.54,24.72,
Norte,E0,24:00:00,1312,0.08,1801.5,29.58,
Norte,E0,24:00:00,1313,0.0,1801.5,29.8,
Norte,E0,24:00:00,1315,0.05,1801.5,29.76,
Norte,E0,24:00:00,1318,0.06,1801.47,29.74,
Norte,E0,24:00:00,1319,0.01,1801.47,29.39,
Norte,E0,24:00:00,1321,0.04,1801.54,21.57,
Norte,E0,24:00:00,1322,0.0,1801.54,22.34,
Norte,E0,24:00:00,1323,0.05,1801.54,22.13,
Norte,E0,24:00:00,1324,0.02,1801.55,20.7,
Norte,E0,24:00:00,1326,0.07,1801.54,20.35,
Norte,E0,24:00:00,1334,0.05,1801.54,22.26,
Norte,E0,24:00:00,1335,0.05,1801.53,22.82,
Norte,E0,24:00:00,1336,0.01,1801.53,21.95,
Norte,E0,24:00:00,1340,0.03,1801.54,29.2,
Norte,E0,24:00:00,5010,0.02,1801.52,26.07,
Norte,E0,24:00:00,5011,0.04,1801.46,26.25,
Norte,E0,24:00:00,5019,0.04,1801.47,32.29,
Norte,E0,24:00:00,5086,0.05,1801.48,32.77,
Norte,E0,24:00:00,5087,0.0,1801.48,32.82,
Norte,E0,24:00:00,5108,0.0,1801.46,26.18,
Norte,E0,24:00:00,5112,0.02,1801.56,21.77,
Norte,E0,24:00:00,5148,0.0,1801.48,32.5,
Norte,E0,24:00:00,5193,0.0,1801.47,31.62,
Norte,E0,24:00:00,5204,0.11,1801.43,25.71,
Norte,E0,24:00:00,5241,0.0,1801.52,19.89,
Norte,E0,24:00:00,5264,0.02,1801.48,32.78,
Norte,E0,24:00:00,5289,0.01,1801.47,29.99,
Norte,E0,24:00:00,5291,0.01,1801.5,30.02,
Norte,E0,24:00:00,5311,0.1,1801.47,32.72,
Norte,E0,24:00:00,5312,0.0,1801.47,32.86,
Norte,E0,24:00:00,5313,0.0,1801.47,32.66,
Norte,E0,24:00:00,5314,0.01,1801.46,26.11,
Norte,E0,24:00:00,5342,0.03,1801.52,25.97,
Norte,E0,24:00:00,5343,0.11,1801.57,21.09,
Norte,E0,24:00:00,5344,0.11,1801.57,26.03,
Norte,E0,24:00:00,5345,0.11,1801.57,26.19,
Norte,E0,24:00:00,5478,0.0,1801.56,21.78,
Norte,E0,24:00:00,5484,0.0,1801.52,19.36,
Norte,E0,24:00:00,5493,0.01,1801.49,31.01,
Norte,E0,24:00:00,5494,0.01,1801.49,31.08,
Norte,E0,24:00:00,5495,0.08,1801.47,33.0,
Norte,E0,24:00:00,5506,0.01,1801.52,23.04,
Norte,E0,24:00:00,5523,0.0,1801.47,29.46,
Norte,E0,24:00:00,5533,0.02,1801.54,21.0,
Norte,E0,24:00:00,5537,0.03,1801.47,29.72,
Norte,E0,24:00:00,5538,0.05,1801.47,30.04,
Norte,E0,24:00:00,5603,0.04,1801.48,31.26,
Norte,E0,24:00:00,5604,0.05,1801.48,30.83,
Norte,E0,24:00:00,5613,0.05,1801.48,32.67,
Norte,E0,24:00:00,5614,0.02,1801.49,32.76,
Norte,E0,24:00:00,5620,0.04,1801.47,32.62,
Norte,E0,24:00:00,5621,0.03,1801.47,32.56,
Norte,E0,24:00:00,5678,0.05,1801.47,30.15,
Norte,E0,24:00:00,5685,0.02,1801.49,25.95,
Norte,E0,24:00:00,5709,0.12,1801.57,21.1,
Norte,E0,24:00:00,5744,0.04,1801.49,32.41,
Norte,E0,24:00:00,5746,0.06,1801.53,24.68,
Norte,E0,24:00:00,5747,0.04,1801.51,26.18,
Norte,E0,24:00:00,5748,0.05,1801.61,21.35,
Norte,E0,24:00:00,5749,0.05,1801.66,21.51,
Norte,E0,24:00:00,5750,0.03,1801.7,21.37,
Norte,E0,24:00:00,5760,0.03,1801.73,21.09,
Norte,E0,24:00:00,5761,0.02,1801.71,21.48,
Norte,E0,24:00:00,5762,0.01,1801.77,20.53,
Norte,E0,24:00:00,5763,0.02,1801.76,20.76,
Norte,E0,24:00:00,10020,0.04,1801.48,33.54,
Norte,E0,24:00:00,10059,0.03,1801.47,29.98,
Norte,E0,24:00:00,10061,0.0,1801.54,20.83,
Norte,E0,24:00:00,10062,0.0,1801.55,20.73,
Norte,E0,24:00:00,10063,0.0,1801.58,20.99,
Norte,E0,24:00:00,10082,0.07,1801.53,20.79,
Norte,E1,0:00:00,346,0.03,1801.47,33.77,
Norte,E1,0:00:00,347,0.06,1801.47,33.95,
Norte,E1,0:00:00,348,0.1,1801.47,33.96,
Norte,E1,0:00:00,349,0.04,1801.47,32.64,
Norte,E1,0:00:00,350,0.02,1801.47,32.63,
Norte,E1,0:00:00,351,0.04,1801.47,34.22,
Norte,E1,0:00:00,352,0.1,1801.47,34.1,
Norte,E1,0:00:00,353,0.06,1801.47,34.01,
Norte,E1,0:00:00,354,0.1,1801.49,32.79,
Norte,E1,0:00:00,355,0.04,1801.49,32.71,
Norte,E1,0:00:00,356,0.07,1801.49,32.75,
Norte,E1,0:00:00,357,0.03,1801.49,32.97,
Norte,E1,0:00:00,358,0.02,1801.49,33.22,
Norte,E1,0:00:00,362,0.07,1801.48,32.78,
Norte,E1,0:00:00,363,0.03,1801.48,32.77,
Norte,E1,0:00:00,364,0.06,1801.48,32.77,
Norte,E1,0:00:00,368,0.03,1801.47,32.8,
Norte,E1,0:00:00,371,0.04,1801.47,32.78,
Norte,E1,0:00:00,400,0.05,1801.48,32.5,
Norte,E1,0:00:00,401,0.04,1801.48,32.52,
Norte,E1,0:00:00,404,0.02,1801.48,32.32,
Norte,E1,0:00:00,405,0.01,1801.48,32.27,
Norte,E1,0:00:00,1049,0.02,1801.47,30.07,
Norte,E1,0:00:00,1051,0.03,1801.47,29.96,
Norte,E1,0:00:00,1053,0.02,1801.47,29.96,
Norte,E1,0:00:00,1059,0.04,1801.47,29.73,
Norte,E1,0:00:00,1063,0.02,1801.47,29.46,
Norte,E1,0:00:00,1077,0.02,1801.47,29.92,
Norte,E1,0:00:00,1089,0.03,1801.47,30.08,
Norte,E1,0:00:00,1093,0.06,1801.47,29.63,
Norte,E1,0:00:00,1094,0.01,1801.47,29.39,
Norte,E1,0:00:00,1095,0.02,1801.47,29.88,
Norte,E1,0:00:00,1100,0.03,1801.47,30.49,
Norte,E1,0:00:00,1102,0.06,1801.47,30.44,
Norte,E1,0:00:00,1103,0.0,1801.47,31.42,
Norte,E1,0:00:00,1104,0.06,1801.47,30.47,
Norte,E1,0:00:00,1106,0.07,1801.47,30.41,
Norte,E1,0:00:00,1107,0.03,1801.47,30.67,
Norte,E1,0:00:00,1109,0.01,1801.47,30.66,
Norte,E1,0:00:00,1110,0.01,1801.47,30.3,
Norte,E1,0:00:00,1112,0.02,1801.47,30.32,
Norte,E1,0:00:00,1113,0.03,1801.47,30.06,
Norte,E1,0:00:00,1115,0.07,1801.47,30.05,
Norte,E1,0:00:00,1117,0.07,1801.47,30.1,
Norte,E1,0:00:00,1119,0.09,1801.47,30.69,
Norte,E1,0:00:00,1120,0.06,1801.47,30.26,
Norte,E1,0:00:00,1122,0.04,1801.47,31.56,
Norte,E1,0:00:00,1125,0.05,1801.47,31.5,
Norte,E1,0:00:00,1128,0.05,1801.47,31.75,
Norte,E1,0:00:00,1130,0.06,1801.47,31.57,
Norte,E1,0:00:00,1131,0.06,1801.47,31.72,
Norte,E1,0:00:00,1133,0.02,1801.47,32.75,
Norte,E1,0:00:00,1134,0.11,1801.49,32.82,
Norte,E1,0:00:00,1135,0.07,1801.47,32.93,
Norte,E1,0:00:00,1137,0.1,1801.49,32.76,
Norte,E1,0:00:00,1139,0.06,1801.49,32.74,
Norte,E1,0:00:00,1140,0.02,1801.49,32.79,
Norte,E1,0:00:00,1141,0.04,1801.47,31.73,
Norte,E1,0:00:00,1142,0.02,1801.48,31.68,
Norte,E1,0:00:00,1143,0.06,1801.48,32.53,
Norte,E1,0:00:00,1144,0.06,1801.47,32.7,
Norte,E1,0:00:00,1145,0.03,1801.48,32.62,
Norte,E1,0:00:00,1147,0.0,1801.48,32.78,
Norte,E1,0:00:00,1148,0.0,1801.48,32.79,
Norte,E1,0:00:00,1149,0.12,1801.5,31.39,
Norte,E1,0:00:00,1150,0.16,1801.48,31.2,
Norte,E1,0:00:00,1151,0.03,1801.54,27.31,
Norte,E1,0:00:00,1153,0.01,1801.51,28.91,
Norte,E1,0:00:00,1154,0.0,1801.51,29.36,
Norte,E1,0:00:00,1158,0.09,1801.51,29.57,
Norte,E1,0:00:00,1159,0.06,1801.5,31.94,
Norte,E1,0:00:00,1161,0.03,1801.5,31.01,
Norte,E1,0:00:00,1162,0.0,1801.49,32.43,
Norte,E1,0:00:00,1164,0.08,1801.49,32.51,
Norte,E1,0:00:00,1165,0.03,1801.49,32.62,
Norte,E1,0:00:00,1166,0.04,1801.5,32.18,
Norte,E1,0:00:00,1169,0.07,1801.49,32.79,
Norte,E1,0:00:00,1171,0.05,1801.48,32.8,
Norte,E1,0:00:00,1172,0.12,1801.48,33.85,
Norte,E1,0:00:00,1174,0.04,1801.48,33.65,
Norte,E1,0:00:00,1175,0.09,1801.49,32.15,
Norte,E1,0:00:00,1176,0.13,1801.49,33.64,
Norte,E1,0:00:00,1179,0.04,1801.49,33.15,
Norte,E1,0:00:00,1181,0.01,1801.48,33.64,
Norte,E1,0:00:00,1182,0.05,1801.49,32.88,
Norte,E1,0:00:00,1184,0.03,1801.51,25.07,
Norte,E1,0:00:00,1185,0.02,1801.51,26.78,
Norte,E1,0:00:00,1186,0.01,1801.51,26.1,
Norte,E1,0:00:00,1187,0.16,1801.49,25.78,
Norte,E1,0:00:00,1189,0.01,1801.46,25.37,
Norte,E1,0:00:00,1190,0.05,1801.46,26.33,
Norte,E1,0:00:00,1191,0.05,1801.49,29.37,
Norte,E1,0:00:00,1192,0.01,1801.49,27.47,
Norte,E1,0:00:00,1196,0.04,1801.43,27.21,
Norte,E1,0:00:00,1197,0.04,1801.43,27.68,
Norte,E1,0:00:00,1207,0.09,1801.43,25.64,
Norte,E1,0:00:00,1216,0.07,1801.43,19.4,
Norte,E1,0:00:00,1221,0.04,1801.52,19.96,
Norte,E1,0:00:00,1223,0.04,1801.52,19.74,
Norte,E1,0:00:00,1224,0.05,1801.52,23.34,
Norte,E1,0:00:00,1225,0.03,1801.5,24.8,
Norte,E1,0:00:00,1226,0.05,1801.52,23.57,
Norte,E1,0:00:00,1228,0.03,1801.52,22.9,
Norte,E1,0:00:00,1229,0.01,1801.52,22.6,
Norte,E1,0:00:00,1230,0.01,1801.52,22.55,
Norte,E1,0:00:00,1231,0.01,1801.52,22.63,
Norte,E1,0:00:00,1232,0.02,1801.52,22.09,
Norte,E1,0:00:00,1233,0.01,1801.52,22.06,
Norte,E1,0:00:00,1240,0.09,1801.53,21.36,
Norte,E1,0:00:00,1242,0.09,1801.52,22.52,
Norte,E1,0:00:00,1243,0.03,1801.52,23.29,
Norte,E1,0:00:00,1244,0.09,1801.51,24.84,
Norte,E1,0:00:00,1245,0.05,1801.5,25.91,
Norte,E1,0:00:00,1246,0.03,1801.5,26.1,
Norte,E1,0:00:00,1247,0.05,1801.5,25.86,
Norte,E1,0:00:00,1248,0.05,1801.5,25.57,
Norte,E1,0:00:00,1249,0.11,1801.51,23.93,
Norte,E1,0:00:00,1250,0.11,1801.52,22.83,
Norte,E1,0:00:00,1252,0.08,1801.53,21.44,
Norte,E1,0:00:00,1253,0.11,1801.52,23.91,
Norte,E1,0:00:00,1254,0.1,1801.53,22.23,
Norte,E1,0:00:00,1255,0.06,1801.55,21.98,
Norte,E1,0:00:00,1257,0.06,1801.55,21.36,
Norte,E1,0:00:00,1265,0.02,1801.58,20.99,
Norte,E1,0:00:00,1268,0.05,1801.58,21.08,
Norte,E1,0:00:00,1272,0.02,1801.56,21.73,
Norte,E1,0:00:00,1274,0.05,1801.56,21.76,
Norte,E1,0:00:00,1276,0.1,1801.55,22.74,
Norte,E1,0:00:00,1279,0.04,1801.54,24.03,
Norte,E1,0:00:00,1281,0.05,1801.54,24.4,
Norte,E1,0:00:00,1282,0.02,1801.54,25.87,
Norte,E1,0:00:00,1284,0.02,1801.48,31.24,
Norte,E1,0:00:00,1286,0.06,1801.54,22.95,
Norte,E1,0:00:00,1288,0.01,1801.54,24.98,
Norte,E1,0:00:00,1289,0.02,1801.54,23.31,
Norte,E1,0:00:00,1290,0.08,1801.54,23.39,
Norte,E1,0:00:00,1291,0.0,1801.54,21.15,
Norte,E1,0:00:00,1292,0.05,1801.54,21.38,
Norte,E1,0:00:00,1293,0.06,1801.54,22.03,
Norte,E1,0:00:00,1294,0.02,1801.55,21.89,
Norte,E1,0:00:00,1295,0.1,1801.55,21.06,
Norte,E1,0:00:00,1297,0.07,1801.55,20.67,
Norte,E1,0:00:00,1302,0.07,1801.55,20.15,
Norte,E1,0:00:00,1304,0.04,1801.55,20.15,
Norte,E1,0:00:00,1305,0.0,1801.55,20.16,
Norte,E1,0:00:00,1306,0.05,1801.55,20.16,
Norte,E1,0:00:00,1308,0.06,1801.54,20.68,
Norte,E1,0:00:00,1309,0.03,1801.54,28.57,
Norte,E1,0:00:00,1310,0.01,1801.54,24.72,
Norte,E1,0:00:00,1312,0.08,1801.5,29.58,
Norte,E1,0:00:00,1313,0.0,1801.5,29.8,
Norte,E1,0:00:00,1315,0.05,1801.5,29.76,
Norte,E1,0:00:00,1318,0.06,1801.47,29.74,
Norte,E1,0:00:00,1319,0.01,1801.47,29.39,
Norte,E1,0:00:00,1321,0.04,1801.54,21.57,
Norte,E1,0:00:00,1322,0.0,1801.54,22.34,
Norte,E1,0:00:00,1323,0.05,1801.54,22.13,
Norte,E1,0:00:00,1324,0.02,1801.55,20.7,
Norte,E1,0:00:00,1326,0.07,1801.54,20.35,
Norte,E1,0:00:00,1334,0.05,1801.54,22.26,
Norte,E1,0:00:00,1335,0.05,1801.53,22.82,
Norte,E1,0:00:00,1336,0.01,1801.53,21.95,
Norte,E1,0:00:00,1340,0.03,1801.54,29.2,
Norte,E1,0:00:00,5010,0.02,1801.52,26.07,
Norte,E1,0:00:00,5011,0.04,1801.46,26.25,
Norte,E1,0:00:00,5019,0.04,1801.47,32.29,
Norte,E1,0:00:00,5086,0.05,1801.48,32.77,
Norte,E1,0:00:00,5087,0.0,1801.48,32.82,
Norte,E1,0:00:00,5108,0.0,1801.46,26.18,
Norte,E1,0:00:00,5112,0.02,1801.56,21.77,
Norte,E1,0:00:00,5148,0.0,1801.48,32.5,
Norte,E1,0:00:00,5193,0.0,1801.47,31.62,
Norte,E1,0:00:00,5204,0.11,1801.43,25.71,
Norte,E1,0:00:00,5241,0.0,1801.52,19.89,
Norte,E1,0:00:00,5264,0.02,1801.48,32.78,
Norte,E1,0:00:00,5289,0.01,1801.47,29.99,
Norte,E1,0:00:00,5291,0.01,1801.5,30.02,
Norte,E1,0:00:00,5311,0.1,1801.47,32.72,
Norte,E1,0:00:00,5312,0.0,1801.47,32.86,
Norte,E1,0:00:00,5313,0.0,1801.47,32.66,
Norte,E1,0:00:00,5314,0.01,1801.46,26.11,
Norte,E1,0:00:00,5342,0.03,1801.52,25.97,
Norte,E1,0:00:00,5343,0.11,1801.57,21.09,
Norte,E1,0:00:00,5344,0.11,1801.57,26.03,
Norte,E1,0:00:00,5345,0.11,1801.57,26.19,
Norte,E1,0:00:00,5478,0.0,1801.56,21.78,
Norte,E1,0:00:00,5484,0.0,1801.52,19.36,
Norte,E1,0:00:00,5493,0.01,1801.49,31.01,
Norte,E1,0:00:00,5494,0.01,1801.49,31.08,
Norte,E1,0:00:00,5495,0.08,1801.47,33.0,
Norte,E1,0:00:00,5506,0.01,1801.52,23.04,
Norte,E1,0:00:00,5523,0.0,1801.47,29.46,
Norte,E1,0:00:00,5533,0.02,1801.54,21.0,
Norte,E1,0:00:00,5537,0.03,1801.47,29.72,
Norte,E1,0:00:00,5538,0.05,1801.47,30.04,
Norte,E1,0:00:00,5603,0.04,1801.48,31.26,
Norte,E1,0:00:00,5604,0.05,1801.48,30.83,
Norte,E1,0:00:00,5613,0.05,1801.48,32.67,
Norte,E1,0:00:00,5614,0.02,1801.49,32.76,
Norte,E1,0:00:00,5620,0.04,1801.47,32.62,
Norte,E1,0:00:00,5621,0.03,1801.47,32.56,
Norte,E1,0:00:00,5678,0.05,1801.47,30.15,
Norte,E1,0:00:00,5685,0.02,1801.49,25.95,
Norte,E1,0:00:00,5709,0.12,1801.57,21.1,
Norte,E1,0:00:00,5744,0.04,1801.49,32.41,
Norte,E1,0:00:00,5746,0.06,1801.53,24.68,
Norte,E1,0:00:00,5747,0.04,1801.51,26.18,
Norte,E1,0:00:00,5748,0.05,1801.61,21.35,
Norte,E1,0:00:00,5749,0.05,1801.66,21.51,
Norte,E1,0:00:00,5750,0.03,1801.7,21.37,
Norte,E1,0:00:00,5760,0.03,1801.73,21.09,
Norte,E1,0:00:00,5761,0.02,1801.71,21.48,
Norte,E1,0:00:00,5762,0.01,1801.77,20.53,
Norte,E1,0:00:00,5763,0.02,1801.76,20.76,
Norte,E1,0:00:00,10020,0.04,1801.48,33.54,
Norte,E1,0:00:00,10059,0.03,1801.47,29.98,
Norte,E1,0:00:00,10061,0.0,1801.54,20.83,
Norte,E1,0:00:00,10062,0.0,1801.55,20.73,
Norte,E1,0:00:00,10063,0.0,1801.58,20.99,
Norte,E1,0:00:00,10082,0.07,1801.53,20.79,
Norte,E1,1:00:00,346,0.04,1801.46,33.76,
Norte,E1,1:00:00,347,0.06,1801.46,33.94,
Norte,E1,1:00:00,348,0.1,1801.46,33.95,
Norte,E1,1:00:00,349,0.04,1801.46,32.63,
Norte,E1,1:00:00,350,0.02,1801.46,32.62,
Norte,E1,1:00:00,351,0.04,1801.46,34.21,
Norte,E1,1:00:00,352,0.1,1801.46,34.09,
Norte,E1,1:00:00,353,0.06,1801.46,34.0,
Norte,E1,1:00:00,354,0.1,1801.48,32.78,
Norte,E1,1:00:00,355,0.04,1801.48,32.7,
Norte,E1,1:00:00,356,0.07,1801.48,32.74,
Norte,E1,1:00:00,357,0.03,1801.48,32.96,
Norte,E1,1:00:00,358,0.02,1801.48,33.21,
Norte,E1,1:00:00,362,0.07,1801.47,32.77,
Norte,E1,1:00:00,363,0.03,1801.47,32.76,
Norte,E1,1:00:00,364,0.06,1801.47,32.76,
Norte,E1,1:00:00,368,0.03,1801.46,32.79,
Norte,E1,1:00:00,371,0.05,1801.46,32.77,
Norte,E1,1:00:00,400,0.05,1801.47,32.49,
Norte,E1,1:00:00,401,0.04,1801.47,32.51,
Norte,E1,1:00:00,404,0.02,1801.47,32.31,
Norte,E1,1:00:00,405,0.01,1801.47,32.26,
Norte,E1,1:00:00,1049,0.02,1801.46,30.06,
Norte,E1,1:00:00,1051,0.03,1801.46,29.95,
Norte,E1,1:00:00,1053,0.02,1801.46,29.95,
Norte,E1,1:00:00,1059,0.04,1801.46,29.72,
Norte,E1,1:00:00,1063,0.02,1801.46,29.45,
Norte,E1,1:00:00,1077,0.02,1801.46,29.91,
Norte,E1,1:00:00,1089,0.03,1801.46,30.07,
Norte,E1,1:00:00,1093,0.06,1801.46,29.62,
Norte,E1,1:00:00,1094,0.01,1801.46,29.38,
Norte,E1,1:00:00,1095,0.02,1801.46,29.87,
Norte,E1,1:00:00,1100,0.03,1801.46,30.48,
Norte,E1,1:00:00,1102,0.06,1801.46,30.43,
Norte,E1,1:00:00,1103,0.0,1801.46,31.41,
Norte,E1,1:00:00,1104,0.06,1801.46,30.46,
Norte,E1,1:00:00,1106,0.07,1801.46,30.4,
Norte,E1,1:00:00,1107,0.03,1801.46,30.66,
Norte,E1,1:00:00,1109,0.01,1801.46,30.65,
Norte,E1,1:00:00,1110,0.01,1801.46,30.29,
Norte,E1,1:00:00,1112,0.02,1801.46,30.31,
Norte,E1,1:00:00,1113,0.03,1801.46,30.05,
Norte,E1,1:00:00,1115,0.07,1801.46,30.04,
Norte,E1,1:00:00,1117,0.07,1801.46,30.09,
Norte,E1,1:00:00,1119,0.09,1801.46,30.68,
Norte,E1,1:00:00,1120,0.06,1801.46,30.25,
Norte,E1,1:00:00,1122,0.05,1801.46,31.55,
Norte,E1,1:00:00,1125,0.05,1801.46,31.49,
Norte,E1,1:00:00,1128,0.05,1801.46,31.74,
Norte,E1,1:00:00,1130,0.06,1801.46,31.56,
Norte,E1,1:00:00,1131,0.06,1801.46,31.71,
Norte,E1,1:00:00,1133,0.02,1801.46,32.74,
Norte,E1,1:00:00,1134,0.11,1801.48,32.81,
Norte,E1,1:00:00,1135,0.08,1801.46,32.92,
Norte,E1,1:00:00,1137,0.1,1801.48,32.75,
Norte,E1,1:00:00,1139,0.06,1801.48,32.73,
Norte,E1,1:00:00,1140,0.02,1801.48,32.78,
Norte,E1,1:00:00,1141,0.04,1801.46,31.72,
Norte,E1,1:00:00,1142,0.02,1801.47,31.67,
Norte,E1,1:00:00,1143,0.06,1801.47,32.52,
Norte,E1,1:00:00,1144,0.06,1801.46,32.69,
Norte,E1,1:00:00,1145,0.03,1801.47,32.61,
Norte,E1,1:00:00,1147,0.0,1801.47,32.77,
Norte,E1,1:00:00,1148,0.0,1801.47,32.78,
Norte,E1,1:00:00,1149,0.12,1801.49,31.38,
Norte,E1,1:00:00,1150,0.17,1801.47,31.19,
Norte,E1,1:00:00,1151,0.03,1801.53,27.3,
Norte,E1,1:00:00,1153,0.01,1801.5,28.9,
Norte,E1,1:00:00,1154,0.0,1801.5,29.35,
Norte,E1,1:00:00,1158,0.09,1801.5,29.56,
Norte,E1,1:00:00,1159,0.06,1801.49,31.93,
Norte,E1,1:00:00,1161,0.03,1801.49,31.0,
Norte,E1,1:00:00,1162,0.0,1801.48,32.42,
Norte,E1,1:00:00,1164,0.08,1801.48,32.5,
Norte,E1,1:00:00,1165,0.03,1801.48,32.61,
Norte,E1,1:00:00,1166,0.04,1801.49,32.17,
Norte,E1,1:00:00,1169,0.07,1801.48,32.78,
Norte,E1,1:00:00,1171,0.05,1801.47,32.79,
Norte,E1,1:00:00,1172,0.13,1801.47,33.84,
Norte,E1,1:00:00,1174,0.04,1801.47,33.64,
Norte,E1,1:00:00,1175,0.1,1801.48,32.14,
Norte,E1,1:00:00,1176,0.14,1801.48,33.63,
Norte,E1,1:00:00,1179,0.04,1801.48,33.14,
Norte,E1,1:00:00,1181,0.01,1801.47,33.63,
Norte,E1,1:00:00,1182,0.05,1801.48,32.87,
Norte,E1,1:00:00,1184,0.03,1801.51,25.07,
Norte,E1,1:00:00,1185,0.02,1801.5,26.77,
Norte,E1,1:00:00,1186,0.01,1801.5,26.09,
Norte,E1,1:00:00,1187,0.17,1801.49,25.78,
Norte,E1,1:00:00,1189,0.01,1801.45,25.36,
Norte,E1,1:00:00,1190,0.05,1801.45,26.32,
Norte,E1,1:00:00,1191,0.05,1801.48,29.36,
Norte,E1,1:00:00,1192,0.01,1801.48,27.46,
Norte,E1,1:00:00,1196,0.04,1801.42,27.2,
Norte,E1,1:00:00,1197,0.04,1801.42,27.67,
Norte,E1,1:00:00,1207,0.09,1801.42,25.63,
Norte,E1,1:00:00,1216,0.07,1801.42,19.39,
Norte,E1,1:00:00,1221,0.04,1801.52,19.96,
Norte,E1,1:00:00,1223,0.04,1801.52,19.74,
Norte,E1,1:00:00,1224,0.06,1801.51,23.33,
Norte,E1,1:00:00,1225,0.03,1801.5,24.8,
Norte,E1,1:00:00,1226,0.05,1801.51,23.56,
Norte,E1,1:00:00,1228,0.03,1801.51,22.89,
Norte,E1,1:00:00,1229,0.01,1801.51,22.59,
Norte,E1,1:00:00,1230,0.01,1801.51,22.54,
Norte,E1,1:00:00,1231,0.01,1801.51,22.62,
Norte,E1,1:00:00,1232,0.02,1801.51,22.08,
Norte,E1,1:00:00,1233,0.01,1801.51,22.05,
Norte,E1,1:00:00,1240,0.09,1801.52,21.35,
Norte,E1,1:00:00,1242,0.09,1801.51,22.51,
Norte,E1,1:00:00,1243,0.03,1801.51,23.28,
Norte,E1,1:00:00,1244,0.09,1801.5,24.83,
Norte,E1,1:00:00,1245,0.05,1801.5,25.91,
Norte,E1,1:00:00,1246,0.03,1801.49,26.09,
Norte,E1,1:00:00,1247,0.06,1801.49,25.85,
Norte,E1,1:00:00,1248,0.05,1801.49,25.56,
Norte,E1,1:00:00,1249,0.11,1801.51,23.93,
Norte,E1,1:00:00,1250,0.12,1801.52,22.83,
Norte,E1,1:00:00,1252,0.08,1801.53,21.44,
Norte,E1,1:00:00,1253,0.11,1801.51,23.9,
Norte,E1,1:00:00,1254,0.11,1801.53,22.23,
Norte,E1,1:00:00,1255,0.06,1801.54,21.97,
Norte,E1,1:00:00,1257,0.06,1801.55,21.36,
Norte,E1,1:00:00,1265,0.02,1801.57,20.98,
Norte,E1,1:00:00,1268,0.05,1801.57,21.07,
Norte,E1,1:00:00,1272,0.02,1801.55,21.72,
Norte,E1,1:00:00,1274,0.05,1801.56,21.76,
Norte,E1,1:00:00,1276,0.1,1801.54,22.73,
Norte,E1,1:00:00,1279,0.04,1801.53,24.02,
Norte,E1,1:00:00,1281,0.05,1801.53,24.39,
Norte,E1,1:00:00,1282,0.02,1801.53,25.86,
Norte,E1,1:00:00,1284,0.02,1801.47,31.23,
Norte,E1,1:00:00,1286,0.06,1801.53,22.94,
Norte,E1,1:00:00,1288,0.01,1801.53,24.97,
Norte,E1,1:00:00,1289,0.02,1801.53,23.3,
Norte,E1,1:00:00,1290,0.08,1801.53,23.38,
Norte,E1,1:00:00,1291,0.0,1801.53,21.14,
Norte,E1,1:00:00,1292,0.05,1801.53,21.37,
Norte,E1,1:00:00,1293,0.06,1801.53,22.02,
Norte,E1,1:00:00,1294,0.02,1801.54,21.88,
Norte,E1,1:00:00,1295,0.1,1801.54,21.05,
Norte,E1,1:00:00,1297,0.07,1801.55,20.67,
Norte,E1,1:00:00,1302,0.07,1801.54,20.14,
Norte,E1,1:00:00,1304,0.04,1801.54,20.14,
Norte,E1,1:00:00,1305,0.0,1801.54,20.15,
Norte,E1,1:00:00,1306,0.05,1801.54,20.15,
Norte,E1,1:00:00,1308,0.06,1801.54,20.68,
Norte,E1,1:00:00,1309,0.03,1801.54,28.57,
Norte,E1,1:00:00,1310,0.01,1801.54,24.72,
Norte,E1,1:00:00,1312,0.08,1801.49,29.57,
Norte,E1,1:00:00,1313,0.0,1801.49,29.79,
Norte,E1,1:00:00,1315,0.05,1801.49,29.75,
Norte,E1,1:00:00,1318,0.06,1801.46,29.73,
Norte,E1,1:00:00,1319,0.01,1801.46,29.38,
Norte,E1,1:00:00,1321,0.04,1801.54,21.57,
Norte,E1,1:00:00,1322,0.0,1801.54,22.34,
Norte,E1,1:00:00,1323,0.05,1801.54,22.13,
Norte,E1,1:00:00,1324,0.02,1801.54,20.69,
Norte,E1,1:00:00,1326,0.07,1801.54,20.34,
Norte,E1,1:00:00,1334,0.05,1801.53,22.25,
Norte,E1,1:00:00,1335,0.06,1801.52,22.81,
Norte,E1,1:00:00,1336,0.01,1801.52,21.94,
Norte,E1,1:00:00,1340,0.03,1801.53,29.19,
Norte,E1,1:00:00,5010,0.02,1801.52,26.07,
Norte,E1,1:00:00,5011,0.04,1801.45,26.24,
Norte,E1,1:00:00,5019,0.04,1801.46,32.28,
Norte,E1,1:00:00,5086,0.05,1801.47,32.76,
Norte,E1,1:00:00,5087,0.0,1801.47,32.81,
Norte,E1,1:00:00,5108,0.0,1801.45,26.17,
Norte,E1,1:00:00,5112,0.02,1801.55,21.76,
Norte,E1,1:00:00,5148,0.0,1801.47,32.49,
Norte,E1,1:00:00,5193,0.0,1801.46,31.61,
Norte,E1,1:00:00,5204,0.11,1801.42,25.7,
Norte,E1,1:00:00,5241,0.0,1801.52,19.89,
Norte,E1,1:00:00,5264,0.02,1801.47,32.77,
Norte,E1,1:00:00,5289,0.01,1801.46,29.98,
Norte,E1,1:00:00,5291,0.01,1801.49,30.01,
Norte,E1,1:00:00,5311,0.1,1801.46,32.71,
Norte,E1,1:00:00,5312,0.0,1801.46,32.85,
Norte,E1,1:00:00,5313,0.0,1801.46,32.65,
Norte,E1,1:00:00,5314,0.01,1801.45,26.1,
Norte,E1,1:00:00,5342,0.03,1801.52,25.97,
Norte,E1,1:00:00,5343,0.11,1801.57,21.09,
Norte,E1,1:00:00,5344,0.11,1801.56,26.02,
Norte,E1,1:00:00,5345,0.11,1801.56,26.18,
Norte,E1,1:00:00,5478,0.0,1801.55,21.77,
Norte,E1,1:00:00,5484,0.0,1801.52,19.36,
Norte,E1,1:00:00,5493,0.01,1801.48,31.0,
Norte,E1,1:00:00,5494,0.01,1801.48,31.07,
Norte,E1,1:00:00,5495,0.08,1801.46,32.99,
Norte,E1,1:00:00,5506,0.01,1801.51,23.03,
Norte,E1,1:00:00,5523,0.0,1801.46,29.45,
Norte,E1,1:00:00,5533,0.02,1801.53,20.99,
Norte,E1,1:00:00,5537,0.03,1801.46,29.71,
Norte,E1,1:00:00,5538,0.05,1801.46,30.03,
Norte,E1,1:00:00,5603,0.04,1801.47,31.25,
Norte,E1,1:00:00,5604,0.06,1801.47,30.82,
Norte,E1,1:00:00,5613,0.05,1801.47,32.66,
Norte,E1,1:00:00,5614,0.02,1801.48,32.75,
Norte,E1,1:00:00,5620,0.04,1801.46,32.61,
Norte,E1,1:00:00,5621,0.03,1801.46,32.55,
Norte,E1,1:00:00,5678,0.05,1801.46,30.14,
Norte,E1,1:00:00,5685,0.02,1801.48,25.94,
Norte,E1,1:00:00,5709,0.12,1801.57,21.1,
Norte,E1,1:00:00,5744,0.04,1801.48,32.4,
Norte,E1,1:00:00,5746,0.06,1801.52,24.67,
Norte,E1,1:00:00,5747,0.04,1801.5,26.17,
Norte,E1,1:00:00,5748,0.05,1801.61,21.35,
Norte,E1,1:00:00,5749,0.05,1801.66,21.51,
Norte,E1,1:00:00,5750,0.03,1801.69,21.36,
Norte,E1,1:00:00,5760,0.03,1801.73,21.09,
Norte,E1,1:00:00,5761,0.02,1801.7,21.47,
Norte,E1,1:00:00,5762,0.01,1801.77,20.53,
Norte,E1,1:00:00,5763,0.02,1801.76,20.76,
Norte,E1,1:00:00,10020,0.04,1801.47,33.53,
Norte,E1,1:00:00,10059,0.03,1801.46,29.97,
Norte,E1,1:00:00,10061,0.0,1801.53,20.82,
Norte,E1,1:00:00,10062,0.0,1801.55,20.73,
Norte,E1,1:00:00,10063,0.0,1801.57,20.98,
Norte,E1,1:00:00,10082,0.07,1801.52,20.78,
Norte,E1,2:00:00,346,0.04,1801.44,33.74,
Norte,E1,2:00:00,347,0.06,1801.44,33.92,
Norte,E1,2:00:00,348,0.1,1801.44,33.93,
Norte,E1,2:00:00,349,0.05,1801.44,32.61,
Norte,E1,2:00:00,350,0.02,1801.44,32.6,
Norte,E1,2:00:00,351,0.04,1801.44,34.19,
Norte,E1,2:00:00,352,0.11,1801.44,34.07,
Norte,E1,2:00:00,353,0.06,1801.44,33.98,
Norte,E1,2:00:00,354,0.1,1801.46,32.76,
Norte,E1,2:00:00,355,0.04,1801.46,32.68,
Norte,E1,2:00:00,356,0.07,1801.46,32.72,
Norte,E1,2:00:00,357,0.03,1801.46,32.94,
Norte,E1,2:00:00,358,0.02,1801.46,33.19,
Norte,E1,2:00:00,362,0.07,1801.45,32.75,
Norte,E1,2:00:00,363,0.03,1801.46,32.75,
Norte,E1,2:00:00,364,0.06,1801.46,32.75,
Norte,E1,2:00:00,368,0.03,1801.45,32.78,
Norte,E1,2:00:00,371,0.05,1801.45,32.76,
Norte,E1,2:00:00,400,0.05,1801.45,32.47,
Norte,E1,2:00:00,401,0.05,1801.45,32.49,
Norte,E1,2:00:00,404,0.02,1801.45,32.29,
Norte,E1,2:00:00,405,0.01,1801.45,32.24,
Norte,E1,2:00:00,1049,0.02,1801.44,30.04,
Norte,E1,2:00:00,1051,0.03,1801.44,29.93,
Norte,E1,2:00:00,1053,0.02,1801.44,29.93,
Norte,E1,2:00:00,1059,0.05,1801.44,29.7,
Norte,E1,2:00:00,1063,0.02,1801.44,29.43,
Norte,E1,2:00:00,1077,0.02,1801.44,29.89,
Norte,E1,2:00:00,1089,0.03,1801.44,30.05,
Norte,E1,2:00:00,1093,0.06,1801.44,29.6,
Norte,E1,2:00:00,1094,0.01,1801.44,29.36,
Norte,E1,2:00:00,1095,0.02,1801.44,29.85,
Norte,E1,2:00:00,1100,0.04,1801.44,30.46,
Norte,E1,2:00:00,1102,0.06,1801.44,30.41,
Norte,E1,2:00:00,1103,0.01,1801.45,31.4,
Norte,E1,2:00:00,1104,0.06,1801.44,30.44,
Norte,E1,2:00:00,1106,0.07,1801.44,30.38,
Norte,E1,2:00:00,1107,0.03,1801.44,30.64,
Norte,E1,2:00:00,1109,0.01,1801.44,30.63,
Norte,E1,2:00:00,1110,0.01,1801.44,30.27,
Norte,E1,2:00:00,1112,0.02,1801.44,30.29,
Norte,E1,2:00:00,1113,0.03,1801.44,30.03,
Norte,E1,2:00:00,1115,0.07,1801.44,30.02,
Norte,E1,2:00:00,1117,0.07,1801.45,30.08,
Norte,E1,2:00:00,1119,0.09,1801.44,30.66,
Norte,E1,2:00:00,1120,0.07,1801.44,30.23,
Norte,E1,2:00:00,1122,0.05,1801.45,31.54,
Norte,E1,2:00:00,1125,0.05,1801.45,31.48,
Norte,E1,2:00:00,1128,0.05,1801.45,31.73,
Norte,E1,2:00:00,1130,0.06,1801.45,31.55,
Norte,E1,2:00:00,1131,0.06,1801.45,31.7,
Norte,E1,2:00:00,1133,0.02,1801.44,32.72,
Norte,E1,2:00:00,1134,0.11,1801.47,32.8,
Norte,E1,2:00:00,1135,0.08,1801.45,32.91,
Norte,E1,2:00:00,1137,0.1,1801.47,32.74,
Norte,E1,2:00:00,1139,0.06,1801.46,32.71,
Norte,E1,2:00:00,1140,0.03,1801.46,32.76,
Norte,E1,2:00:00,1141,0.04,1801.44,31.7,
Norte,E1,2:00:00,1142,0.02,1801.46,31.66,
Norte,E1,2:00:00,1143,0.07,1801.46,32.51,
Norte,E1,2:00:00,1144,0.06,1801.44,32.67,
Norte,E1,2:00:00,1145,0.03,1801.46,32.6,
Norte,E1,2:00:00,1147,0.0,1801.45,32.75,
Norte,E1,2:00:00,1148,0.0,1801.45,32.76,
Norte,E1,2:00:00,1149,0.13,1801.48,31.37,
Norte,E1,2:00:00,1150,0.17,1801.45,31.17,
Norte,E1,2:00:00,1151,0.03,1801.52,27.29,
Norte,E1,2:00:00,1153,0.01,1801.49,28.89,
Norte,E1,2:00:00,1154,0.0,1801.49,29.34,
Norte,E1,2:00:00,1158,0.09,1801.49,29.55,
Norte,E1,2:00:00,1159,0.06,1801.48,31.92,
Norte,E1,2:00:00,1161,0.03,1801.48,30.99,
Norte,E1,2:00:00,1162,0.0,1801.47,32.41,
Norte,E1,2:00:00,1164,0.08,1801.47,32.49,
Norte,E1,2:00:00,1165,0.03,1801.47,32.6,
Norte,E1,2:00:00,1166,0.04,1801.47,32.15,
Norte,E1,2:00:00,1169,0.07,1801.47,32.77,
Norte,E1,2:00:00,1171,0.05,1801.46,32.78,
Norte,E1,2:00:00,1172,0.13,1801.46,33.83,
Norte,E1,2:00:00,1174,0.04,1801.46,33.63,
Norte,E1,2:00:00,1175,0.1,1801.46,32.12,
Norte,E1,2:00:00,1176,0.14,1801.46,33.61,
Norte,E1,2:00:00,1179,0.05,1801.46,33.12,
Norte,E1,2:00:00,1181,0.01,1801.46,33.62,
Norte,E1,2:00:00,1182,0.05,1801.47,32.86,
Norte,E1,2:00:00,1184,0.03,1801.49,25.05,
Norte,E1,2:00:00,1185,0.02,1801.49,26.76,
Norte,E1,2:00:00,1186,0.01,1801.49,26.08,
Norte,E1,2:00:00,1187,0.17,1801.47,25.76,
Norte,E1,2:00:00,1189,0.01,1801.43,25.34,
Norte,E1,2:00:00,1190,0.05,1801.43,26.3,
Norte,E1,2:00:00,1191,0.05,1801.46,29.34,
Norte,E1,2:00:00,1192,0.01,1801.46,27.44,
Norte,E1,2:00:00,1196,0.04,1801.41,27.19,
Norte,E1,2:00:00,1197,0.04,1801.41,27.66,
Norte,E1,2:00:00,1207,0.09,1801.41,25.62,
Norte,E1,2:00:00,1216,0.07,1801.4,19.37,
Norte,E1,2:00:00,1221,0.04,1801.5,19.94,
Norte,E1,2:00:00,1223,0.04,1801.5,19.72,
Norte,E1,2:00:00,1224,0.06,1801.5,23.32,
Norte,E1,2:00:00,1225,0.03,1801.48,24.78,
Norte,E1,2:00:00,1226,0.05,1801.5,23.55,
Norte,E1,2:00:00,1228,0.03,1801.5,22.88,
Norte,E1,2:00:00,1229,0.01,1801.5,22.58,
Norte,E1,2:00:00,1230,0.01,1801.5,22.53,
Norte,E1,2:00:00,1231,0.01,1801.5,22.61,
Norte,E1,2:00:00,1232,0.02,1801.5,22.07,
Norte,E1,2:00:00,1233,0.01,1801.5,22.04,
Norte,E1,2:00:00,1240,0.09,1801.51,21.34,
Norte,E1,2:00:00,1242,0.09,1801.5,22.5,
Norte,E1,2:00:00,1243,0.03,1801.5,23.27,
Norte,E1,2:00:00,1244,0.09,1801.48,24.81,
Norte,E1,2:00:00,1245,0.05,1801.48,25.89,
Norte,E1,2:00:00,1246,0.03,1801.47,26.07,
Norte,E1,2:00:00,1247,0.06,1801.47,25.83,
Norte,E1,2:00:00,1248,0.05,1801.47,25.54,
Norte,E1,2:00:00,1249,0.11,1801.49,23.91,
Norte,E1,2:00:00,1250,0.12,1801.5,22.81,
Norte,E1,2:00:00,1252,0.09,1801.51,21.42,
Norte,E1,2:00:00,1253,0.11,1801.49,23.88,
Norte,E1,2:00:00,1254,0.11,1801.51,22.21,
Norte,E1,2:00:00,1255,0.06,1801.53,21.96,
Norte,E1,2:00:00,1257,0.06,1801.53,21.34,
Norte,E1,2:00:00,1265,0.02,1801.56,20.97,
Norte,E1,2:00:00,1268,0.05,1801.56,21.06,
Norte,E1,2:00:00,1272,0.03,1801.54,21.71,
Norte,E1,2:00:00,1274,0.05,1801.54,21.74,
Norte,E1,2:00:00,1276,0.1,1801.53,22.72,
Norte,E1,2:00:00,1279,0.05,1801.52,24.01,
Norte,E1,2:00:00,1281,0.05,1801.52,24.38,
Norte,E1,2:00:00,1282,0.02,1801.52,25.85,
Norte,E1,2:00:00,1284,0.02,1801.45,31.21,
Norte,E1,2:00:00,1286,0.06,1801.52,22.93,
Norte,E1,2:00:00,1288,0.01,1801.52,24.96,
Norte,E1,2:00:00,1289,0.02,1801.52,23.29,
Norte,E1,2:00:00,1290,0.08,1801.52,23.37,
Norte,E1,2:00:00,1291,0.0,1801.52,21.13,
Norte,E1,2:00:00,1292,0.05,1801.52,21.36,
Norte,E1,2:00:00,1293,0.07,1801.52,22.01,
Norte,E1,2:00:00,1294,0.02,1801.53,21.87,
Norte,E1,2:00:00,1295,0.11,1801.53,21.04,
Norte,E1,2:00:00,1297,0.08,1801.54,20.66,
Norte,E1,2:00:00,1302,0.07,1801.53,20.13,
Norte,E1,2:00:00,1304,0.05,1801.53,20.13,
Norte,E1,2:00:00,1305,0.0,1801.53,20.14,
Norte,E1,2:00:00,1306,0.05,1801.53,20.14,
Norte,E1,2:00:00,1308,0.06,1801.52,20.66,
Norte,E1,2:00:00,1309,0.03,1801.52,28.55,
Norte,E1,2:00:00,1310,0.02,1801.52,24.7,
Norte,E1,2:00:00,1312,0.08,1801.47,29.55,
Norte,E1,2:00:00,1313,0.0,1801.47,29.77,
Norte,E1,2:00:00,1315,0.05,1801.47,29.73,
Norte,E1,2:00:00,1318,0.06,1801.44,29.71,
Norte,E1,2:00:00,1319,0.01,1801.44,29.36,
Norte,E1,2:00:00,1321,0.04,1801.52,21.55,
Norte,E1,2:00:00,1322,0.0,1801.52,22.32,
Norte,E1,2:00:00,1323,0.05,1801.52,22.11,
Norte,E1,2:00:00,1324,0.02,1801.53,20.68,
Norte,E1,2:00:00,1326,0.07,1801.52,20.33,
Norte,E1,2:00:00,1334,0.05,1801.52,22.24,
Norte,E1,2:00:00,1335,0.06,1801.51,22.8,
Norte,E1,2:00:00,1336,0.01,1801.51,21.93,
Norte,E1,2:00:00,1340,0.03,1801.52,29.18,
Norte,E1,2:00:00,5010,0.02,1801.5,26.05,
Norte,E1,2:00:00,5011,0.04,1801.43,26.22,
Norte,E1,2:00:00,5019,0.05,1801.44,32.26,
Norte,E1,2:00:00,5086,0.06,1801.45,32.74,
Norte,E1,2:00:00,5087,0.01,1801.45,32.79,
Norte,E1,2:00:00,5108,0.0,1801.43,26.15,
Norte,E1,2:00:00,5112,0.02,1801.54,21.75,
Norte,E1,2:00:00,5148,0.0,1801.45,32.47,
Norte,E1,2:00:00,5193,0.0,1801.45,31.6,
Norte,E1,2:00:00,5204,0.11,1801.41,25.69,
Norte,E1,2:00:00,5241,0.0,1801.5,19.87,
Norte,E1,2:00:00,5264,0.02,1801.45,32.75,
Norte,E1,2:00:00,5289,0.01,1801.44,29.96,
Norte,E1,2:00:00,5291,0.01,1801.47,29.99,
Norte,E1,2:00:00,5311,0.1,1801.44,32.69,
Norte,E1,2:00:00,5312,0.0,1801.44,32.83,
Norte,E1,2:00:00,5313,0.0,1801.44,32.63,
Norte,E1,2:00:00,5314,0.01,1801.43,26.08,
Norte,E1,2:00:00,5342,0.03,1801.5,25.95,
Norte,E1,2:00:00,5343,0.11,1801.56,21.08,
Norte,E1,2:00:00,5344,0.11,1801.55,26.01,
Norte,E1,2:00:00,5345,0.11,1801.55,26.17,
Norte,E1,2:00:00,5478,0.0,1801.54,21.76,
Norte,E1,2:00:00,5484,0.0,1801.5,19.34,
Norte,E1,2:00:00,5493,0.01,1801.46,30.98,
Norte,E1,2:00:00,5494,0.01,1801.47,31.06,
Norte,E1,2:00:00,5495,0.08,1801.44,32.97,
Norte,E1,2:00:00,5506,0.01,1801.5,23.02,
Norte,E1,2:00:00,5523,0.0,1801.44,29.43,
Norte,E1,2:00:00,5533,0.02,1801.52,20.98,
Norte,E1,2:00:00,5537,0.03,1801.44,29.69,
Norte,E1,2:00:00,5538,0.05,1801.44,30.01,
Norte,E1,2:00:00,5603,0.04,1801.46,31.24,
Norte,E1,2:00:00,5604,0.06,1801.45,30.8,
Norte,E1,2:00:00,5613,0.06,1801.46,32.65,
Norte,E1,2:00:00,5614,0.02,1801.47,32.74,
Norte,E1,2:00:00,5620,0.04,1801.44,32.59,
Norte,E1,2:00:00,5621,0.03,1801.44,32.53,
Norte,E1,2:00:00,5678,0.05,1801.44,30.12,
Norte,E1,2:00:00,5685,0.02,1801.46,25.92,
Norte,E1,2:00:00,5709,0.13,1801.56,21.09,
Norte,E1,2:00:00,5744,0.04,1801.47,32.39,
Norte,E1,2:00:00,5746,0.07,1801.51,24.66,
Norte,E1,2:00:00,5747,0.04,1801.49,26.16,
Norte,E1,2:00:00,5748,0.05,1801.6,21.34,
Norte,E1,2:00:00,5749,0.05,1801.65,21.5,
Norte,E1,2:00:00,5750,0.03,1801.69,21.36,
Norte,E1,2:00:00,5760,0.03,1801.73,21.09,
Norte,E1,2:00:00,5761,0.02,1801.7,21.47,
Norte,E1,2:00:00,5762,0.01,1801.77,20.53,
Norte,E1,2:00:00,5763,0.02,1801.76,20.76,
Norte,E1,2:00:00,10020,0.04,1801.45,33.51,
Norte,E1,2:00:00,10059,0.03,1801.44,29.95,
Norte,E1,2:00:00,10061,0.0,1801.52,20.81,
Norte,E1,2:00:00,10062,0.0,1801.54,20.72,
Norte,E1,2:00:00,10063,0.0,1801.56,20.97,
Norte,E1,2:00:00,10082,0.07,1801.5,20.76,
Norte,E1,3:00:00,346,0.04,1801.44,33.74,
Norte,E1,3:00:00,347,0.07,1801.44,33.92,
Norte,E1,3:00:00,348,0.1,1801.44,33.93,
Norte,E1,3:00:00,349,0.05,1801.44,32.61,
Norte,E1,3:00:00,350,0.02,1801.44,32.6,
Norte,E1,3:00:00,351,0.04,1801.44,34.19,
Norte,E1,3:00:00,352,0.11,1801.44,34.07,
Norte,E1,3:00:00,353,0.06,1801.44,33.98,
Norte,E1,3:00:00,354,0.1,1801.46,32.76,
Norte,E1,3:00:00,355,0.04,1801.46,32.68,
Norte,E1,3:00:00,356,0.07,1801.46,32.72,
Norte,E1,3:00:00,357,0.03,1801.46,32.94,
Norte,E1,3:00:00,358,0.02,1801.46,33.19,
Norte,E1,3:00:00,362,0.07,1801.45,32.75,
Norte,E1,3:00:00,363,0.03,1801.45,32.74,
Norte,E1,3:00:00,364,0.06,1801.45,32.74,
Norte,E1,3:00:00,368,0.03,1801.44,32.77,
Norte,E1,3:00:00,371,0.05,1801.44,32.75,
Norte,E1,3:00:00,400,0.05,1801.45,32.47,
Norte,E1,3:00:00,401,0.05,1801.45,32.49,
Norte,E1,3:00:00,404,0.02,1801.45,32.29,
Norte,E1,3:00:00,405,0.01,1801.45,32.24,
Norte,E1,3:00:00,1049,0.02,1801.44,30.04,
Norte,E1,3:00:00,1051,0.03,1801.44,29.93,
Norte,E1,3:00:00,1053,0.02,1801.44,29.93,
Norte,E1,3:00:00,1059,0.05,1801.44,29.7,
Norte,E1,3:00:00,1063,0.02,1801.44,29.43,
Norte,E1,3:00:00,1077,0.02,1801.44,29.89,
Norte,E1,3:00:00,1089,0.03,1801.44,30.05,
Norte,E1,3:00:00,1093,0.06,1801.44,29.6,
Norte,E1,3:00:00,1094,0.01,1801.44,29.36,
Norte,E1,3:00:00,1095,0.02,1801.44,29.85,
Norte,E1,3:00:00,1100,0.04,1801.44,30.46,
Norte,E1,3:00:00,1102,0.06,1801.44,30.41,
Norte,E1,3:00:00,1103,0.01,1801.44,31.39,
Norte,E1,3:00:00,1104,0.06,1801.44,30.44,
Norte,E1,3:00:00,1106,0.07,1801.44,30.38,
Norte,E1,3:00:00,1107,0.03,1801.44,30.64,
Norte,E1,3:00:00,1109,0.01,1801.44,30.63,
Norte,E1,3:00:00,1110,0.01,1801.44,30.27,
Norte,E1,3:00:00,1112,0.02,1801.44,30.29,
Norte,E1,3:00:00,1113,0.03,1801.44,30.03,
Norte,E1,3:00:00,1115,0.07,1801.44,30.02,
Norte,E1,3:00:00,1117,0.07,1801.44,30.07,
Norte,E1,3:00:00,1119,0.09,1801.44,30.66,
Norte,E1,3:00:00,1120,0.07,1801.44,30.23,
Norte,E1,3:00:00,1122,0.05,1801.44,31.53,
Norte,E1,3:00:00,1125,0.05,1801.44,31.47,
Norte,E1,3:00:00,1128,0.05,1801.44,31.72,
Norte,E1,3:00:00,1130,0.06,1801.44,31.54,
Norte,E1,3:00:00,1131,0.06,1801.44,31.69,
Norte,E1,3:00:00,1133,0.02,1801.44,32.72,
Norte,E1,3:00:00,1134,0.11,1801.46,32.79,
Norte,E1,3:00:00,1135,0.08,1801.44,32.9,
Norte,E1,3:00:00,1137,0.1,1801.46,32.73,
Norte,E1,3:00:00,1139,0.06,1801.46,32.71,
Norte,E1,3:00:00,1140,0.03,1801.46,32.76,
Norte,E1,3:00:00,1141,0.04,1801.44,31.7,
Norte,E1,3:00:00,1142,0.02,1801.45,31.65,
Norte,E1,3:00:00,1143,0.07,1801.45,32.5,
Norte,E1,3:00:00,1144,0.06,1801.44,32.67,
Norte,E1,3:00:00,1145,0.03,1801.45,32.59,
Norte,E1,3:00:00,1147,0.0,1801.45,32.75,
Norte,E1,3:00:00,1148,0.0,1801.45,32.76,
Norte,E1,3:00:00,1149,0.13,1801.48,31.37,
Norte,E1,3:00:00,1150,0.17,1801.45,31.17,
Norte,E1,3:00:00,1151,0.03,1801.51,27.28,
Norte,E1,3:00:00,1153,0.01,1801.48,28.88,
Norte,E1,3:00:00,1154,0.0,1801.48,29.33,
Norte,E1,3:00:00,1158,0.09,1801.48,29.54,
Norte,E1,3:00:00,1159,0.06,1801.47,31.92,
Norte,E1,3:00:00,1161,0.03,1801.47,30.98,
Norte,E1,3:00:00,1162,0.0,1801.47,32.41,
Norte,E1,3:00:00,1164,0.08,1801.46,32.48,
Norte,E1,3:00:00,1165,0.03,1801.47,32.6,
Norte,E1,3:00:00,1166,0.04,1801.47,32.15,
Norte,E1,3:00:00,1169,0.07,1801.46,32.76,
Norte,E1,3:00:00,1171,0.05,1801.45,32.77,
Norte,E1,3:00:00,1172,0.13,1801.45,33.82,
Norte,E1,3:00:00,1174,0.04,1801.45,33.62,
Norte,E1,3:00:00,1175,0.1,1801.46,32.12,
Norte,E1,3:00:00,1176,0.14,1801.46,33.61,
Norte,E1,3:00:00,1179,0.05,1801.46,33.12,
Norte,E1,3:00:00,1181,0.01,1801.45,33.61,
Norte,E1,3:00:00,1182,0.05,1801.46,32.85,
Norte,E1,3:00:00,1184,0.03,1801.49,25.05,
Norte,E1,3:00:00,1185,0.02,1801.48,26.75,
Norte,E1,3:00:00,1186,0.01,1801.48,26.07,
Norte,E1,3:00:00,1187,0.17,1801.47,25.76,
Norte,E1,3:00:00,1189,0.01,1801.43,25.34,
Norte,E1,3:00:00,1190,0.05,1801.42,26.29,
Norte,E1,3:00:00,1191,0.05,1801.46,29.34,
Norte,E1,3:00:00,1192,0.01,1801.46,27.44,
Norte,E1,3:00:00,1196,0.04,1801.4,27.18,
Norte,E1,3:00:00,1197,0.04,1801.4,27.65,
Norte,E1,3:00:00,1207,0.09,1801.4,25.61,
Norte,E1,3:00:00,1216,0.07,1801.4,19.37,
Norte,E1,3:00:00,1221,0.04,1801.5,19.94,
Norte,E1,3:00:00,1223,0.04,1801.5,19.72,
Norte,E1,3:00:00,1224,0.06,1801.5,23.32,
Norte,E1,3:00:00,1225,0.03,1801.48,24.78,
Norte,E1,3:00:00,1226,0.05,1801.49,23.54,
Norte,E1,3:00:00,1228,0.03,1801.49,22.87,
Norte,E1,3:00:00,1229,0.01,1801.49,22.57,
Norte,E1,3:00:00,1230,0.01,1801.49,22.52,
Norte,E1,3:00:00,1231,0.01,1801.49,22.6,
Norte,E1,3:00:00,1232,0.02,1801.49,22.06,
Norte,E1,3:00:00,1233,0.01,1801.49,22.03,
Norte,E1,3:00:00,1240,0.09,1801.5,21.33,
Norte,E1,3:00:00,1242,0.09,1801.5,22.5,
Norte,E1,3:00:00,1243,0.03,1801.49,23.26,
Norte,E1,3:00:00,1244,0.09,1801.48,24.81,
Norte,E1,3:00:00,1245,0.05,1801.48,25.89,
Norte,E1,3:00:00,1246,0.03,1801.47,26.07,
Norte,E1,3:00:00,1247,0.06,1801.47,25.83,
Norte,E1,3:00:00,1248,0.05,1801.47,25.54,
Norte,E1,3:00:00,1249,0.11,1801.49,23.91,
Norte,E1,3:00:00,1250,0.12,1801.5,22.81,
Norte,E1,3:00:00,1252,0.09,1801.51,21.42,
Norte,E1,3:00:00,1253,0.12,1801.49,23.88,
Norte,E1,3:00:00,1254,0.11,1801.51,22.21,
Norte,E1,3:00:00,1255,0.06,1801.53,21.96,
Norte,E1,3:00:00,1257,0.06,1801.53,21.34,
Norte,E1,3:00:00,1265,0.03,1801.56,20.97,
Norte,E1,3:00:00,1268,0.05,1801.56,21.06,
Norte,E1,3:00:00,1272,0.03,1801.54,21.71,
Norte,E1,3:00:00,1274,0.05,1801.54,21.74,
Norte,E1,3:00:00,1276,0.1,1801.52,22.71,
Norte,E1,3:00:00,1279,0.05,1801.51,24.0,
Norte,E1,3:00:00,1281,0.05,1801.51,24.37,
Norte,E1,3:00:00,1282,0.02,1801.51,25.84,
Norte,E1,3:00:00,1284,0.02,1801.45,31.21,
Norte,E1,3:00:00,1286,0.06,1801.52,22.93,
Norte,E1,3:00:00,1288,0.01,1801.52,24.96,
Norte,E1,3:00:00,1289,0.02,1801.52,23.29,
Norte,E1,3:00:00,1290,0.08,1801.52,23.37,
Norte,E1,3:00:00,1291,0.01,1801.52,21.13,
Norte,E1,3:00:00,1292,0.05,1801.52,21.36,
Norte,E1,3:00:00,1293,0.07,1801.52,22.01,
Norte,E1,3:00:00,1294,0.02,1801.52,21.86,
Norte,E1,3:00:00,1295,0.11,1801.53,21.04,
Norte,E1,3:00:00,1297,0.08,1801.53,20.65,
Norte,E1,3:00:00,1302,0.07,1801.52,20.12,
Norte,E1,3:00:00,1304,0.05,1801.52,20.12,
Norte,E1,3:00:00,1305,0.0,1801.52,20.13,
Norte,E1,3:00:00,1306,0.05,1801.52,20.13,
Norte,E1,3:00:00,1308,0.06,1801.52,20.66,
Norte,E1,3:00:00,1309,0.03,1801.52,28.55,
Norte,E1,3:00:00,1310,0.02,1801.52,24.7,
Norte,E1,3:00:00,1312,0.08,1801.47,29.55,
Norte,E1,3:00:00,1313,0.0,1801.47,29.77,
Norte,E1,3:00:00,1315,0.05,1801.47,29.73,
Norte,E1,3:00:00,1318,0.07,1801.44,29.71,
Norte,E1,3:00:00,1319,0.01,1801.44,29.36,
Norte,E1,3:00:00,1321,0.04,1801.52,21.55,
Norte,E1,3:00:00,1322,0.0,1801.52,22.32,
Norte,E1,3:00:00,1323,0.05,1801.52,22.11,
Norte,E1,3:00:00,1324,0.02,1801.52,20.67,
Norte,E1,3:00:00,1326,0.07,1801.52,20.33,
Norte,E1,3:00:00,1334,0.05,1801.52,22.24,
Norte,E1,3:00:00,1335,0.06,1801.5,22.79,
Norte,E1,3:00:00,1336,0.01,1801.5,21.92,
Norte,E1,3:00:00,1340,0.03,1801.52,29.18,
Norte,E1,3:00:00,5010,0.03,1801.5,26.05,
Norte,E1,3:00:00,5011,0.04,1801.43,26.22,
Norte,E1,3:00:00,5019,0.05,1801.44,32.26,
Norte,E1,3:00:00,5086,0.06,1801.45,32.74,
Norte,E1,3:00:00,5087,0.01,1801.45,32.79,
Norte,E1,3:00:00,5108,0.0,1801.43,26.15,
Norte,E1,3:00:00,5112,0.02,1801.54,21.75,
Norte,E1,3:00:00,5148,0.0,1801.45,32.47,
Norte,E1,3:00:00,5193,0.0,1801.44,31.59,
Norte,E1,3:00:00,5204,0.12,1801.4,25.68,
Norte,E1,3:00:00,5241,0.0,1801.5,19.87,
Norte,E1,3:00:00,5264,0.02,1801.45,32.75,
Norte,E1,3:00:00,5289,0.01,1801.44,29.96,
Norte,E1,3:00:00,5291,0.01,1801.47,29.99,
Norte,E1,3:00:00,5311,0.1,1801.44,32.69,
Norte,E1,3:00:00,5312,0.0,1801.44,32.83,
Norte,E1,3:00:00,5313,0.0,1801.44,32.63,
Norte,E1,3:00:00,5314,0.01,1801.43,26.08,
Norte,E1,3:00:00,5342,0.03,1801.5,25.95,
Norte,E1,3:00:00,5343,0.11,1801.55,21.07,
Norte,E1,3:00:00,5344,0.11,1801.55,26.01,
Norte,E1,3:00:00,5345,0.11,1801.55,26.17,
Norte,E1,3:00:00,5478,0.0,1801.54,21.76,
Norte,E1,3:00:00,5484,0.0,1801.5,19.34,
Norte,E1,3:00:00,5493,0.01,1801.46,30.98,
Norte,E1,3:00:00,5494,0.01,1801.46,31.05,
Norte,E1,3:00:00,5495,0.08,1801.44,32.97,
Norte,E1,3:00:00,5506,0.01,1801.49,23.01,
Norte,E1,3:00:00,5523,0.0,1801.44,29.43,
Norte,E1,3:00:00,5533,0.02,1801.52,20.98,
Norte,E1,3:00:00,5537,0.03,1801.44,29.69,
Norte,E1,3:00:00,5538,0.06,1801.44,30.01,
Norte,E1,3:00:00,5603,0.04,1801.45,31.23,
Norte,E1,3:00:00,5604,0.06,1801.45,30.8,
Norte,E1,3:00:00,5613,0.06,1801.45,32.64,
Norte,E1,3:00:00,5614,0.02,1801.46,32.73,
Norte,E1,3:00:00,5620,0.04,1801.44,32.59,
Norte,E1,3:00:00,5621,0.03,1801.44,32.53,
Norte,E1,3:00:00,5678,0.05,1801.44,30.12,
Norte,E1,3:00:00,5685,0.02,1801.46,25.92,
Norte,E1,3:00:00,5709,0.13,1801.55,21.08,
Norte,E1,3:00:00,5744,0.04,1801.46,32.38,
Norte,E1,3:00:00,5746,0.07,1801.5,24.65,
Norte,E1,3:00:00,5747,0.04,1801.49,26.16,
Norte,E1,3:00:00,5748,0.05,1801.6,21.34,
Norte,E1,3:00:00,5749,0.05,1801.65,21.5,
Norte,E1,3:00:00,5750,0.03,1801.69,21.36,
Norte,E1,3:00:00,5760,0.03,1801.73,21.09,
Norte,E1,3:00:00,5761,0.02,1801.7,21.47,
Norte,E1,3:00:00,5762,0.01,1801.77,20.53,
Norte,E1,3:00:00,5763,0.02,1801.76,20.76,
Norte,E1,3:00:00,10020,0.04,1801.45,33.51,
Norte,E1,3:00:00,10059,0.03,1801.44,29.95,
Norte,E1,3:00:00,10061,0.0,1801.52,20.81,
Norte,E1,3:00:00,10062,0.0,1801.53,20.71,
Norte,E1,3:00:00,10063,0.0,1801.56,20.97,
Norte,E1,3:00:00,10082,0.07,1801.5,20.76,
Norte,E1,4:00:00,346,0.04,1801.42,33.72,
Norte,E1,4:00:00,347,0.07,1801.42,33.9,
Norte,E1,4:00:00,348,0.1,1801.42,33.91,
Norte,E1,4:00:00,349,0.05,1801.42,32.59,
Norte,E1,4:00:00,350,0.02,1801.42,32.58,
Norte,E1,4:00:00,351,0.04,1801.43,34.18,
Norte,E1,4:00:00,352,0.11,1801.43,34.06,
Norte,E1,4:00:00,353,0.06,1801.43,33.97,
Norte,E1,4:00:00,354,0.11,1801.44,32.74,
Norte,E1,4:00:00,355,0.04,1801.45,32.67,
Norte,E1,4:00:00,356,0.07,1801.45,32.71,
Norte,E1,4:00:00,357,0.03,1801.45,32.93,
Norte,E1,4:00:00,358,0.02,1801.45,33.18,
Norte,E1,4:00:00,362,0.07,1801.44,32.74,
Norte,E1,4:00:00,363,0.03,1801.44,32.73,
Norte,E1,4:00:00,364,0.07,1801.44,32.73,
Norte,E1,4:00:00,368,0.03,1801.43,32.76,
Norte,E1,4:00:00,371,0.05,1801.43,32.74,
Norte,E1,4:00:00,400,0.05,1801.43,32.45,
Norte,E1,4:00:00,401,0.05,1801.43,32.47,
Norte,E1,4:00:00,404,0.02,1801.43,32.27,
Norte,E1,4:00:00,405,0.01,1801.43,32.22,
Norte,E1,4:00:00,1049,0.02,1801.43,30.03,
Norte,E1,4:00:00,1051,0.03,1801.43,29.92,
Norte,E1,4:00:00,1053,0.02,1801.43,29.92,
Norte,E1,4:00:00,1059,0.05,1801.43,29.69,
Norte,E1,4:00:00,1063,0.02,1801.43,29.42,
Norte,E1,4:00:00,1077,0.02,1801.43,29.88,
Norte,E1,4:00:00,1089,0.03,1801.42,30.03,
Norte,E1,4:00:00,1093,0.06,1801.42,29.58,
Norte,E1,4:00:00,1094,0.02,1801.42,29.34,
Norte,E1,4:00:00,1095,0.02,1801.43,29.84,
Norte,E1,4:00:00,1100,0.04,1801.43,30.45,
Norte,E1,4:00:00,1102,0.06,1801.43,30.4,
Norte,E1,4:00:00,1103,0.01,1801.43,31.38,
Norte,E1,4:00:00,1104,0.06,1801.43,30.43,
Norte,E1,4:00:00,1106,0.07,1801.43,30.37,
Norte,E1,4:00:00,1107,0.03,1801.43,30.63,
Norte,E1,4:00:00,1109,0.01,1801.43,30.62,
Norte,E1,4:00:00,1110,0.01,1801.43,30.26,
Norte,E1,4:00:00,1112,0.02,1801.43,30.28,
Norte,E1,4:00:00,1113,0.03,1801.43,30.02,
Norte,E1,4:00:00,1115,0.07,1801.43,30.01,
Norte,E1,4:00:00,1117,0.07,1801.43,30.06,
Norte,E1,4:00:00,1119,0.09,1801.43,30.65,
Norte,E1,4:00:00,1120,0.07,1801.43,30.22,
Norte,E1,4:00:00,1122,0.05,1801.43,31.52,
Norte,E1,4:00:00,1125,0.05,1801.43,31.46,
Norte,E1,4:00:00,1128,0.05,1801.43,31.71,
Norte,E1,4:00:00,1130,0.06,1801.43,31.53,
Norte,E1,4:00:00,1131,0.07,1801.43,31.68,
Norte,E1,4:00:00,1133,0.02,1801.43,32.71,
Norte,E1,4:00:00,1134,0.12,1801.45,32.78,
Norte,E1,4:00:00,1135,0.08,1801.43,32.89,
Norte,E1,4:00:00,1137,0.1,1801.45,32.72,
Norte,E1,4:00:00,1139,0.07,1801.45,32.7,
Norte,E1,4:00:00,1140,0.03,1801.45,32.75,
Norte,E1,4:00:00,1141,0.05,1801.43,31.69,
Norte,E1,4:00:00,1142,0.02,1801.44,31.64,
Norte,E1,4:00:00,1143,0.07,1801.44,32.49,
Norte,E1,4:00:00,1144,0.06,1801.43,32.66,
Norte,E1,4:00:00,1145,0.03,1801.44,32.58,
Norte,E1,4:00:00,1147,0.0,1801.43,32.73,
Norte,E1,4:00:00,1148,0.0,1801.44,32.75,
Norte,E1,4:00:00,1149,0.13,1801.46,31.35,
Norte,E1,4:00:00,1150,0.18,1801.44,31.16,
Norte,E1,4:00:00,1151,0.03,1801.5,27.27,
Norte,E1,4:00:00,1153,0.01,1801.47,28.87,
Norte,E1,4:00:00,1154,0.0,1801.47,29.32,
Norte,E1,4:00:00,1158,0.09,1801.47,29.53,
Norte,E1,4:00:00,1159,0.07,1801.46,31.9,
Norte,E1,4:00:00,1161,0.03,1801.46,30.97,
Norte,E1,4:00:00,1162,0.0,1801.45,32.39,
Norte,E1,4:00:00,1164,0.08,1801.45,32.47,
Norte,E1,4:00:00,1165,0.03,1801.45,32.58,
Norte,E1,4:00:00,1166,0.04,1801.45,32.13,
Norte,E1,4:00:00,1169,0.07,1801.45,32.75,
Norte,E1,4:00:00,1171,0.06,1801.44,32.76,
Norte,E1,4:00:00,1172,0.13,1801.44,33.81,
Norte,E1,4:00:00,1174,0.05,1801.44,33.61,
Norte,E1,4:00:00,1175,0.1,1801.45,32.11,
Norte,E1,4:00:00,1176,0.14,1801.45,33.6,
Norte,E1,4:00:00,1179,0.05,1801.45,33.11,
Norte,E1,4:00:00,1181,0.01,1801.44,33.6,
Norte,E1,4:00:00,1182,0.05,1801.45,32.84,
Norte,E1,4:00:00,1184,0.03,1801.48,25.04,
Norte,E1,4:00:00,1185,0.02,1801.47,26.74,
Norte,E1,4:00:00,1186,0.01,1801.47,26.06,
Norte,E1,4:00:00,1187,0.17,1801.45,25.74,
Norte,E1,4:00:00,1189,0.01,1801.41,25.32,
Norte,E1,4:00:00,1190,0.05,1801.41,26.28,
Norte,E1,4:00:00,1191,0.05,1801.45,29.33,
Norte,E1,4:00:00,1192,0.01,1801.45,27.43,
Norte,E1,4:00:00,1196,0.04,1801.39,27.17,
Norte,E1,4:00:00,1197,0.04,1801.39,27.64,
Norte,E1,4:00:00,1207,0.09,1801.39,25.6,
Norte,E1,4:00:00,1216,0.07,1801.38,19.35,
Norte,E1,4:00:00,1221,0.04,1801.49,19.93,
Norte,E1,4:00:00,1223,0.04,1801.49,19.71,
Norte,E1,4:00:00,1224,0.06,1801.48,23.3,
Norte,E1,4:00:00,1225,0.03,1801.47,24.77,
Norte,E1,4:00:00,1226,0.05,1801.48,23.53,
Norte,E1,4:00:00,1228,0.03,1801.48,22.86,
Norte,E1,4:00:00,1229,0.01,1801.48,22.56,
Norte,E1,4:00:00,1230,0.01,1801.48,22.51,
Norte,E1,4:00:00,1231,0.01,1801.48,22.59,
Norte,E1,4:00:00,1232,0.02,1801.48,22.05,
Norte,E1,4:00:00,1233,0.01,1801.48,22.02,
Norte,E1,4:00:00,1240,0.09,1801.49,21.32,
Norte,E1,4:00:00,1242,0.09,1801.48,22.48,
Norte,E1,4:00:00,1243,0.03,1801.48,23.25,
Norte,E1,4:00:00,1244,0.09,1801.47,24.8,
Norte,E1,4:00:00,1245,0.05,1801.47,25.88,
Norte,E1,4:00:00,1246,0.03,1801.46,26.06,
Norte,E1,4:00:00,1247,0.06,1801.46,25.82,
Norte,E1,4:00:00,1248,0.05,1801.46,25.53,
Norte,E1,4:00:00,1249,0.11,1801.48,23.9,
Norte,E1,4:00:00,1250,0.12,1801.49,22.8,
Norte,E1,4:00:00,1252,0.09,1801.5,21.41,
Norte,E1,4:00:00,1253,0.12,1801.48,23.87,
Norte,E1,4:00:00,1254,0.11,1801.5,22.2,
Norte,E1,4:00:00,1255,0.06,1801.52,21.95,
Norte,E1,4:00:00,1257,0.07,1801.52,21.33,
Norte,E1,4:00:00,1265,0.03,1801.55,20.96,
Norte,E1,4:00:00,1268,0.05,1801.55,21.05,
Norte,E1,4:00:00,1272,0.03,1801.53,21.7,
Norte,E1,4:00:00,1274,0.05,1801.53,21.73,
Norte,E1,4:00:00,1276,0.11,1801.51,22.7,
Norte,E1,4:00:00,1279,0.05,1801.5,23.99,
Norte,E1,4:00:00,1281,0.05,1801.5,24.36,
Norte,E1,4:00:00,1282,0.02,1801.5,25.83,
Norte,E1,4:00:00,1284,0.02,1801.44,31.2,
Norte,E1,4:00:00,1286,0.07,1801.5,22.91,
Norte,E1,4:00:00,1288,0.01,1801.5,24.94,
Norte,E1,4:00:00,1289,0.02,1801.5,23.27,
Norte,E1,4:00:00,1290,0.08,1801.5,23.35,
Norte,E1,4:00:00,1291,0.01,1801.51,21.12,
Norte,E1,4:00:00,1292,0.05,1801.51,21.35,
Norte,E1,4:00:00,1293,0.07,1801.51,22.0,
Norte,E1,4:00:00,1294,0.02,1801.51,21.85,
Norte,E1,4:00:00,1295,0.11,1801.52,21.03,
Norte,E1,4:00:00,1297,0.08,1801.52,20.64,
Norte,E1,4:00:00,1302,0.08,1801.51,20.11,
Norte,E1,4:00:00,1304,0.05,1801.51,20.11,
Norte,E1,4:00:00,1305,0.0,1801.51,20.12,
Norte,E1,4:00:00,1306,0.05,1801.51,20.12,
Norte,E1,4:00:00,1308,0.07,1801.51,20.65,
Norte,E1,4:00:00,1309,0.03,1801.51,28.54,
Norte,E1,4:00:00,1310,0.02,1801.51,24.69,
Norte,E1,4:00:00,1312,0.08,1801.46,29.54,
Norte,E1,4:00:00,1313,0.0,1801.46,29.76,
Norte,E1,4:00:00,1315,0.05,1801.46,29.72,
Norte,E1,4:00:00,1318,0.07,1801.42,29.69,
Norte,E1,4:00:00,1319,0.01,1801.42,29.34,
Norte,E1,4:00:00,1321,0.04,1801.51,21.54,
Norte,E1,4:00:00,1322,0.0,1801.51,22.31,
Norte,E1,4:00:00,1323,0.05,1801.51,22.1,
Norte,E1,4:00:00,1324,0.02,1801.51,20.66,
Norte,E1,4:00:00,1326,0.07,1801.51,20.32,
Norte,E1,4:00:00,1334,0.05,1801.5,22.22,
Norte,E1,4:00:00,1335,0.06,1801.49,22.78,
Norte,E1,4:00:00,1336,0.01,1801.49,21.91,
Norte,E1,4:00:00,1340,0.03,1801.5,29.16,
Norte,E1,4:00:00,5010,0.03,1801.49,26.04,
Norte,E1,4:00:00,5011,0.04,1801.41,26.2,
Norte,E1,4:00:00,5019,0.05,1801.42,32.24,
Norte,E1,4:00:00,5086,0.06,1801.43,32.72,
Norte,E1,4:00:00,5087,0.01,1801.43,32.77,
Norte,E1,4:00:00,5108,0.0,1801.41,26.13,
Norte,E1,4:00:00,5112,0.02,1801.53,21.74,
Norte,E1,4:00:00,5148,0.0,1801.43,32.45,
Norte,E1,4:00:00,5193,0.0,1801.43,31.58,
Norte,E1,4:00:00,5204,0.12,1801.39,25.67,
Norte,E1,4:00:00,5241,0.0,1801.49,19.86,
Norte,E1,4:00:00,5264,0.02,1801.44,32.74,
Norte,E1,4:00:00,5289,0.01,1801.42,29.94,
Norte,E1,4:00:00,5291,0.01,1801.46,29.98,
Norte,E1,4:00:00,5311,0.11,1801.43,32.68,
Norte,E1,4:00:00,5312,0.0,1801.43,32.82,
Norte,E1,4:00:00,5313,0.01,1801.43,32.62,
Norte,E1,4:00:00,5314,0.01,1801.41,26.06,
Norte,E1,4:00:00,5342,0.03,1801.49,25.94,
Norte,E1,4:00:00,5343,0.11,1801.55,21.07,
Norte,E1,4:00:00,5344,0.11,1801.54,26.0,
Norte,E1,4:00:00,5345,0.11,1801.54,26.16,
Norte,E1,4:00:00,5478,0.0,1801.53,21.75,
Norte,E1,4:00:00,5484,0.0,1801.49,19.33,
Norte,E1,4:00:00,5493,0.01,1801.45,30.97,
Norte,E1,4:00:00,5494,0.01,1801.45,31.04,
Norte,E1,4:00:00,5495,0.08,1801.43,32.96,
Norte,E1,4:00:00,5506,0.01,1801.48,23.0,
Norte,E1,4:00:00,5523,0.0,1801.43,29.42,
Norte,E1,4:00:00,5533,0.02,1801.51,20.97,
Norte,E1,4:00:00,5537,0.03,1801.43,29.68,
Norte,E1,4:00:00,5538,0.06,1801.43,30.0,
Norte,E1,4:00:00,5603,0.04,1801.44,31.22,
Norte,E1,4:00:00,5604,0.06,1801.43,30.78,
Norte,E1,4:00:00,5613,0.06,1801.44,32.63,
Norte,E1,4:00:00,5614,0.02,1801.45,32.72,
Norte,E1,4:00:00,5620,0.04,1801.42,32.57,
Norte,E1,4:00:00,5621,0.03,1801.42,32.51,
Norte,E1,4:00:00,5678,0.05,1801.43,30.11,
Norte,E1,4:00:00,5685,0.02,1801.45,25.91,
Norte,E1,4:00:00,5709,0.13,1801.55,21.08,
Norte,E1,4:00:00,5744,0.04,1801.45,32.37,
Norte,E1,4:00:00,5746,0.07,1801.49,24.64,
Norte,E1,4:00:00,5747,0.04,1801.47,26.14,
Norte,E1,4:00:00,5748,0.05,1801.59,21.33,
Norte,E1,4:00:00,5749,0.05,1801.64,21.49,
Norte,E1,4:00:00,5750,0.03,1801.68,21.35,
Norte,E1,4:00:00,5760,0.03,1801.73,21.09,
Norte,E1,4:00:00,5761,0.02,1801.69,21.46,
Norte,E1,4:00:00,5762,0.01,1801.77,20.53,
Norte,E1,4:00:00,5763,0.02,1801.76,20.76,
Norte,E1,4:00:00,10020,0.04,1801.44,33.5,
Norte,E1,4:00:00,10059,0.03,1801.43,29.94,
Norte,E1,4:00:00,10061,0.0,1801.51,20.8,
Norte,E1,4:00:00,10062,0.0,1801.52,20.7,
Norte,E1,4:00:00,10063,0.0,1801.55,20.96,
Norte,E1,4:00:00,10082,0.07,1801.49,20.75,
Norte,E1,5:00:00,346,0.05,1801.22,33.52,
Norte,E1,5:00:00,347,0.08,1801.22,33.7,
Norte,E1,5:00:00,348,0.13,1801.22,33.71,
Norte,E1,5:00:00,349,0.06,1801.23,32.4,
Norte,E1,5:00:00,350,0.03,1801.23,32.39,
Norte,E1,5:00:00,351,0.06,1801.23,33.98,
Norte,E1,5:00:00,352,0.14,1801.23,33.86,
Norte,E1,5:00:00,353,0.08,1801.23,33.77,
Norte,E1,5:00:00,354,0.14,1801.26,32.56,
Norte,E1,5:00:00,355,0.05,1801.26,32.48,
Norte,E1,5:00:00,356,0.09,1801.26,32.52,
Norte,E1,5:00:00,357,0.04,1801.26,32.74,
Norte,E1,5:00:00,358,0.02,1801.26,32.99,
Norte,E1,5:00:00,362,0.09,1801.24,32.54,
Norte,E1,5:00:00,363,0.04,1801.25,32.54,
Norte,E1,5:00:00,364,0.08,1801.25,32.54,
Norte,E1,5:00:00,368,0.04,1801.23,32.56,
Norte,E1,5:00:00,371,0.06,1801.23,32.54,
Norte,E1,5:00:00,400,0.07,1801.24,32.26,
Norte,E1,5:00:00,401,0.06,1801.24,32.28,
Norte,E1,5:00:00,404,0.03,1801.24,32.08,
Norte,E1,5:00:00,405,0.01,1801.24,32.03,
Norte,E1,5:00:00,1049,0.03,1801.23,29.83,
Norte,E1,5:00:00,1051,0.04,1801.23,29.72,
Norte,E1,5:00:00,1053,0.03,1801.23,29.72,
Norte,E1,5:00:00,1059,0.06,1801.23,29.49,
Norte,E1,5:00:00,1063,0.03,1801.23,29.22,
Norte,E1,5:00:00,1077,0.03,1801.23,29.68,
Norte,E1,5:00:00,1089,0.04,1801.22,29.83,
Norte,E1,5:00:00,1093,0.08,1801.22,29.38,
Norte,E1,5:00:00,1094,0.02,1801.22,29.14,
Norte,E1,5:00:00,1095,0.02,1801.23,29.64,
Norte,E1,5:00:00,1100,0.05,1801.23,30.25,
Norte,E1,5:00:00,1102,0.08,1801.23,30.2,
Norte,E1,5:00:00,1103,0.01,1801.23,31.18,
Norte,E1,5:00:00,1104,0.08,1801.23,30.23,
Norte,E1,5:00:00,1106,0.09,1801.23,30.17,
Norte,E1,5:00:00,1107,0.04,1801.23,30.43,
Norte,E1,5:00:00,1109,0.01,1801.23,30.42,
Norte,E1,5:00:00,1110,0.01,1801.23,30.06,
Norte,E1,5:00:00,1112,0.02,1801.23,30.08,
Norte,E1,5:00:00,1113,0.04,1801.23,29.82,
Norte,E1,5:00:00,1115,0.09,1801.23,29.81,
Norte,E1,5:00:00,1117,0.09,1801.23,29.86,
Norte,E1,5:00:00,1119,0.12,1801.23,30.45,
Norte,E1,5:00:00,1120,0.09,1801.23,30.02,
Norte,E1,5:00:00,1122,0.06,1801.23,31.32,
Norte,E1,5:00:00,1125,0.07,1801.23,31.26,
Norte,E1,5:00:00,1128,0.07,1801.23,31.51,
Norte,E1,5:00:00,1130,0.08,1801.23,31.33,
Norte,E1,5:00:00,1131,0.08,1801.23,31.48,
Norte,E1,5:00:00,1133,0.03,1801.23,32.51,
Norte,E1,5:00:00,1134,0.15,1801.27,32.6,
Norte,E1,5:00:00,1135,0.1,1801.23,32.69,
Norte,E1,5:00:00,1137,0.13,1801.26,32.53,
Norte,E1,5:00:00,1139,0.08,1801.26,32.51,
Norte,E1,5:00:00,1140,0.03,1801.26,32.56,
Norte,E1,5:00:00,1141,0.06,1801.23,31.49,
Norte,E1,5:00:00,1142,0.03,1801.25,31.45,
Norte,E1,5:00:00,1143,0.09,1801.25,32.3,
Norte,E1,5:00:00,1144,0.08,1801.23,32.46,
Norte,E1,5:00:00,1145,0.03,1801.25,32.39,
Norte,E1,5:00:00,1147,0.0,1801.24,32.54,
Norte,E1,5:00:00,1148,0.0,1801.24,32.55,
Norte,E1,5:00:00,1149,0.17,1801.29,31.18,
Norte,E1,5:00:00,1150,0.22,1801.24,30.96,
Norte,E1,5:00:00,1151,0.04,1801.34,27.11,
Norte,E1,5:00:00,1153,0.02,1801.3,28.7,
Norte,E1,5:00:00,1154,0.0,1801.3,29.15,
Norte,E1,5:00:00,1158,0.12,1801.3,29.36,
Norte,E1,5:00:00,1159,0.08,1801.28,31.72,
Norte,E1,5:00:00,1161,0.04,1801.28,30.79,
Norte,E1,5:00:00,1162,0.01,1801.27,32.21,
Norte,E1,5:00:00,1164,0.1,1801.27,32.29,
Norte,E1,5:00:00,1165,0.04,1801.27,32.4,
Norte,E1,5:00:00,1166,0.06,1801.27,31.95,
Norte,E1,5:00:00,1169,0.09,1801.26,32.56,
Norte,E1,5:00:00,1171,0.07,1801.25,32.57,
Norte,E1,5:00:00,1172,0.17,1801.25,33.62,
Norte,E1,5:00:00,1174,0.06,1801.25,33.42,
Norte,E1,5:00:00,1175,0.13,1801.26,31.92,
Norte,E1,5:00:00,1176,0.18,1801.26,33.41,
Norte,E1,5:00:00,1179,0.06,1801.26,32.92,
Norte,E1,5:00:00,1181,0.01,1801.25,33.41,
Norte,E1,5:00:00,1182,0.06,1801.26,32.65,
Norte,E1,5:00:00,1184,0.04,1801.31,24.87,
Norte,E1,5:00:00,1185,0.02,1801.3,26.57,
Norte,E1,5:00:00,1186,0.01,1801.3,25.89,
Norte,E1,5:00:00,1187,0.22,1801.27,25.56,
Norte,E1,5:00:00,1189,0.01,1801.2,25.11,
Norte,E1,5:00:00,1190,0.07,1801.2,26.07,
Norte,E1,5:00:00,1191,0.07,1801.26,29.14,
Norte,E1,5:00:00,1192,0.01,1801.26,27.24,
Norte,E1,5:00:00,1196,0.06,1801.16,26.94,
Norte,E1,5:00:00,1197,0.05,1801.16,27.41,
Norte,E1,5:00:00,1207,0.12,1801.17,25.37,
Norte,E1,5:00:00,1216,0.09,1801.16,19.13,
Norte,E1,5:00:00,1221,0.05,1801.32,19.76,
Norte,E1,5:00:00,1223,0.05,1801.32,19.54,
Norte,E1,5:00:00,1224,0.07,1801.32,23.14,
Norte,E1,5:00:00,1225,0.04,1801.29,24.59,
Norte,E1,5:00:00,1226,0.07,1801.32,23.37,
Norte,E1,5:00:00,1228,0.04,1801.32,22.7,
Norte,E1,5:00:00,1229,0.02,1801.32,22.4,
Norte,E1,5:00:00,1230,0.01,1801.32,22.35,
Norte,E1,5:00:00,1231,0.01,1801.32,22.43,
Norte,E1,5:00:00,1232,0.02,1801.32,21.89,
Norte,E1,5:00:00,1233,0.01,1801.32,21.86,
Norte,E1,5:00:00,1240,0.12,1801.33,21.16,
Norte,E1,5:00:00,1242,0.12,1801.32,22.32,
Norte,E1,5:00:00,1243,0.04,1801.31,23.08,
Norte,E1,5:00:00,1244,0.12,1801.29,24.62,
Norte,E1,5:00:00,1245,0.06,1801.29,25.7,
Norte,E1,5:00:00,1246,0.03,1801.28,25.87,
Norte,E1,5:00:00,1247,0.07,1801.28,25.64,
Norte,E1,5:00:00,1248,0.07,1801.27,25.34,
Norte,E1,5:00:00,1249,0.15,1801.31,23.73,
Norte,E1,5:00:00,1250,0.16,1801.32,22.63,
Norte,E1,5:00:00,1252,0.11,1801.34,21.25,
Norte,E1,5:00:00,1253,0.15,1801.31,23.7,
Norte,E1,5:00:00,1254,0.14,1801.34,22.04,
Norte,E1,5:00:00,1255,0.08,1801.37,21.8,
Norte,E1,5:00:00,1257,0.08,1801.38,21.19,
Norte,E1,5:00:00,1265,0.03,1801.42,20.83,
Norte,E1,5:00:00,1268,0.07,1801.42,20.92,
Norte,E1,5:00:00,1272,0.03,1801.39,21.56,
Norte,E1,5:00:00,1274,0.06,1801.39,21.59,
Norte,E1,5:00:00,1276,0.14,1801.36,22.55,
Norte,E1,5:00:00,1279,0.06,1801.35,23.84,
Norte,E1,5:00:00,1281,0.07,1801.35,24.21,
Norte,E1,5:00:00,1282,0.03,1801.35,25.68,
Norte,E1,5:00:00,1284,0.03,1801.24,31.0,
Norte,E1,5:00:00,1286,0.08,1801.35,22.76,
Norte,E1,5:00:00,1288,0.01,1801.35,24.79,
Norte,E1,5:00:00,1289,0.02,1801.35,23.12,
Norte,E1,5:00:00,1290,0.1,1801.35,23.2,
Norte,E1,5:00:00,1291,0.01,1801.35,20.96,
Norte,E1,5:00:00,1292,0.07,1801.35,21.19,
Norte,E1,5:00:00,1293,0.09,1801.36,21.85,
Norte,E1,5:00:00,1294,0.02,1801.36,21.7,
Norte,E1,5:00:00,1295,0.14,1801.37,20.88,
Norte,E1,5:00:00,1297,0.1,1801.38,20.5,
Norte,E1,5:00:00,1302,0.1,1801.37,19.97,
Norte,E1,5:00:00,1304,0.06,1801.37,19.97,
Norte,E1,5:00:00,1305,0.0,1801.37,19.98,
Norte,E1,5:00:00,1306,0.07,1801.37,19.98,
Norte,E1,5:00:00,1308,0.08,1801.36,20.5,
Norte,E1,5:00:00,1309,0.04,1801.36,28.39,
Norte,E1,5:00:00,1310,0.02,1801.36,24.54,
Norte,E1,5:00:00,1312,0.11,1801.28,29.36,
Norte,E1,5:00:00,1313,0.0,1801.28,29.58,
Norte,E1,5:00:00,1315,0.07,1801.28,29.54,
Norte,E1,5:00:00,1318,0.08,1801.22,29.49,
Norte,E1,5:00:00,1319,0.02,1801.22,29.14,
Norte,E1,5:00:00,1321,0.05,1801.36,21.39,
Norte,E1,5:00:00,1322,0.01,1801.36,22.16,
Norte,E1,5:00:00,1323,0.06,1801.36,21.95,
Norte,E1,5:00:00,1324,0.03,1801.36,20.52,
Norte,E1,5:00:00,1326,0.09,1801.36,20.17,
Norte,E1,5:00:00,1334,0.07,1801.35,22.07,
Norte,E1,5:00:00,1335,0.07,1801.33,22.62,
Norte,E1,5:00:00,1336,0.01,1801.33,21.75,
Norte,E1,5:00:00,1340,0.04,1801.35,29.01,
Norte,E1,5:00:00,5010,0.03,1801.32,25.87,
Norte,E1,5:00:00,5011,0.06,1801.21,26.0,
Norte,E1,5:00:00,5019,0.06,1801.22,32.04,
Norte,E1,5:00:00,5086,0.07,1801.24,32.53,
Norte,E1,5:00:00,5087,0.01,1801.24,32.58,
Norte,E1,5:00:00,5108,0.0,1801.2,25.92,
Norte,E1,5:00:00,5112,0.03,1801.39,21.6,
Norte,E1,5:00:00,5148,0.0,1801.24,32.26,
Norte,E1,5:00:00,5193,0.0,1801.23,31.38,
Norte,E1,5:00:00,5204,0.15,1801.16,25.44,
Norte,E1,5:00:00,5241,0.0,1801.32,19.69,
Norte,E1,5:00:00,5264,0.03,1801.24,32.54,
Norte,E1,5:00:00,5289,0.01,1801.22,29.74,
Norte,E1,5:00:00,5291,0.02,1801.28,29.8,
Norte,E1,5:00:00,5311,0.14,1801.23,32.48,
Norte,E1,5:00:00,5312,0.01,1801.23,32.62,
Norte,E1,5:00:00,5313,0.01,1801.23,32.42,
Norte,E1,5:00:00,5314,0.02,1801.2,25.85,
Norte,E1,5:00:00,5342,0.03,1801.32,25.77,
Norte,E1,5:00:00,5343,0.14,1801.41,20.93,
Norte,E1,5:00:00,5344,0.15,1801.4,25.86,
Norte,E1,5:00:00,5345,0.15,1801.4,26.02,
Norte,E1,5:00:00,5478,0.0,1801.39,21.61,
Norte,E1,5:00:00,5484,0.01,1801.32,19.16,
Norte,E1,5:00:00,5493,0.01,1801.26,30.78,
Norte,E1,5:00:00,5494,0.01,1801.26,30.85,
Norte,E1,5:00:00,5495,0.11,1801.23,32.76,
Norte,E1,5:00:00,5506,0.02,1801.32,22.84,
Norte,E1,5:00:00,5523,0.0,1801.23,29.22,
Norte,E1,5:00:00,5533,0.03,1801.35,20.81,
Norte,E1,5:00:00,5537,0.04,1801.23,29.48,
Norte,E1,5:00:00,5538,0.07,1801.23,29.8,
Norte,E1,5:00:00,5603,0.05,1801.25,31.03,
Norte,E1,5:00:00,5604,0.07,1801.24,30.59,
Norte,E1,5:00:00,5613,0.07,1801.25,32.44,
Norte,E1,5:00:00,5614,0.03,1801.26,32.53,
Norte,E1,5:00:00,5620,0.05,1801.22,32.37,
Norte,E1,5:00:00,5621,0.04,1801.22,32.31,
Norte,E1,5:00:00,5678,0.06,1801.23,29.91,
Norte,E1,5:00:00,5685,0.02,1801.26,25.72,
Norte,E1,5:00:00,5709,0.17,1801.41,20.94,
Norte,E1,5:00:00,5744,0.06,1801.27,32.19,
Norte,E1,5:00:00,5746,0.09,1801.33,24.48,
Norte,E1,5:00:00,5747,0.05,1801.3,25.97,
Norte,E1,5:00:00,5748,0.06,1801.49,21.23,
Norte,E1,5:00:00,5749,0.06,1801.57,21.42,
Norte,E1,5:00:00,5750,0.04,1801.63,21.3,
Norte,E1,5:00:00,5760,0.04,1801.7,21.06,
Norte,E1,5:00:00,5761,0.03,1801.65,21.42,
Norte,E1,5:00:00,5762,0.01,1801.77,20.53,
Norte,E1,5:00:00,5763,0.03,1801.75,20.75,
Norte,E1,5:00:00,10020,0.05,1801.24,33.3,
Norte,E1,5:00:00,10059,0.04,1801.23,29.74,
Norte,E1,5:00:00,10061,0.0,1801.35,20.64,
Norte,E1,5:00:00,10062,0.0,1801.38,20.56,
Norte,E1,5:00:00,10063,0.0,1801.42,20.83,
Norte,E1,5:00:00,10082,0.09,1801.33,20.59,
Norte,E1,6:00:00,346,0.05,1801.08,33.38,
Norte,E1,6:00:00,347,0.1,1801.08,33.56,
Norte,E1,6:00:00,348,0.15,1801.08,33.57,
Norte,E1,6:00:00,349,0.07,1801.08,32.25,
Norte,E1,6:00:00,350,0.03,1801.08,32.24,
Norte,E1,6:00:00,351,0.06,1801.08,33.83,
Norte,E1,6:00:00,352,0.16,1801.08,33.71,
Norte,E1,6:00:00,353,0.09,1801.08,33.62,
Norte,E1,6:00:00,354,0.15,1801.12,32.42,
Norte,E1,6:00:00,355,0.06,1801.13,32.35,
Norte,E1,6:00:00,356,0.11,1801.13,32.39,
Norte,E1,6:00:00,357,0.05,1801.13,32.61,
Norte,E1,6:00:00,358,0.03,1801.13,32.86,
Norte,E1,6:00:00,362,0.1,1801.1,32.4,
Norte,E1,6:00:00,363,0.05,1801.11,32.4,
Norte,E1,6:00:00,364,0.09,1801.11,32.4,
Norte,E1,6:00:00,368,0.05,1801.09,32.42,
Norte,E1,6:00:00,371,0.07,1801.09,32.4,
Norte,E1,6:00:00,400,0.07,1801.1,32.12,
Norte,E1,6:00:00,401,0.07,1801.1,32.14,
Norte,E1,6:00:00,404,0.03,1801.1,31.94,
Norte,E1,6:00:00,405,0.01,1801.1,31.89,
Norte,E1,6:00:00,1049,0.03,1801.08,29.68,
Norte,E1,6:00:00,1051,0.05,1801.08,29.57,
Norte,E1,6:00:00,1053,0.03,1801.08,29.57,
Norte,E1,6:00:00,1059,0.07,1801.08,29.34,
Norte,E1,6:00:00,1063,0.03,1801.08,29.07,
Norte,E1,6:00:00,1077,0.03,1801.09,29.54,
Norte,E1,6:00:00,1089,0.04,1801.08,29.69,
Norte,E1,6:00:00,1093,0.09,1801.08,29.24,
Norte,E1,6:00:00,1094,0.02,1801.08,29.0,
Norte,E1,6:00:00,1095,0.03,1801.08,29.49,
Norte,E1,6:00:00,1100,0.05,1801.08,30.1,
Norte,E1,6:00:00,1102,0.09,1801.08,30.05,
Norte,E1,6:00:00,1103,0.01,1801.09,31.04,
Norte,E1,6:00:00,1104,0.09,1801.08,30.08,
Norte,E1,6:00:00,1106,0.1,1801.08,30.02,
Norte,E1,6:00:00,1107,0.05,1801.09,30.29,
Norte,E1,6:00:00,1109,0.02,1801.08,30.27,
Norte,E1,6:00:00,1110,0.02,1801.09,29.92,
Norte,E1,6:00:00,1112,0.03,1801.09,29.94,
Norte,E1,6:00:00,1113,0.05,1801.09,29.68,
Norte,E1,6:00:00,1115,0.1,1801.09,29.67,
Norte,E1,6:00:00,1117,0.11,1801.09,29.72,
Norte,E1,6:00:00,1119,0.13,1801.08,30.3,
Norte,E1,6:00:00,1120,0.1,1801.09,29.88,
Norte,E1,6:00:00,1122,0.07,1801.09,31.18,
Norte,E1,6:00:00,1125,0.08,1801.09,31.12,
Norte,E1,6:00:00,1128,0.08,1801.09,31.37,
Norte,E1,6:00:00,1130,0.09,1801.09,31.19,
Norte,E1,6:00:00,1131,0.09,1801.09,31.34,
Norte,E1,6:00:00,1133,0.03,1801.08,32.36,
Norte,E1,6:00:00,1134,0.17,1801.13,32.46,
Norte,E1,6:00:00,1135,0.12,1801.09,32.55,
Norte,E1,6:00:00,1137,0.15,1801.13,32.4,
Norte,E1,6:00:00,1139,0.1,1801.13,32.38,
Norte,E1,6:00:00,1140,0.04,1801.13,32.43,
Norte,E1,6:00:00,1141,0.07,1801.08,31.34,
Norte,E1,6:00:00,1142,0.03,1801.11,31.31,
Norte,E1,6:00:00,1143,0.1,1801.11,32.16,
Norte,E1,6:00:00,1144,0.09,1801.08,32.31,
Norte,E1,6:00:00,1145,0.04,1801.11,32.25,
Norte,E1,6:00:00,1147,0.0,1801.1,32.4,
Norte,E1,6:00:00,1148,0.01,1801.1,32.41,
Norte,E1,6:00:00,1149,0.19,1801.16,31.05,
Norte,E1,6:00:00,1150,0.25,1801.1,30.82,
Norte,E1,6:00:00,1151,0.04,1801.23,27.0,
Norte,E1,6:00:00,1153,0.02,1801.17,28.57,
Norte,E1,6:00:00,1154,0.0,1801.17,29.02,
Norte,E1,6:00:00,1158,0.13,1801.17,29.23,
Norte,E1,6:00:00,1159,0.1,1801.16,31.6,
Norte,E1,6:00:00,1161,0.04,1801.16,30.67,
Norte,E1,6:00:00,1162,0.01,1801.14,32.08,
Norte,E1,6:00:00,1164,0.12,1801.13,32.15,
Norte,E1,6:00:00,1165,0.04,1801.14,32.27,
Norte,E1,6:00:00,1166,0.06,1801.14,31.82,
Norte,E1,6:00:00,1169,0.1,1801.13,32.43,
Norte,E1,6:00:00,1171,0.08,1801.11,32.43,
Norte,E1,6:00:00,1172,0.19,1801.11,33.48,
Norte,E1,6:00:00,1174,0.07,1801.11,33.28,
Norte,E1,6:00:00,1175,0.15,1801.12,31.78,
Norte,E1,6:00:00,1176,0.21,1801.12,33.27,
Norte,E1,6:00:00,1179,0.07,1801.13,32.79,
Norte,E1,6:00:00,1181,0.01,1801.11,33.27,
Norte,E1,6:00:00,1182,0.07,1801.13,32.52,
Norte,E1,6:00:00,1184,0.05,1801.18,24.74,
Norte,E1,6:00:00,1185,0.03,1801.17,26.44,
Norte,E1,6:00:00,1186,0.01,1801.17,25.76,
Norte,E1,6:00:00,1187,0.25,1801.14,25.43,
Norte,E1,6:00:00,1189,0.01,1801.06,24.97,
Norte,E1,6:00:00,1190,0.08,1801.05,25.92,
Norte,E1,6:00:00,1191,0.08,1801.12,29.0,
Norte,E1,6:00:00,1192,0.01,1801.12,27.1,
Norte,E1,6:00:00,1196,0.06,1801.0,26.78,
Norte,E1,6:00:00,1197,0.06,1801.0,27.25,
Norte,E1,6:00:00,1207,0.13,1801.01,25.22,
Norte,E1,6:00:00,1216,0.1,1801.0,18.97,
Norte,E1,6:00:00,1221,0.06,1801.2,19.64,
Norte,E1,6:00:00,1223,0.06,1801.2,19.42,
Norte,E1,6:00:00,1224,0.08,1801.2,23.02,
Norte,E1,6:00:00,1225,0.04,1801.16,24.46,
Norte,E1,6:00:00,1226,0.07,1801.2,23.25,
Norte,E1,6:00:00,1228,0.04,1801.19,22.57,
Norte,E1,6:00:00,1229,0.02,1801.19,22.27,
Norte,E1,6:00:00,1230,0.02,1801.19,22.22,
Norte,E1,6:00:00,1231,0.01,1801.19,22.3,
Norte,E1,6:00:00,1232,0.03,1801.19,21.76,
Norte,E1,6:00:00,1233,0.02,1801.19,21.73,
Norte,E1,6:00:00,1240,0.13,1801.21,21.04,
Norte,E1,6:00:00,1242,0.14,1801.2,22.2,
Norte,E1,6:00:00,1243,0.05,1801.19,22.96,
Norte,E1,6:00:00,1244,0.13,1801.16,24.49,
Norte,E1,6:00:00,1245,0.07,1801.16,25.57,
Norte,E1,6:00:00,1246,0.04,1801.14,25.74,
Norte,E1,6:00:00,1247,0.08,1801.14,25.5,
Norte,E1,6:00:00,1248,0.08,1801.14,25.21,
Norte,E1,6:00:00,1249,0.16,1801.18,23.6,
Norte,E1,6:00:00,1250,0.18,1801.2,22.51,
Norte,E1,6:00:00,1252,0.13,1801.23,21.14,
Norte,E1,6:00:00,1253,0.17,1801.19,23.58,
Norte,E1,6:00:00,1254,0.16,1801.23,21.93,
Norte,E1,6:00:00,1255,0.09,1801.27,21.7,
Norte,E1,6:00:00,1257,0.09,1801.27,21.08,
Norte,E1,6:00:00,1265,0.04,1801.33,20.74,
Norte,E1,6:00:00,1268,0.08,1801.32,20.82,
Norte,E1,6:00:00,1272,0.04,1801.29,21.46,
Norte,E1,6:00:00,1274,0.07,1801.29,21.49,
Norte,E1,6:00:00,1276,0.15,1801.25,22.44,
Norte,E1,6:00:00,1279,0.07,1801.23,23.72,
Norte,E1,6:00:00,1281,0.08,1801.23,24.09,
Norte,E1,6:00:00,1282,0.03,1801.23,25.56,
Norte,E1,6:00:00,1284,0.03,1801.1,30.86,
Norte,E1,6:00:00,1286,0.1,1801.24,22.65,
Norte,E1,6:00:00,1288,0.01,1801.24,24.68,
Norte,E1,6:00:00,1289,0.03,1801.24,23.01,
Norte,E1,6:00:00,1290,0.12,1801.24,23.09,
Norte,E1,6:00:00,1291,0.01,1801.24,20.85,
Norte,E1,6:00:00,1292,0.08,1801.24,21.08,
Norte,E1,6:00:00,1293,0.1,1801.25,21.74,
Norte,E1,6:00:00,1294,0.03,1801.25,21.59,
Norte,E1,6:00:00,1295,0.16,1801.27,20.78,
Norte,E1,6:00:00,1297,0.11,1801.27,20.39,
Norte,E1,6:00:00,1302,0.11,1801.26,19.86,
Norte,E1,6:00:00,1304,0.07,1801.26,19.86,
Norte,E1,6:00:00,1305,0.0,1801.26,19.87,
Norte,E1,6:00:00,1306,0.08,1801.26,19.87,
Norte,E1,6:00:00,1308,0.09,1801.25,20.39,
Norte,E1,6:00:00,1309,0.05,1801.25,28.28,
Norte,E1,6:00:00,1310,0.02,1801.25,24.43,
Norte,E1,6:00:00,1312,0.12,1801.15,29.23,
Norte,E1,6:00:00,1313,0.0,1801.15,29.45,
Norte,E1,6:00:00,1315,0.08,1801.15,29.41,
Norte,E1,6:00:00,1318,0.1,1801.08,29.35,
Norte,E1,6:00:00,1319,0.02,1801.08,29.0,
Norte,E1,6:00:00,1321,0.06,1801.25,21.28,
Norte,E1,6:00:00,1322,0.01,1801.25,22.05,
Norte,E1,6:00:00,1323,0.07,1801.25,21.84,
Norte,E1,6:00:00,1324,0.03,1801.26,20.41,
Norte,E1,6:00:00,1326,0.11,1801.25,20.06,
Norte,E1,6:00:00,1334,0.08,1801.24,21.96,
Norte,E1,6:00:00,1335,0.08,1801.21,22.5,
Norte,E1,6:00:00,1336,0.01,1801.21,21.63,
Norte,E1,6:00:00,1340,0.05,1801.24,28.9,
Norte,E1,6:00:00,5010,0.04,1801.2,25.75,
Norte,E1,6:00:00,5011,0.06,1801.06,25.85,
Norte,E1,6:00:00,5019,0.07,1801.08,31.9,
Norte,E1,6:00:00,5086,0.08,1801.1,32.39,
Norte,E1,6:00:00,5087,0.01,1801.1,32.44,
Norte,E1,6:00:00,5108,0.0,1801.05,25.77,
Norte,E1,6:00:00,5112,0.03,1801.29,21.5,
Norte,E1,6:00:00,5148,0.0,1801.1,32.12,
Norte,E1,6:00:00,5193,0.0,1801.09,31.24,
Norte,E1,6:00:00,5204,0.17,1801.0,25.28,
Norte,E1,6:00:00,5241,0.0,1801.2,19.57,
Norte,E1,6:00:00,5264,0.03,1801.1,32.4,
Norte,E1,6:00:00,5289,0.01,1801.08,29.6,
Norte,E1,6:00:00,5291,0.02,1801.15,29.67,
Norte,E1,6:00:00,5311,0.15,1801.08,32.33,
Norte,E1,6:00:00,5312,0.01,1801.08,32.47,
Norte,E1,6:00:00,5313,0.01,1801.08,32.27,
Norte,E1,6:00:00,5314,0.02,1801.06,25.71,
Norte,E1,6:00:00,5342,0.04,1801.2,25.65,
Norte,E1,6:00:00,5343,0.16,1801.32,20.84,
Norte,E1,6:00:00,5344,0.17,1801.31,25.77,
Norte,E1,6:00:00,5345,0.17,1801.31,25.93,
Norte,E1,6:00:00,5478,0.01,1801.29,21.51,
Norte,E1,6:00:00,5484,0.01,1801.2,19.04,
Norte,E1,6:00:00,5493,0.01,1801.13,30.65,
Norte,E1,6:00:00,5494,0.01,1801.13,30.72,
Norte,E1,6:00:00,5495,0.12,1801.08,32.61,
Norte,E1,6:00:00,5506,0.02,1801.2,22.72,
Norte,E1,6:00:00,5523,0.0,1801.09,29.08,
Norte,E1,6:00:00,5533,0.04,1801.24,20.7,
Norte,E1,6:00:00,5537,0.05,1801.09,29.34,
Norte,E1,6:00:00,5538,0.08,1801.09,29.66,
Norte,E1,6:00:00,5603,0.06,1801.11,30.89,
Norte,E1,6:00:00,5604,0.08,1801.1,30.45,
Norte,E1,6:00:00,5613,0.08,1801.11,32.3,
Norte,E1,6:00:00,5614,0.03,1801.13,32.4,
Norte,E1,6:00:00,5620,0.06,1801.08,32.23,
Norte,E1,6:00:00,5621,0.05,1801.08,32.17,
Norte,E1,6:00:00,5678,0.07,1801.08,29.76,
Norte,E1,6:00:00,5685,0.02,1801.12,25.58,
Norte,E1,6:00:00,5709,0.19,1801.32,20.85,
Norte,E1,6:00:00,5744,0.06,1801.13,32.05,
Norte,E1,6:00:00,5746,0.1,1801.21,24.36,
Norte,E1,6:00:00,5747,0.06,1801.18,25.85,
Norte,E1,6:00:00,5748,0.07,1801.41,21.15,
Norte,E1,6:00:00,5749,0.07,1801.51,21.36,
Norte,E1,6:00:00,5750,0.04,1801.59,21.26,
Norte,E1,6:00:00,5760,0.05,1801.68,21.04,
Norte,E1,6:00:00,5761,0.03,1801.61,21.38,
Norte,E1,6:00:00,5762,0.02,1801.77,20.53,
Norte,E1,6:00:00,5763,0.04,1801.74,20.74,
Norte,E1,6:00:00,10020,0.06,1801.1,33.16,
Norte,E1,6:00:00,10059,0.05,1801.08,29.59,
Norte,E1,6:00:00,10061,0.01,1801.24,20.53,
Norte,E1,6:00:00,10062,0.0,1801.27,20.45,
Norte,E1,6:00:00,10063,0.0,1801.33,20.74,
Norte,E1,6:00:00,10082,0.11,1801.21,20.47,
Norte,E1,7:00:00,346,0.05,1801.13,33.43,
Norte,E1,7:00:00,347,0.09,1801.13,33.61,
Norte,E1,7:00:00,348,0.14,1801.13,33.62,
Norte,E1,7:00:00,349,0.06,1801.13,32.3,
Norte,E1,7:00:00,350,0.03,1801.13,32.29,
Norte,E1,7:00:00,351,0.06,1801.13,33.88,
Norte,E1,7:00:00,352,0.15,1801.13,33.76,
Norte,E1,7:00:00,353,0.09,1801.13,33.67,
Norte,E1,7:00:00,354,0.15,1801.17,32.47,
Norte,E1,7:00:00,355,0.06,1801.17,32.39,
Norte,E1,7:00:00,356,0.1,1801.17,32.43,
Norte,E1,7:00:00,357,0.04,1801.17,32.65,
Norte,E1,7:00:00,358,0.02,1801.17,32.9,
Norte,E1,7:00:00,362,0.1,1801.15,32.45,
Norte,E1,7:00:00,363,0.05,1801.16,32.45,
Norte,E1,7:00:00,364,0.09,1801.16,32.45,
Norte,E1,7:00:00,368,0.04,1801.14,32.47,
Norte,E1,7:00:00,371,0.07,1801.14,32.45,
Norte,E1,7:00:00,400,0.07,1801.15,32.17,
Norte,E1,7:00:00,401,0.06,1801.15,32.19,
Norte,E1,7:00:00,404,0.03,1801.15,31.99,
Norte,E1,7:00:00,405,0.01,1801.15,31.94,
Norte,E1,7:00:00,1049,0.03,1801.13,29.73,
Norte,E1,7:00:00,1051,0.04,1801.13,29.62,
Norte,E1,7:00:00,1053,0.03,1801.13,29.62,
Norte,E1,7:00:00,1059,0.06,1801.13,29.39,
Norte,E1,7:00:00,1063,0.03,1801.13,29.12,
Norte,E1,7:00:00,1077,0.03,1801.14,29.59,
Norte,E1,7:00:00,1089,0.04,1801.13,29.74,
Norte,E1,7:00:00,1093,0.09,1801.13,29.29,
Norte,E1,7:00:00,1094,0.02,1801.13,29.05,
Norte,E1,7:00:00,1095,0.03,1801.13,29.54,
Norte,E1,7:00:00,1100,0.05,1801.14,30.16,
Norte,E1,7:00:00,1102,0.08,1801.14,30.11,
Norte,E1,7:00:00,1103,0.01,1801.14,31.09,
Norte,E1,7:00:00,1104,0.09,1801.13,30.13,
Norte,E1,7:00:00,1106,0.1,1801.13,30.07,
Norte,E1,7:00:00,1107,0.05,1801.14,30.34,
Norte,E1,7:00:00,1109,0.01,1801.14,30.33,
Norte,E1,7:00:00,1110,0.02,1801.14,29.97,
Norte,E1,7:00:00,1112,0.03,1801.14,29.99,
Norte,E1,7:00:00,1113,0.05,1801.14,29.73,
Norte,E1,7:00:00,1115,0.1,1801.14,29.72,
Norte,E1,7:00:00,1117,0.1,1801.14,29.77,
Norte,E1,7:00:00,1119,0.13,1801.14,30.36,
Norte,E1,7:00:00,1120,0.09,1801.14,29.93,
Norte,E1,7:00:00,1122,0.07,1801.14,31.23,
Norte,E1,7:00:00,1125,0.07,1801.14,31.17,
Norte,E1,7:00:00,1128,0.07,1801.14,31.42,
Norte,E1,7:00:00,1130,0.09,1801.14,31.24,
Norte,E1,7:00:00,1131,0.09,1801.14,31.39,
Norte,E1,7:00:00,1133,0.03,1801.14,32.42,
Norte,E1,7:00:00,1134,0.16,1801.18,32.51,
Norte,E1,7:00:00,1135,0.11,1801.14,32.6,
Norte,E1,7:00:00,1137,0.14,1801.18,32.45,
Norte,E1,7:00:00,1139,0.09,1801.17,32.42,
Norte,E1,7:00:00,1140,0.04,1801.17,32.47,
Norte,E1,7:00:00,1141,0.06,1801.13,31.39,
Norte,E1,7:00:00,1142,0.03,1801.16,31.36,
Norte,E1,7:00:00,1143,0.09,1801.16,32.21,
Norte,E1,7:00:00,1144,0.09,1801.14,32.37,
Norte,E1,7:00:00,1145,0.04,1801.16,32.3,
Norte,E1,7:00:00,1147,0.0,1801.15,32.45,
Norte,E1,7:00:00,1148,0.01,1801.15,32.46,
Norte,E1,7:00:00,1149,0.18,1801.2,31.09,
Norte,E1,7:00:00,1150,0.24,1801.15,30.87,
Norte,E1,7:00:00,1151,0.04,1801.27,27.04,
Norte,E1,7:00:00,1153,0.02,1801.22,28.62,
Norte,E1,7:00:00,1154,0.0,1801.22,29.07,
Norte,E1,7:00:00,1158,0.13,1801.22,29.28,
Norte,E1,7:00:00,1159,0.09,1801.2,31.64,
Norte,E1,7:00:00,1161,0.04,1801.2,30.71,
Norte,E1,7:00:00,1162,0.01,1801.18,32.12,
Norte,E1,7:00:00,1164,0.11,1801.18,32.2,
Norte,E1,7:00:00,1165,0.04,1801.18,32.31,
Norte,E1,7:00:00,1166,0.06,1801.19,31.87,
Norte,E1,7:00:00,1169,0.1,1801.18,32.48,
Norte,E1,7:00:00,1171,0.08,1801.16,32.48,
Norte,E1,7:00:00,1172,0.18,1801.16,33.53,
Norte,E1,7:00:00,1174,0.06,1801.16,33.33,
Norte,E1,7:00:00,1175,0.14,1801.17,31.83,
Norte,E1,7:00:00,1176,0.2,1801.17,33.32,
Norte,E1,7:00:00,1179,0.06,1801.17,32.83,
Norte,E1,7:00:00,1181,0.01,1801.16,33.32,
Norte,E1,7:00:00,1182,0.07,1801.18,32.57,
Norte,E1,7:00:00,1184,0.04,1801.23,24.79,
Norte,E1,7:00:00,1185,0.03,1801.22,26.49,
Norte,E1,7:00:00,1186,0.01,1801.22,25.81,
Norte,E1,7:00:00,1187,0.24,1801.18,25.47,
Norte,E1,7:00:00,1189,0.01,1801.11,25.02,
Norte,E1,7:00:00,1190,0.07,1801.1,25.98,
Norte,E1,7:00:00,1191,0.07,1801.17,29.05,
Norte,E1,7:00:00,1192,0.01,1801.17,27.15,
Norte,E1,7:00:00,1196,0.06,1801.06,26.84,
Norte,E1,7:00:00,1197,0.05,1801.06,27.31,
Norte,E1,7:00:00,1207,0.13,1801.06,25.27,
Norte,E1,7:00:00,1216,0.1,1801.06,19.03,
Norte,E1,7:00:00,1221,0.05,1801.25,19.69,
Norte,E1,7:00:00,1223,0.06,1801.25,19.47,
Norte,E1,7:00:00,1224,0.08,1801.24,23.06,
Norte,E1,7:00:00,1225,0.04,1801.21,24.51,
Norte,E1,7:00:00,1226,0.07,1801.24,23.29,
Norte,E1,7:00:00,1228,0.04,1801.24,22.62,
Norte,E1,7:00:00,1229,0.02,1801.24,22.32,
Norte,E1,7:00:00,1230,0.02,1801.24,22.27,
Norte,E1,7:00:00,1231,0.01,1801.24,22.35,
Norte,E1,7:00:00,1232,0.03,1801.24,21.81,
Norte,E1,7:00:00,1233,0.01,1801.24,21.78,
Norte,E1,7:00:00,1240,0.13,1801.25,21.08,
Norte,E1,7:00:00,1242,0.13,1801.24,22.24,
Norte,E1,7:00:00,1243,0.05,1801.23,23.0,
Norte,E1,7:00:00,1244,0.13,1801.21,24.54,
Norte,E1,7:00:00,1245,0.07,1801.21,25.62,
Norte,E1,7:00:00,1246,0.04,1801.19,25.79,
Norte,E1,7:00:00,1247,0.08,1801.19,25.55,
Norte,E1,7:00:00,1248,0.08,1801.19,25.26,
Norte,E1,7:00:00,1249,0.16,1801.23,23.65,
Norte,E1,7:00:00,1250,0.17,1801.25,22.56,
Norte,E1,7:00:00,1252,0.12,1801.27,21.18,
Norte,E1,7:00:00,1253,0.16,1801.23,23.62,
Norte,E1,7:00:00,1254,0.16,1801.27,21.97,
Norte,E1,7:00:00,1255,0.09,1801.3,21.73,
Norte,E1,7:00:00,1257,0.09,1801.31,21.12,
Norte,E1,7:00:00,1265,0.04,1801.36,20.77,
Norte,E1,7:00:00,1268,0.07,1801.36,20.86,
Norte,E1,7:00:00,1272,0.04,1801.32,21.49,
Norte,E1,7:00:00,1274,0.07,1801.33,21.53,
Norte,E1,7:00:00,1276,0.15,1801.29,22.48,
Norte,E1,7:00:00,1279,0.06,1801.27,23.76,
Norte,E1,7:00:00,1281,0.07,1801.27,24.13,
Norte,E1,7:00:00,1282,0.03,1801.27,25.6,
Norte,E1,7:00:00,1284,0.03,1801.15,30.91,
Norte,E1,7:00:00,1286,0.09,1801.28,22.69,
Norte,E1,7:00:00,1288,0.01,1801.28,24.72,
Norte,E1,7:00:00,1289,0.03,1801.28,23.05,
Norte,E1,7:00:00,1290,0.11,1801.28,23.13,
Norte,E1,7:00:00,1291,0.01,1801.28,20.89,
Norte,E1,7:00:00,1292,0.07,1801.28,21.12,
Norte,E1,7:00:00,1293,0.09,1801.28,21.77,
Norte,E1,7:00:00,1294,0.03,1801.29,21.63,
Norte,E1,7:00:00,1295,0.15,1801.3,20.81,
Norte,E1,7:00:00,1297,0.11,1801.31,20.43,
Norte,E1,7:00:00,1302,0.1,1801.3,19.9,
Norte,E1,7:00:00,1304,0.06,1801.3,19.9,
Norte,E1,7:00:00,1305,0.0,1801.3,19.91,
Norte,E1,7:00:00,1306,0.08,1801.3,19.91,
Norte,E1,7:00:00,1308,0.09,1801.29,20.43,
Norte,E1,7:00:00,1309,0.05,1801.29,28.32,
Norte,E1,7:00:00,1310,0.02,1801.29,24.47,
Norte,E1,7:00:00,1312,0.12,1801.19,29.27,
Norte,E1,7:00:00,1313,0.0,1801.19,29.49,
Norte,E1,7:00:00,1315,0.08,1801.19,29.45,
Norte,E1,7:00:00,1318,0.09,1801.13,29.4,
Norte,E1,7:00:00,1319,0.02,1801.13,29.05,
Norte,E1,7:00:00,1321,0.06,1801.29,21.32,
Norte,E1,7:00:00,1322,0.01,1801.29,22.09,
Norte,E1,7:00:00,1323,0.07,1801.29,21.88,
Norte,E1,7:00:00,1324,0.03,1801.3,20.45,
Norte,E1,7:00:00,1326,0.1,1801.29,20.1,
Norte,E1,7:00:00,1334,0.07,1801.28,22.0,
Norte,E1,7:00:00,1335,0.08,1801.25,22.54,
Norte,E1,7:00:00,1336,0.01,1801.25,21.67,
Norte,E1,7:00:00,1340,0.05,1801.28,28.94,
Norte,E1,7:00:00,5010,0.04,1801.25,25.8,
Norte,E1,7:00:00,5011,0.06,1801.11,25.9,
Norte,E1,7:00:00,5019,0.07,1801.13,31.95,
Norte,E1,7:00:00,5086,0.08,1801.15,32.44,
Norte,E1,7:00:00,5087,0.01,1801.15,32.49,
Norte,E1,7:00:00,5108,0.0,1801.11,25.83,
Norte,E1,7:00:00,5112,0.03,1801.32,21.53,
Norte,E1,7:00:00,5148,0.0,1801.15,32.17,
Norte,E1,7:00:00,5193,0.0,1801.14,31.29,
Norte,E1,7:00:00,5204,0.16,1801.06,25.34,
Norte,E1,7:00:00,5241,0.0,1801.25,19.62,
Norte,E1,7:00:00,5264,0.03,1801.15,32.45,
Norte,E1,7:00:00,5289,0.01,1801.13,29.65,
Norte,E1,7:00:00,5291,0.02,1801.19,29.71,
Norte,E1,7:00:00,5311,0.15,1801.14,32.39,
Norte,E1,7:00:00,5312,0.01,1801.14,32.53,
Norte,E1,7:00:00,5313,0.01,1801.14,32.33,
Norte,E1,7:00:00,5314,0.02,1801.11,25.76,
Norte,E1,7:00:00,5342,0.04,1801.25,25.7,
Norte,E1,7:00:00,5343,0.16,1801.35,20.87,
Norte,E1,7:00:00,5344,0.16,1801.34,25.8,
Norte,E1,7:00:00,5345,0.16,1801.34,25.96,
Norte,E1,7:00:00,5478,0.01,1801.32,21.54,
Norte,E1,7:00:00,5484,0.01,1801.25,19.09,
Norte,E1,7:00:00,5493,0.01,1801.17,30.69,
Norte,E1,7:00:00,5494,0.01,1801.18,30.77,
Norte,E1,7:00:00,5495,0.12,1801.14,32.67,
Norte,E1,7:00:00,5506,0.02,1801.24,22.76,
Norte,E1,7:00:00,5523,0.0,1801.14,29.13,
Norte,E1,7:00:00,5533,0.03,1801.28,20.74,
Norte,E1,7:00:00,5537,0.04,1801.14,29.39,
Norte,E1,7:00:00,5538,0.08,1801.14,29.71,
Norte,E1,7:00:00,5603,0.05,1801.16,30.94,
Norte,E1,7:00:00,5604,0.08,1801.15,30.5,
Norte,E1,7:00:00,5613,0.08,1801.16,32.35,
Norte,E1,7:00:00,5614,0.03,1801.18,32.45,
Norte,E1,7:00:00,5620,0.05,1801.13,32.28,
Norte,E1,7:00:00,5621,0.04,1801.13,32.22,
Norte,E1,7:00:00,5678,0.07,1801.13,29.81,
Norte,E1,7:00:00,5685,0.02,1801.17,25.63,
Norte,E1,7:00:00,5709,0.18,1801.35,20.88,
Norte,E1,7:00:00,5744,0.06,1801.18,32.1,
Norte,E1,7:00:00,5746,0.09,1801.26,24.41,
Norte,E1,7:00:00,5747,0.06,1801.22,25.89,
Norte,E1,7:00:00,5748,0.07,1801.44,21.18,
Norte,E1,7:00:00,5749,0.07,1801.53,21.38,
Norte,E1,7:00:00,5750,0.04,1801.61,21.28,
Norte,E1,7:00:00,5760,0.05,1801.68,21.04,
Norte,E1,7:00:00,5761,0.03,1801.63,21.4,
Norte,E1,7:00:00,5762,0.02,1801.77,20.53,
Norte,E1,7:00:00,5763,0.03,1801.74,20.74,
Norte,E1,7:00:00,10020,0.05,1801.15,33.21,
Norte,E1,7:00:00,10059,0.05,1801.13,29.64,
Norte,E1,7:00:00,10061,0.01,1801.28,20.57,
Norte,E1,7:00:00,10062,0.0,1801.31,20.49,
Norte,E1,7:00:00,10063,0.0,1801.36,20.77,
Norte,E1,7:00:00,10082,0.1,1801.25,20.51,
Norte,E1,8:00:00,346,0.05,1801.06,33.36,
Norte,E1,8:00:00,347,0.1,1801.06,33.54,
Norte,E1,8:00:00,348,0.15,1801.06,33.55,
Norte,E1,8:00:00,349,0.07,1801.06,32.23,
Norte,E1,8:00:00,350,0.03,1801.06,32.22,
Norte,E1,8:00:00,351,0.06,1801.07,33.82,
Norte,E1,8:00:00,352,0.16,1801.07,33.7,
Norte,E1,8:00:00,353,0.09,1801.07,33.61,
Norte,E1,8:00:00,354,0.16,1801.1,32.4,
Norte,E1,8:00:00,355,0.06,1801.11,32.33,
Norte,E1,8:00:00,356,0.11,1801.11,32.37,
Norte,E1,8:00:00,357,0.05,1801.11,32.59,
Norte,E1,8:00:00,358,0.03,1801.11,32.84,
Norte,E1,8:00:00,362,0.1,1801.09,32.39,
Norte,E1,8:00:00,363,0.05,1801.09,32.38,
Norte,E1,8:00:00,364,0.09,1801.09,32.38,
Norte,E1,8:00:00,368,0.05,1801.07,32.4,
Norte,E1,8:00:00,371,0.07,1801.07,32.38,
Norte,E1,8:00:00,400,0.08,1801.08,32.1,
Norte,E1,8:00:00,401,0.07,1801.08,32.12,
Norte,E1,8:00:00,404,0.03,1801.08,31.92,
Norte,E1,8:00:00,405,0.01,1801.08,31.87,
Norte,E1,8:00:00,1049,0.03,1801.07,29.67,
Norte,E1,8:00:00,1051,0.05,1801.07,29.56,
Norte,E1,8:00:00,1053,0.03,1801.07,29.56,
Norte,E1,8:00:00,1059,0.07,1801.07,29.33,
Norte,E1,8:00:00,1063,0.03,1801.07,29.06,
Norte,E1,8:00:00,1077,0.03,1801.07,29.52,
Norte,E1,8:00:00,1089,0.04,1801.06,29.67,
Norte,E1,8:00:00,1093,0.09,1801.06,29.22,
Norte,E1,8:00:00,1094,0.02,1801.06,28.98,
Norte,E1,8:00:00,1095,0.03,1801.07,29.48,
Norte,E1,8:00:00,1100,0.05,1801.07,30.09,
Norte,E1,8:00:00,1102,0.09,1801.07,30.04,
Norte,E1,8:00:00,1103,0.01,1801.07,31.02,
Norte,E1,8:00:00,1104,0.09,1801.07,30.07,
Norte,E1,8:00:00,1106,0.1,1801.07,30.01,
Norte,E1,8:00:00,1107,0.05,1801.07,30.27,
Norte,E1,8:00:00,1109,0.02,1801.07,30.26,
Norte,E1,8:00:00,1110,0.02,1801.07,29.9,
Norte,E1,8:00:00,1112,0.03,1801.07,29.92,
Norte,E1,8:00:00,1113,0.05,1801.07,29.66,
Norte,E1,8:00:00,1115,0.1,1801.07,29.65,
Norte,E1,8:00:00,1117,0.11,1801.07,29.7,
Norte,E1,8:00:00,1119,0.13,1801.07,30.29,
Norte,E1,8:00:00,1120,0.1,1801.07,29.86,
Norte,E1,8:00:00,1122,0.07,1801.07,31.16,
Norte,E1,8:00:00,1125,0.08,1801.07,31.1,
Norte,E1,8:00:00,1128,0.08,1801.07,31.35,
Norte,E1,8:00:00,1130,0.09,1801.07,31.17,
Norte,E1,8:00:00,1131,0.1,1801.07,31.32,
Norte,E1,8:00:00,1133,0.03,1801.07,32.35,
Norte,E1,8:00:00,1134,0.17,1801.12,32.45,
Norte,E1,8:00:00,1135,0.12,1801.07,32.53,
Norte,E1,8:00:00,1137,0.15,1801.11,32.38,
Norte,E1,8:00:00,1139,0.1,1801.11,32.36,
Norte,E1,8:00:00,1140,0.04,1801.11,32.41,
Norte,E1,8:00:00,1141,0.07,1801.07,31.33,
Norte,E1,8:00:00,1142,0.03,1801.09,31.29,
Norte,E1,8:00:00,1143,0.1,1801.09,32.14,
Norte,E1,8:00:00,1144,0.09,1801.07,32.3,
Norte,E1,8:00:00,1145,0.04,1801.1,32.24,
Norte,E1,8:00:00,1147,0.0,1801.08,32.38,
Norte,E1,8:00:00,1148,0.01,1801.09,32.4,
Norte,E1,8:00:00,1149,0.19,1801.14,31.03,
Norte,E1,8:00:00,1150,0.26,1801.09,30.81,
Norte,E1,8:00:00,1151,0.04,1801.22,26.99,
Norte,E1,8:00:00,1153,0.02,1801.16,28.56,
Norte,E1,8:00:00,1154,0.0,1801.16,29.01,
Norte,E1,8:00:00,1158,0.13,1801.16,29.22,
Norte,E1,8:00:00,1159,0.1,1801.14,31.58,
Norte,E1,8:00:00,1161,0.05,1801.14,30.65,
Norte,E1,8:00:00,1162,0.01,1801.12,32.06,
Norte,E1,8:00:00,1164,0.12,1801.12,32.14,
Norte,E1,8:00:00,1165,0.04,1801.12,32.25,
Norte,E1,8:00:00,1166,0.07,1801.13,31.8,
Norte,E1,8:00:00,1169,0.1,1801.11,32.41,
Norte,E1,8:00:00,1171,0.08,1801.1,32.42,
Norte,E1,8:00:00,1172,0.19,1801.1,33.47,
Norte,E1,8:00:00,1174,0.07,1801.1,33.27,
Norte,E1,8:00:00,1175,0.15,1801.11,31.77,
Norte,E1,8:00:00,1176,0.21,1801.11,33.26,
Norte,E1,8:00:00,1179,0.07,1801.11,32.77,
Norte,E1,8:00:00,1181,0.01,1801.1,33.26,
Norte,E1,8:00:00,1182,0.07,1801.12,32.51,
Norte,E1,8:00:00,1184,0.05,1801.17,24.73,
Norte,E1,8:00:00,1185,0.03,1801.16,26.43,
Norte,E1,8:00:00,1186,0.01,1801.16,25.75,
Norte,E1,8:00:00,1187,0.26,1801.12,25.41,
Norte,E1,8:00:00,1189,0.01,1801.04,24.95,
Norte,E1,8:00:00,1190,0.08,1801.03,25.9,
Norte,E1,8:00:00,1191,0.08,1801.11,28.99,
Norte,E1,8:00:00,1192,0.01,1801.11,27.09,
Norte,E1,8:00:00,1196,0.06,1800.98,26.76,
Norte,E1,8:00:00,1197,0.06,1800.99,27.24,
Norte,E1,8:00:00,1207,0.14,1800.99,25.2,
Norte,E1,8:00:00,1216,0.1,1800.98,18.95,
Norte,E1,8:00:00,1221,0.06,1801.19,19.63,
Norte,E1,8:00:00,1223,0.06,1801.19,19.41,
Norte,E1,8:00:00,1224,0.09,1801.18,23.0,
Norte,E1,8:00:00,1225,0.04,1801.15,24.45,
Norte,E1,8:00:00,1226,0.08,1801.18,23.23,
Norte,E1,8:00:00,1228,0.04,1801.18,22.56,
Norte,E1,8:00:00,1229,0.02,1801.18,22.26,
Norte,E1,8:00:00,1230,0.02,1801.18,22.21,
Norte,E1,8:00:00,1231,0.01,1801.18,22.29,
Norte,E1,8:00:00,1232,0.03,1801.18,21.75,
Norte,E1,8:00:00,1233,0.02,1801.18,21.72,
Norte,E1,8:00:00,1240,0.14,1801.2,21.03,
Norte,E1,8:00:00,1242,0.14,1801.18,22.18,
Norte,E1,8:00:00,1243,0.05,1801.18,22.95,
Norte,E1,8:00:00,1244,0.13,1801.15,24.48,
Norte,E1,8:00:00,1245,0.07,1801.15,25.56,
Norte,E1,8:00:00,1246,0.04,1801.13,25.73,
Norte,E1,8:00:00,1247,0.08,1801.13,25.49,
Norte,E1,8:00:00,1248,0.08,1801.13,25.2,
Norte,E1,8:00:00,1249,0.17,1801.17,23.59,
Norte,E1,8:00:00,1250,0.18,1801.19,22.5,
Norte,E1,8:00:00,1252,0.13,1801.21,21.12,
Norte,E1,8:00:00,1253,0.17,1801.17,23.56,
Norte,E1,8:00:00,1254,0.16,1801.21,21.91,
Norte,E1,8:00:00,1255,0.09,1801.25,21.68,
Norte,E1,8:00:00,1257,0.1,1801.26,21.07,
Norte,E1,8:00:00,1265,0.04,1801.32,20.73,
Norte,E1,8:00:00,1268,0.08,1801.31,20.81,
Norte,E1,8:00:00,1272,0.04,1801.28,21.45,
Norte,E1,8:00:00,1274,0.07,1801.28,21.48,
Norte,E1,8:00:00,1276,0.16,1801.24,22.43,
Norte,E1,8:00:00,1279,0.07,1801.22,23.71,
Norte,E1,8:00:00,1281,0.08,1801.22,24.08,
Norte,E1,8:00:00,1282,0.03,1801.22,25.55,
Norte,E1,8:00:00,1284,0.03,1801.09,30.85,
Norte,E1,8:00:00,1286,0.1,1801.23,22.64,
Norte,E1,8:00:00,1288,0.01,1801.23,24.67,
Norte,E1,8:00:00,1289,0.03,1801.23,23.0,
Norte,E1,8:00:00,1290,0.12,1801.23,23.08,
Norte,E1,8:00:00,1291,0.01,1801.23,20.84,
Norte,E1,8:00:00,1292,0.08,1801.23,21.07,
Norte,E1,8:00:00,1293,0.1,1801.23,21.72,
Norte,E1,8:00:00,1294,0.03,1801.24,21.58,
Norte,E1,8:00:00,1295,0.16,1801.25,20.76,
Norte,E1,8:00:00,1297,0.11,1801.26,20.38,
Norte,E1,8:00:00,1302,0.11,1801.24,19.84,
Norte,E1,8:00:00,1304,0.07,1801.24,19.84,
Norte,E1,8:00:00,1305,0.0,1801.24,19.85,
Norte,E1,8:00:00,1306,0.08,1801.24,19.85,
Norte,E1,8:00:00,1308,0.1,1801.24,20.38,
Norte,E1,8:00:00,1309,0.05,1801.24,28.27,
Norte,E1,8:00:00,1310,0.02,1801.23,24.41,
Norte,E1,8:00:00,1312,0.12,1801.13,29.21,
Norte,E1,8:00:00,1313,0.0,1801.13,29.43,
Norte,E1,8:00:00,1315,0.08,1801.13,29.39,
Norte,E1,8:00:00,1318,0.1,1801.06,29.33,
Norte,E1,8:00:00,1319,0.02,1801.06,28.98,
Norte,E1,8:00:00,1321,0.06,1801.23,21.26,
Norte,E1,8:00:00,1322,0.01,1801.23,22.03,
Norte,E1,8:00:00,1323,0.07,1801.23,21.82,
Norte,E1,8:00:00,1324,0.03,1801.24,20.39,
Norte,E1,8:00:00,1326,0.11,1801.23,20.04,
Norte,E1,8:00:00,1334,0.08,1801.22,21.94,
Norte,E1,8:00:00,1335,0.09,1801.2,22.49,
Norte,E1,8:00:00,1336,0.01,1801.2,21.62,
Norte,E1,8:00:00,1340,0.05,1801.22,28.88,
Norte,E1,8:00:00,5010,0.04,1801.19,25.74,
Norte,E1,8:00:00,5011,0.06,1801.04,25.83,
Norte,E1,8:00:00,5019,0.07,1801.06,31.88,
Norte,E1,8:00:00,5086,0.08,1801.08,32.37,
Norte,E1,8:00:00,5087,0.01,1801.08,32.42,
Norte,E1,8:00:00,5108,0.0,1801.04,25.76,
Norte,E1,8:00:00,5112,0.03,1801.27,21.48,
Norte,E1,8:00:00,5148,0.0,1801.08,32.1,
Norte,E1,8:00:00,5193,0.0,1801.07,31.22,
Norte,E1,8:00:00,5204,0.17,1800.99,25.27,
Norte,E1,8:00:00,5241,0.0,1801.19,19.56,
Norte,E1,8:00:00,5264,0.03,1801.09,32.39,
Norte,E1,8:00:00,5289,0.01,1801.06,29.58,
Norte,E1,8:00:00,5291,0.02,1801.13,29.65,
Norte,E1,8:00:00,5311,0.16,1801.07,32.32,
Norte,E1,8:00:00,5312,0.01,1801.07,32.46,
Norte,E1,8:00:00,5313,0.01,1801.07,32.26,
Norte,E1,8:00:00,5314,0.02,1801.04,25.69,
Norte,E1,8:00:00,5342,0.04,1801.19,25.64,
Norte,E1,8:00:00,5343,0.16,1801.31,20.83,
Norte,E1,8:00:00,5344,0.17,1801.3,25.76,
Norte,E1,8:00:00,5345,0.17,1801.3,25.92,
Norte,E1,8:00:00,5478,0.01,1801.27,21.49,
Norte,E1,8:00:00,5484,0.01,1801.19,19.03,
Norte,E1,8:00:00,5493,0.01,1801.11,30.63,
Norte,E1,8:00:00,5494,0.01,1801.12,30.71,
Norte,E1,8:00:00,5495,0.12,1801.07,32.6,
Norte,E1,8:00:00,5506,0.02,1801.18,22.7,
Norte,E1,8:00:00,5523,0.0,1801.07,29.06,
Norte,E1,8:00:00,5533,0.04,1801.23,20.69,
Norte,E1,8:00:00,5537,0.05,1801.07,29.32,
Norte,E1,8:00:00,5538,0.08,1801.07,29.64,
Norte,E1,8:00:00,5603,0.06,1801.09,30.87,
Norte,E1,8:00:00,5604,0.09,1801.08,30.43,
Norte,E1,8:00:00,5613,0.08,1801.1,32.29,
Norte,E1,8:00:00,5614,0.03,1801.11,32.38,
Norte,E1,8:00:00,5620,0.06,1801.06,32.21,
Norte,E1,8:00:00,5621,0.05,1801.06,32.15,
Norte,E1,8:00:00,5678,0.07,1801.07,29.75,
Norte,E1,8:00:00,5685,0.02,1801.11,25.57,
Norte,E1,8:00:00,5709,0.19,1801.31,20.84,
Norte,E1,8:00:00,5744,0.06,1801.12,32.04,
Norte,E1,8:00:00,5746,0.1,1801.2,24.35,
Norte,E1,8:00:00,5747,0.06,1801.17,25.84,
Norte,E1,8:00:00,5748,0.07,1801.4,21.14,
Norte,E1,8:00:00,5749,0.07,1801.5,21.35,
Norte,E1,8:00:00,5750,0.04,1801.59,21.26,
Norte,E1,8:00:00,5760,0.05,1801.67,21.03,
Norte,E1,8:00:00,5761,0.03,1801.61,21.38,
Norte,E1,8:00:00,5762,0.02,1801.77,20.53,
Norte,E1,8:00:00,5763,0.04,1801.74,20.74,
Norte,E1,8:00:00,10020,0.06,1801.09,33.15,
Norte,E1,8:00:00,10059,0.05,1801.07,29.58,
Norte,E1,8:00:00,10061,0.01,1801.23,20.52,
Norte,E1,8:00:00,10062,0.0,1801.26,20.44,
Norte,E1,8:00:00,10063,0.0,1801.32,20.73,
Norte,E1,8:00:00,10082,0.11,1801.19,20.45,
Norte,E1,9:00:00,346,0.06,1800.99,33.29,
Norte,E1,9:00:00,347,0.1,1800.99,33.47,
Norte,E1,9:00:00,348,0.16,1800.99,33.48,
Norte,E1,9:00:00,349,0.07,1800.99,32.16,
Norte,E1,9:00:00,350,0.04,1800.99,32.15,
Norte,E1,9:00:00,351,0.07,1800.99,33.74,
Norte,E1,9:00:00,352,0.17,1800.99,33.62,
Norte,E1,9:00:00,353,0.1,1800.99,33.53,
Norte,E1,9:00:00,354,0.16,1801.04,32.34,
Norte,E1,9:00:00,355,0.06,1801.04,32.26,
Norte,E1,9:00:00,356,0.11,1801.04,32.3,
Norte,E1,9:00:00,357,0.05,1801.04,32.52,
Norte,E1,9:00:00,358,0.03,1801.04,32.77,
Norte,E1,9:00:00,362,0.11,1801.02,32.32,
Norte,E1,9:00:00,363,0.05,1801.02,32.31,
Norte,E1,9:00:00,364,0.1,1801.02,32.31,
Norte,E1,9:00:00,368,0.05,1801.0,32.33,
Norte,E1,9:00:00,371,0.07,1801.0,32.31,
Norte,E1,9:00:00,400,0.08,1801.01,32.03,
Norte,E1,9:00:00,401,0.07,1801.01,32.05,
Norte,E1,9:00:00,404,0.03,1801.01,31.85,
Norte,E1,9:00:00,405,0.01,1801.01,31.8,
Norte,E1,9:00:00,1049,0.04,1801.0,29.6,
Norte,E1,9:00:00,1051,0.05,1801.0,29.49,
Norte,E1,9:00:00,1053,0.03,1800.99,29.49,
Norte,E1,9:00:00,1059,0.07,1801.0,29.26,
Norte,E1,9:00:00,1063,0.03,1801.0,28.99,
Norte,E1,9:00:00,1077,0.04,1801.0,29.45,
Norte,E1,9:00:00,1089,0.05,1800.99,29.6,
Norte,E1,9:00:00,1093,0.1,1800.99,29.15,
Norte,E1,9:00:00,1094,0.02,1800.99,28.91,
Norte,E1,9:00:00,1095,0.03,1801.0,29.41,
Norte,E1,9:00:00,1100,0.06,1801.0,30.02,
Norte,E1,9:00:00,1102,0.09,1801.0,29.97,
Norte,E1,9:00:00,1103,0.01,1801.0,30.95,
Norte,E1,9:00:00,1104,0.1,1801.0,30.0,
Norte,E1,9:00:00,1106,0.11,1801.0,29.94,
Norte,E1,9:00:00,1107,0.05,1801.0,30.2,
Norte,E1,9:00:00,1109,0.02,1801.0,30.19,
Norte,E1,9:00:00,1110,0.02,1801.0,29.83,
Norte,E1,9:00:00,1112,0.03,1801.0,29.85,
Norte,E1,9:00:00,1113,0.05,1801.0,29.59,
Norte,E1,9:00:00,1115,0.11,1801.0,29.58,
Norte,E1,9:00:00,1117,0.11,1801.0,29.63,
Norte,E1,9:00:00,1119,0.14,1801.0,30.22,
Norte,E1,9:00:00,1120,0.1,1801.0,29.79,
Norte,E1,9:00:00,1122,0.07,1801.0,31.09,
Norte,E1,9:00:00,1125,0.08,1801.0,31.03,
Norte,E1,9:00:00,1128,0.08,1801.0,31.28,
Norte,E1,9:00:00,1130,0.09,1801.0,31.1,
Norte,E1,9:00:00,1131,0.1,1801.0,31.25,
Norte,E1,9:00:00,1133,0.03,1801.0,32.28,
Norte,E1,9:00:00,1134,0.18,1801.05,32.38,
Norte,E1,9:00:00,1135,0.12,1801.0,32.46,
Norte,E1,9:00:00,1137,0.16,1801.05,32.32,
Norte,E1,9:00:00,1139,0.1,1801.04,32.29,
Norte,E1,9:00:00,1140,0.04,1801.04,32.34,
Norte,E1,9:00:00,1141,0.07,1800.99,31.25,
Norte,E1,9:00:00,1142,0.03,1801.03,31.23,
Norte,E1,9:00:00,1143,0.1,1801.03,32.08,
Norte,E1,9:00:00,1144,0.1,1801.0,32.23,
Norte,E1,9:00:00,1145,0.04,1801.03,32.17,
Norte,E1,9:00:00,1147,0.0,1801.01,32.31,
Norte,E1,9:00:00,1148,0.01,1801.02,32.33,
Norte,E1,9:00:00,1149,0.2,1801.08,30.97,
Norte,E1,9:00:00,1150,0.27,1801.02,30.74,
Norte,E1,9:00:00,1151,0.05,1801.16,26.93,
Norte,E1,9:00:00,1153,0.02,1801.09,28.49,
Norte,E1,9:00:00,1154,0.01,1801.09,28.94,
Norte,E1,9:00:00,1158,0.14,1801.09,29.15,
Norte,E1,9:00:00,1159,0.1,1801.08,31.52,
Norte,E1,9:00:00,1161,0.05,1801.08,30.59,
Norte,E1,9:00:00,1162,0.01,1801.05,31.99,
Norte,E1,9:00:00,1164,0.13,1801.05,32.07,
Norte,E1,9:00:00,1165,0.04,1801.06,32.19,
Norte,E1,9:00:00,1166,0.07,1801.06,31.74,
Norte,E1,9:00:00,1169,0.11,1801.05,32.35,
Norte,E1,9:00:00,1171,0.08,1801.03,32.35,
Norte,E1,9:00:00,1172,0.2,1801.03,33.4,
Norte,E1,9:00:00,1174,0.07,1801.03,33.2,
Norte,E1,9:00:00,1175,0.16,1801.04,31.7,
Norte,E1,9:00:00,1176,0.22,1801.04,33.19,
Norte,E1,9:00:00,1179,0.07,1801.04,32.7,
Norte,E1,9:00:00,1181,0.02,1801.03,33.19,
Norte,E1,9:00:00,1182,0.07,1801.05,32.44,
Norte,E1,9:00:00,1184,0.05,1801.11,24.67,
Norte,E1,9:00:00,1185,0.03,1801.09,26.36,
Norte,E1,9:00:00,1186,0.01,1801.09,25.68,
Norte,E1,9:00:00,1187,0.27,1801.06,25.35,
Norte,E1,9:00:00,1189,0.01,1800.96,24.87,
Norte,E1,9:00:00,1190,0.08,1800.96,25.83,
Norte,E1,9:00:00,1191,0.08,1801.04,28.92,
Norte,E1,9:00:00,1192,0.01,1801.04,27.02,
Norte,E1,9:00:00,1196,0.07,1800.91,26.69,
Norte,E1,9:00:00,1197,0.06,1800.91,27.16,
Norte,E1,9:00:00,1207,0.14,1800.91,25.12,
Norte,E1,9:00:00,1216,0.11,1800.9,18.87,
Norte,E1,9:00:00,1221,0.06,1801.13,19.57,
Norte,E1,9:00:00,1223,0.06,1801.13,19.35,
Norte,E1,9:00:00,1224,0.09,1801.12,22.94,
Norte,E1,9:00:00,1225,0.04,1801.08,24.38,
Norte,E1,9:00:00,1226,0.08,1801.12,23.17,
Norte,E1,9:00:00,1228,0.04,1801.12,22.5,
Norte,E1,9:00:00,1229,0.02,1801.12,22.2,
Norte,E1,9:00:00,1230,0.02,1801.12,22.15,
Norte,E1,9:00:00,1231,0.01,1801.12,22.23,
Norte,E1,9:00:00,1232,0.03,1801.12,21.69,
Norte,E1,9:00:00,1233,0.02,1801.12,21.66,
Norte,E1,9:00:00,1240,0.14,1801.14,20.97,
Norte,E1,9:00:00,1242,0.14,1801.12,22.12,
Norte,E1,9:00:00,1243,0.05,1801.12,22.89,
Norte,E1,9:00:00,1244,0.14,1801.09,24.42,
Norte,E1,9:00:00,1245,0.08,1801.08,25.49,
Norte,E1,9:00:00,1246,0.04,1801.06,25.66,
Norte,E1,9:00:00,1247,0.09,1801.06,25.42,
Norte,E1,9:00:00,1248,0.08,1801.06,25.13,
Norte,E1,9:00:00,1249,0.18,1801.11,23.53,
Norte,E1,9:00:00,1250,0.19,1801.13,22.44,
Norte,E1,9:00:00,1252,0.14,1801.16,21.07,
Norte,E1,9:00:00,1253,0.18,1801.11,23.5,
Norte,E1,9:00:00,1254,0.17,1801.16,21.86,
Norte,E1,9:00:00,1255,0.1,1801.2,21.63,
Norte,E1,9:00:00,1257,0.1,1801.21,21.02,
Norte,E1,9:00:00,1265,0.04,1801.27,20.68,
Norte,E1,9:00:00,1268,0.08,1801.26,20.76,
Norte,E1,9:00:00,1272,0.04,1801.23,21.4,
Norte,E1,9:00:00,1274,0.07,1801.23,21.43,
Norte,E1,9:00:00,1276,0.16,1801.19,22.38,
Norte,E1,9:00:00,1279,0.07,1801.16,23.65,
Norte,E1,9:00:00,1281,0.08,1801.16,24.02,
Norte,E1,9:00:00,1282,0.03,1801.16,25.49,
Norte,E1,9:00:00,1284,0.04,1801.02,30.78,
Norte,E1,9:00:00,1286,0.1,1801.17,22.58,
Norte,E1,9:00:00,1288,0.01,1801.17,24.61,
Norte,E1,9:00:00,1289,0.03,1801.17,22.94,
Norte,E1,9:00:00,1290,0.12,1801.17,23.02,
Norte,E1,9:00:00,1291,0.01,1801.17,20.78,
Norte,E1,9:00:00,1292,0.08,1801.17,21.01,
Norte,E1,9:00:00,1293,0.1,1801.18,21.67,
Norte,E1,9:00:00,1294,0.03,1801.19,21.53,
Norte,E1,9:00:00,1295,0.17,1801.2,20.71,
Norte,E1,9:00:00,1297,0.12,1801.21,20.33,
Norte,E1,9:00:00,1302,0.12,1801.19,19.79,
Norte,E1,9:00:00,1304,0.07,1801.19,19.79,
Norte,E1,9:00:00,1305,0.0,1801.19,19.8,
Norte,E1,9:00:00,1306,0.08,1801.19,19.8,
Norte,E1,9:00:00,1308,0.1,1801.18,20.32,
Norte,E1,9:00:00,1309,0.05,1801.18,28.21,
Norte,E1,9:00:00,1310,0.02,1801.18,24.36,
Norte,E1,9:00:00,1312,0.13,1801.07,29.15,
Norte,E1,9:00:00,1313,0.0,1801.07,29.37,
Norte,E1,9:00:00,1315,0.08,1801.07,29.33,
Norte,E1,9:00:00,1318,0.1,1800.99,29.26,
Norte,E1,9:00:00,1319,0.02,1800.99,28.91,
Norte,E1,9:00:00,1321,0.06,1801.18,21.21,
Norte,E1,9:00:00,1322,0.01,1801.18,21.98,
Norte,E1,9:00:00,1323,0.07,1801.18,21.77,
Norte,E1,9:00:00,1324,0.03,1801.19,20.34,
Norte,E1,9:00:00,1326,0.11,1801.18,19.99,
Norte,E1,9:00:00,1334,0.08,1801.17,21.89,
Norte,E1,9:00:00,1335,0.09,1801.14,22.43,
Norte,E1,9:00:00,1336,0.01,1801.14,21.56,
Norte,E1,9:00:00,1340,0.05,1801.17,28.83,
Norte,E1,9:00:00,5010,0.04,1801.13,25.68,
Norte,E1,9:00:00,5011,0.07,1800.97,25.76,
Norte,E1,9:00:00,5019,0.07,1800.99,31.81,
Norte,E1,9:00:00,5086,0.09,1801.01,32.3,
Norte,E1,9:00:00,5087,0.01,1801.02,32.36,
Norte,E1,9:00:00,5108,0.0,1800.96,25.68,
Norte,E1,9:00:00,5112,0.03,1801.22,21.43,
Norte,E1,9:00:00,5148,0.0,1801.01,32.03,
Norte,E1,9:00:00,5193,0.0,1801.0,31.15,
Norte,E1,9:00:00,5204,0.18,1800.91,25.19,
Norte,E1,9:00:00,5241,0.0,1801.13,19.5,
Norte,E1,9:00:00,5264,0.03,1801.02,32.32,
Norte,E1,9:00:00,5289,0.01,1800.99,29.51,
Norte,E1,9:00:00,5291,0.02,1801.07,29.59,
Norte,E1,9:00:00,5311,0.16,1801.0,32.25,
Norte,E1,9:00:00,5312,0.01,1801.0,32.39,
Norte,E1,9:00:00,5313,0.01,1801.0,32.19,
Norte,E1,9:00:00,5314,0.02,1800.96,25.61,
Norte,E1,9:00:00,5342,0.04,1801.13,25.58,
Norte,E1,9:00:00,5343,0.17,1801.26,20.78,
Norte,E1,9:00:00,5344,0.18,1801.25,25.71,
Norte,E1,9:00:00,5345,0.18,1801.25,25.87,
Norte,E1,9:00:00,5478,0.01,1801.22,21.44,
Norte,E1,9:00:00,5484,0.01,1801.13,18.97,
Norte,E1,9:00:00,5493,0.02,1801.04,30.56,
Norte,E1,9:00:00,5494,0.02,1801.05,30.64,
Norte,E1,9:00:00,5495,0.13,1801.0,32.53,
Norte,E1,9:00:00,5506,0.02,1801.12,22.64,
Norte,E1,9:00:00,5523,0.0,1801.0,28.99,
Norte,E1,9:00:00,5533,0.04,1801.17,20.63,
Norte,E1,9:00:00,5537,0.05,1801.0,29.25,
Norte,E1,9:00:00,5538,0.09,1801.0,29.57,
Norte,E1,9:00:00,5603,0.06,1801.03,30.81,
Norte,E1,9:00:00,5604,0.09,1801.01,30.36,
Norte,E1,9:00:00,5613,0.09,1801.03,32.22,
Norte,E1,9:00:00,5614,0.04,1801.05,32.32,
Norte,E1,9:00:00,5620,0.06,1800.99,32.14,
Norte,E1,9:00:00,5621,0.05,1800.99,32.08,
Norte,E1,9:00:00,5678,0.08,1801.0,29.68,
Norte,E1,9:00:00,5685,0.02,1801.04,25.5,
Norte,E1,9:00:00,5709,0.2,1801.26,20.79,
Norte,E1,9:00:00,5744,0.07,1801.05,31.97,
Norte,E1,9:00:00,5746,0.1,1801.14,24.29,
Norte,E1,9:00:00,5747,0.06,1801.1,25.77,
Norte,E1,9:00:00,5748,0.08,1801.36,21.1,
Norte,E1,9:00:00,5749,0.08,1801.48,21.33,
Norte,E1,9:00:00,5750,0.04,1801.57,21.24,
Norte,E1,9:00:00,5760,0.05,1801.66,21.02,
Norte,E1,9:00:00,5761,0.04,1801.59,21.36,
Norte,E1,9:00:00,5762,0.02,1801.76,20.52,
Norte,E1,9:00:00,5763,0.04,1801.73,20.73,
Norte,E1,9:00:00,10020,0.06,1801.02,33.08,
Norte,E1,9:00:00,10059,0.05,1800.99,29.5,
Norte,E1,9:00:00,10061,0.01,1801.17,20.46,
Norte,E1,9:00:00,10062,0.0,1801.21,20.39,
Norte,E1,9:00:00,10063,0.0,1801.27,20.68,
Norte,E1,9:00:00,10082,0.11,1801.14,20.4,
Norte,E1,10:00:00,346,0.05,1801.06,33.36,
Norte,E1,10:00:00,347,0.1,1801.06,33.54,
Norte,E1,10:00:00,348,0.15,1801.06,33.55,
Norte,E1,10:00:00,349,0.07,1801.06,32.23,
Norte,E1,10:00:00,350,0.03,1801.06,32.22,
Norte,E1,10:00:00,351,0.06,1801.07,33.82,
Norte,E1,10:00:00,352,0.16,1801.07,33.7,
Norte,E1,10:00:00,353,0.09,1801.07,33.61,
Norte,E1,10:00:00,354,0.16,1801.1,32.4,
Norte,E1,10:00:00,355,0.06,1801.11,32.33,
Norte,E1,10:00:00,356,0.11,1801.11,32.37,
Norte,E1,10:00:00,357,0.05,1801.11,32.59,
Norte,E1,10:00:00,358,0.03,1801.11,32.84,
Norte,E1,10:00:00,362,0.1,1801.09,32.39,
Norte,E1,10:00:00,363,0.05,1801.09,32.38,
Norte,E1,10:00:00,364,0.09,1801.09,32.38,
Norte,E1,10:00:00,368,0.05,1801.07,32.4,
Norte,E1,10:00:00,371,0.07,1801.07,32.38,
Norte,E1,10:00:00,400,0.08,1801.08,32.1,
Norte,E1,10:00:00,401,0.07,1801.08,32.12,
Norte,E1,10:00:00,404,0.03,1801.08,31.92,
Norte,E1,10:00:00,405,0.01,1801.08,31.87,
Norte,E1,10:00:00,1049,0.03,1801.07,29.67,
Norte,E1,10:00:00,1051,0.05,1801.07,29.56,
Norte,E1,10:00:00,1053,0.03,1801.07,29.56,
Norte,E1,10:00:00,1059,0.07,1801.07,29.33,
Norte,E1,10:00:00,1063,0.03,1801.07,29.06,
Norte,E1,10:00:00,1077,0.03,1801.07,29.52,
Norte,E1,10:00:00,1089,0.04,1801.06,29.67,
Norte,E1,10:00:00,1093,0.09,1801.06,29.22,
Norte,E1,10:00:00,1094,0.02,1801.06,28.98,
Norte,E1,10:00:00,1095,0.03,1801.07,29.48,
Norte,E1,10:00:00,1100,0.05,1801.07,30.09,
Norte,E1,10:00:00,1102,0.09,1801.07,30.04,
Norte,E1,10:00:00,1103,0.01,1801.07,31.02,
Norte,E1,10:00:00,1104,0.09,1801.07,30.07,
Norte,E1,10:00:00,1106,0.1,1801.07,30.01,
Norte,E1,10:00:00,1107,0.05,1801.07,30.27,
Norte,E1,10:00:00,1109,0.02,1801.07,30.26,
Norte,E1,10:00:00,1110,0.02,1801.07,29.9,
Norte,E1,10:00:00,1112,0.03,1801.07,29.92,
Norte,E1,10:00:00,1113,0.05,1801.07,29.66,
Norte,E1,10:00:00,1115,0.1,1801.07,29.65,
Norte,E1,10:00:00,1117,0.11,1801.07,29.7,
Norte,E1,10:00:00,1119,0.13,1801.07,30.29,
Norte,E1,10:00:00,1120,0.1,1801.07,29.86,
Norte,E1,10:00:00,1122,0.07,1801.07,31.16,
Norte,E1,10:00:00,1125,0.08,1801.07,31.1,
Norte,E1,10:00:00,1128,0.08,1801.07,31.35,
Norte,E1,10:00:00,1130,0.09,1801.07,31.17,
Norte,E1,10:00:00,1131,0.1,1801.07,31.32,
Norte,E1,10:00:00,1133,0.03,1801.07,32.35,
Norte,E1,10:00:00,1134,0.17,1801.12,32.45,
Norte,E1,10:00:00,1135,0.12,1801.07,32.53,
Norte,E1,10:00:00,1137,0.15,1801.11,32.38,
Norte,E1,10:00:00,1139,0.1,1801.11,32.36,
Norte,E1,10:00:00,1140,0.04,1801.11,32.41,
Norte,E1,10:00:00,1141,0.07,1801.07,31.33,
Norte,E1,10:00:00,1142,0.03,1801.09,31.29,
Norte,E1,10:00:00,1143,0.1,1801.09,32.14,
Norte,E1,10:00:00,1144,0.09,1801.07,32.3,
Norte,E1,10:00:00,1145,0.04,1801.1,32.24,
Norte,E1,10:00:00,1147,0.0,1801.08,32.38,
Norte,E1,10:00:00,1148,0.01,1801.09,32.4,
Norte,E1,10:00:00,1149,0.19,1801.14,31.03,
Norte,E1,10:00:00,1150,0.26,1801.09,30.81,
Norte,E1,10:00:00,1151,0.04,1801.22,26.99,
Norte,E1,10:00:00,1153,0.02,1801.16,28.56,
Norte,E1,10:00:00,1154,0.0,1801.16,29.01,
Norte,E1,10:00:00,1158,0.13,1801.16,29.22,
Norte,E1,10:00:00,1159,0.1,1801.14,31.58,
Norte,E1,10:00:00,1161,0.05,1801.14,30.65,
Norte,E1,10:00:00,1162,0.01,1801.12,32.06,
Norte,E1,10:00:00,1164,0.12,1801.12,32.14,
Norte,E1,10:00:00,1165,0.04,1801.12,32.25,
Norte,E1,10:00:00,1166,0.07,1801.13,31.8,
Norte,E1,10:00:00,1169,0.1,1801.11,32.41,
Norte,E1,10:00:00,1171,0.08,1801.1,32.42,
Norte,E1,10:00:00,1172,0.19,1801.1,33.47,
Norte,E1,10:00:00,1174,0.07,1801.1,33.27,
Norte,E1,10:00:00,1175,0.15,1801.11,31.77,
Norte,E1,10:00:00,1176,0.21,1801.11,33.26,
Norte,E1,10:00:00,1179,0.07,1801.11,32.77,
Norte,E1,10:00:00,1181,0.01,1801.1,33.26,
Norte,E1,10:00:00,1182,0.07,1801.12,32.51,
Norte,E1,10:00:00,1184,0.05,1801.17,24.73,
Norte,E1,10:00:00,1185,0.03,1801.16,26.43,
Norte,E1,10:00:00,1186,0.01,1801.16,25.75,
Norte,E1,10:00:00,1187,0.26,1801.12,25.41,
Norte,E1,10:00:00,1189,0.01,1801.04,24.95,
Norte,E1,10:00:00,1190,0.08,1801.03,25.9,
Norte,E1,10:00:00,1191,0.08,1801.11,28.99,
Norte,E1,10:00:00,1192,0.01,1801.11,27.09,
Norte,E1,10:00:00,1196,0.06,1800.98,26.76,
Norte,E1,10:00:00,1197,0.06,1800.99,27.24,
Norte,E1,10:00:00,1207,0.14,1800.99,25.2,
Norte,E1,10:00:00,1216,0.1,1800.98,18.95,
Norte,E1,10:00:00,1221,0.06,1801.19,19.63,
Norte,E1,10:00:00,1223,0.06,1801.19,19.41,
Norte,E1,10:00:00,1224,0.09,1801.18,23.0,
Norte,E1,10:00:00,1225,0.04,1801.15,24.45,
Norte,E1,10:00:00,1226,0.08,1801.18,23.23,
Norte,E1,10:00:00,1228,0.04,1801.18,22.56,
Norte,E1,10:00:00,1229,0.02,1801.18,22.26,
Norte,E1,10:00:00,1230,0.02,1801.18,22.21,
Norte,E1,10:00:00,1231,0.01,1801.18,22.29,
Norte,E1,10:00:00,1232,0.03,1801.18,21.75,
Norte,E1,10:00:00,1233,0.02,1801.18,21.72,
Norte,E1,10:00:00,1240,0.14,1801.2,21.03,
Norte,E1,10:00:00,1242,0.14,1801.18,22.18,
Norte,E1,10:00:00,1243,0.05,1801.18,22.95,
Norte,E1,10:00:00,1244,0.13,1801.15,24.48,
Norte,E1,10:00:00,1245,0.07,1801.15,25.56,
Norte,E1,10:00:00,1246,0.04,1801.13,25.73,
Norte,E1,10:00:00,1247,0.08,1801.13,25.49,
Norte,E1,10:00:00,1248,0.08,1801.13,25.2,
Norte,E1,10:00:00,1249,0.17,1801.17,23.59,
Norte,E1,10:00:00,1250,0.18,1801.19,22.5,
Norte,E1,10:00:00,1252,0.13,1801.21,21.12,
Norte,E1,10:00:00,1253,0.17,1801.17,23.56,
Norte,E1,10:00:00,1254,0.16,1801.21,21.91,
Norte,E1,10:00:00,1255,0.09,1801.25,21.68,
Norte,E1,10:00:00,1257,0.1,1801.26,21.07,
Norte,E1,10:00:00,1265,0.04,1801.32,20.73,
Norte,E1,10:00:00,1268,0.08,1801.31,20.81,
Norte,E1,10:00:00,1272,0.04,1801.28,21.45,
Norte,E1,10:00:00,1274,0.07,1801.28,21.48,
Norte,E1,10:00:00,1276,0.16,1801.24,22.43,
Norte,E1,10:00:00,1279,0.07,1801.22,23.71,
Norte,E1,10:00:00,1281,0.08,1801.22,24.08,
Norte,E1,10:00:00,1282,0.03,1801.22,25.55,
Norte,E1,10:00:00,1284,0.03,1801.09,30.85,
Norte,E1,10:00:00,1286,0.1,1801.23,22.64,
Norte,E1,10:00:00,1288,0.01,1801.23,24.67,
Norte,E1,10:00:00,1289,0.03,1801.23,23.0,
Norte,E1,10:00:00,1290,0.12,1801.23,23.08,
Norte,E1,10:00:00,1291,0.01,1801.23,20.84,
Norte,E1,10:00:00,1292,0.08,1801.23,21.07,
Norte,E1,10:00:00,1293,0.1,1801.23,21.72,
Norte,E1,10:00:00,1294,0.03,1801.24,21.58,
Norte,E1,10:00:00,1295,0.16,1801.25,20.76,
Norte,E1,10:00:00,1297,0.11,1801.26,20.38,
Norte,E1,10:00:00,1302,0.11,1801.24,19.84,
Norte,E1,10:00:00,1304,0.07,1801.24,19.84,
Norte,E1,10:00:00,1305,0.0,1801.24,19.85,
Norte,E1,10:00:00,1306,0.08,1801.24,19.85,
Norte,E1,10:00:00,1308,0.1,1801.24,20.38,
Norte,E1,10:00:00,1309,0.05,1801.24,28.27,
Norte,E1,10:00:00,1310,0.02,1801.23,24.41,
Norte,E1,10:00:00,1312,0.12,1801.13,29.21,
Norte,E1,10:00:00,1313,0.0,1801.13,29.43,
Norte,E1,10:00:00,1315,0.08,1801.13,29.39,
Norte,E1,10:00:00,1318,0.1,1801.06,29.33,
Norte,E1,10:00:00,1319,0.02,1801.06,28.98,
Norte,E1,10:00:00,1321,0.06,1801.23,21.26,
Norte,E1,10:00:00,1322,0.01,1801.23,22.03,
Norte,E1,10:00:00,1323,0.07,1801.23,21.82,
Norte,E1,10:00:00,1324,0.03,1801.24,20.39,
Norte,E1,10:00:00,1326,0.11,1801.23,20.04,
Norte,E1,10:00:00,1334,0.08,1801.22,21.94,
Norte,E1,10:00:00,1335,0.09,1801.2,22.49,
Norte,E1,10:00:00,1336,0.01,1801.2,21.62,
Norte,E1,10:00:00,1340,0.05,1801.22,28.88,
Norte,E1,10:00:00,5010,0.04,1801.19,25.74,
Norte,E1,10:00:00,5011,0.06,1801.04,25.83,
Norte,E1,10:00:00,5019,0.07,1801.06,31.88,
Norte,E1,10:00:00,5086,0.08,1801.08,32.37,
Norte,E1,10:00:00,5087,0.01,1801.08,32.42,
Norte,E1,10:00:00,5108,0.0,1801.04,25.76,
Norte,E1,10:00:00,5112,0.03,1801.27,21.48,
Norte,E1,10:00:00,5148,0.0,1801.08,32.1,
Norte,E1,10:00:00,5193,0.0,1801.07,31.22,
Norte,E1,10:00:00,5204,0.17,1800.99,25.27,
Norte,E1,10:00:00,5241,0.0,1801.19,19.56,
Norte,E1,10:00:00,5264,0.03,1801.09,32.39,
Norte,E1,10:00:00,5289,0.01,1801.06,29.58,
Norte,E1,10:00:00,5291,0.02,1801.13,29.65,
Norte,E1,10:00:00,5311,0.16,1801.07,32.32,
Norte,E1,10:00:00,5312,0.01,1801.07,32.46,
Norte,E1,10:00:00,5313,0.01,1801.07,32.26,
Norte,E1,10:00:00,5314,0.02,1801.04,25.69,
Norte,E1,10:00:00,5342,0.04,1801.19,25.64,
Norte,E1,10:00:00,5343,0.16,1801.31,20.83,
Norte,E1,10:00:00,5344,0.17,1801.3,25.76,
Norte,E1,10:00:00,5345,0.17,1801.3,25.92,
Norte,E1,10:00:00,5478,0.01,1801.27,21.49,
Norte,E1,10:00:00,5484,0.01,1801.19,19.03,
Norte,E1,10:00:00,5493,0.01,1801.11,30.63,
Norte,E1,10:00:00,5494,0.01,1801.12,30.71,
Norte,E1,10:00:00,5495,0.12,1801.07,32.6,
Norte,E1,10:00:00,5506,0.02,1801.18,22.7,
Norte,E1,10:00:00,5523,0.0,1801.07,29.06,
Norte,E1,10:00:00,5533,0.04,1801.23,20.69,
Norte,E1,10:00:00,5537,0.05,1801.07,29.32,
Norte,E1,10:00:00,5538,0.08,1801.07,29.64,
Norte,E1,10:00:00,5603,0.06,1801.09,30.87,
Norte,E1,10:00:00,5604,0.09,1801.08,30.43,
Norte,E1,10:00:00,5613,0.08,1801.1,32.29,
Norte,E1,10:00:00,5614,0.03,1801.11,32.38,
Norte,E1,10:00:00,5620,0.06,1801.06,32.21,
Norte,E1,10:00:00,5621,0.05,1801.06,32.15,
Norte,E1,10:00:00,5678,0.07,1801.07,29.75,
Norte,E1,10:00:00,5685,0.02,1801.11,25.57,
Norte,E1,10:00:00,5709,0.19,1801.31,20.84,
Norte,E1,10:00:00,5744,0.06,1801.12,32.04,
Norte,E1,10:00:00,5746,0.1,1801.2,24.35,
Norte,E1,10:00:00,5747,0.06,1801.17,25.84,
Norte,E1,10:00:00,5748,0.07,1801.4,21.14,
Norte,E1,10:00:00,5749,0.07,1801.5,21.35,
Norte,E1,10:00:00,5750,0.04,1801.59,21.26,
Norte,E1,10:00:00,5760,0.05,1801.67,21.03,
Norte,E1,10:00:00,5761,0.03,1801.61,21.38,
Norte,E1,10:00:00,5762,0.02,1801.77,20.53,
Norte,E1,10:00:00,5763,0.04,1801.74,20.74,
Norte,E1,10:00:00,10020,0.06,1801.09,33.15,
Norte,E1,10:00:00,10059,0.05,1801.07,29.58,
Norte,E1,10:00:00,10061,0.01,1801.23,20.52,
Norte,E1,10:00:00,10062,0.0,1801.26,20.44,
Norte,E1,10:00:00,10063,0.0,1801.32,20.73,
Norte,E1,10:00:00,10082,0.11,1801.19,20.45,
Norte,E1,11:00:00,346,0.05,1801.13,33.43,
Norte,E1,11:00:00,347,0.09,1801.13,33.61,
Norte,E1,11:00:00,348,0.14,1801.13,33.62,
Norte,E1,11:00:00,349,0.06,1801.13,32.3,
Norte,E1,11:00:00,350,0.03,1801.13,32.29,
Norte,E1,11:00:00,351,0.06,1801.13,33.88,
Norte,E1,11:00:00,352,0.15,1801.13,33.76,
Norte,E1,11:00:00,353,0.09,1801.13,33.67,
Norte,E1,11:00:00,354,0.15,1801.17,32.47,
Norte,E1,11:00:00,355,0.06,1801.17,32.39,
Norte,E1,11:00:00,356,0.1,1801.17,32.43,
Norte,E1,11:00:00,357,0.04,1801.17,32.65,
Norte,E1,11:00:00,358,0.02,1801.17,32.9,
Norte,E1,11:00:00,362,0.1,1801.15,32.45,
Norte,E1,11:00:00,363,0.05,1801.16,32.45,
Norte,E1,11:00:00,364,0.09,1801.16,32.45,
Norte,E1,11:00:00,368,0.04,1801.14,32.47,
Norte,E1,11:00:00,371,0.07,1801.14,32.45,
Norte,E1,11:00:00,400,0.07,1801.15,32.17,
Norte,E1,11:00:00,401,0.06,1801.15,32.19,
Norte,E1,11:00:00,404,0.03,1801.15,31.99,
Norte,E1,11:00:00,405,0.01,1801.15,31.94,
Norte,E1,11:00:00,1049,0.03,1801.13,29.73,
Norte,E1,11:00:00,1051,0.04,1801.13,29.62,
Norte,E1,11:00:00,1053,0.03,1801.13,29.62,
Norte,E1,11:00:00,1059,0.06,1801.13,29.39,
Norte,E1,11:00:00,1063,0.03,1801.13,29.12,
Norte,E1,11:00:00,1077,0.03,1801.14,29.59,
Norte,E1,11:00:00,1089,0.04,1801.13,29.74,
Norte,E1,11:00:00,1093,0.09,1801.13,29.29,
Norte,E1,11:00:00,1094,0.02,1801.13,29.05,
Norte,E1,11:00:00,1095,0.03,1801.13,29.54,
Norte,E1,11:00:00,1100,0.05,1801.14,30.16,
Norte,E1,11:00:00,1102,0.08,1801.14,30.11,
Norte,E1,11:00:00,1103,0.01,1801.14,31.09,
Norte,E1,11:00:00,1104,0.09,1801.13,30.13,
Norte,E1,11:00:00,1106,0.1,1801.13,30.07,
Norte,E1,11:00:00,1107,0.05,1801.14,30.34,
Norte,E1,11:00:00,1109,0.01,1801.14,30.33,
Norte,E1,11:00:00,1110,0.02,1801.14,29.97,
Norte,E1,11:00:00,1112,0.03,1801.14,29.99,
Norte,E1,11:00:00,1113,0.05,1801.14,29.73,
Norte,E1,11:00:00,1115,0.1,1801.14,29.72,
Norte,E1,11:00:00,1117,0.1,1801.14,29.77,
Norte,E1,11:00:00,1119,0.13,1801.14,30.36,
Norte,E1,11:00:00,1120,0.09,1801.14,29.93,
Norte,E1,11:00:00,1122,0.07,1801.14,31.23,
Norte,E1,11:00:00,1125,0.07,1801.14,31.17,
Norte,E1,11:00:00,1128,0.07,1801.14,31.42,
Norte,E1,11:00:00,1130,0.09,1801.14,31.24,
Norte,E1,11:00:00,1131,0.09,1801.14,31.39,
Norte,E1,11:00:00,1133,0.03,1801.14,32.42,
Norte,E1,11:00:00,1134,0.16,1801.18,32.51,
Norte,E1,11:00:00,1135,0.11,1801.14,32.6,
Norte,E1,11:00:00,1137,0.14,1801.18,32.45,
Norte,E1,11:00:00,1139,0.09,1801.17,32.42,
Norte,E1,11:00:00,1140,0.04,1801.17,32.47,
Norte,E1,11:00:00,1141,0.06,1801.13,31.39,
Norte,E1,11:00:00,1142,0.03,1801.16,31.36,
Norte,E1,11:00:00,1143,0.09,1801.16,32.21,
Norte,E1,11:00:00,1144,0.09,1801.14,32.37,
Norte,E1,11:00:00,1145,0.04,1801.16,32.3,
Norte,E1,11:00:00,1147,0.0,1801.15,32.45,
Norte,E1,11:00:00,1148,0.01,1801.15,32.46,
Norte,E1,11:00:00,1149,0.18,1801.2,31.09,
Norte,E1,11:00:00,1150,0.24,1801.15,30.87,
Norte,E1,11:00:00,1151,0.04,1801.27,27.04,
Norte,E1,11:00:00,1153,0.02,1801.22,28.62,
Norte,E1,11:00:00,1154,0.0,1801.22,29.07,
Norte,E1,11:00:00,1158,0.13,1801.22,29.28,
Norte,E1,11:00:00,1159,0.09,1801.2,31.64,
Norte,E1,11:00:00,1161,0.04,1801.2,30.71,
Norte,E1,11:00:00,1162,0.01,1801.18,32.12,
Norte,E1,11:00:00,1164,0.11,1801.18,32.2,
Norte,E1,11:00:00,1165,0.04,1801.18,32.31,
Norte,E1,11:00:00,1166,0.06,1801.19,31.87,
Norte,E1,11:00:00,1169,0.1,1801.18,32.48,
Norte,E1,11:00:00,1171,0.08,1801.16,32.48,
Norte,E1,11:00:00,1172,0.18,1801.16,33.53,
Norte,E1,11:00:00,1174,0.06,1801.16,33.33,
Norte,E1,11:00:00,1175,0.14,1801.17,31.83,
Norte,E1,11:00:00,1176,0.2,1801.17,33.32,
Norte,E1,11:00:00,1179,0.06,1801.17,32.83,
Norte,E1,11:00:00,1181,0.01,1801.16,33.32,
Norte,E1,11:00:00,1182,0.07,1801.18,32.57,
Norte,E1,11:00:00,1184,0.04,1801.23,24.79,
Norte,E1,11:00:00,1185,0.03,1801.22,26.49,
Norte,E1,11:00:00,1186,0.01,1801.22,25.81,
Norte,E1,11:00:00,1187,0.24,1801.18,25.47,
Norte,E1,11:00:00,1189,0.01,1801.11,25.02,
Norte,E1,11:00:00,1190,0.07,1801.1,25.98,
Norte,E1,11:00:00,1191,0.07,1801.17,29.05,
Norte,E1,11:00:00,1192,0.01,1801.17,27.15,
Norte,E1,11:00:00,1196,0.06,1801.06,26.84,
Norte,E1,11:00:00,1197,0.05,1801.06,27.31,
Norte,E1,11:00:00,1207,0.13,1801.06,25.27,
Norte,E1,11:00:00,1216,0.1,1801.06,19.03,
Norte,E1,11:00:00,1221,0.05,1801.25,19.69,
Norte,E1,11:00:00,1223,0.06,1801.25,19.47,
Norte,E1,11:00:00,1224,0.08,1801.24,23.06,
Norte,E1,11:00:00,1225,0.04,1801.21,24.51,
Norte,E1,11:00:00,1226,0.07,1801.24,23.29,
Norte,E1,11:00:00,1228,0.04,1801.24,22.62,
Norte,E1,11:00:00,1229,0.02,1801.24,22.32,
Norte,E1,11:00:00,1230,0.02,1801.24,22.27,
Norte,E1,11:00:00,1231,0.01,1801.24,22.35,
Norte,E1,11:00:00,1232,0.03,1801.24,21.81,
Norte,E1,11:00:00,1233,0.01,1801.24,21.78,
Norte,E1,11:00:00,1240,0.13,1801.25,21.08,
Norte,E1,11:00:00,1242,0.13,1801.24,22.24,
Norte,E1,11:00:00,1243,0.05,1801.23,23.0,
Norte,E1,11:00:00,1244,0.13,1801.21,24.54,
Norte,E1,11:00:00,1245,0.07,1801.21,25.62,
Norte,E1,11:00:00,1246,0.04,1801.19,25.79,
Norte,E1,11:00:00,1247,0.08,1801.19,25.55,
Norte,E1,11:00:00,1248,0.08,1801.19,25.26,
Norte,E1,11:00:00,1249,0.16,1801.23,23.65,
Norte,E1,11:00:00,1250,0.17,1801.25,22.56,
Norte,E1,11:00:00,1252,0.12,1801.27,21.18,
Norte,E1,11:00:00,1253,0.16,1801.23,23.62,
Norte,E1,11:00:00,1254,0.16,1801.27,21.97,
Norte,E1,11:00:00,1255,0.09,1801.3,21.73,
Norte,E1,11:00:00,1257,0.09,1801.31,21.12,
Norte,E1,11:00:00,1265,0.04,1801.36,20.77,
Norte,E1,11:00:00,1268,0.07,1801.36,20.86,
Norte,E1,11:00:00,1272,0.04,1801.32,21.49,
Norte,E1,11:00:00,1274,0.07,1801.33,21.53,
Norte,E1,11:00:00,1276,0.15,1801.29,22.48,
Norte,E1,11:00:00,1279,0.06,1801.27,23.76,
Norte,E1,11:00:00,1281,0.07,1801.27,24.13,
Norte,E1,11:00:00,1282,0.03,1801.27,25.6,
Norte,E1,11:00:00,1284,0.03,1801.15,30.91,
Norte,E1,11:00:00,1286,0.09,1801.28,22.69,
Norte,E1,11:00:00,1288,0.01,1801.28,24.72,
Norte,E1,11:00:00,1289,0.03,1801.28,23.05,
Norte,E1,11:00:00,1290,0.11,1801.28,23.13,
Norte,E1,11:00:00,1291,0.01,1801.28,20.89,
Norte,E1,11:00:00,1292,0.07,1801.28,21.12,
Norte,E1,11:00:00,1293,0.09,1801.28,21.77,
Norte,E1,11:00:00,1294,0.03,1801.29,21.63,
Norte,E1,11:00:00,1295,0.15,1801.3,20.81,
Norte,E1,11:00:00,1297,0.11,1801.31,20.43,
Norte,E1,11:00:00,1302,0.1,1801.3,19.9,
Norte,E1,11:00:00,1304,0.06,1801.3,19.9,
Norte,E1,11:00:00,1305,0.0,1801.3,19.91,
Norte,E1,11:00:00,1306,0.08,1801.3,19.91,
Norte,E1,11:00:00,1308,0.09,1801.29,20.43,
Norte,E1,11:00:00,1309,0.05,1801.29,28.32,
Norte,E1,11:00:00,1310,0.02,1801.29,24.47,
Norte,E1,11:00:00,1312,0.12,1801.19,29.27,
Norte,E1,11:00:00,1313,0.0,1801.19,29.49,
Norte,E1,11:00:00,1315,0.08,1801.19,29.45,
Norte,E1,11:00:00,1318,0.09,1801.13,29.4,
Norte,E1,11:00:00,1319,0.02,1801.13,29.05,
Norte,E1,11:00:00,1321,0.06,1801.29,21.32,
Norte,E1,11:00:00,1322,0.01,1801.29,22.09,
Norte,E1,11:00:00,1323,0.07,1801.29,21.88,
Norte,E1,11:00:00,1324,0.03,1801.3,20.45,
Norte,E1,11:00:00,1326,0.1,1801.29,20.1,
Norte,E1,11:00:00,1334,0.07,1801.28,22.0,
Norte,E1,11:00:00,1335,0.08,1801.25,22.54,
Norte,E1,11:00:00,1336,0.01,1801.25,21.67,
Norte,E1,11:00:00,1340,0.05,1801.28,28.94,
Norte,E1,11:00:00,5010,0.04,1801.25,25.8,
Norte,E1,11:00:00,5011,0.06,1801.11,25.9,
Norte,E1,11:00:00,5019,0.07,1801.13,31.95,
Norte,E1,11:00:00,5086,0.08,1801.15,32.44,
Norte,E1,11:00:00,5087,0.01,1801.15,32.49,
Norte,E1,11:00:00,5108,0.0,1801.11,25.83,
Norte,E1,11:00:00,5112,0.03,1801.32,21.53,
Norte,E1,11:00:00,5148,0.0,1801.15,32.17,
Norte,E1,11:00:00,5193,0.0,1801.14,31.29,
Norte,E1,11:00:00,5204,0.16,1801.06,25.34,
Norte,E1,11:00:00,5241,0.0,1801.25,19.62,
Norte,E1,11:00:00,5264,0.03,1801.15,32.45,
Norte,E1,11:00:00,5289,0.01,1801.13,29.65,
Norte,E1,11:00:00,5291,0.02,1801.19,29.71,
Norte,E1,11:00:00,5311,0.15,1801.14,32.39,
Norte,E1,11:00:00,5312,0.01,1801.14,32.53,
Norte,E1,11:00:00,5313,0.01,1801.14,32.33,
Norte,E1,11:00:00,5314,0.02,1801.11,25.76,
Norte,E1,11:00:00,5342,0.04,1801.25,25.7,
Norte,E1,11:00:00,5343,0.16,1801.35,20.87,
Norte,E1,11:00:00,5344,0.16,1801.34,25.8,
Norte,E1,11:00:00,5345,0.16,1801.34,25.96,
Norte,E1,11:00:00,5478,0.01,1801.32,21.54,
Norte,E1,11:00:00,5484,0.01,1801.25,19.09,
Norte,E1,11:00:00,5493,0.01,1801.17,30.69,
Norte,E1,11:00:00,5494,0.01,1801.18,30.77,
Norte,E1,11:00:00,5495,0.12,1801.14,32.67,
Norte,E1,11:00:00,5506,0.02,1801.24,22.76,
Norte,E1,11:00:00,5523,0.0,1801.14,29.13,
Norte,E1,11:00:00,5533,0.03,1801.28,20.74,
Norte,E1,11:00:00,5537,0.04,1801.14,29.39,
Norte,E1,11:00:00,5538,0.08,1801.14,29.71,
Norte,E1,11:00:00,5603,0.05,1801.16,30.94,
Norte,E1,11:00:00,5604,0.08,1801.15,30.5,
Norte,E1,11:00:00,5613,0.08,1801.16,32.35,
Norte,E1,11:00:00,5614,0.03,1801.18,32.45,
Norte,E1,11:00:00,5620,0.05,1801.13,32.28,
Norte,E1,11:00:00,5621,0.04,1801.13,32.22,
Norte,E1,11:00:00,5678,0.07,1801.13,29.81,
Norte,E1,11:00:00,5685,0.02,1801.17,25.63,
Norte,E1,11:00:00,5709,0.18,1801.35,20.88,
Norte,E1,11:00:00,5744,0.06,1801.18,32.1,
Norte,E1,11:00:00,5746,0.09,1801.26,24.41,
Norte,E1,11:00:00,5747,0.06,1801.22,25.89,
Norte,E1,11:00:00,5748,0.07,1801.44,21.18,
Norte,E1,11:00:00,5749,0.07,1801.53,21.38,
Norte,E1,11:00:00,5750,0.04,1801.61,21.28,
Norte,E1,11:00:00,5760,0.05,1801.68,21.04,
Norte,E1,11:00:00,5761,0.03,1801.63,21.4,
Norte,E1,11:00:00,5762,0.02,1801.77,20.53,
Norte,E1,11:00:00,5763,0.03,1801.74,20.74,
Norte,E1,11:00:00,10020,0.05,1801.15,33.21,
Norte,E1,11:00:00,10059,0.05,1801.13,29.64,
Norte,E1,11:00:00,10061,0.01,1801.28,20.57,
Norte,E1,11:00:00,10062,0.0,1801.31,20.49,
Norte,E1,11:00:00,10063,0.0,1801.36,20.77,
Norte,E1,11:00:00,10082,0.1,1801.25,20.51,
Norte,E1,12:00:00,346,0.05,1801.19,33.49,
Norte,E1,12:00:00,347,0.09,1801.19,33.67,
Norte,E1,12:00:00,348,0.13,1801.19,33.68,
Norte,E1,12:00:00,349,0.06,1801.2,32.37,
Norte,E1,12:00:00,350,0.03,1801.2,32.36,
Norte,E1,12:00:00,351,0.06,1801.2,33.95,
Norte,E1,12:00:00,352,0.14,1801.2,33.83,
Norte,E1,12:00:00,353,0.08,1801.2,33.74,
Norte,E1,12:00:00,354,0.14,1801.23,32.53,
Norte,E1,12:00:00,355,0.05,1801.23,32.45,
Norte,E1,12:00:00,356,0.1,1801.23,32.49,
Norte,E1,12:00:00,357,0.04,1801.23,32.71,
Norte,E1,12:00:00,358,0.02,1801.23,32.96,
Norte,E1,12:00:00,362,0.09,1801.22,32.52,
Norte,E1,12:00:00,363,0.04,1801.22,32.51,
Norte,E1,12:00:00,364,0.08,1801.22,32.51,
Norte,E1,12:00:00,368,0.04,1801.2,32.53,
Norte,E1,12:00:00,371,0.06,1801.2,32.51,
Norte,E1,12:00:00,400,0.07,1801.21,32.23,
Norte,E1,12:00:00,401,0.06,1801.21,32.25,
Norte,E1,12:00:00,404,0.03,1801.21,32.05,
Norte,E1,12:00:00,405,0.01,1801.21,32.0,
Norte,E1,12:00:00,1049,0.03,1801.2,29.8,
Norte,E1,12:00:00,1051,0.04,1801.2,29.69,
Norte,E1,12:00:00,1053,0.03,1801.2,29.69,
Norte,E1,12:00:00,1059,0.06,1801.2,29.46,
Norte,E1,12:00:00,1063,0.03,1801.2,29.19,
Norte,E1,12:00:00,1077,0.03,1801.2,29.65,
Norte,E1,12:00:00,1089,0.04,1801.2,29.81,
Norte,E1,12:00:00,1093,0.08,1801.2,29.36,
Norte,E1,12:00:00,1094,0.02,1801.2,29.12,
Norte,E1,12:00:00,1095,0.02,1801.2,29.61,
Norte,E1,12:00:00,1100,0.05,1801.2,30.22,
Norte,E1,12:00:00,1102,0.08,1801.2,30.17,
Norte,E1,12:00:00,1103,0.01,1801.2,31.15,
Norte,E1,12:00:00,1104,0.08,1801.2,30.2,
Norte,E1,12:00:00,1106,0.09,1801.2,30.14,
Norte,E1,12:00:00,1107,0.04,1801.2,30.4,
Norte,E1,12:00:00,1109,0.01,1801.2,30.39,
Norte,E1,12:00:00,1110,0.02,1801.2,30.03,
Norte,E1,12:00:00,1112,0.02,1801.2,30.05,
Norte,E1,12:00:00,1113,0.04,1801.2,29.79,
Norte,E1,12:00:00,1115,0.09,1801.2,29.78,
Norte,E1,12:00:00,1117,0.1,1801.2,29.83,
Norte,E1,12:00:00,1119,0.12,1801.2,30.42,
Norte,E1,12:00:00,1120,0.09,1801.2,29.99,
Norte,E1,12:00:00,1122,0.06,1801.2,31.29,
Norte,E1,12:00:00,1125,0.07,1801.2,31.23,
Norte,E1,12:00:00,1128,0.07,1801.2,31.48,
Norte,E1,12:00:00,1130,0.08,1801.2,31.3,
Norte,E1,12:00:00,1131,0.09,1801.2,31.45,
Norte,E1,12:00:00,1133,0.03,1801.2,32.48,
Norte,E1,12:00:00,1134,0.15,1801.24,32.57,
Norte,E1,12:00:00,1135,0.1,1801.2,32.66,
Norte,E1,12:00:00,1137,0.14,1801.24,32.51,
Norte,E1,12:00:00,1139,0.09,1801.24,32.49,
Norte,E1,12:00:00,1140,0.03,1801.24,32.54,
Norte,E1,12:00:00,1141,0.06,1801.2,31.46,
Norte,E1,12:00:00,1142,0.03,1801.22,31.42,
Norte,E1,12:00:00,1143,0.09,1801.22,32.27,
Norte,E1,12:00:00,1144,0.08,1801.2,32.43,
Norte,E1,12:00:00,1145,0.04,1801.22,32.36,
Norte,E1,12:00:00,1147,0.0,1801.21,32.51,
Norte,E1,12:00:00,1148,0.0,1801.22,32.53,
Norte,E1,12:00:00,1149,0.17,1801.26,31.15,
Norte,E1,12:00:00,1150,0.23,1801.22,30.94,
Norte,E1,12:00:00,1151,0.04,1801.32,27.09,
Norte,E1,12:00:00,1153,0.02,1801.27,28.67,
Norte,E1,12:00:00,1154,0.0,1801.27,29.12,
Norte,E1,12:00:00,1158,0.12,1801.27,29.33,
Norte,E1,12:00:00,1159,0.09,1801.26,31.7,
Norte,E1,12:00:00,1161,0.04,1801.26,30.77,
Norte,E1,12:00:00,1162,0.01,1801.24,32.18,
Norte,E1,12:00:00,1164,0.11,1801.24,32.26,
Norte,E1,12:00:00,1165,0.04,1801.24,32.37,
Norte,E1,12:00:00,1166,0.06,1801.25,31.93,
Norte,E1,12:00:00,1169,0.09,1801.24,32.54,
Norte,E1,12:00:00,1171,0.07,1801.22,32.54,
Norte,E1,12:00:00,1172,0.17,1801.22,33.59,
Norte,E1,12:00:00,1174,0.06,1801.22,33.39,
Norte,E1,12:00:00,1175,0.13,1801.23,31.89,
Norte,E1,12:00:00,1176,0.19,1801.23,33.38,
Norte,E1,12:00:00,1179,0.06,1801.24,32.9,
Norte,E1,12:00:00,1181,0.01,1801.22,33.38,
Norte,E1,12:00:00,1182,0.06,1801.24,32.63,
Norte,E1,12:00:00,1184,0.04,1801.28,24.84,
Norte,E1,12:00:00,1185,0.03,1801.27,26.54,
Norte,E1,12:00:00,1186,0.01,1801.27,25.86,
Norte,E1,12:00:00,1187,0.23,1801.24,25.53,
Norte,E1,12:00:00,1189,0.01,1801.18,25.09,
Norte,E1,12:00:00,1190,0.07,1801.17,26.04,
Norte,E1,12:00:00,1191,0.07,1801.23,29.11,
Norte,E1,12:00:00,1192,0.01,1801.23,27.21,
Norte,E1,12:00:00,1196,0.06,1801.13,26.91,
Norte,E1,12:00:00,1197,0.05,1801.13,27.38,
Norte,E1,12:00:00,1207,0.12,1801.13,25.34,
Norte,E1,12:00:00,1216,0.09,1801.13,19.1,
Norte,E1,12:00:00,1221,0.05,1801.3,19.74,
Norte,E1,12:00:00,1223,0.05,1801.3,19.52,
Norte,E1,12:00:00,1224,0.08,1801.29,23.11,
Norte,E1,12:00:00,1225,0.04,1801.26,24.56,
Norte,E1,12:00:00,1226,0.07,1801.29,23.34,
Norte,E1,12:00:00,1228,0.04,1801.29,22.67,
Norte,E1,12:00:00,1229,0.02,1801.29,22.37,
Norte,E1,12:00:00,1230,0.01,1801.29,22.32,
Norte,E1,12:00:00,1231,0.01,1801.29,22.4,
Norte,E1,12:00:00,1232,0.02,1801.29,21.86,
Norte,E1,12:00:00,1233,0.01,1801.29,21.83,
Norte,E1,12:00:00,1240,0.12,1801.31,21.14,
Norte,E1,12:00:00,1242,0.12,1801.29,22.29,
Norte,E1,12:00:00,1243,0.04,1801.29,23.06,
Norte,E1,12:00:00,1244,0.12,1801.27,24.6,
Norte,E1,12:00:00,1245,0.06,1801.27,25.68,
Norte,E1,12:00:00,1246,0.04,1801.25,25.85,
Norte,E1,12:00:00,1247,0.08,1801.25,25.61,
Norte,E1,12:00:00,1248,0.07,1801.25,25.32,
Norte,E1,12:00:00,1249,0.15,1801.28,23.7,
Norte,E1,12:00:00,1250,0.16,1801.3,22.61,
Norte,E1,12:00:00,1252,0.12,1801.32,21.23,
Norte,E1,12:00:00,1253,0.15,1801.28,23.67,
Norte,E1,12:00:00,1254,0.15,1801.32,22.02,
Norte,E1,12:00:00,1255,0.08,1801.35,21.78,
Norte,E1,12:00:00,1257,0.09,1801.36,21.17,
Norte,E1,12:00:00,1265,0.03,1801.4,20.81,
Norte,E1,12:00:00,1268,0.07,1801.4,20.9,
Norte,E1,12:00:00,1272,0.03,1801.37,21.54,
Norte,E1,12:00:00,1274,0.06,1801.37,21.57,
Norte,E1,12:00:00,1276,0.14,1801.34,22.53,
Norte,E1,12:00:00,1279,0.06,1801.32,23.81,
Norte,E1,12:00:00,1281,0.07,1801.32,24.18,
Norte,E1,12:00:00,1282,0.03,1801.32,25.65,
Norte,E1,12:00:00,1284,0.03,1801.22,30.98,
Norte,E1,12:00:00,1286,0.09,1801.33,22.74,
Norte,E1,12:00:00,1288,0.01,1801.33,24.77,
Norte,E1,12:00:00,1289,0.02,1801.33,23.1,
Norte,E1,12:00:00,1290,0.11,1801.33,23.18,
Norte,E1,12:00:00,1291,0.01,1801.33,20.94,
Norte,E1,12:00:00,1292,0.07,1801.33,21.17,
Norte,E1,12:00:00,1293,0.09,1801.33,21.82,
Norte,E1,12:00:00,1294,0.02,1801.34,21.68,
Norte,E1,12:00:00,1295,0.14,1801.35,20.86,
Norte,E1,12:00:00,1297,0.1,1801.36,20.48,
Norte,E1,12:00:00,1302,0.1,1801.34,19.94,
Norte,E1,12:00:00,1304,0.06,1801.34,19.94,
Norte,E1,12:00:00,1305,0.0,1801.34,19.95,
Norte,E1,12:00:00,1306,0.07,1801.34,19.95,
Norte,E1,12:00:00,1308,0.09,1801.34,20.48,
Norte,E1,12:00:00,1309,0.04,1801.34,28.37,
Norte,E1,12:00:00,1310,0.02,1801.34,24.52,
Norte,E1,12:00:00,1312,0.11,1801.25,29.33,
Norte,E1,12:00:00,1313,0.0,1801.25,29.55,
Norte,E1,12:00:00,1315,0.07,1801.25,29.51,
Norte,E1,12:00:00,1318,0.09,1801.2,29.47,
Norte,E1,12:00:00,1319,0.02,1801.2,29.12,
Norte,E1,12:00:00,1321,0.05,1801.34,21.37,
Norte,E1,12:00:00,1322,0.01,1801.34,22.14,
Norte,E1,12:00:00,1323,0.06,1801.34,21.93,
Norte,E1,12:00:00,1324,0.03,1801.34,20.49,
Norte,E1,12:00:00,1326,0.1,1801.34,20.15,
Norte,E1,12:00:00,1334,0.07,1801.33,22.05,
Norte,E1,12:00:00,1335,0.08,1801.31,22.6,
Norte,E1,12:00:00,1336,0.01,1801.31,21.73,
Norte,E1,12:00:00,1340,0.04,1801.33,28.99,
Norte,E1,12:00:00,5010,0.03,1801.3,25.85,
Norte,E1,12:00:00,5011,0.06,1801.18,25.97,
Norte,E1,12:00:00,5019,0.06,1801.2,32.02,
Norte,E1,12:00:00,5086,0.08,1801.21,32.5,
Norte,E1,12:00:00,5087,0.01,1801.21,32.55,
Norte,E1,12:00:00,5108,0.0,1801.17,25.89,
Norte,E1,12:00:00,5112,0.03,1801.37,21.58,
Norte,E1,12:00:00,5148,0.0,1801.21,32.23,
Norte,E1,12:00:00,5193,0.0,1801.2,31.35,
Norte,E1,12:00:00,5204,0.15,1801.13,25.41,
Norte,E1,12:00:00,5241,0.0,1801.3,19.67,
Norte,E1,12:00:00,5264,0.03,1801.22,32.52,
Norte,E1,12:00:00,5289,0.01,1801.2,29.72,
Norte,E1,12:00:00,5291,0.02,1801.25,29.77,
Norte,E1,12:00:00,5311,0.14,1801.2,32.45,
Norte,E1,12:00:00,5312,0.01,1801.2,32.59,
Norte,E1,12:00:00,5313,0.01,1801.2,32.39,
Norte,E1,12:00:00,5314,0.02,1801.18,25.83,
Norte,E1,12:00:00,5342,0.04,1801.3,25.75,
Norte,E1,12:00:00,5343,0.15,1801.4,20.92,
Norte,E1,12:00:00,5344,0.15,1801.39,25.85,
Norte,E1,12:00:00,5345,0.15,1801.39,26.01,
Norte,E1,12:00:00,5478,0.0,1801.37,21.59,
Norte,E1,12:00:00,5484,0.01,1801.3,19.14,
Norte,E1,12:00:00,5493,0.01,1801.24,30.76,
Norte,E1,12:00:00,5494,0.01,1801.24,30.83,
Norte,E1,12:00:00,5495,0.11,1801.2,32.73,
Norte,E1,12:00:00,5506,0.02,1801.29,22.81,
Norte,E1,12:00:00,5523,0.0,1801.2,29.19,
Norte,E1,12:00:00,5533,0.03,1801.33,20.79,
Norte,E1,12:00:00,5537,0.04,1801.2,29.45,
Norte,E1,12:00:00,5538,0.07,1801.2,29.77,
Norte,E1,12:00:00,5603,0.05,1801.22,31.0,
Norte,E1,12:00:00,5604,0.08,1801.21,30.56,
Norte,E1,12:00:00,5613,0.08,1801.22,32.41,
Norte,E1,12:00:00,5614,0.03,1801.24,32.51,
Norte,E1,12:00:00,5620,0.05,1801.2,32.35,
Norte,E1,12:00:00,5621,0.04,1801.2,32.29,
Norte,E1,12:00:00,5678,0.07,1801.2,29.88,
Norte,E1,12:00:00,5685,0.02,1801.23,25.69,
Norte,E1,12:00:00,5709,0.17,1801.4,20.93,
Norte,E1,12:00:00,5744,0.06,1801.24,32.16,
Norte,E1,12:00:00,5746,0.09,1801.31,24.46,
Norte,E1,12:00:00,5747,0.05,1801.28,25.95,
Norte,E1,12:00:00,5748,0.07,1801.47,21.21,
Norte,E1,12:00:00,5749,0.07,1801.55,21.4,
Norte,E1,12:00:00,5750,0.04,1801.62,21.29,
Norte,E1,12:00:00,5760,0.04,1801.69,21.05,
Norte,E1,12:00:00,5761,0.03,1801.64,21.41,
Norte,E1,12:00:00,5762,0.01,1801.77,20.53,
Norte,E1,12:00:00,5763,0.03,1801.74,20.74,
Norte,E1,12:00:00,10020,0.05,1801.22,33.28,
Norte,E1,12:00:00,10059,0.04,1801.2,29.71,
Norte,E1,12:00:00,10061,0.0,1801.33,20.62,
Norte,E1,12:00:00,10062,0.0,1801.36,20.54,
Norte,E1,12:00:00,10063,0.0,1801.4,20.81,
Norte,E1,12:00:00,10082,0.1,1801.3,20.56,
Norte,E1,13:00:00,346,0.05,1801.19,33.49,
Norte,E1,13:00:00,347,0.09,1801.19,33.67,
Norte,E1,13:00:00,348,0.13,1801.19,33.68,
Norte,E1,13:00:00,349,0.06,1801.2,32.37,
Norte,E1,13:00:00,350,0.03,1801.2,32.36,
Norte,E1,13:00:00,351,0.06,1801.2,33.95,
Norte,E1,13:00:00,352,0.14,1801.2,33.83,
Norte,E1,13:00:00,353,0.08,1801.2,33.74,
Norte,E1,13:00:00,354,0.14,1801.23,32.53,
Norte,E1,13:00:00,355,0.05,1801.23,32.45,
Norte,E1,13:00:00,356,0.1,1801.23,32.49,
Norte,E1,13:00:00,357,0.04,1801.23,32.71,
Norte,E1,13:00:00,358,0.02,1801.23,32.96,
Norte,E1,13:00:00,362,0.09,1801.22,32.52,
Norte,E1,13:00:00,363,0.04,1801.22,32.51,
Norte,E1,13:00:00,364,0.08,1801.22,32.51,
Norte,E1,13:00:00,368,0.04,1801.2,32.53,
Norte,E1,13:00:00,371,0.06,1801.2,32.51,
Norte,E1,13:00:00,400,0.07,1801.21,32.23,
Norte,E1,13:00:00,401,0.06,1801.21,32.25,
Norte,E1,13:00:00,404,0.03,1801.21,32.05,
Norte,E1,13:00:00,405,0.01,1801.21,32.0,
Norte,E1,13:00:00,1049,0.03,1801.2,29.8,
Norte,E1,13:00:00,1051,0.04,1801.2,29.69,
Norte,E1,13:00:00,1053,0.03,1801.2,29.69,
Norte,E1,13:00:00,1059,0.06,1801.2,29.46,
Norte,E1,13:00:00,1063,0.03,1801.2,29.19,
Norte,E1,13:00:00,1077,0.03,1801.2,29.65,
Norte,E1,13:00:00,1089,0.04,1801.2,29.81,
Norte,E1,13:00:00,1093,0.08,1801.2,29.36,
Norte,E1,13:00:00,1094,0.02,1801.2,29.12,
Norte,E1,13:00:00,1095,0.02,1801.2,29.61,
Norte,E1,13:00:00,1100,0.05,1801.2,30.22,
Norte,E1,13:00:00,1102,0.08,1801.2,30.17,
Norte,E1,13:00:00,1103,0.01,1801.2,31.15,
Norte,E1,13:00:00,1104,0.08,1801.2,30.2,
Norte,E1,13:00:00,1106,0.09,1801.2,30.14,
Norte,E1,13:00:00,1107,0.04,1801.2,30.4,
Norte,E1,13:00:00,1109,0.01,1801.2,30.39,
Norte,E1,13:00:00,1110,0.02,1801.2,30.03,
Norte,E1,13:00:00,1112,0.02,1801.2,30.05,
Norte,E1,13:00:00,1113,0.04,1801.2,29.79,
Norte,E1,13:00:00,1115,0.09,1801.2,29.78,
Norte,E1,13:00:00,1117,0.1,1801.2,29.83,
Norte,E1,13:00:00,1119,0.12,1801.2,30.42,
Norte,E1,13:00:00,1120,0.09,1801.2,29.99,
Norte,E1,13:00:00,1122,0.06,1801.2,31.29,
Norte,E1,13:00:00,1125,0.07,1801.2,31.23,
Norte,E1,13:00:00,1128,0.07,1801.2,31.48,
Norte,E1,13:00:00,1130,0.08,1801.2,31.3,
Norte,E1,13:00:00,1131,0.09,1801.2,31.45,
Norte,E1,13:00:00,1133,0.03,1801.2,32.48,
Norte,E1,13:00:00,1134,0.15,1801.24,32.57,
Norte,E1,13:00:00,1135,0.1,1801.2,32.66,
Norte,E1,13:00:00,1137,0.14,1801.24,32.51,
Norte,E1,13:00:00,1139,0.09,1801.24,32.49,
Norte,E1,13:00:00,1140,0.03,1801.24,32.54,
Norte,E1,13:00:00,1141,0.06,1801.2,31.46,
Norte,E1,13:00:00,1142,0.03,1801.22,31.42,
Norte,E1,13:00:00,1143,0.09,1801.22,32.27,
Norte,E1,13:00:00,1144,0.08,1801.2,32.43,
Norte,E1,13:00:00,1145,0.04,1801.22,32.36,
Norte,E1,13:00:00,1147,0.0,1801.21,32.51,
Norte,E1,13:00:00,1148,0.0,1801.22,32.53,
Norte,E1,13:00:00,1149,0.17,1801.26,31.15,
Norte,E1,13:00:00,1150,0.23,1801.22,30.94,
Norte,E1,13:00:00,1151,0.04,1801.32,27.09,
Norte,E1,13:00:00,1153,0.02,1801.27,28.67,
Norte,E1,13:00:00,1154,0.0,1801.27,29.12,
Norte,E1,13:00:00,1158,0.12,1801.27,29.33,
Norte,E1,13:00:00,1159,0.09,1801.26,31.7,
Norte,E1,13:00:00,1161,0.04,1801.26,30.77,
Norte,E1,13:00:00,1162,0.01,1801.24,32.18,
Norte,E1,13:00:00,1164,0.11,1801.24,32.26,
Norte,E1,13:00:00,1165,0.04,1801.24,32.37,
Norte,E1,13:00:00,1166,0.06,1801.25,31.93,
Norte,E1,13:00:00,1169,0.09,1801.24,32.54,
Norte,E1,13:00:00,1171,0.07,1801.22,32.54,
Norte,E1,13:00:00,1172,0.17,1801.22,33.59,
Norte,E1,13:00:00,1174,0.06,1801.22,33.39,
Norte,E1,13:00:00,1175,0.13,1801.23,31.89,
Norte,E1,13:00:00,1176,0.19,1801.23,33.38,
Norte,E1,13:00:00,1179,0.06,1801.24,32.9,
Norte,E1,13:00:00,1181,0.01,1801.22,33.38,
Norte,E1,13:00:00,1182,0.06,1801.24,32.63,
Norte,E1,13:00:00,1184,0.04,1801.28,24.84,
Norte,E1,13:00:00,1185,0.03,1801.27,26.54,
Norte,E1,13:00:00,1186,0.01,1801.27,25.86,
Norte,E1,13:00:00,1187,0.23,1801.24,25.53,
Norte,E1,13:00:00,1189,0.01,1801.18,25.09,
Norte,E1,13:00:00,1190,0.07,1801.17,26.04,
Norte,E1,13:00:00,1191,0.07,1801.23,29.11,
Norte,E1,13:00:00,1192,0.01,1801.23,27.21,
Norte,E1,13:00:00,1196,0.06,1801.13,26.91,
Norte,E1,13:00:00,1197,0.05,1801.13,27.38,
Norte,E1,13:00:00,1207,0.12,1801.13,25.34,
Norte,E1,13:00:00,1216,0.09,1801.13,19.1,
Norte,E1,13:00:00,1221,0.05,1801.3,19.74,
Norte,E1,13:00:00,1223,0.05,1801.3,19.52,
Norte,E1,13:00:00,1224,0.08,1801.29,23.11,
Norte,E1,13:00:00,1225,0.04,1801.26,24.56,
Norte,E1,13:00:00,1226,0.07,1801.29,23.34,
Norte,E1,13:00:00,1228,0.04,1801.29,22.67,
Norte,E1,13:00:00,1229,0.02,1801.29,22.37,
Norte,E1,13:00:00,1230,0.01,1801.29,22.32,
Norte,E1,13:00:00,1231,0.01,1801.29,22.4,
Norte,E1,13:00:00,1232,0.02,1801.29,21.86,
Norte,E1,13:00:00,1233,0.01,1801.29,21.83,
Norte,E1,13:00:00,1240,0.12,1801.31,21.14,
Norte,E1,13:00:00,1242,0.12,1801.29,22.29,
Norte,E1,13:00:00,1243,0.04,1801.29,23.06,
Norte,E1,13:00:00,1244,0.12,1801.27,24.6,
Norte,E1,13:00:00,1245,0.06,1801.27,25.68,
Norte,E1,13:00:00,1246,0.04,1801.25,25.85,
Norte,E1,13:00:00,1247,0.08,1801.25,25.61,
Norte,E1,13:00:00,1248,0.07,1801.25,25.32,
Norte,E1,13:00:00,1249,0.15,1801.28,23.7,
Norte,E1,13:00:00,1250,0.16,1801.3,22.61,
Norte,E1,13:00:00,1252,0.12,1801.32,21.23,
Norte,E1,13:00:00,1253,0.15,1801.28,23.67,
Norte,E1,13:00:00,1254,0.15,1801.32,22.02,
Norte,E1,13:00:00,1255,0.08,1801.35,21.78,
Norte,E1,13:00:00,1257,0.09,1801.36,21.17,
Norte,E1,13:00:00,1265,0.03,1801.4,20.81,
Norte,E1,13:00:00,1268,0.07,1801.4,20.9,
Norte,E1,13:00:00,1272,0.03,1801.37,21.54,
Norte,E1,13:00:00,1274,0.06,1801.37,21.57,
Norte,E1,13:00:00,1276,0.14,1801.34,22.53,
Norte,E1,13:00:00,1279,0.06,1801.32,23.81,
Norte,E1,13:00:00,1281,0.07,1801.32,24.18,
Norte,E1,13:00:00,1282,0.03,1801.32,25.65,
Norte,E1,13:00:00,1284,0.03,1801.22,30.98,
Norte,E1,13:00:00,1286,0.09,1801.33,22.74,
Norte,E1,13:00:00,1288,0.01,1801.33,24.77,
Norte,E1,13:00:00,1289,0.02,1801.33,23.1,
Norte,E1,13:00:00,1290,0.11,1801.33,23.18,
Norte,E1,13:00:00,1291,0.01,1801.33,20.94,
Norte,E1,13:00:00,1292,0.07,1801.33,21.17,
Norte,E1,13:00:00,1293,0.09,1801.33,21.82,
Norte,E1,13:00:00,1294,0.02,1801.34,21.68,
Norte,E1,13:00:00,1295,0.14,1801.35,20.86,
Norte,E1,13:00:00,1297,0.1,1801.36,20.48,
Norte,E1,13:00:00,1302,0.1,1801.34,19.94,
Norte,E1,13:00:00,1304,0.06,1801.34,19.94,
Norte,E1,13:00:00,1305,0.0,1801.34,19.95,
Norte,E1,13:00:00,1306,0.07,1801.34,19.95,
Norte,E1,13:00:00,1308,0.09,1801.34,20.48,
Norte,E1,13:00:00,1309,0.04,1801.34,28.37,
Norte,E1,13:00:00,1310,0.02,1801.34,24.52,
Norte,E1,13:00:00,1312,0.11,1801.25,29.33,
Norte,E1,13:00:00,1313,0.0,1801.25,29.55,
Norte,E1,13:00:00,1315,0.07,1801.25,29.51,
Norte,E1,13:00:00,1318,0.09,1801.2,29.47,
Norte,E1,13:00:00,1319,0.02,1801.2,29.12,
Norte,E1,13:00:00,1321,0.05,1801.34,21.37,
Norte,E1,13:00:00,1322,0.01,1801.34,22.14,
Norte,E1,13:00:00,1323,0.06,1801.34,21.93,
Norte,E1,13:00:00,1324,0.03,1801.34,20.49,
Norte,E1,13:00:00,1326,0.1,1801.34,20.15,
Norte,E1,13:00:00,1334,0.07,1801.33,22.05,
Norte,E1,13:00:00,1335,0.08,1801.31,22.6,
Norte,E1,13:00:00,1336,0.01,1801.31,21.73,
Norte,E1,13:00:00,1340,0.04,1801.33,28.99,
Norte,E1,13:00:00,5010,0.03,1801.3,25.85,
Norte,E1,13:00:00,5011,0.06,1801.18,25.97,
Norte,E1,13:00:00,5019,0.06,1801.2,32.02,
Norte,E1,13:00:00,5086,0.08,1801.21,32.5,
Norte,E1,13:00:00,5087,0.01,1801.21,32.55,
Norte,E1,13:00:00,5108,0.0,1801.17,25.89,
Norte,E1,13:00:00,5112,0.03,1801.37,21.58,
Norte,E1,13:00:00,5148,0.0,1801.21,32.23,
Norte,E1,13:00:00,5193,0.0,1801.2,31.35,
Norte,E1,13:00:00,5204,0.15,1801.13,25.41,
Norte,E1,13:00:00,5241,0.0,1801.3,19.67,
Norte,E1,13:00:00,5264,0.03,1801.22,32.52,
Norte,E1,13:00:00,5289,0.01,1801.2,29.72,
Norte,E1,13:00:00,5291,0.02,1801.25,29.77,
Norte,E1,13:00:00,5311,0.14,1801.2,32.45,
Norte,E1,13:00:00,5312,0.01,1801.2,32.59,
Norte,E1,13:00:00,5313,0.01,1801.2,32.39,
Norte,E1,13:00:00,5314,0.02,1801.18,25.83,
Norte,E1,13:00:00,5342,0.04,1801.3,25.75,
Norte,E1,13:00:00,5343,0.15,1801.4,20.92,
Norte,E1,13:00:00,5344,0.15,1801.39,25.85,
Norte,E1,13:00:00,5345,0.15,1801.39,26.01,
Norte,E1,13:00:00,5478,0.0,1801.37,21.59,
Norte,E1,13:00:00,5484,0.01,1801.3,19.14,
Norte,E1,13:00:00,5493,0.01,1801.24,30.76,
Norte,E1,13:00:00,5494,0.01,1801.24,30.83,
Norte,E1,13:00:00,5495,0.11,1801.2,32.73,
Norte,E1,13:00:00,5506,0.02,1801.29,22.81,
Norte,E1,13:00:00,5523,0.0,1801.2,29.19,
Norte,E1,13:00:00,5533,0.03,1801.33,20.79,
Norte,E1,13:00:00,5537,0.04,1801.2,29.45,
Norte,E1,13:00:00,5538,0.07,1801.2,29.77,
Norte,E1,13:00:00,5603,0.05,1801.22,31.0,
Norte,E1,13:00:00,5604,0.08,1801.21,30.56,
Norte,E1,13:00:00,5613,0.08,1801.22,32.41,
Norte,E1,13:00:00,5614,0.03,1801.24,32.51,
Norte,E1,13:00:00,5620,0.05,1801.2,32.35,
Norte,E1,13:00:00,5621,0.04,1801.2,32.29,
Norte,E1,13:00:00,5678,0.07,1801.2,29.88,
Norte,E1,13:00:00,5685,0.02,1801.23,25.69,
Norte,E1,13:00:00,5709,0.17,1801.4,20.93,
Norte,E1,13:00:00,5744,0.06,1801.24,32.16,
Norte,E1,13:00:00,5746,0.09,1801.31,24.46,
Norte,E1,13:00:00,5747,0.05,1801.28,25.95,
Norte,E1,13:00:00,5748,0.07,1801.47,21.21,
Norte,E1,13:00:00,5749,0.07,1801.55,21.4,
Norte,E1,13:00:00,5750,0.04,1801.62,21.29,
Norte,E1,13:00:00,5760,0.04,1801.69,21.05,
Norte,E1,13:00:00,5761,0.03,1801.64,21.41,
Norte,E1,13:00:00,5762,0.01,1801.77,20.53,
Norte,E1,13:00:00,5763,0.03,1801.74,20.74,
Norte,E1,13:00:00,10020,0.05,1801.22,33.28,
Norte,E1,13:00:00,10059,0.04,1801.2,29.71,
Norte,E1,13:00:00,10061,0.0,1801.33,20.62,
Norte,E1,13:00:00,10062,0.0,1801.36,20.54,
Norte,E1,13:00:00,10063,0.0,1801.4,20.81,
Norte,E1,13:00:00,10082,0.1,1801.3,20.56,
Norte,E1,14:00:00,346,0.05,1801.26,33.56,
Norte,E1,14:00:00,347,0.08,1801.26,33.74,
Norte,E1,14:00:00,348,0.13,1801.26,33.75,
Norte,E1,14:00:00,349,0.06,1801.26,32.43,
Norte,E1,14:00:00,350,0.03,1801.26,32.42,
Norte,E1,14:00:00,351,0.05,1801.26,34.01,
Norte,E1,14:00:00,352,0.13,1801.26,33.89,
Norte,E1,14:00:00,353,0.08,1801.26,33.8,
Norte,E1,14:00:00,354,0.13,1801.29,32.59,
Norte,E1,14:00:00,355,0.05,1801.29,32.51,
Norte,E1,14:00:00,356,0.09,1801.29,32.55,
Norte,E1,14:00:00,357,0.04,1801.29,32.77,
Norte,E1,14:00:00,358,0.02,1801.29,33.02,
Norte,E1,14:00:00,362,0.09,1801.28,32.58,
Norte,E1,14:00:00,363,0.04,1801.28,32.57,
Norte,E1,14:00:00,364,0.08,1801.28,32.57,
Norte,E1,14:00:00,368,0.04,1801.26,32.59,
Norte,E1,14:00:00,371,0.06,1801.26,32.57,
Norte,E1,14:00:00,400,0.06,1801.27,32.29,
Norte,E1,14:00:00,401,0.06,1801.27,32.31,
Norte,E1,14:00:00,404,0.02,1801.27,32.11,
Norte,E1,14:00:00,405,0.01,1801.27,32.06,
Norte,E1,14:00:00,1049,0.03,1801.26,29.86,
Norte,E1,14:00:00,1051,0.04,1801.26,29.75,
Norte,E1,14:00:00,1053,0.03,1801.26,29.75,
Norte,E1,14:00:00,1059,0.06,1801.26,29.52,
Norte,E1,14:00:00,1063,0.03,1801.26,29.25,
Norte,E1,14:00:00,1077,0.03,1801.26,29.71,
Norte,E1,14:00:00,1089,0.04,1801.26,29.87,
Norte,E1,14:00:00,1093,0.08,1801.26,29.42,
Norte,E1,14:00:00,1094,0.02,1801.26,29.18,
Norte,E1,14:00:00,1095,0.02,1801.26,29.67,
Norte,E1,14:00:00,1100,0.04,1801.26,30.28,
Norte,E1,14:00:00,1102,0.07,1801.26,30.23,
Norte,E1,14:00:00,1103,0.01,1801.26,31.21,
Norte,E1,14:00:00,1104,0.08,1801.26,30.26,
Norte,E1,14:00:00,1106,0.09,1801.26,30.2,
Norte,E1,14:00:00,1107,0.04,1801.26,30.46,
Norte,E1,14:00:00,1109,0.01,1801.26,30.45,
Norte,E1,14:00:00,1110,0.01,1801.26,30.09,
Norte,E1,14:00:00,1112,0.02,1801.26,30.11,
Norte,E1,14:00:00,1113,0.04,1801.26,29.85,
Norte,E1,14:00:00,1115,0.09,1801.26,29.84,
Norte,E1,14:00:00,1117,0.09,1801.26,29.89,
Norte,E1,14:00:00,1119,0.11,1801.26,30.48,
Norte,E1,14:00:00,1120,0.08,1801.26,30.05,
Norte,E1,14:00:00,1122,0.06,1801.26,31.35,
Norte,E1,14:00:00,1125,0.07,1801.26,31.29,
Norte,E1,14:00:00,1128,0.07,1801.26,31.54,
Norte,E1,14:00:00,1130,0.08,1801.26,31.36,
Norte,E1,14:00:00,1131,0.08,1801.26,31.51,
Norte,E1,14:00:00,1133,0.03,1801.26,32.54,
Norte,E1,14:00:00,1134,0.14,1801.3,32.63,
Norte,E1,14:00:00,1135,0.1,1801.26,32.72,
Norte,E1,14:00:00,1137,0.13,1801.29,32.56,
Norte,E1,14:00:00,1139,0.08,1801.29,32.54,
Norte,E1,14:00:00,1140,0.03,1801.29,32.59,
Norte,E1,14:00:00,1141,0.06,1801.26,31.52,
Norte,E1,14:00:00,1142,0.03,1801.28,31.48,
Norte,E1,14:00:00,1143,0.08,1801.28,32.33,
Norte,E1,14:00:00,1144,0.08,1801.26,32.49,
Norte,E1,14:00:00,1145,0.03,1801.28,32.42,
Norte,E1,14:00:00,1147,0.0,1801.27,32.57,
Norte,E1,14:00:00,1148,0.0,1801.28,32.59,
Norte,E1,14:00:00,1149,0.16,1801.32,31.21,
Norte,E1,14:00:00,1150,0.22,1801.28,31.0,
Norte,E1,14:00:00,1151,0.04,1801.37,27.14,
Norte,E1,14:00:00,1153,0.02,1801.33,28.73,
Norte,E1,14:00:00,1154,0.0,1801.33,29.18,
Norte,E1,14:00:00,1158,0.11,1801.33,29.39,
Norte,E1,14:00:00,1159,0.08,1801.31,31.75,
Norte,E1,14:00:00,1161,0.04,1801.31,30.82,
Norte,E1,14:00:00,1162,0.01,1801.3,32.24,
Norte,E1,14:00:00,1164,0.1,1801.3,32.32,
Norte,E1,14:00:00,1165,0.03,1801.3,32.43,
Norte,E1,14:00:00,1166,0.06,1801.3,31.98,
Norte,E1,14:00:00,1169,0.09,1801.3,32.6,
Norte,E1,14:00:00,1171,0.07,1801.28,32.6,
Norte,E1,14:00:00,1172,0.16,1801.28,33.65,
Norte,E1,14:00:00,1174,0.06,1801.28,33.45,
Norte,E1,14:00:00,1175,0.12,1801.29,31.95,
Norte,E1,14:00:00,1176,0.18,1801.29,33.44,
Norte,E1,14:00:00,1179,0.06,1801.29,32.95,
Norte,E1,14:00:00,1181,0.01,1801.28,33.44,
Norte,E1,14:00:00,1182,0.06,1801.3,32.69,
Norte,E1,14:00:00,1184,0.04,1801.34,24.9,
Norte,E1,14:00:00,1185,0.02,1801.33,26.6,
Norte,E1,14:00:00,1186,0.01,1801.33,25.92,
Norte,E1,14:00:00,1187,0.21,1801.3,25.59,
Norte,E1,14:00:00,1189,0.01,1801.24,25.15,
Norte,E1,14:00:00,1190,0.07,1801.24,26.11,
Norte,E1,14:00:00,1191,0.06,1801.29,29.17,
Norte,E1,14:00:00,1192,0.01,1801.29,27.27,
Norte,E1,14:00:00,1196,0.05,1801.2,26.98,
Norte,E1,14:00:00,1197,0.05,1801.2,27.45,
Norte,E1,14:00:00,1207,0.11,1801.2,25.41,
Norte,E1,14:00:00,1216,0.09,1801.2,19.17,
Norte,E1,14:00:00,1221,0.05,1801.35,19.79,
Norte,E1,14:00:00,1223,0.05,1801.35,19.57,
Norte,E1,14:00:00,1224,0.07,1801.35,23.17,
Norte,E1,14:00:00,1225,0.03,1801.32,24.62,
Norte,E1,14:00:00,1226,0.06,1801.34,23.39,
Norte,E1,14:00:00,1228,0.03,1801.34,22.72,
Norte,E1,14:00:00,1229,0.02,1801.34,22.42,
Norte,E1,14:00:00,1230,0.01,1801.34,22.37,
Norte,E1,14:00:00,1231,0.01,1801.34,22.45,
Norte,E1,14:00:00,1232,0.02,1801.34,21.91,
Norte,E1,14:00:00,1233,0.01,1801.34,21.88,
Norte,E1,14:00:00,1240,0.11,1801.36,21.19,
Norte,E1,14:00:00,1242,0.12,1801.35,22.35,
Norte,E1,14:00:00,1243,0.04,1801.34,23.11,
Norte,E1,14:00:00,1244,0.11,1801.32,24.65,
Norte,E1,14:00:00,1245,0.06,1801.32,25.73,
Norte,E1,14:00:00,1246,0.03,1801.31,25.91,
Norte,E1,14:00:00,1247,0.07,1801.31,25.67,
Norte,E1,14:00:00,1248,0.07,1801.3,25.37,
Norte,E1,14:00:00,1249,0.14,1801.34,23.76,
Norte,E1,14:00:00,1250,0.15,1801.35,22.66,
Norte,E1,14:00:00,1252,0.11,1801.37,21.28,
Norte,E1,14:00:00,1253,0.14,1801.34,23.73,
Norte,E1,14:00:00,1254,0.14,1801.37,22.07,
Norte,E1,14:00:00,1255,0.08,1801.4,21.83,
Norte,E1,14:00:00,1257,0.08,1801.4,21.21,
Norte,E1,14:00:00,1265,0.03,1801.44,20.85,
Norte,E1,14:00:00,1268,0.07,1801.44,20.94,
Norte,E1,14:00:00,1272,0.03,1801.41,21.58,
Norte,E1,14:00:00,1274,0.06,1801.42,21.62,
Norte,E1,14:00:00,1276,0.13,1801.39,22.58,
Norte,E1,14:00:00,1279,0.06,1801.37,23.86,
Norte,E1,14:00:00,1281,0.07,1801.37,24.23,
Norte,E1,14:00:00,1282,0.03,1801.37,25.7,
Norte,E1,14:00:00,1284,0.03,1801.28,31.04,
Norte,E1,14:00:00,1286,0.08,1801.38,22.79,
Norte,E1,14:00:00,1288,0.01,1801.38,24.82,
Norte,E1,14:00:00,1289,0.02,1801.38,23.15,
Norte,E1,14:00:00,1290,0.1,1801.38,23.23,
Norte,E1,14:00:00,1291,0.01,1801.38,20.99,
Norte,E1,14:00:00,1292,0.06,1801.38,21.22,
Norte,E1,14:00:00,1293,0.08,1801.38,21.87,
Norte,E1,14:00:00,1294,0.02,1801.39,21.73,
Norte,E1,14:00:00,1295,0.13,1801.4,20.91,
Norte,E1,14:00:00,1297,0.1,1801.4,20.52,
Norte,E1,14:00:00,1302,0.09,1801.39,19.99,
Norte,E1,14:00:00,1304,0.06,1801.39,19.99,
Norte,E1,14:00:00,1305,0.0,1801.39,20.0,
Norte,E1,14:00:00,1306,0.07,1801.39,20.0,
Norte,E1,14:00:00,1308,0.08,1801.39,20.53,
Norte,E1,14:00:00,1309,0.04,1801.39,28.42,
Norte,E1,14:00:00,1310,0.02,1801.38,24.56,
Norte,E1,14:00:00,1312,0.1,1801.31,29.39,
Norte,E1,14:00:00,1313,0.0,1801.31,29.61,
Norte,E1,14:00:00,1315,0.07,1801.31,29.57,
Norte,E1,14:00:00,1318,0.08,1801.26,29.53,
Norte,E1,14:00:00,1319,0.02,1801.26,29.18,
Norte,E1,14:00:00,1321,0.05,1801.38,21.41,
Norte,E1,14:00:00,1322,0.01,1801.38,22.18,
Norte,E1,14:00:00,1323,0.06,1801.38,21.97,
Norte,E1,14:00:00,1324,0.03,1801.39,20.54,
Norte,E1,14:00:00,1326,0.09,1801.38,20.19,
Norte,E1,14:00:00,1334,0.06,1801.38,22.1,
Norte,E1,14:00:00,1335,0.07,1801.36,22.65,
Norte,E1,14:00:00,1336,0.01,1801.36,21.78,
Norte,E1,14:00:00,1340,0.04,1801.38,29.04,
Norte,E1,14:00:00,5010,0.03,1801.35,25.9,
Norte,E1,14:00:00,5011,0.05,1801.24,26.03,
Norte,E1,14:00:00,5019,0.06,1801.26,32.08,
Norte,E1,14:00:00,5086,0.07,1801.27,32.56,
Norte,E1,14:00:00,5087,0.01,1801.27,32.61,
Norte,E1,14:00:00,5108,0.0,1801.24,25.96,
Norte,E1,14:00:00,5112,0.03,1801.41,21.62,
Norte,E1,14:00:00,5148,0.0,1801.27,32.29,
Norte,E1,14:00:00,5193,0.0,1801.26,31.41,
Norte,E1,14:00:00,5204,0.14,1801.2,25.48,
Norte,E1,14:00:00,5241,0.0,1801.35,19.72,
Norte,E1,14:00:00,5264,0.02,1801.28,32.58,
Norte,E1,14:00:00,5289,0.01,1801.26,29.78,
Norte,E1,14:00:00,5291,0.02,1801.31,29.83,
Norte,E1,14:00:00,5311,0.13,1801.26,32.51,
Norte,E1,14:00:00,5312,0.01,1801.26,32.65,
Norte,E1,14:00:00,5313,0.01,1801.26,32.45,
Norte,E1,14:00:00,5314,0.02,1801.24,25.89,
Norte,E1,14:00:00,5342,0.03,1801.35,25.8,
Norte,E1,14:00:00,5343,0.14,1801.44,20.96,
Norte,E1,14:00:00,5344,0.14,1801.43,25.89,
Norte,E1,14:00:00,5345,0.14,1801.43,26.05,
Norte,E1,14:00:00,5478,0.0,1801.41,21.63,
Norte,E1,14:00:00,5484,0.01,1801.35,19.19,
Norte,E1,14:00:00,5493,0.01,1801.29,30.81,
Norte,E1,14:00:00,5494,0.01,1801.3,30.89,
Norte,E1,14:00:00,5495,0.1,1801.26,32.79,
Norte,E1,14:00:00,5506,0.02,1801.34,22.86,
Norte,E1,14:00:00,5523,0.0,1801.26,29.25,
Norte,E1,14:00:00,5533,0.03,1801.38,20.84,
Norte,E1,14:00:00,5537,0.04,1801.26,29.51,
Norte,E1,14:00:00,5538,0.07,1801.26,29.83,
Norte,E1,14:00:00,5603,0.05,1801.28,31.06,
Norte,E1,14:00:00,5604,0.07,1801.27,30.62,
Norte,E1,14:00:00,5613,0.07,1801.28,32.47,
Norte,E1,14:00:00,5614,0.03,1801.3,32.57,
Norte,E1,14:00:00,5620,0.05,1801.26,32.41,
Norte,E1,14:00:00,5621,0.04,1801.26,32.35,
Norte,E1,14:00:00,5678,0.06,1801.26,29.94,
Norte,E1,14:00:00,5685,0.02,1801.29,25.75,
Norte,E1,14:00:00,5709,0.16,1801.44,20.97,
Norte,E1,14:00:00,5744,0.05,1801.3,32.22,
Norte,E1,14:00:00,5746,0.08,1801.36,24.51,
Norte,E1,14:00:00,5747,0.05,1801.33,26.0,
Norte,E1,14:00:00,5748,0.06,1801.5,21.24,
Norte,E1,14:00:00,5749,0.06,1801.58,21.43,
Norte,E1,14:00:00,5750,0.04,1801.64,21.31,
Norte,E1,14:00:00,5760,0.04,1801.7,21.06,
Norte,E1,14:00:00,5761,0.03,1801.66,21.43,
Norte,E1,14:00:00,5762,0.01,1801.77,20.53,
Norte,E1,14:00:00,5763,0.03,1801.75,20.75,
Norte,E1,14:00:00,10020,0.05,1801.28,33.34,
Norte,E1,14:00:00,10059,0.04,1801.26,29.77,
Norte,E1,14:00:00,10061,0.0,1801.38,20.67,
Norte,E1,14:00:00,10062,0.0,1801.4,20.58,
Norte,E1,14:00:00,10063,0.0,1801.44,20.85,
Norte,E1,14:00:00,10082,0.09,1801.35,20.61,
Norte,E1,15:00:00,346,0.05,1801.26,33.56,
Norte,E1,15:00:00,347,0.08,1801.26,33.74,
Norte,E1,15:00:00,348,0.13,1801.26,33.75,
Norte,E1,15:00:00,349,0.06,1801.26,32.43,
Norte,E1,15:00:00,350,0.03,1801.26,32.42,
Norte,E1,15:00:00,351,0.05,1801.26,34.01,
Norte,E1,15:00:00,352,0.13,1801.26,33.89,
Norte,E1,15:00:00,353,0.08,1801.26,33.8,
Norte,E1,15:00:00,354,0.13,1801.29,32.59,
Norte,E1,15:00:00,355,0.05,1801.29,32.51,
Norte,E1,15:00:00,356,0.09,1801.29,32.55,
Norte,E1,15:00:00,357,0.04,1801.29,32.77,
Norte,E1,15:00:00,358,0.02,1801.29,33.02,
Norte,E1,15:00:00,362,0.09,1801.28,32.58,
Norte,E1,15:00:00,363,0.04,1801.28,32.57,
Norte,E1,15:00:00,364,0.08,1801.28,32.57,
Norte,E1,15:00:00,368,0.04,1801.26,32.59,
Norte,E1,15:00:00,371,0.06,1801.26,32.57,
Norte,E1,15:00:00,400,0.06,1801.27,32.29,
Norte,E1,15:00:00,401,0.06,1801.27,32.31,
Norte,E1,15:00:00,404,0.02,1801.27,32.11,
Norte,E1,15:00:00,405,0.01,1801.27,32.06,
Norte,E1,15:00:00,1049,0.03,1801.26,29.86,
Norte,E1,15:00:00,1051,0.04,1801.26,29.75,
Norte,E1,15:00:00,1053,0.03,1801.26,29.75,
Norte,E1,15:00:00,1059,0.06,1801.26,29.52,
Norte,E1,15:00:00,1063,0.03,1801.26,29.25,
Norte,E1,15:00:00,1077,0.03,1801.26,29.71,
Norte,E1,15:00:00,1089,0.04,1801.26,29.87,
Norte,E1,15:00:00,1093,0.08,1801.26,29.42,
Norte,E1,15:00:00,1094,0.02,1801.26,29.18,
Norte,E1,15:00:00,1095,0.02,1801.26,29.67,
Norte,E1,15:00:00,1100,0.04,1801.26,30.28,
Norte,E1,15:00:00,1102,0.07,1801.26,30.23,
Norte,E1,15:00:00,1103,0.01,1801.26,31.21,
Norte,E1,15:00:00,1104,0.08,1801.26,30.26,
Norte,E1,15:00:00,1106,0.09,1801.26,30.2,
Norte,E1,15:00:00,1107,0.04,1801.26,30.46,
Norte,E1,15:00:00,1109,0.01,1801.26,30.45,
Norte,E1,15:00:00,1110,0.01,1801.26,30.09,
Norte,E1,15:00:00,1112,0.02,1801.26,30.11,
Norte,E1,15:00:00,1113,0.04,1801.26,29.85,
Norte,E1,15:00:00,1115,0.09,1801.26,29.84,
Norte,E1,15:00:00,1117,0.09,1801.26,29.89,
Norte,E1,15:00:00,1119,0.11,1801.26,30.48,
Norte,E1,15:00:00,1120,0.08,1801.26,30.05,
Norte,E1,15:00:00,1122,0.06,1801.26,31.35,
Norte,E1,15:00:00,1125,0.07,1801.26,31.29,
Norte,E1,15:00:00,1128,0.07,1801.26,31.54,
Norte,E1,15:00:00,1130,0.08,1801.26,31.36,
Norte,E1,15:00:00,1131,0.08,1801.26,31.51,
Norte,E1,15:00:00,1133,0.03,1801.26,32.54,
Norte,E1,15:00:00,1134,0.14,1801.3,32.63,
Norte,E1,15:00:00,1135,0.1,1801.26,32.72,
Norte,E1,15:00:00,1137,0.13,1801.29,32.56,
Norte,E1,15:00:00,1139,0.08,1801.29,32.54,
Norte,E1,15:00:00,1140,0.03,1801.29,32.59,
Norte,E1,15:00:00,1141,0.06,1801.26,31.52,
Norte,E1,15:00:00,1142,0.03,1801.28,31.48,
Norte,E1,15:00:00,1143,0.08,1801.28,32.33,
Norte,E1,15:00:00,1144,0.08,1801.26,32.49,
Norte,E1,15:00:00,1145,0.03,1801.28,32.42,
Norte,E1,15:00:00,1147,0.0,1801.27,32.57,
Norte,E1,15:00:00,1148,0.0,1801.28,32.59,
Norte,E1,15:00:00,1149,0.16,1801.32,31.21,
Norte,E1,15:00:00,1150,0.22,1801.28,31.0,
Norte,E1,15:00:00,1151,0.04,1801.37,27.14,
Norte,E1,15:00:00,1153,0.02,1801.33,28.73,
Norte,E1,15:00:00,1154,0.0,1801.33,29.18,
Norte,E1,15:00:00,1158,0.11,1801.33,29.39,
Norte,E1,15:00:00,1159,0.08,1801.31,31.75,
Norte,E1,15:00:00,1161,0.04,1801.31,30.82,
Norte,E1,15:00:00,1162,0.01,1801.3,32.24,
Norte,E1,15:00:00,1164,0.1,1801.3,32.32,
Norte,E1,15:00:00,1165,0.03,1801.3,32.43,
Norte,E1,15:00:00,1166,0.06,1801.3,31.98,
Norte,E1,15:00:00,1169,0.09,1801.3,32.6,
Norte,E1,15:00:00,1171,0.07,1801.28,32.6,
Norte,E1,15:00:00,1172,0.16,1801.28,33.65,
Norte,E1,15:00:00,1174,0.06,1801.28,33.45,
Norte,E1,15:00:00,1175,0.12,1801.29,31.95,
Norte,E1,15:00:00,1176,0.18,1801.29,33.44,
Norte,E1,15:00:00,1179,0.06,1801.29,32.95,
Norte,E1,15:00:00,1181,0.01,1801.28,33.44,
Norte,E1,15:00:00,1182,0.06,1801.3,32.69,
Norte,E1,15:00:00,1184,0.04,1801.34,24.9,
Norte,E1,15:00:00,1185,0.02,1801.33,26.6,
Norte,E1,15:00:00,1186,0.01,1801.33,25.92,
Norte,E1,15:00:00,1187,0.21,1801.3,25.59,
Norte,E1,15:00:00,1189,0.01,1801.24,25.15,
Norte,E1,15:00:00,1190,0.07,1801.24,26.11,
Norte,E1,15:00:00,1191,0.06,1801.29,29.17,
Norte,E1,15:00:00,1192,0.01,1801.29,27.27,
Norte,E1,15:00:00,1196,0.05,1801.2,26.98,
Norte,E1,15:00:00,1197,0.05,1801.2,27.45,
Norte,E1,15:00:00,1207,0.11,1801.2,25.41,
Norte,E1,15:00:00,1216,0.09,1801.2,19.17,
Norte,E1,15:00:00,1221,0.05,1801.35,19.79,
Norte,E1,15:00:00,1223,0.05,1801.35,19.57,
Norte,E1,15:00:00,1224,0.07,1801.35,23.17,
Norte,E1,15:00:00,1225,0.03,1801.32,24.62,
Norte,E1,15:00:00,1226,0.06,1801.34,23.39,
Norte,E1,15:00:00,1228,0.03,1801.34,22.72,
Norte,E1,15:00:00,1229,0.02,1801.34,22.42,
Norte,E1,15:00:00,1230,0.01,1801.34,22.37,
Norte,E1,15:00:00,1231,0.01,1801.34,22.45,
Norte,E1,15:00:00,1232,0.02,1801.34,21.91,
Norte,E1,15:00:00,1233,0.01,1801.34,21.88,
Norte,E1,15:00:00,1240,0.11,1801.36,21.19,
Norte,E1,15:00:00,1242,0.12,1801.35,22.35,
Norte,E1,15:00:00,1243,0.04,1801.34,23.11,
Norte,E1,15:00:00,1244,0.11,1801.32,24.65,
Norte,E1,15:00:00,1245,0.06,1801.32,25.73,
Norte,E1,15:00:00,1246,0.03,1801.31,25.91,
Norte,E1,15:00:00,1247,0.07,1801.31,25.67,
Norte,E1,15:00:00,1248,0.07,1801.3,25.37,
Norte,E1,15:00:00,1249,0.14,1801.34,23.76,
Norte,E1,15:00:00,1250,0.15,1801.35,22.66,
Norte,E1,15:00:00,1252,0.11,1801.37,21.28,
Norte,E1,15:00:00,1253,0.14,1801.34,23.73,
Norte,E1,15:00:00,1254,0.14,1801.37,22.07,
Norte,E1,15:00:00,1255,0.08,1801.4,21.83,
Norte,E1,15:00:00,1257,0.08,1801.4,21.21,
Norte,E1,15:00:00,1265,0.03,1801.44,20.85,
Norte,E1,15:00:00,1268,0.07,1801.44,20.94,
Norte,E1,15:00:00,1272,0.03,1801.41,21.58,
Norte,E1,15:00:00,1274,0.06,1801.42,21.62,
Norte,E1,15:00:00,1276,0.13,1801.39,22.58,
Norte,E1,15:00:00,1279,0.06,1801.37,23.86,
Norte,E1,15:00:00,1281,0.07,1801.37,24.23,
Norte,E1,15:00:00,1282,0.03,1801.37,25.7,
Norte,E1,15:00:00,1284,0.03,1801.28,31.04,
Norte,E1,15:00:00,1286,0.08,1801.38,22.79,
Norte,E1,15:00:00,1288,0.01,1801.38,24.82,
Norte,E1,15:00:00,1289,0.02,1801.38,23.15,
Norte,E1,15:00:00,1290,0.1,1801.38,23.23,
Norte,E1,15:00:00,1291,0.01,1801.38,20.99,
Norte,E1,15:00:00,1292,0.06,1801.38,21.22,
Norte,E1,15:00:00,1293,0.08,1801.38,21.87,
Norte,E1,15:00:00,1294,0.02,1801.39,21.73,
Norte,E1,15:00:00,1295,0.13,1801.4,20.91,
Norte,E1,15:00:00,1297,0.1,1801.4,20.52,
Norte,E1,15:00:00,1302,0.09,1801.39,19.99,
Norte,E1,15:00:00,1304,0.06,1801.39,19.99,
Norte,E1,15:00:00,1305,0.0,1801.39,20.0,
Norte,E1,15:00:00,1306,0.07,1801.39,20.0,
Norte,E1,15:00:00,1308,0.08,1801.39,20.53,
Norte,E1,15:00:00,1309,0.04,1801.39,28.42,
Norte,E1,15:00:00,1310,0.02,1801.38,24.56,
Norte,E1,15:00:00,1312,0.1,1801.31,29.39,
Norte,E1,15:00:00,1313,0.0,1801.31,29.61,
Norte,E1,15:00:00,1315,0.07,1801.31,29.57,
Norte,E1,15:00:00,1318,0.08,1801.26,29.53,
Norte,E1,15:00:00,1319,0.02,1801.26,29.18,
Norte,E1,15:00:00,1321,0.05,1801.38,21.41,
Norte,E1,15:00:00,1322,0.01,1801.38,22.18,
Norte,E1,15:00:00,1323,0.06,1801.38,21.97,
Norte,E1,15:00:00,1324,0.03,1801.39,20.54,
Norte,E1,15:00:00,1326,0.09,1801.38,20.19,
Norte,E1,15:00:00,1334,0.06,1801.38,22.1,
Norte,E1,15:00:00,1335,0.07,1801.36,22.65,
Norte,E1,15:00:00,1336,0.01,1801.36,21.78,
Norte,E1,15:00:00,1340,0.04,1801.38,29.04,
Norte,E1,15:00:00,5010,0.03,1801.35,25.9,
Norte,E1,15:00:00,5011,0.05,1801.24,26.03,
Norte,E1,15:00:00,5019,0.06,1801.26,32.08,
Norte,E1,15:00:00,5086,0.07,1801.27,32.56,
Norte,E1,15:00:00,5087,0.01,1801.27,32.61,
Norte,E1,15:00:00,5108,0.0,1801.24,25.96,
Norte,E1,15:00:00,5112,0.03,1801.41,21.62,
Norte,E1,15:00:00,5148,0.0,1801.27,32.29,
Norte,E1,15:00:00,5193,0.0,1801.26,31.41,
Norte,E1,15:00:00,5204,0.14,1801.2,25.48,
Norte,E1,15:00:00,5241,0.0,1801.35,19.72,
Norte,E1,15:00:00,5264,0.02,1801.28,32.58,
Norte,E1,15:00:00,5289,0.01,1801.26,29.78,
Norte,E1,15:00:00,5291,0.02,1801.31,29.83,
Norte,E1,15:00:00,5311,0.13,1801.26,32.51,
Norte,E1,15:00:00,5312,0.01,1801.26,32.65,
Norte,E1,15:00:00,5313,0.01,1801.26,32.45,
Norte,E1,15:00:00,5314,0.02,1801.24,25.89,
Norte,E1,15:00:00,5342,0.03,1801.35,25.8,
Norte,E1,15:00:00,5343,0.14,1801.44,20.96,
Norte,E1,15:00:00,5344,0.14,1801.43,25.89,
Norte,E1,15:00:00,5345,0.14,1801.43,26.05,
Norte,E1,15:00:00,5478,0.0,1801.41,21.63,
Norte,E1,15:00:00,5484,0.01,1801.35,19.19,
Norte,E1,15:00:00,5493,0.01,1801.29,30.81,
Norte,E1,15:00:00,5494,0.01,1801.3,30.89,
Norte,E1,15:00:00,5495,0.1,1801.26,32.79,
Norte,E1,15:00:00,5506,0.02,1801.34,22.86,
Norte,E1,15:00:00,5523,0.0,1801.26,29.25,
Norte,E1,15:00:00,5533,0.03,1801.38,20.84,
Norte,E1,15:00:00,5537,0.04,1801.26,29.51,
Norte,E1,15:00:00,5538,0.07,1801.26,29.83,
Norte,E1,15:00:00,5603,0.05,1801.28,31.06,
Norte,E1,15:00:00,5604,0.07,1801.27,30.62,
Norte,E1,15:00:00,5613,0.07,1801.28,32.47,
Norte,E1,15:00:00,5614,0.03,1801.3,32.57,
Norte,E1,15:00:00,5620,0.05,1801.26,32.41,
Norte,E1,15:00:00,5621,0.04,1801.26,32.35,
Norte,E1,15:00:00,5678,0.06,1801.26,29.94,
Norte,E1,15:00:00,5685,0.02,1801.29,25.75,
Norte,E1,15:00:00,5709,0.16,1801.44,20.97,
Norte,E1,15:00:00,5744,0.05,1801.3,32.22,
Norte,E1,15:00:00,5746,0.08,1801.36,24.51,
Norte,E1,15:00:00,5747,0.05,1801.33,26.0,
Norte,E1,15:00:00,5748,0.06,1801.5,21.24,
Norte,E1,15:00:00,5749,0.06,1801.58,21.43,
Norte,E1,15:00:00,5750,0.04,1801.64,21.31,
Norte,E1,15:00:00,5760,0.04,1801.7,21.06,
Norte,E1,15:00:00,5761,0.03,1801.66,21.43,
Norte,E1,15:00:00,5762,0.01,1801.77,20.53,
Norte,E1,15:00:00,5763,0.03,1801.75,20.75,
Norte,E1,15:00:00,10020,0.05,1801.28,33.34,
Norte,E1,15:00:00,10059,0.04,1801.26,29.77,
Norte,E1,15:00:00,10061,0.0,1801.38,20.67,
Norte,E1,15:00:00,10062,0.0,1801.4,20.58,
Norte,E1,15:00:00,10063,0.0,1801.44,20.85,
Norte,E1,15:00:00,10082,0.09,1801.35,20.61,
Norte,E1,16:00:00,346,0.04,1801.32,33.62,
Norte,E1,16:00:00,347,0.08,1801.32,33.8,
Norte,E1,16:00:00,348,0.12,1801.32,33.81,
Norte,E1,16:00:00,349,0.05,1801.32,32.49,
Norte,E1,16:00:00,350,0.03,1801.32,32.48,
Norte,E1,16:00:00,351,0.05,1801.32,34.07,
Norte,E1,16:00:00,352,0.12,1801.32,33.95,
Norte,E1,16:00:00,353,0.07,1801.32,33.86,
Norte,E1,16:00:00,354,0.12,1801.34,32.64,
Norte,E1,16:00:00,355,0.05,1801.35,32.57,
Norte,E1,16:00:00,356,0.09,1801.35,32.61,
Norte,E1,16:00:00,357,0.04,1801.35,32.83,
Norte,E1,16:00:00,358,0.02,1801.35,33.08,
Norte,E1,16:00:00,362,0.08,1801.33,32.63,
Norte,E1,16:00:00,363,0.04,1801.34,32.63,
Norte,E1,16:00:00,364,0.07,1801.34,32.63,
Norte,E1,16:00:00,368,0.04,1801.32,32.65,
Norte,E1,16:00:00,371,0.05,1801.32,32.63,
Norte,E1,16:00:00,400,0.06,1801.33,32.35,
Norte,E1,16:00:00,401,0.05,1801.33,32.37,
Norte,E1,16:00:00,404,0.02,1801.33,32.17,
Norte,E1,16:00:00,405,0.01,1801.33,32.12,
Norte,E1,16:00:00,1049,0.03,1801.32,29.92,
Norte,E1,16:00:00,1051,0.04,1801.32,29.81,
Norte,E1,16:00:00,1053,0.02,1801.32,29.81,
Norte,E1,16:00:00,1059,0.05,1801.32,29.58,
Norte,E1,16:00:00,1063,0.02,1801.32,29.31,
Norte,E1,16:00:00,1077,0.03,1801.32,29.77,
Norte,E1,16:00:00,1089,0.03,1801.32,29.93,
Norte,E1,16:00:00,1093,0.07,1801.32,29.48,
Norte,E1,16:00:00,1094,0.02,1801.32,29.24,
Norte,E1,16:00:00,1095,0.02,1801.32,29.73,
Norte,E1,16:00:00,1100,0.04,1801.32,30.34,
Norte,E1,16:00:00,1102,0.07,1801.32,30.29,
Norte,E1,16:00:00,1103,0.01,1801.32,31.27,
Norte,E1,16:00:00,1104,0.07,1801.32,30.32,
Norte,E1,16:00:00,1106,0.08,1801.32,30.26,
Norte,E1,16:00:00,1107,0.04,1801.32,30.52,
Norte,E1,16:00:00,1109,0.01,1801.32,30.51,
Norte,E1,16:00:00,1110,0.01,1801.32,30.15,
Norte,E1,16:00:00,1112,0.02,1801.32,30.17,
Norte,E1,16:00:00,1113,0.04,1801.32,29.91,
Norte,E1,16:00:00,1115,0.08,1801.32,29.9,
Norte,E1,16:00:00,1117,0.09,1801.32,29.95,
Norte,E1,16:00:00,1119,0.11,1801.32,30.54,
Norte,E1,16:00:00,1120,0.08,1801.32,30.11,
Norte,E1,16:00:00,1122,0.06,1801.32,31.41,
Norte,E1,16:00:00,1125,0.06,1801.32,31.35,
Norte,E1,16:00:00,1128,0.06,1801.32,31.6,
Norte,E1,16:00:00,1130,0.07,1801.32,31.42,
Norte,E1,16:00:00,1131,0.08,1801.32,31.57,
Norte,E1,16:00:00,1133,0.02,1801.32,32.6,
Norte,E1,16:00:00,1134,0.13,1801.35,32.68,
Norte,E1,16:00:00,1135,0.09,1801.32,32.78,
Norte,E1,16:00:00,1137,0.12,1801.35,32.62,
Norte,E1,16:00:00,1139,0.08,1801.35,32.6,
Norte,E1,16:00:00,1140,0.03,1801.35,32.65,
Norte,E1,16:00:00,1141,0.05,1801.32,31.58,
Norte,E1,16:00:00,1142,0.02,1801.34,31.54,
Norte,E1,16:00:00,1143,0.08,1801.34,32.39,
Norte,E1,16:00:00,1144,0.07,1801.32,32.55,
Norte,E1,16:00:00,1145,0.03,1801.34,32.48,
Norte,E1,16:00:00,1147,0.0,1801.33,32.63,
Norte,E1,16:00:00,1148,0.0,1801.33,32.64,
Norte,E1,16:00:00,1149,0.15,1801.37,31.26,
Norte,E1,16:00:00,1150,0.2,1801.33,31.05,
Norte,E1,16:00:00,1151,0.03,1801.42,27.19,
Norte,E1,16:00:00,1153,0.01,1801.38,28.78,
Norte,E1,16:00:00,1154,0.0,1801.38,29.23,
Norte,E1,16:00:00,1158,0.11,1801.38,29.44,
Norte,E1,16:00:00,1159,0.08,1801.37,31.81,
Norte,E1,16:00:00,1161,0.04,1801.37,30.88,
Norte,E1,16:00:00,1162,0.01,1801.35,32.29,
Norte,E1,16:00:00,1164,0.09,1801.35,32.37,
Norte,E1,16:00:00,1165,0.03,1801.35,32.48,
Norte,E1,16:00:00,1166,0.05,1801.36,32.04,
Norte,E1,16:00:00,1169,0.08,1801.35,32.65,
Norte,E1,16:00:00,1171,0.06,1801.34,32.66,
Norte,E1,16:00:00,1172,0.15,1801.34,33.71,
Norte,E1,16:00:00,1174,0.05,1801.34,33.51,
Norte,E1,16:00:00,1175,0.12,1801.35,32.01,
Norte,E1,16:00:00,1176,0.16,1801.35,33.5,
Norte,E1,16:00:00,1179,0.05,1801.35,33.01,
Norte,E1,16:00:00,1181,0.01,1801.34,33.5,
Norte,E1,16:00:00,1182,0.06,1801.35,32.74,
Norte,E1,16:00:00,1184,0.04,1801.39,24.95,
Norte,E1,16:00:00,1185,0.02,1801.38,26.65,
Norte,E1,16:00:00,1186,0.01,1801.38,25.97,
Norte,E1,16:00:00,1187,0.2,1801.36,25.65,
Norte,E1,16:00:00,1189,0.01,1801.3,25.21,
Norte,E1,16:00:00,1190,0.06,1801.3,26.17,
Norte,E1,16:00:00,1191,0.06,1801.34,29.22,
Norte,E1,16:00:00,1192,0.01,1801.34,27.32,
Norte,E1,16:00:00,1196,0.05,1801.27,27.05,
Norte,E1,16:00:00,1197,0.04,1801.27,27.52,
Norte,E1,16:00:00,1207,0.11,1801.27,25.48,
Norte,E1,16:00:00,1216,0.08,1801.27,19.24,
Norte,E1,16:00:00,1221,0.05,1801.4,19.84,
Norte,E1,16:00:00,1223,0.05,1801.4,19.62,
Norte,E1,16:00:00,1224,0.07,1801.4,23.22,
Norte,E1,16:00:00,1225,0.03,1801.37,24.67,
Norte,E1,16:00:00,1226,0.06,1801.39,23.44,
Norte,E1,16:00:00,1228,0.03,1801.39,22.77,
Norte,E1,16:00:00,1229,0.01,1801.39,22.47,
Norte,E1,16:00:00,1230,0.01,1801.39,22.42,
Norte,E1,16:00:00,1231,0.01,1801.39,22.5,
Norte,E1,16:00:00,1232,0.02,1801.39,21.96,
Norte,E1,16:00:00,1233,0.01,1801.39,21.93,
Norte,E1,16:00:00,1240,0.11,1801.41,21.24,
Norte,E1,16:00:00,1242,0.11,1801.39,22.39,
Norte,E1,16:00:00,1243,0.04,1801.39,23.16,
Norte,E1,16:00:00,1244,0.11,1801.37,24.7,
Norte,E1,16:00:00,1245,0.06,1801.37,25.78,
Norte,E1,16:00:00,1246,0.03,1801.36,25.96,
Norte,E1,16:00:00,1247,0.07,1801.36,25.72,
Norte,E1,16:00:00,1248,0.06,1801.36,25.43,
Norte,E1,16:00:00,1249,0.13,1801.39,23.81,
Norte,E1,16:00:00,1250,0.14,1801.4,22.71,
Norte,E1,16:00:00,1252,0.1,1801.42,21.33,
Norte,E1,16:00:00,1253,0.14,1801.39,23.78,
Norte,E1,16:00:00,1254,0.13,1801.41,22.11,
Norte,E1,16:00:00,1255,0.07,1801.44,21.87,
Norte,E1,16:00:00,1257,0.08,1801.44,21.25,
Norte,E1,16:00:00,1265,0.03,1801.48,20.89,
Norte,E1,16:00:00,1268,0.06,1801.48,20.98,
Norte,E1,16:00:00,1272,0.03,1801.45,21.62,
Norte,E1,16:00:00,1274,0.06,1801.46,21.66,
Norte,E1,16:00:00,1276,0.12,1801.43,22.62,
Norte,E1,16:00:00,1279,0.05,1801.42,23.91,
Norte,E1,16:00:00,1281,0.06,1801.42,24.28,
Norte,E1,16:00:00,1282,0.02,1801.42,25.75,
Norte,E1,16:00:00,1284,0.03,1801.33,31.09,
Norte,E1,16:00:00,1286,0.08,1801.42,22.83,
Norte,E1,16:00:00,1288,0.01,1801.42,24.86,
Norte,E1,16:00:00,1289,0.02,1801.42,23.19,
Norte,E1,16:00:00,1290,0.09,1801.42,23.27,
Norte,E1,16:00:00,1291,0.01,1801.42,21.03,
Norte,E1,16:00:00,1292,0.06,1801.42,21.26,
Norte,E1,16:00:00,1293,0.08,1801.43,21.92,
Norte,E1,16:00:00,1294,0.02,1801.43,21.77,
Norte,E1,16:00:00,1295,0.12,1801.44,20.95,
Norte,E1,16:00:00,1297,0.09,1801.44,20.56,
Norte,E1,16:00:00,1302,0.09,1801.43,20.03,
Norte,E1,16:00:00,1304,0.05,1801.43,20.03,
Norte,E1,16:00:00,1305,0.0,1801.43,20.04,
Norte,E1,16:00:00,1306,0.06,1801.43,20.04,
Norte,E1,16:00:00,1308,0.08,1801.43,20.57,
Norte,E1,16:00:00,1309,0.04,1801.43,28.46,
Norte,E1,16:00:00,1310,0.02,1801.43,24.61,
Norte,E1,16:00:00,1312,0.1,1801.36,29.44,
Norte,E1,16:00:00,1313,0.0,1801.36,29.66,
Norte,E1,16:00:00,1315,0.06,1801.36,29.62,
Norte,E1,16:00:00,1318,0.08,1801.32,29.59,
Norte,E1,16:00:00,1319,0.02,1801.32,29.24,
Norte,E1,16:00:00,1321,0.05,1801.43,21.46,
Norte,E1,16:00:00,1322,0.01,1801.43,22.23,
Norte,E1,16:00:00,1323,0.06,1801.43,22.02,
Norte,E1,16:00:00,1324,0.02,1801.43,20.58,
Norte,E1,16:00:00,1326,0.08,1801.43,20.24,
Norte,E1,16:00:00,1334,0.06,1801.42,22.14,
Norte,E1,16:00:00,1335,0.07,1801.4,22.69,
Norte,E1,16:00:00,1336,0.01,1801.4,21.82,
Norte,E1,16:00:00,1340,0.04,1801.42,29.08,
Norte,E1,16:00:00,5010,0.03,1801.4,25.95,
Norte,E1,16:00:00,5011,0.05,1801.3,26.09,
Norte,E1,16:00:00,5019,0.05,1801.32,32.14,
Norte,E1,16:00:00,5086,0.07,1801.33,32.62,
Norte,E1,16:00:00,5087,0.01,1801.33,32.67,
Norte,E1,16:00:00,5108,0.0,1801.3,26.02,
Norte,E1,16:00:00,5112,0.02,1801.45,21.66,
Norte,E1,16:00:00,5148,0.0,1801.33,32.35,
Norte,E1,16:00:00,5193,0.0,1801.32,31.47,
Norte,E1,16:00:00,5204,0.14,1801.27,25.55,
Norte,E1,16:00:00,5241,0.0,1801.4,19.77,
Norte,E1,16:00:00,5264,0.02,1801.33,32.63,
Norte,E1,16:00:00,5289,0.01,1801.32,29.84,
Norte,E1,16:00:00,5291,0.02,1801.36,29.88,
Norte,E1,16:00:00,5311,0.12,1801.32,32.57,
Norte,E1,16:00:00,5312,0.01,1801.32,32.71,
Norte,E1,16:00:00,5313,0.01,1801.32,32.51,
Norte,E1,16:00:00,5314,0.01,1801.3,25.95,
Norte,E1,16:00:00,5342,0.03,1801.4,25.85,
Norte,E1,16:00:00,5343,0.13,1801.47,20.99,
Norte,E1,16:00:00,5344,0.13,1801.47,25.93,
Norte,E1,16:00:00,5345,0.13,1801.47,26.09,
Norte,E1,16:00:00,5478,0.0,1801.45,21.67,
Norte,E1,16:00:00,5484,0.01,1801.4,19.24,
Norte,E1,16:00:00,5493,0.01,1801.35,30.87,
Norte,E1,16:00:00,5494,0.01,1801.35,30.94,
Norte,E1,16:00:00,5495,0.1,1801.32,32.85,
Norte,E1,16:00:00,5506,0.02,1801.39,22.91,
Norte,E1,16:00:00,5523,0.0,1801.32,29.31,
Norte,E1,16:00:00,5533,0.03,1801.42,20.88,
Norte,E1,16:00:00,5537,0.04,1801.32,29.57,
Norte,E1,16:00:00,5538,0.06,1801.32,29.89,
Norte,E1,16:00:00,5603,0.05,1801.34,31.12,
Norte,E1,16:00:00,5604,0.07,1801.33,30.68,
Norte,E1,16:00:00,5613,0.07,1801.34,32.53,
Norte,E1,16:00:00,5614,0.03,1801.35,32.62,
Norte,E1,16:00:00,5620,0.04,1801.32,32.47,
Norte,E1,16:00:00,5621,0.04,1801.32,32.41,
Norte,E1,16:00:00,5678,0.06,1801.32,30.0,
Norte,E1,16:00:00,5685,0.02,1801.34,25.8,
Norte,E1,16:00:00,5709,0.15,1801.48,21.01,
Norte,E1,16:00:00,5744,0.05,1801.35,32.27,
Norte,E1,16:00:00,5746,0.08,1801.41,24.56,
Norte,E1,16:00:00,5747,0.05,1801.38,26.05,
Norte,E1,16:00:00,5748,0.06,1801.53,21.27,
Norte,E1,16:00:00,5749,0.06,1801.6,21.45,
Norte,E1,16:00:00,5750,0.03,1801.66,21.33,
Norte,E1,16:00:00,5760,0.04,1801.71,21.07,
Norte,E1,16:00:00,5761,0.03,1801.67,21.44,
Norte,E1,16:00:00,5762,0.01,1801.77,20.53,
Norte,E1,16:00:00,5763,0.03,1801.75,20.75,
Norte,E1,16:00:00,10020,0.04,1801.33,33.39,
Norte,E1,16:00:00,10059,0.04,1801.32,29.83,
Norte,E1,16:00:00,10061,0.0,1801.42,20.71,
Norte,E1,16:00:00,10062,0.0,1801.44,20.62,
Norte,E1,16:00:00,10063,0.0,1801.48,20.89,
Norte,E1,16:00:00,10082,0.08,1801.4,20.66,
Norte,E1,17:00:00,346,0.04,1801.32,33.62,
Norte,E1,17:00:00,347,0.08,1801.32,33.8,
Norte,E1,17:00:00,348,0.12,1801.32,33.81,
Norte,E1,17:00:00,349,0.05,1801.32,32.49,
Norte,E1,17:00:00,350,0.03,1801.32,32.48,
Norte,E1,17:00:00,351,0.05,1801.32,34.07,
Norte,E1,17:00:00,352,0.12,1801.32,33.95,
Norte,E1,17:00:00,353,0.07,1801.32,33.86,
Norte,E1,17:00:00,354,0.12,1801.34,32.64,
Norte,E1,17:00:00,355,0.05,1801.35,32.57,
Norte,E1,17:00:00,356,0.09,1801.35,32.61,
Norte,E1,17:00:00,357,0.04,1801.35,32.83,
Norte,E1,17:00:00,358,0.02,1801.35,33.08,
Norte,E1,17:00:00,362,0.08,1801.33,32.63,
Norte,E1,17:00:00,363,0.04,1801.34,32.63,
Norte,E1,17:00:00,364,0.07,1801.34,32.63,
Norte,E1,17:00:00,368,0.04,1801.32,32.65,
Norte,E1,17:00:00,371,0.05,1801.32,32.63,
Norte,E1,17:00:00,400,0.06,1801.33,32.35,
Norte,E1,17:00:00,401,0.05,1801.33,32.37,
Norte,E1,17:00:00,404,0.02,1801.33,32.17,
Norte,E1,17:00:00,405,0.01,1801.33,32.12,
Norte,E1,17:00:00,1049,0.03,1801.32,29.92,
Norte,E1,17:00:00,1051,0.04,1801.32,29.81,
Norte,E1,17:00:00,1053,0.02,1801.32,29.81,
Norte,E1,17:00:00,1059,0.05,1801.32,29.58,
Norte,E1,17:00:00,1063,0.02,1801.32,29.31,
Norte,E1,17:00:00,1077,0.03,1801.32,29.77,
Norte,E1,17:00:00,1089,0.03,1801.32,29.93,
Norte,E1,17:00:00,1093,0.07,1801.32,29.48,
Norte,E1,17:00:00,1094,0.02,1801.32,29.24,
Norte,E1,17:00:00,1095,0.02,1801.32,29.73,
Norte,E1,17:00:00,1100,0.04,1801.32,30.34,
Norte,E1,17:00:00,1102,0.07,1801.32,30.29,
Norte,E1,17:00:00,1103,0.01,1801.32,31.27,
Norte,E1,17:00:00,1104,0.07,1801.32,30.32,
Norte,E1,17:00:00,1106,0.08,1801.32,30.26,
Norte,E1,17:00:00,1107,0.04,1801.32,30.52,
Norte,E1,17:00:00,1109,0.01,1801.32,30.51,
Norte,E1,17:00:00,1110,0.01,1801.32,30.15,
Norte,E1,17:00:00,1112,0.02,1801.32,30.17,
Norte,E1,17:00:00,1113,0.04,1801.32,29.91,
Norte,E1,17:00:00,1115,0.08,1801.32,29.9,
Norte,E1,17:00:00,1117,0.09,1801.32,29.95,
Norte,E1,17:00:00,1119,0.11,1801.32,30.54,
Norte,E1,17:00:00,1120,0.08,1801.32,30.11,
Norte,E1,17:00:00,1122,0.06,1801.32,31.41,
Norte,E1,17:00:00,1125,0.06,1801.32,31.35,
Norte,E1,17:00:00,1128,0.06,1801.32,31.6,
Norte,E1,17:00:00,1130,0.07,1801.32,31.42,
Norte,E1,17:00:00,1131,0.08,1801.32,31.57,
Norte,E1,17:00:00,1133,0.02,1801.32,32.6,
Norte,E1,17:00:00,1134,0.13,1801.35,32.68,
Norte,E1,17:00:00,1135,0.09,1801.32,32.78,
Norte,E1,17:00:00,1137,0.12,1801.35,32.62,
Norte,E1,17:00:00,1139,0.08,1801.35,32.6,
Norte,E1,17:00:00,1140,0.03,1801.35,32.65,
Norte,E1,17:00:00,1141,0.05,1801.32,31.58,
Norte,E1,17:00:00,1142,0.02,1801.34,31.54,
Norte,E1,17:00:00,1143,0.08,1801.34,32.39,
Norte,E1,17:00:00,1144,0.07,1801.32,32.55,
Norte,E1,17:00:00,1145,0.03,1801.34,32.48,
Norte,E1,17:00:00,1147,0.0,1801.33,32.63,
Norte,E1,17:00:00,1148,0.0,1801.33,32.64,
Norte,E1,17:00:00,1149,0.15,1801.37,31.26,
Norte,E1,17:00:00,1150,0.2,1801.33,31.05,
Norte,E1,17:00:00,1151,0.03,1801.42,27.19,
Norte,E1,17:00:00,1153,0.01,1801.38,28.78,
Norte,E1,17:00:00,1154,0.0,1801.38,29.23,
Norte,E1,17:00:00,1158,0.11,1801.38,29.44,
Norte,E1,17:00:00,1159,0.08,1801.37,31.81,
Norte,E1,17:00:00,1161,0.04,1801.37,30.88,
Norte,E1,17:00:00,1162,0.01,1801.35,32.29,
Norte,E1,17:00:00,1164,0.09,1801.35,32.37,
Norte,E1,17:00:00,1165,0.03,1801.35,32.48,
Norte,E1,17:00:00,1166,0.05,1801.36,32.04,
Norte,E1,17:00:00,1169,0.08,1801.35,32.65,
Norte,E1,17:00:00,1171,0.06,1801.34,32.66,
Norte,E1,17:00:00,1172,0.15,1801.34,33.71,
Norte,E1,17:00:00,1174,0.05,1801.34,33.51,
Norte,E1,17:00:00,1175,0.12,1801.35,32.01,
Norte,E1,17:00:00,1176,0.16,1801.35,33.5,
Norte,E1,17:00:00,1179,0.05,1801.35,33.01,
Norte,E1,17:00:00,1181,0.01,1801.34,33.5,
Norte,E1,17:00:00,1182,0.06,1801.35,32.74,
Norte,E1,17:00:00,1184,0.04,1801.39,24.95,
Norte,E1,17:00:00,1185,0.02,1801.38,26.65,
Norte,E1,17:00:00,1186,0.01,1801.38,25.97,
Norte,E1,17:00:00,1187,0.2,1801.36,25.65,
Norte,E1,17:00:00,1189,0.01,1801.3,25.21,
Norte,E1,17:00:00,1190,0.06,1801.3,26.17,
Norte,E1,17:00:00,1191,0.06,1801.34,29.22,
Norte,E1,17:00:00,1192,0.01,1801.34,27.32,
Norte,E1,17:00:00,1196,0.05,1801.27,27.05,
Norte,E1,17:00:00,1197,0.04,1801.27,27.52,
Norte,E1,17:00:00,1207,0.11,1801.27,25.48,
Norte,E1,17:00:00,1216,0.08,1801.27,19.24,
Norte,E1,17:00:00,1221,0.05,1801.4,19.84,
Norte,E1,17:00:00,1223,0.05,1801.4,19.62,
Norte,E1,17:00:00,1224,0.07,1801.4,23.22,
Norte,E1,17:00:00,1225,0.03,1801.37,24.67,
Norte,E1,17:00:00,1226,0.06,1801.39,23.44,
Norte,E1,17:00:00,1228,0.03,1801.39,22.77,
Norte,E1,17:00:00,1229,0.01,1801.39,22.47,
Norte,E1,17:00:00,1230,0.01,1801.39,22.42,
Norte,E1,17:00:00,1231,0.01,1801.39,22.5,
Norte,E1,17:00:00,1232,0.02,1801.39,21.96,
Norte,E1,17:00:00,1233,0.01,1801.39,21.93,
Norte,E1,17:00:00,1240,0.11,1801.41,21.24,
Norte,E1,17:00:00,1242,0.11,1801.39,22.39,
Norte,E1,17:00:00,1243,0.04,1801.39,23.16,
Norte,E1,17:00:00,1244,0.11,1801.37,24.7,
Norte,E1,17:00:00,1245,0.06,1801.37,25.78,
Norte,E1,17:00:00,1246,0.03,1801.36,25.96,
Norte,E1,17:00:00,1247,0.07,1801.36,25.72,
Norte,E1,17:00:00,1248,0.06,1801.36,25.43,
Norte,E1,17:00:00,1249,0.13,1801.39,23.81,
Norte,E1,17:00:00,1250,0.14,1801.4,22.71,
Norte,E1,17:00:00,1252,0.1,1801.42,21.33,
Norte,E1,17:00:00,1253,0.14,1801.39,23.78,
Norte,E1,17:00:00,1254,0.13,1801.41,22.11,
Norte,E1,17:00:00,1255,0.07,1801.44,21.87,
Norte,E1,17:00:00,1257,0.08,1801.44,21.25,
Norte,E1,17:00:00,1265,0.03,1801.48,20.89,
Norte,E1,17:00:00,1268,0.06,1801.48,20.98,
Norte,E1,17:00:00,1272,0.03,1801.45,21.62,
Norte,E1,17:00:00,1274,0.06,1801.46,21.66,
Norte,E1,17:00:00,1276,0.12,1801.43,22.62,
Norte,E1,17:00:00,1279,0.05,1801.42,23.91,
Norte,E1,17:00:00,1281,0.06,1801.42,24.28,
Norte,E1,17:00:00,1282,0.02,1801.42,25.75,
Norte,E1,17:00:00,1284,0.03,1801.33,31.09,
Norte,E1,17:00:00,1286,0.08,1801.42,22.83,
Norte,E1,17:00:00,1288,0.01,1801.42,24.86,
Norte,E1,17:00:00,1289,0.02,1801.42,23.19,
Norte,E1,17:00:00,1290,0.09,1801.42,23.27,
Norte,E1,17:00:00,1291,0.01,1801.42,21.03,
Norte,E1,17:00:00,1292,0.06,1801.42,21.26,
Norte,E1,17:00:00,1293,0.08,1801.43,21.92,
Norte,E1,17:00:00,1294,0.02,1801.43,21.77,
Norte,E1,17:00:00,1295,0.12,1801.44,20.95,
Norte,E1,17:00:00,1297,0.09,1801.44,20.56,
Norte,E1,17:00:00,1302,0.09,1801.43,20.03,
Norte,E1,17:00:00,1304,0.05,1801.43,20.03,
Norte,E1,17:00:00,1305,0.0,1801.43,20.04,
Norte,E1,17:00:00,1306,0.06,1801.43,20.04,
Norte,E1,17:00:00,1308,0.08,1801.43,20.57,
Norte,E1,17:00:00,1309,0.04,1801.43,28.46,
Norte,E1,17:00:00,1310,0.02,1801.43,24.61,
Norte,E1,17:00:00,1312,0.1,1801.36,29.44,
Norte,E1,17:00:00,1313,0.0,1801.36,29.66,
Norte,E1,17:00:00,1315,0.06,1801.36,29.62,
Norte,E1,17:00:00,1318,0.08,1801.32,29.59,
Norte,E1,17:00:00,1319,0.02,1801.32,29.24,
Norte,E1,17:00:00,1321,0.05,1801.43,21.46,
Norte,E1,17:00:00,1322,0.01,1801.43,22.23,
Norte,E1,17:00:00,1323,0.06,1801.43,22.02,
Norte,E1,17:00:00,1324,0.02,1801.43,20.58,
Norte,E1,17:00:00,1326,0.08,1801.43,20.24,
Norte,E1,17:00:00,1334,0.06,1801.42,22.14,
Norte,E1,17:00:00,1335,0.07,1801.4,22.69,
Norte,E1,17:00:00,1336,0.01,1801.4,21.82,
Norte,E1,17:00:00,1340,0.04,1801.42,29.08,
Norte,E1,17:00:00,5010,0.03,1801.4,25.95,
Norte,E1,17:00:00,5011,0.05,1801.3,26.09,
Norte,E1,17:00:00,5019,0.05,1801.32,32.14,
Norte,E1,17:00:00,5086,0.07,1801.33,32.62,
Norte,E1,17:00:00,5087,0.01,1801.33,32.67,
Norte,E1,17:00:00,5108,0.0,1801.3,26.02,
Norte,E1,17:00:00,5112,0.02,1801.45,21.66,
Norte,E1,17:00:00,5148,0.0,1801.33,32.35,
Norte,E1,17:00:00,5193,0.0,1801.32,31.47,
Norte,E1,17:00:00,5204,0.14,1801.27,25.55,
Norte,E1,17:00:00,5241,0.0,1801.4,19.77,
Norte,E1,17:00:00,5264,0.02,1801.33,32.63,
Norte,E1,17:00:00,5289,0.01,1801.32,29.84,
Norte,E1,17:00:00,5291,0.02,1801.36,29.88,
Norte,E1,17:00:00,5311,0.12,1801.32,32.57,
Norte,E1,17:00:00,5312,0.01,1801.32,32.71,
Norte,E1,17:00:00,5313,0.01,1801.32,32.51,
Norte,E1,17:00:00,5314,0.01,1801.3,25.95,
Norte,E1,17:00:00,5342,0.03,1801.4,25.85,
Norte,E1,17:00:00,5343,0.13,1801.47,20.99,
Norte,E1,17:00:00,5344,0.13,1801.47,25.93,
Norte,E1,17:00:00,5345,0.13,1801.47,26.09,
Norte,E1,17:00:00,5478,0.0,1801.45,21.67,
Norte,E1,17:00:00,5484,0.01,1801.4,19.24,
Norte,E1,17:00:00,5493,0.01,1801.35,30.87,
Norte,E1,17:00:00,5494,0.01,1801.35,30.94,
Norte,E1,17:00:00,5495,0.1,1801.32,32.85,
Norte,E1,17:00:00,5506,0.02,1801.39,22.91,
Norte,E1,17:00:00,5523,0.0,1801.32,29.31,
Norte,E1,17:00:00,5533,0.03,1801.42,20.88,
Norte,E1,17:00:00,5537,0.04,1801.32,29.57,
Norte,E1,17:00:00,5538,0.06,1801.32,29.89,
Norte,E1,17:00:00,5603,0.05,1801.34,31.12,
Norte,E1,17:00:00,5604,0.07,1801.33,30.68,
Norte,E1,17:00:00,5613,0.07,1801.34,32.53,
Norte,E1,17:00:00,5614,0.03,1801.35,32.62,
Norte,E1,17:00:00,5620,0.04,1801.32,32.47,
Norte,E1,17:00:00,5621,0.04,1801.32,32.41,
Norte,E1,17:00:00,5678,0.06,1801.32,30.0,
Norte,E1,17:00:00,5685,0.02,1801.34,25.8,
Norte,E1,17:00:00,5709,0.15,1801.48,21.01,
Norte,E1,17:00:00,5744,0.05,1801.35,32.27,
Norte,E1,17:00:00,5746,0.08,1801.41,24.56,
Norte,E1,17:00:00,5747,0.05,1801.38,26.05,
Norte,E1,17:00:00,5748,0.06,1801.53,21.27,
Norte,E1,17:00:00,5749,0.06,1801.6,21.45,
Norte,E1,17:00:00,5750,0.03,1801.66,21.33,
Norte,E1,17:00:00,5760,0.04,1801.71,21.07,
Norte,E1,17:00:00,5761,0.03,1801.67,21.44,
Norte,E1,17:00:00,5762,0.01,1801.77,20.53,
Norte,E1,17:00:00,5763,0.03,1801.75,20.75,
Norte,E1,17:00:00,10020,0.04,1801.33,33.39,
Norte,E1,17:00:00,10059,0.04,1801.32,29.83,
Norte,E1,17:00:00,10061,0.0,1801.42,20.71,
Norte,E1,17:00:00,10062,0.0,1801.44,20.62,
Norte,E1,17:00:00,10063,0.0,1801.48,20.89,
Norte,E1,17:00:00,10082,0.08,1801.4,20.66,
Norte,E1,18:00:00,346,0.04,1801.37,33.67,
Norte,E1,18:00:00,347,0.07,1801.37,33.85,
Norte,E1,18:00:00,348,0.11,1801.37,33.86,
Norte,E1,18:00:00,349,0.05,1801.37,32.54,
Norte,E1,18:00:00,350,0.02,1801.37,32.53,
Norte,E1,18:00:00,351,0.05,1801.37,34.12,
Norte,E1,18:00:00,352,0.12,1801.37,34.0,
Norte,E1,18:00:00,353,0.07,1801.37,33.91,
Norte,E1,18:00:00,354,0.11,1801.4,32.7,
Norte,E1,18:00:00,355,0.04,1801.4,32.62,
Norte,E1,18:00:00,356,0.08,1801.4,32.66,
Norte,E1,18:00:00,357,0.03,1801.4,32.88,
Norte,E1,18:00:00,358,0.02,1801.4,33.13,
Norte,E1,18:00:00,362,0.08,1801.39,32.69,
Norte,E1,18:00:00,363,0.04,1801.39,32.68,
Norte,E1,18:00:00,364,0.07,1801.39,32.68,
Norte,E1,18:00:00,368,0.03,1801.38,32.71,
Norte,E1,18:00:00,371,0.05,1801.38,32.69,
Norte,E1,18:00:00,400,0.06,1801.38,32.4,
Norte,E1,18:00:00,401,0.05,1801.38,32.42,
Norte,E1,18:00:00,404,0.02,1801.38,32.22,
Norte,E1,18:00:00,405,0.01,1801.38,32.17,
Norte,E1,18:00:00,1049,0.03,1801.37,29.97,
Norte,E1,18:00:00,1051,0.03,1801.37,29.86,
Norte,E1,18:00:00,1053,0.02,1801.37,29.86,
Norte,E1,18:00:00,1059,0.05,1801.37,29.63,
Norte,E1,18:00:00,1063,0.02,1801.37,29.36,
Norte,E1,18:00:00,1077,0.02,1801.38,29.83,
Norte,E1,18:00:00,1089,0.03,1801.37,29.98,
Norte,E1,18:00:00,1093,0.07,1801.37,29.53,
Norte,E1,18:00:00,1094,0.02,1801.37,29.29,
Norte,E1,18:00:00,1095,0.02,1801.37,29.78,
Norte,E1,18:00:00,1100,0.04,1801.38,30.4,
Norte,E1,18:00:00,1102,0.07,1801.38,30.35,
Norte,E1,18:00:00,1103,0.01,1801.38,31.33,
Norte,E1,18:00:00,1104,0.07,1801.37,30.37,
Norte,E1,18:00:00,1106,0.08,1801.37,30.31,
Norte,E1,18:00:00,1107,0.04,1801.38,30.58,
Norte,E1,18:00:00,1109,0.01,1801.38,30.57,
Norte,E1,18:00:00,1110,0.01,1801.38,30.21,
Norte,E1,18:00:00,1112,0.02,1801.38,30.23,
Norte,E1,18:00:00,1113,0.04,1801.38,29.97,
Norte,E1,18:00:00,1115,0.08,1801.38,29.96,
Norte,E1,18:00:00,1117,0.08,1801.38,30.01,
Norte,E1,18:00:00,1119,0.1,1801.38,30.6,
Norte,E1,18:00:00,1120,0.07,1801.38,30.17,
Norte,E1,18:00:00,1122,0.05,1801.38,31.47,
Norte,E1,18:00:00,1125,0.06,1801.38,31.41,
Norte,E1,18:00:00,1128,0.06,1801.38,31.66,
Norte,E1,18:00:00,1130,0.07,1801.38,31.48,
Norte,E1,18:00:00,1131,0.07,1801.38,31.63,
Norte,E1,18:00:00,1133,0.02,1801.38,32.66,
Norte,E1,18:00:00,1134,0.12,1801.4,32.73,
Norte,E1,18:00:00,1135,0.09,1801.38,32.84,
Norte,E1,18:00:00,1137,0.11,1801.4,32.67,
Norte,E1,18:00:00,1139,0.07,1801.4,32.65,
Norte,E1,18:00:00,1140,0.03,1801.4,32.7,
Norte,E1,18:00:00,1141,0.05,1801.37,31.63,
Norte,E1,18:00:00,1142,0.02,1801.39,31.59,
Norte,E1,18:00:00,1143,0.07,1801.39,32.44,
Norte,E1,18:00:00,1144,0.07,1801.38,32.61,
Norte,E1,18:00:00,1145,0.03,1801.39,32.53,
Norte,E1,18:00:00,1147,0.0,1801.38,32.68,
Norte,E1,18:00:00,1148,0.0,1801.39,32.7,
Norte,E1,18:00:00,1149,0.14,1801.42,31.31,
Norte,E1,18:00:00,1150,0.19,1801.39,31.11,
Norte,E1,18:00:00,1151,0.03,1801.46,27.23,
Norte,E1,18:00:00,1153,0.01,1801.43,28.83,
Norte,E1,18:00:00,1154,0.0,1801.43,29.28,
Norte,E1,18:00:00,1158,0.1,1801.43,29.49,
Norte,E1,18:00:00,1159,0.07,1801.42,31.86,
Norte,E1,18:00:00,1161,0.03,1801.42,30.93,
Norte,E1,18:00:00,1162,0.01,1801.41,32.35,
Norte,E1,18:00:00,1164,0.09,1801.4,32.42,
Norte,E1,18:00:00,1165,0.03,1801.41,32.54,
Norte,E1,18:00:00,1166,0.05,1801.41,32.09,
Norte,E1,18:00:00,1169,0.08,1801.4,32.7,
Norte,E1,18:00:00,1171,0.06,1801.39,32.71,
Norte,E1,18:00:00,1172,0.14,1801.39,33.76,
Norte,E1,18:00:00,1174,0.05,1801.39,33.56,
Norte,E1,18:00:00,1175,0.11,1801.4,32.06,
Norte,E1,18:00:00,1176,0.15,1801.4,33.55,
Norte,E1,18:00:00,1179,0.05,1801.4,33.06,
Norte,E1,18:00:00,1181,0.01,1801.39,33.55,
Norte,E1,18:00:00,1182,0.05,1801.4,32.79,
Norte,E1,18:00:00,1184,0.03,1801.43,24.99,
Norte,E1,18:00:00,1185,0.02,1801.43,26.7,
Norte,E1,18:00:00,1186,0.01,1801.43,26.02,
Norte,E1,18:00:00,1187,0.19,1801.41,25.7,
Norte,E1,18:00:00,1189,0.01,1801.36,25.27,
Norte,E1,18:00:00,1190,0.06,1801.36,26.23,
Norte,E1,18:00:00,1191,0.06,1801.4,29.28,
Norte,E1,18:00:00,1192,0.01,1801.4,27.38,
Norte,E1,18:00:00,1196,0.05,1801.33,27.11,
Norte,E1,18:00:00,1197,0.04,1801.33,27.58,
Norte,E1,18:00:00,1207,0.1,1801.33,25.54,
Norte,E1,18:00:00,1216,0.08,1801.33,19.3,
Norte,E1,18:00:00,1221,0.04,1801.44,19.88,
Norte,E1,18:00:00,1223,0.04,1801.44,19.66,
Norte,E1,18:00:00,1224,0.06,1801.44,23.26,
Norte,E1,18:00:00,1225,0.03,1801.42,24.72,
Norte,E1,18:00:00,1226,0.06,1801.44,23.49,
Norte,E1,18:00:00,1228,0.03,1801.44,22.82,
Norte,E1,18:00:00,1229,0.01,1801.44,22.52,
Norte,E1,18:00:00,1230,0.01,1801.44,22.47,
Norte,E1,18:00:00,1231,0.01,1801.44,22.55,
Norte,E1,18:00:00,1232,0.02,1801.44,22.01,
Norte,E1,18:00:00,1233,0.01,1801.44,21.98,
Norte,E1,18:00:00,1240,0.1,1801.45,21.28,
Norte,E1,18:00:00,1242,0.1,1801.44,22.44,
Norte,E1,18:00:00,1243,0.04,1801.44,23.21,
Norte,E1,18:00:00,1244,0.1,1801.42,24.75,
Norte,E1,18:00:00,1245,0.05,1801.42,25.83,
Norte,E1,18:00:00,1246,0.03,1801.41,26.01,
Norte,E1,18:00:00,1247,0.06,1801.41,25.77,
Norte,E1,18:00:00,1248,0.06,1801.41,25.48,
Norte,E1,18:00:00,1249,0.12,1801.43,23.85,
Norte,E1,18:00:00,1250,0.13,1801.45,22.76,
Norte,E1,18:00:00,1252,0.1,1801.46,21.37,
Norte,E1,18:00:00,1253,0.13,1801.43,23.82,
Norte,E1,18:00:00,1254,0.12,1801.46,22.16,
Norte,E1,18:00:00,1255,0.07,1801.48,21.91,
Norte,E1,18:00:00,1257,0.07,1801.48,21.29,
Norte,E1,18:00:00,1265,0.03,1801.52,20.93,
Norte,E1,18:00:00,1268,0.06,1801.51,21.01,
Norte,E1,18:00:00,1272,0.03,1801.49,21.66,
Norte,E1,18:00:00,1274,0.05,1801.49,21.69,
Norte,E1,18:00:00,1276,0.11,1801.47,22.66,
Norte,E1,18:00:00,1279,0.05,1801.46,23.95,
Norte,E1,18:00:00,1281,0.06,1801.46,24.32,
Norte,E1,18:00:00,1282,0.02,1801.46,25.79,
Norte,E1,18:00:00,1284,0.03,1801.39,31.15,
Norte,E1,18:00:00,1286,0.07,1801.47,22.88,
Norte,E1,18:00:00,1288,0.01,1801.47,24.91,
Norte,E1,18:00:00,1289,0.02,1801.47,23.24,
Norte,E1,18:00:00,1290,0.09,1801.47,23.32,
Norte,E1,18:00:00,1291,0.01,1801.47,21.08,
Norte,E1,18:00:00,1292,0.06,1801.47,21.31,
Norte,E1,18:00:00,1293,0.07,1801.47,21.96,
Norte,E1,18:00:00,1294,0.02,1801.47,21.81,
Norte,E1,18:00:00,1295,0.12,1801.48,20.99,
Norte,E1,18:00:00,1297,0.08,1801.49,20.61,
Norte,E1,18:00:00,1302,0.08,1801.48,20.08,
Norte,E1,18:00:00,1304,0.05,1801.48,20.08,
Norte,E1,18:00:00,1305,0.0,1801.48,20.09,
Norte,E1,18:00:00,1306,0.06,1801.48,20.09,
Norte,E1,18:00:00,1308,0.07,1801.47,20.61,
Norte,E1,18:00:00,1309,0.04,1801.47,28.5,
Norte,E1,18:00:00,1310,0.02,1801.47,24.65,
Norte,E1,18:00:00,1312,0.09,1801.41,29.49,
Norte,E1,18:00:00,1313,0.0,1801.41,29.71,
Norte,E1,18:00:00,1315,0.06,1801.41,29.67,
Norte,E1,18:00:00,1318,0.07,1801.37,29.64,
Norte,E1,18:00:00,1319,0.01,1801.37,29.29,
Norte,E1,18:00:00,1321,0.04,1801.47,21.5,
Norte,E1,18:00:00,1322,0.0,1801.47,22.27,
Norte,E1,18:00:00,1323,0.05,1801.47,22.06,
Norte,E1,18:00:00,1324,0.02,1801.48,20.63,
Norte,E1,18:00:00,1326,0.08,1801.47,20.28,
Norte,E1,18:00:00,1334,0.06,1801.46,22.18,
Norte,E1,18:00:00,1335,0.06,1801.45,22.74,
Norte,E1,18:00:00,1336,0.01,1801.45,21.87,
Norte,E1,18:00:00,1340,0.04,1801.46,29.12,
Norte,E1,18:00:00,5010,0.03,1801.44,25.99,
Norte,E1,18:00:00,5011,0.05,1801.36,26.15,
Norte,E1,18:00:00,5019,0.05,1801.37,32.19,
Norte,E1,18:00:00,5086,0.06,1801.38,32.67,
Norte,E1,18:00:00,5087,0.01,1801.39,32.73,
Norte,E1,18:00:00,5108,0.0,1801.36,26.08,
Norte,E1,18:00:00,5112,0.02,1801.49,21.7,
Norte,E1,18:00:00,5148,0.0,1801.38,32.4,
Norte,E1,18:00:00,5193,0.0,1801.38,31.53,
Norte,E1,18:00:00,5204,0.13,1801.33,25.61,
Norte,E1,18:00:00,5241,0.0,1801.44,19.81,
Norte,E1,18:00:00,5264,0.02,1801.39,32.69,
Norte,E1,18:00:00,5289,0.01,1801.37,29.89,
Norte,E1,18:00:00,5291,0.02,1801.41,29.93,
Norte,E1,18:00:00,5311,0.11,1801.38,32.63,
Norte,E1,18:00:00,5312,0.0,1801.38,32.77,
Norte,E1,18:00:00,5313,0.01,1801.38,32.57,
Norte,E1,18:00:00,5314,0.01,1801.36,26.01,
Norte,E1,18:00:00,5342,0.03,1801.45,25.9,
Norte,E1,18:00:00,5343,0.12,1801.51,21.03,
Norte,E1,18:00:00,5344,0.12,1801.5,25.96,
Norte,E1,18:00:00,5345,0.12,1801.5,26.12,
Norte,E1,18:00:00,5478,0.0,1801.49,21.71,
Norte,E1,18:00:00,5484,0.01,1801.44,19.28,
Norte,E1,18:00:00,5493,0.01,1801.4,30.92,
Norte,E1,18:00:00,5494,0.01,1801.4,30.99,
Norte,E1,18:00:00,5495,0.09,1801.38,32.91,
Norte,E1,18:00:00,5506,0.01,1801.44,22.96,
Norte,E1,18:00:00,5523,0.0,1801.38,29.37,
Norte,E1,18:00:00,5533,0.03,1801.47,20.93,
Norte,E1,18:00:00,5537,0.03,1801.38,29.63,
Norte,E1,18:00:00,5538,0.06,1801.38,29.95,
Norte,E1,18:00:00,5603,0.04,1801.39,31.17,
Norte,E1,18:00:00,5604,0.06,1801.38,30.73,
Norte,E1,18:00:00,5613,0.06,1801.39,32.58,
Norte,E1,18:00:00,5614,0.02,1801.4,32.67,
Norte,E1,18:00:00,5620,0.04,1801.37,32.52,
Norte,E1,18:00:00,5621,0.03,1801.37,32.46,
Norte,E1,18:00:00,5678,0.05,1801.38,30.05,
Norte,E1,18:00:00,5685,0.02,1801.4,25.86,
Norte,E1,18:00:00,5709,0.14,1801.51,21.04,
Norte,E1,18:00:00,5744,0.05,1801.4,32.32,
Norte,E1,18:00:00,5746,0.07,1801.45,24.6,
Norte,E1,18:00:00,5747,0.04,1801.43,26.1,
Norte,E1,18:00:00,5748,0.05,1801.56,21.3,
Norte,E1,18:00:00,5749,0.05,1801.62,21.47,
Norte,E1,18:00:00,5750,0.03,1801.67,21.34,
Norte,E1,18:00:00,5760,0.04,1801.72,21.08,
Norte,E1,18:00:00,5761,0.03,1801.68,21.45,
Norte,E1,18:00:00,5762,0.01,1801.77,20.53,
Norte,E1,18:00:00,5763,0.03,1801.76,20.76,
Norte,E1,18:00:00,10020,0.04,1801.39,33.45,
Norte,E1,18:00:00,10059,0.04,1801.37,29.88,
Norte,E1,18:00:00,10061,0.0,1801.47,20.76,
Norte,E1,18:00:00,10062,0.0,1801.49,20.67,
Norte,E1,18:00:00,10063,0.0,1801.52,20.93,
Norte,E1,18:00:00,10082,0.08,1801.45,20.71,
Norte,E1,19:00:00,346,0.04,1801.37,33.67,
Norte,E1,19:00:00,347,0.07,1801.37,33.85,
Norte,E1,19:00:00,348,0.11,1801.37,33.86,
Norte,E1,19:00:00,349,0.05,1801.37,32.54,
Norte,E1,19:00:00,350,0.02,1801.37,32.53,
Norte,E1,19:00:00,351,0.05,1801.37,34.12,
Norte,E1,19:00:00,352,0.12,1801.37,34.0,
Norte,E1,19:00:00,353,0.07,1801.37,33.91,
Norte,E1,19:00:00,354,0.11,1801.4,32.7,
Norte,E1,19:00:00,355,0.04,1801.4,32.62,
Norte,E1,19:00:00,356,0.08,1801.4,32.66,
Norte,E1,19:00:00,357,0.03,1801.4,32.88,
Norte,E1,19:00:00,358,0.02,1801.4,33.13,
Norte,E1,19:00:00,362,0.08,1801.39,32.69,
Norte,E1,19:00:00,363,0.04,1801.39,32.68,
Norte,E1,19:00:00,364,0.07,1801.39,32.68,
Norte,E1,19:00:00,368,0.03,1801.38,32.71,
Norte,E1,19:00:00,371,0.05,1801.38,32.69,
Norte,E1,19:00:00,400,0.06,1801.38,32.4,
Norte,E1,19:00:00,401,0.05,1801.38,32.42,
Norte,E1,19:00:00,404,0.02,1801.38,32.22,
Norte,E1,19:00:00,405,0.01,1801.38,32.17,
Norte,E1,19:00:00,1049,0.03,1801.37,29.97,
Norte,E1,19:00:00,1051,0.03,1801.37,29.86,
Norte,E1,19:00:00,1053,0.02,1801.37,29.86,
Norte,E1,19:00:00,1059,0.05,1801.37,29.63,
Norte,E1,19:00:00,1063,0.02,1801.37,29.36,
Norte,E1,19:00:00,1077,0.02,1801.38,29.83,
Norte,E1,19:00:00,1089,0.03,1801.37,29.98,
Norte,E1,19:00:00,1093,0.07,1801.37,29.53,
Norte,E1,19:00:00,1094,0.02,1801.37,29.29,
Norte,E1,19:00:00,1095,0.02,1801.37,29.78,
Norte,E1,19:00:00,1100,0.04,1801.38,30.4,
Norte,E1,19:00:00,1102,0.07,1801.38,30.35,
Norte,E1,19:00:00,1103,0.01,1801.38,31.33,
Norte,E1,19:00:00,1104,0.07,1801.37,30.37,
Norte,E1,19:00:00,1106,0.08,1801.37,30.31,
Norte,E1,19:00:00,1107,0.04,1801.38,30.58,
Norte,E1,19:00:00,1109,0.01,1801.38,30.57,
Norte,E1,19:00:00,1110,0.01,1801.38,30.21,
Norte,E1,19:00:00,1112,0.02,1801.38,30.23,
Norte,E1,19:00:00,1113,0.04,1801.38,29.97,
Norte,E1,19:00:00,1115,0.08,1801.38,29.96,
Norte,E1,19:00:00,1117,0.08,1801.38,30.01,
Norte,E1,19:00:00,1119,0.1,1801.38,30.6,
Norte,E1,19:00:00,1120,0.07,1801.38,30.17,
Norte,E1,19:00:00,1122,0.05,1801.38,31.47,
Norte,E1,19:00:00,1125,0.06,1801.38,31.41,
Norte,E1,19:00:00,1128,0.06,1801.38,31.66,
Norte,E1,19:00:00,1130,0.07,1801.38,31.48,
Norte,E1,19:00:00,1131,0.07,1801.38,31.63,
Norte,E1,19:00:00,1133,0.02,1801.38,32.66,
Norte,E1,19:00:00,1134,0.12,1801.4,32.73,
Norte,E1,19:00:00,1135,0.09,1801.38,32.84,
Norte,E1,19:00:00,1137,0.11,1801.4,32.67,
Norte,E1,19:00:00,1139,0.07,1801.4,32.65,
Norte,E1,19:00:00,1140,0.03,1801.4,32.7,
Norte,E1,19:00:00,1141,0.05,1801.37,31.63,
Norte,E1,19:00:00,1142,0.02,1801.39,31.59,
Norte,E1,19:00:00,1143,0.07,1801.39,32.44,
Norte,E1,19:00:00,1144,0.07,1801.38,32.61,
Norte,E1,19:00:00,1145,0.03,1801.39,32.53,
Norte,E1,19:00:00,1147,0.0,1801.38,32.68,
Norte,E1,19:00:00,1148,0.0,1801.39,32.7,
Norte,E1,19:00:00,1149,0.14,1801.42,31.31,
Norte,E1,19:00:00,1150,0.19,1801.39,31.11,
Norte,E1,19:00:00,1151,0.03,1801.46,27.23,
Norte,E1,19:00:00,1153,0.01,1801.43,28.83,
Norte,E1,19:00:00,1154,0.0,1801.43,29.28,
Norte,E1,19:00:00,1158,0.1,1801.43,29.49,
Norte,E1,19:00:00,1159,0.07,1801.42,31.86,
Norte,E1,19:00:00,1161,0.03,1801.42,30.93,
Norte,E1,19:00:00,1162,0.01,1801.41,32.35,
Norte,E1,19:00:00,1164,0.09,1801.4,32.42,
Norte,E1,19:00:00,1165,0.03,1801.41,32.54,
Norte,E1,19:00:00,1166,0.05,1801.41,32.09,
Norte,E1,19:00:00,1169,0.08,1801.4,32.7,
Norte,E1,19:00:00,1171,0.06,1801.39,32.71,
Norte,E1,19:00:00,1172,0.14,1801.39,33.76,
Norte,E1,19:00:00,1174,0.05,1801.39,33.56,
Norte,E1,19:00:00,1175,0.11,1801.4,32.06,
Norte,E1,19:00:00,1176,0.15,1801.4,33.55,
Norte,E1,19:00:00,1179,0.05,1801.4,33.06,
Norte,E1,19:00:00,1181,0.01,1801.39,33.55,
Norte,E1,19:00:00,1182,0.05,1801.4,32.79,
Norte,E1,19:00:00,1184,0.03,1801.43,24.99,
Norte,E1,19:00:00,1185,0.02,1801.43,26.7,
Norte,E1,19:00:00,1186,0.01,1801.43,26.02,
Norte,E1,19:00:00,1187,0.19,1801.41,25.7,
Norte,E1,19:00:00,1189,0.01,1801.36,25.27,
Norte,E1,19:00:00,1190,0.06,1801.36,26.23,
Norte,E1,19:00:00,1191,0.06,1801.4,29.28,
Norte,E1,19:00:00,1192,0.01,1801.4,27.38,
Norte,E1,19:00:00,1196,0.05,1801.33,27.11,
Norte,E1,19:00:00,1197,0.04,1801.33,27.58,
Norte,E1,19:00:00,1207,0.1,1801.33,25.54,
Norte,E1,19:00:00,1216,0.08,1801.33,19.3,
Norte,E1,19:00:00,1221,0.04,1801.44,19.88,
Norte,E1,19:00:00,1223,0.04,1801.44,19.66,
Norte,E1,19:00:00,1224,0.06,1801.44,23.26,
Norte,E1,19:00:00,1225,0.03,1801.42,24.72,
Norte,E1,19:00:00,1226,0.06,1801.44,23.49,
Norte,E1,19:00:00,1228,0.03,1801.44,22.82,
Norte,E1,19:00:00,1229,0.01,1801.44,22.52,
Norte,E1,19:00:00,1230,0.01,1801.44,22.47,
Norte,E1,19:00:00,1231,0.01,1801.44,22.55,
Norte,E1,19:00:00,1232,0.02,1801.44,22.01,
Norte,E1,19:00:00,1233,0.01,1801.44,21.98,
Norte,E1,19:00:00,1240,0.1,1801.45,21.28,
Norte,E1,19:00:00,1242,0.1,1801.44,22.44,
Norte,E1,19:00:00,1243,0.04,1801.44,23.21,
Norte,E1,19:00:00,1244,0.1,1801.42,24.75,
Norte,E1,19:00:00,1245,0.05,1801.42,25.83,
Norte,E1,19:00:00,1246,0.03,1801.41,26.01,
Norte,E1,19:00:00,1247,0.06,1801.41,25.77,
Norte,E1,19:00:00,1248,0.06,1801.41,25.48,
Norte,E1,19:00:00,1249,0.12,1801.43,23.85,
Norte,E1,19:00:00,1250,0.13,1801.45,22.76,
Norte,E1,19:00:00,1252,0.1,1801.46,21.37,
Norte,E1,19:00:00,1253,0.13,1801.43,23.82,
Norte,E1,19:00:00,1254,0.12,1801.46,22.16,
Norte,E1,19:00:00,1255,0.07,1801.48,21.91,
Norte,E1,19:00:00,1257,0.07,1801.48,21.29,
Norte,E1,19:00:00,1265,0.03,1801.52,20.93,
Norte,E1,19:00:00,1268,0.06,1801.51,21.01,
Norte,E1,19:00:00,1272,0.03,1801.49,21.66,
Norte,E1,19:00:00,1274,0.05,1801.49,21.69,
Norte,E1,19:00:00,1276,0.11,1801.47,22.66,
Norte,E1,19:00:00,1279,0.05,1801.46,23.95,
Norte,E1,19:00:00,1281,0.06,1801.46,24.32,
Norte,E1,19:00:00,1282,0.02,1801.46,25.79,
Norte,E1,19:00:00,1284,0.03,1801.39,31.15,
Norte,E1,19:00:00,1286,0.07,1801.47,22.88,
Norte,E1,19:00:00,1288,0.01,1801.47,24.91,
Norte,E1,19:00:00,1289,0.02,1801.47,23.24,
Norte,E1,19:00:00,1290,0.09,1801.47,23.32,
Norte,E1,19:00:00,1291,0.01,1801.47,21.08,
Norte,E1,19:00:00,1292,0.06,1801.47,21.31,
Norte,E1,19:00:00,1293,0.07,1801.47,21.96,
Norte,E1,19:00:00,1294,0.02,1801.47,21.81,
Norte,E1,19:00:00,1295,0.12,1801.48,20.99,
Norte,E1,19:00:00,1297,0.08,1801.49,20.61,
Norte,E1,19:00:00,1302,0.08,1801.48,20.08,
Norte,E1,19:00:00,1304,0.05,1801.48,20.08,
Norte,E1,19:00:00,1305,0.0,1801.48,20.09,
Norte,E1,19:00:00,1306,0.06,1801.48,20.09,
Norte,E1,19:00:00,1308,0.07,1801.47,20.61,
Norte,E1,19:00:00,1309,0.04,1801.47,28.5,
Norte,E1,19:00:00,1310,0.02,1801.47,24.65,
Norte,E1,19:00:00,1312,0.09,1801.41,29.49,
Norte,E1,19:00:00,1313,0.0,1801.41,29.71,
Norte,E1,19:00:00,1315,0.06,1801.41,29.67,
Norte,E1,19:00:00,1318,0.07,1801.37,29.64,
Norte,E1,19:00:00,1319,0.01,1801.37,29.29,
Norte,E1,19:00:00,1321,0.04,1801.47,21.5,
Norte,E1,19:00:00,1322,0.0,1801.47,22.27,
Norte,E1,19:00:00,1323,0.05,1801.47,22.06,
Norte,E1,19:00:00,1324,0.02,1801.48,20.63,
Norte,E1,19:00:00,1326,0.08,1801.47,20.28,
Norte,E1,19:00:00,1334,0.06,1801.46,22.18,
Norte,E1,19:00:00,1335,0.06,1801.45,22.74,
Norte,E1,19:00:00,1336,0.01,1801.45,21.87,
Norte,E1,19:00:00,1340,0.04,1801.46,29.12,
Norte,E1,19:00:00,5010,0.03,1801.44,25.99,
Norte,E1,19:00:00,5011,0.05,1801.36,26.15,
Norte,E1,19:00:00,5019,0.05,1801.37,32.19,
Norte,E1,19:00:00,5086,0.06,1801.38,32.67,
Norte,E1,19:00:00,5087,0.01,1801.39,32.73,
Norte,E1,19:00:00,5108,0.0,1801.36,26.08,
Norte,E1,19:00:00,5112,0.02,1801.49,21.7,
Norte,E1,19:00:00,5148,0.0,1801.38,32.4,
Norte,E1,19:00:00,5193,0.0,1801.38,31.53,
Norte,E1,19:00:00,5204,0.13,1801.33,25.61,
Norte,E1,19:00:00,5241,0.0,1801.44,19.81,
Norte,E1,19:00:00,5264,0.02,1801.39,32.69,
Norte,E1,19:00:00,5289,0.01,1801.37,29.89,
Norte,E1,19:00:00,5291,0.02,1801.41,29.93,
Norte,E1,19:00:00,5311,0.11,1801.38,32.63,
Norte,E1,19:00:00,5312,0.0,1801.38,32.77,
Norte,E1,19:00:00,5313,0.01,1801.38,32.57,
Norte,E1,19:00:00,5314,0.01,1801.36,26.01,
Norte,E1,19:00:00,5342,0.03,1801.45,25.9,
Norte,E1,19:00:00,5343,0.12,1801.51,21.03,
Norte,E1,19:00:00,5344,0.12,1801.5,25.96,
Norte,E1,19:00:00,5345,0.12,1801.5,26.12,
Norte,E1,19:00:00,5478,0.0,1801.49,21.71,
Norte,E1,19:00:00,5484,0.01,1801.44,19.28,
Norte,E1,19:00:00,5493,0.01,1801.4,30.92,
Norte,E1,19:00:00,5494,0.01,1801.4,30.99,
Norte,E1,19:00:00,5495,0.09,1801.38,32.91,
Norte,E1,19:00:00,5506,0.01,1801.44,22.96,
Norte,E1,19:00:00,5523,0.0,1801.38,29.37,
Norte,E1,19:00:00,5533,0.03,1801.47,20.93,
Norte,E1,19:00:00,5537,0.03,1801.38,29.63,
Norte,E1,19:00:00,5538,0.06,1801.38,29.95,
Norte,E1,19:00:00,5603,0.04,1801.39,31.17,
Norte,E1,19:00:00,5604,0.06,1801.38,30.73,
Norte,E1,19:00:00,5613,0.06,1801.39,32.58,
Norte,E1,19:00:00,5614,0.02,1801.4,32.67,
Norte,E1,19:00:00,5620,0.04,1801.37,32.52,
Norte,E1,19:00:00,5621,0.03,1801.37,32.46,
Norte,E1,19:00:00,5678,0.05,1801.38,30.05,
Norte,E1,19:00:00,5685,0.02,1801.4,25.86,
Norte,E1,19:00:00,5709,0.14,1801.51,21.04,
Norte,E1,19:00:00,5744,0.05,1801.4,32.32,
Norte,E1,19:00:00,5746,0.07,1801.45,24.6,
Norte,E1,19:00:00,5747,0.04,1801.43,26.1,
Norte,E1,19:00:00,5748,0.05,1801.56,21.3,
Norte,E1,19:00:00,5749,0.05,1801.62,21.47,
Norte,E1,19:00:00,5750,0.03,1801.67,21.34,
Norte,E1,19:00:00,5760,0.04,1801.72,21.08,
Norte,E1,19:00:00,5761,0.03,1801.68,21.45,
Norte,E1,19:00:00,5762,0.01,1801.77,20.53,
Norte,E1,19:00:00,5763,0.03,1801.76,20.76,
Norte,E1,19:00:00,10020,0.04,1801.39,33.45,
Norte,E1,19:00:00,10059,0.04,1801.37,29.88,
Norte,E1,19:00:00,10061,0.0,1801.47,20.76,
Norte,E1,19:00:00,10062,0.0,1801.49,20.67,
Norte,E1,19:00:00,10063,0.0,1801.52,20.93,
Norte,E1,19:00:00,10082,0.08,1801.45,20.71,
Norte,E1,20:00:00,346,0.04,1801.37,33.67,
Norte,E1,20:00:00,347,0.07,1801.37,33.85,
Norte,E1,20:00:00,348,0.11,1801.37,33.86,
Norte,E1,20:00:00,349,0.05,1801.37,32.54,
Norte,E1,20:00:00,350,0.02,1801.37,32.53,
Norte,E1,20:00:00,351,0.05,1801.37,34.12,
Norte,E1,20:00:00,352,0.12,1801.37,34.0,
Norte,E1,20:00:00,353,0.07,1801.37,33.91,
Norte,E1,20:00:00,354,0.11,1801.4,32.7,
Norte,E1,20:00:00,355,0.04,1801.4,32.62,
Norte,E1,20:00:00,356,0.08,1801.4,32.66,
Norte,E1,20:00:00,357,0.03,1801.4,32.88,
Norte,E1,20:00:00,358,0.02,1801.4,33.13,
Norte,E1,20:00:00,362,0.08,1801.39,32.69,
Norte,E1,20:00:00,363,0.04,1801.39,32.68,
Norte,E1,20:00:00,364,0.07,1801.39,32.68,
Norte,E1,20:00:00,368,0.03,1801.38,32.71,
Norte,E1,20:00:00,371,0.05,1801.38,32.69,
Norte,E1,20:00:00,400,0.06,1801.38,32.4,
Norte,E1,20:00:00,401,0.05,1801.38,32.42,
Norte,E1,20:00:00,404,0.02,1801.38,32.22,
Norte,E1,20:00:00,405,0.01,1801.38,32.17,
Norte,E1,20:00:00,1049,0.03,1801.37,29.97,
Norte,E1,20:00:00,1051,0.03,1801.37,29.86,
Norte,E1,20:00:00,1053,0.02,1801.37,29.86,
Norte,E1,20:00:00,1059,0.05,1801.37,29.63,
Norte,E1,20:00:00,1063,0.02,1801.37,29.36,
Norte,E1,20:00:00,1077,0.02,1801.38,29.83,
Norte,E1,20:00:00,1089,0.03,1801.37,29.98,
Norte,E1,20:00:00,1093,0.07,1801.37,29.53,
Norte,E1,20:00:00,1094,0.02,1801.37,29.29,
Norte,E1,20:00:00,1095,0.02,1801.37,29.78,
Norte,E1,20:00:00,1100,0.04,1801.38,30.4,
Norte,E1,20:00:00,1102,0.07,1801.38,30.35,
Norte,E1,20:00:00,1103,0.01,1801.38,31.33,
Norte,E1,20:00:00,1104,0.07,1801.37,30.37,
Norte,E1,20:00:00,1106,0.08,1801.37,30.31,
Norte,E1,20:00:00,1107,0.04,1801.38,30.58,
Norte,E1,20:00:00,1109,0.01,1801.38,30.57,
Norte,E1,20:00:00,1110,0.01,1801.38,30.21,
Norte,E1,20:00:00,1112,0.02,1801.38,30.23,
Norte,E1,20:00:00,1113,0.04,1801.38,29.97,
Norte,E1,20:00:00,1115,0.08,1801.38,29.96,
Norte,E1,20:00:00,1117,0.08,1801.38,30.01,
Norte,E1,20:00:00,1119,0.1,1801.38,30.6,
Norte,E1,20:00:00,1120,0.07,1801.38,30.17,
Norte,E1,20:00:00,1122,0.05,1801.38,31.47,
Norte,E1,20:00:00,1125,0.06,1801.38,31.41,
Norte,E1,20:00:00,1128,0.06,1801.38,31.66,
Norte,E1,20:00:00,1130,0.07,1801.38,31.48,
Norte,E1,20:00:00,1131,0.07,1801.38,31.63,
Norte,E1,20:00:00,1133,0.02,1801.38,32.66,
Norte,E1,20:00:00,1134,0.12,1801.4,32.73,
Norte,E1,20:00:00,1135,0.09,1801.38,32.84,
Norte,E1,20:00:00,1137,0.11,1801.4,32.67,
Norte,E1,20:00:00,1139,0.07,1801.4,32.65,
Norte,E1,20:00:00,1140,0.03,1801.4,32.7,
Norte,E1,20:00:00,1141,0.05,1801.37,31.63,
Norte,E1,20:00:00,1142,0.02,1801.39,31.59,
Norte,E1,20:00:00,1143,0.07,1801.39,32.44,
Norte,E1,20:00:00,1144,0.07,1801.38,32.61,
Norte,E1,20:00:00,1145,0.03,1801.39,32.53,
Norte,E1,20:00:00,1147,0.0,1801.38,32.68,
Norte,E1,20:00:00,1148,0.0,1801.39,32.7,
Norte,E1,20:00:00,1149,0.14,1801.42,31.31,
Norte,E1,20:00:00,1150,0.19,1801.39,31.11,
Norte,E1,20:00:00,1151,0.03,1801.46,27.23,
Norte,E1,20:00:00,1153,0.01,1801.43,28.83,
Norte,E1,20:00:00,1154,0.0,1801.43,29.28,
Norte,E1,20:00:00,1158,0.1,1801.43,29.49,
Norte,E1,20:00:00,1159,0.07,1801.42,31.86,
Norte,E1,20:00:00,1161,0.03,1801.42,30.93,
Norte,E1,20:00:00,1162,0.01,1801.41,32.35,
Norte,E1,20:00:00,1164,0.09,1801.4,32.42,
Norte,E1,20:00:00,1165,0.03,1801.41,32.54,
Norte,E1,20:00:00,1166,0.05,1801.41,32.09,
Norte,E1,20:00:00,1169,0.08,1801.4,32.7,
Norte,E1,20:00:00,1171,0.06,1801.39,32.71,
Norte,E1,20:00:00,1172,0.14,1801.39,33.76,
Norte,E1,20:00:00,1174,0.05,1801.39,33.56,
Norte,E1,20:00:00,1175,0.11,1801.4,32.06,
Norte,E1,20:00:00,1176,0.15,1801.4,33.55,
Norte,E1,20:00:00,1179,0.05,1801.4,33.06,
Norte,E1,20:00:00,1181,0.01,1801.39,33.55,
Norte,E1,20:00:00,1182,0.05,1801.4,32.79,
Norte,E1,20:00:00,1184,0.03,1801.43,24.99,
Norte,E1,20:00:00,1185,0.02,1801.43,26.7,
Norte,E1,20:00:00,1186,0.01,1801.43,26.02,
Norte,E1,20:00:00,1187,0.19,1801.41,25.7,
Norte,E1,20:00:00,1189,0.01,1801.36,25.27,
Norte,E1,20:00:00,1190,0.06,1801.36,26.23,
Norte,E1,20:00:00,1191,0.06,1801.4,29.28,
Norte,E1,20:00:00,1192,0.01,1801.4,27.38,
Norte,E1,20:00:00,1196,0.05,1801.33,27.11,
Norte,E1,20:00:00,1197,0.04,1801.33,27.58,
Norte,E1,20:00:00,1207,0.1,1801.33,25.54,
Norte,E1,20:00:00,1216,0.08,1801.33,19.3,
Norte,E1,20:00:00,1221,0.04,1801.44,19.88,
Norte,E1,20:00:00,1223,0.04,1801.44,19.66,
Norte,E1,20:00:00,1224,0.06,1801.44,23.26,
Norte,E1,20:00:00,1225,0.03,1801.42,24.72,
Norte,E1,20:00:00,1226,0.06,1801.44,23.49,
Norte,E1,20:00:00,1228,0.03,1801.44,22.82,
Norte,E1,20:00:00,1229,0.01,1801.44,22.52,
Norte,E1,20:00:00,1230,0.01,1801.44,22.47,
Norte,E1,20:00:00,1231,0.01,1801.44,22.55,
Norte,E1,20:00:00,1232,0.02,1801.44,22.01,
Norte,E1,20:00:00,1233,0.01,1801.44,21.98,
Norte,E1,20:00:00,1240,0.1,1801.45,21.28,
Norte,E1,20:00:00,1242,0.1,1801.44,22.44,
Norte,E1,20:00:00,1243,0.04,1801.44,23.21,
Norte,E1,20:00:00,1244,0.1,1801.42,24.75,
Norte,E1,20:00:00,1245,0.05,1801.42,25.83,
Norte,E1,20:00:00,1246,0.03,1801.41,26.01,
Norte,E1,20:00:00,1247,0.06,1801.41,25.77,
Norte,E1,20:00:00,1248,0.06,1801.41,25.48,
Norte,E1,20:00:00,1249,0.12,1801.43,23.85,
Norte,E1,20:00:00,1250,0.13,1801.45,22.76,
Norte,E1,20:00:00,1252,0.1,1801.46,21.37,
Norte,E1,20:00:00,1253,0.13,1801.43,23.82,
Norte,E1,20:00:00,1254,0.12,1801.46,22.16,
Norte,E1,20:00:00,1255,0.07,1801.48,21.91,
Norte,E1,20:00:00,1257,0.07,1801.48,21.29,
Norte,E1,20:00:00,1265,0.03,1801.52,20.93,
Norte,E1,20:00:00,1268,0.06,1801.51,21.01,
Norte,E1,20:00:00,1272,0.03,1801.49,21.66,
Norte,E1,20:00:00,1274,0.05,1801.49,21.69,
Norte,E1,20:00:00,1276,0.11,1801.47,22.66,
Norte,E1,20:00:00,1279,0.05,1801.46,23.95,
Norte,E1,20:00:00,1281,0.06,1801.46,24.32,
Norte,E1,20:00:00,1282,0.02,1801.46,25.79,
Norte,E1,20:00:00,1284,0.03,1801.39,31.15,
Norte,E1,20:00:00,1286,0.07,1801.47,22.88,
Norte,E1,20:00:00,1288,0.01,1801.47,24.91,
Norte,E1,20:00:00,1289,0.02,1801.47,23.24,
Norte,E1,20:00:00,1290,0.09,1801.47,23.32,
Norte,E1,20:00:00,1291,0.01,1801.47,21.08,
Norte,E1,20:00:00,1292,0.06,1801.47,21.31,
Norte,E1,20:00:00,1293,0.07,1801.47,21.96,
Norte,E1,20:00:00,1294,0.02,1801.47,21.81,
Norte,E1,20:00:00,1295,0.12,1801.48,20.99,
Norte,E1,20:00:00,1297,0.08,1801.49,20.61,
Norte,E1,20:00:00,1302,0.08,1801.48,20.08,
Norte,E1,20:00:00,1304,0.05,1801.48,20.08,
Norte,E1,20:00:00,1305,0.0,1801.48,20.09,
Norte,E1,20:00:00,1306,0.06,1801.48,20.09,
Norte,E1,20:00:00,1308,0.07,1801.47,20.61,
Norte,E1,20:00:00,1309,0.04,1801.47,28.5,
Norte,E1,20:00:00,1310,0.02,1801.47,24.65,
Norte,E1,20:00:00,1312,0.09,1801.41,29.49,
Norte,E1,20:00:00,1313,0.0,1801.41,29.71,
Norte,E1,20:00:00,1315,0.06,1801.41,29.67,
Norte,E1,20:00:00,1318,0.07,1801.37,29.64,
Norte,E1,20:00:00,1319,0.01,1801.37,29.29,
Norte,E1,20:00:00,1321,0.04,1801.47,21.5,
Norte,E1,20:00:00,1322,0.0,1801.47,22.27,
Norte,E1,20:00:00,1323,0.05,1801.47,22.06,
Norte,E1,20:00:00,1324,0.02,1801.48,20.63,
Norte,E1,20:00:00,1326,0.08,1801.47,20.28,
Norte,E1,20:00:00,1334,0.06,1801.46,22.18,
Norte,E1,20:00:00,1335,0.06,1801.45,22.74,
Norte,E1,20:00:00,1336,0.01,1801.45,21.87,
Norte,E1,20:00:00,1340,0.04,1801.46,29.12,
Norte,E1,20:00:00,5010,0.03,1801.44,25.99,
Norte,E1,20:00:00,5011,0.05,1801.36,26.15,
Norte,E1,20:00:00,5019,0.05,1801.37,32.19,
Norte,E1,20:00:00,5086,0.06,1801.38,32.67,
Norte,E1,20:00:00,5087,0.01,1801.39,32.73,
Norte,E1,20:00:00,5108,0.0,1801.36,26.08,
Norte,E1,20:00:00,5112,0.02,1801.49,21.7,
Norte,E1,20:00:00,5148,0.0,1801.38,32.4,
Norte,E1,20:00:00,5193,0.0,1801.38,31.53,
Norte,E1,20:00:00,5204,0.13,1801.33,25.61,
Norte,E1,20:00:00,5241,0.0,1801.44,19.81,
Norte,E1,20:00:00,5264,0.02,1801.39,32.69,
Norte,E1,20:00:00,5289,0.01,1801.37,29.89,
Norte,E1,20:00:00,5291,0.02,1801.41,29.93,
Norte,E1,20:00:00,5311,0.11,1801.38,32.63,
Norte,E1,20:00:00,5312,0.0,1801.38,32.77,
Norte,E1,20:00:00,5313,0.01,1801.38,32.57,
Norte,E1,20:00:00,5314,0.01,1801.36,26.01,
Norte,E1,20:00:00,5342,0.03,1801.45,25.9,
Norte,E1,20:00:00,5343,0.12,1801.51,21.03,
Norte,E1,20:00:00,5344,0.12,1801.5,25.96,
Norte,E1,20:00:00,5345,0.12,1801.5,26.12,
Norte,E1,20:00:00,5478,0.0,1801.49,21.71,
Norte,E1,20:00:00,5484,0.01,1801.44,19.28,
Norte,E1,20:00:00,5493,0.01,1801.4,30.92,
Norte,E1,20:00:00,5494,0.01,1801.4,30.99,
Norte,E1,20:00:00,5495,0.09,1801.38,32.91,
Norte,E1,20:00:00,5506,0.01,1801.44,22.96,
Norte,E1,20:00:00,5523,0.0,1801.38,29.37,
Norte,E1,20:00:00,5533,0.03,1801.47,20.93,
Norte,E1,20:00:00,5537,0.03,1801.38,29.63,
Norte,E1,20:00:00,5538,0.06,1801.38,29.95,
Norte,E1,20:00:00,5603,0.04,1801.39,31.17,
Norte,E1,20:00:00,5604,0.06,1801.38,30.73,
Norte,E1,20:00:00,5613,0.06,1801.39,32.58,
Norte,E1,20:00:00,5614,0.02,1801.4,32.67,
Norte,E1,20:00:00,5620,0.04,1801.37,32.52,
Norte,E1,20:00:00,5621,0.03,1801.37,32.46,
Norte,E1,20:00:00,5678,0.05,1801.38,30.05,
Norte,E1,20:00:00,5685,0.02,1801.4,25.86,
Norte,E1,20:00:00,5709,0.14,1801.51,21.04,
Norte,E1,20:00:00,5744,0.05,1801.4,32.32,
Norte,E1,20:00:00,5746,0.07,1801.45,24.6,
Norte,E1,20:00:00,5747,0.04,1801.43,26.1,
Norte,E1,20:00:00,5748,0.05,1801.56,21.3,
Norte,E1,20:00:00,5749,0.05,1801.62,21.47,
Norte,E1,20:00:00,5750,0.03,1801.67,21.34,
Norte,E1,20:00:00,5760,0.04,1801.72,21.08,
Norte,E1,20:00:00,5761,0.03,1801.68,21.45,
Norte,E1,20:00:00,5762,0.01,1801.77,20.53,
Norte,E1,20:00:00,5763,0.03,1801.76,20.76,
Norte,E1,20:00:00,10020,0.04,1801.39,33.45,
Norte,E1,20:00:00,10059,0.04,1801.37,29.88,
Norte,E1,20:00:00,10061,0.0,1801.47,20.76,
Norte,E1,20:00:00,10062,0.0,1801.49,20.67,
Norte,E1,20:00:00,10063,0.0,1801.52,20.93,
Norte,E1,20:00:00,10082,0.08,1801.45,20.71,
Norte,E1,21:00:00,346,0.04,1801.28,33.58,
Norte,E1,21:00:00,347,0.08,1801.28,33.76,
Norte,E1,21:00:00,348,0.12,1801.28,33.77,
Norte,E1,21:00:00,349,0.06,1801.28,32.45,
Norte,E1,21:00:00,350,0.03,1801.28,32.44,
Norte,E1,21:00:00,351,0.05,1801.28,34.03,
Norte,E1,21:00:00,352,0.13,1801.28,33.91,
Norte,E1,21:00:00,353,0.08,1801.28,33.82,
Norte,E1,21:00:00,354,0.13,1801.31,32.61,
Norte,E1,21:00:00,355,0.05,1801.31,32.53,
Norte,E1,21:00:00,356,0.09,1801.31,32.57,
Norte,E1,21:00:00,357,0.04,1801.31,32.79,
Norte,E1,21:00:00,358,0.02,1801.31,33.04,
Norte,E1,21:00:00,362,0.08,1801.3,32.6,
Norte,E1,21:00:00,363,0.04,1801.3,32.59,
Norte,E1,21:00:00,364,0.08,1801.3,32.59,
Norte,E1,21:00:00,368,0.04,1801.28,32.61,
Norte,E1,21:00:00,371,0.06,1801.28,32.59,
Norte,E1,21:00:00,400,0.06,1801.29,32.31,
Norte,E1,21:00:00,401,0.06,1801.29,32.33,
Norte,E1,21:00:00,404,0.02,1801.29,32.13,
Norte,E1,21:00:00,405,0.01,1801.29,32.08,
Norte,E1,21:00:00,1049,0.03,1801.28,29.88,
Norte,E1,21:00:00,1051,0.04,1801.28,29.77,
Norte,E1,21:00:00,1053,0.02,1801.28,29.77,
Norte,E1,21:00:00,1059,0.06,1801.28,29.54,
Norte,E1,21:00:00,1063,0.03,1801.28,29.27,
Norte,E1,21:00:00,1077,0.03,1801.28,29.73,
Norte,E1,21:00:00,1089,0.04,1801.28,29.89,
Norte,E1,21:00:00,1093,0.08,1801.28,29.44,
Norte,E1,21:00:00,1094,0.02,1801.28,29.2,
Norte,E1,21:00:00,1095,0.02,1801.28,29.69,
Norte,E1,21:00:00,1100,0.04,1801.28,30.3,
Norte,E1,21:00:00,1102,0.07,1801.28,30.25,
Norte,E1,21:00:00,1103,0.01,1801.28,31.23,
Norte,E1,21:00:00,1104,0.08,1801.28,30.28,
Norte,E1,21:00:00,1106,0.09,1801.28,30.22,
Norte,E1,21:00:00,1107,0.04,1801.28,30.48,
Norte,E1,21:00:00,1109,0.01,1801.28,30.47,
Norte,E1,21:00:00,1110,0.01,1801.28,30.11,
Norte,E1,21:00:00,1112,0.02,1801.28,30.13,
Norte,E1,21:00:00,1113,0.04,1801.28,29.87,
Norte,E1,21:00:00,1115,0.08,1801.28,29.86,
Norte,E1,21:00:00,1117,0.09,1801.28,29.91,
Norte,E1,21:00:00,1119,0.11,1801.28,30.5,
Norte,E1,21:00:00,1120,0.08,1801.28,30.07,
Norte,E1,21:00:00,1122,0.06,1801.28,31.37,
Norte,E1,21:00:00,1125,0.06,1801.28,31.31,
Norte,E1,21:00:00,1128,0.07,1801.28,31.56,
Norte,E1,21:00:00,1130,0.07,1801.28,31.38,
Norte,E1,21:00:00,1131,0.08,1801.28,31.53,
Norte,E1,21:00:00,1133,0.03,1801.28,32.56,
Norte,E1,21:00:00,1134,0.14,1801.32,32.65,
Norte,E1,21:00:00,1135,0.1,1801.28,32.74,
Norte,E1,21:00:00,1137,0.13,1801.31,32.58,
Norte,E1,21:00:00,1139,0.08,1801.31,32.56,
Norte,E1,21:00:00,1140,0.03,1801.31,32.61,
Norte,E1,21:00:00,1141,0.05,1801.28,31.54,
Norte,E1,21:00:00,1142,0.03,1801.3,31.5,
Norte,E1,21:00:00,1143,0.08,1801.3,32.35,
Norte,E1,21:00:00,1144,0.08,1801.28,32.51,
Norte,E1,21:00:00,1145,0.03,1801.3,32.44,
Norte,E1,21:00:00,1147,0.0,1801.29,32.59,
Norte,E1,21:00:00,1148,0.0,1801.29,32.6,
Norte,E1,21:00:00,1149,0.16,1801.33,31.22,
Norte,E1,21:00:00,1150,0.21,1801.29,31.01,
Norte,E1,21:00:00,1151,0.04,1801.39,27.16,
Norte,E1,21:00:00,1153,0.01,1801.34,28.74,
Norte,E1,21:00:00,1154,0.0,1801.34,29.19,
Norte,E1,21:00:00,1158,0.11,1801.34,29.4,
Norte,E1,21:00:00,1159,0.08,1801.33,31.77,
Norte,E1,21:00:00,1161,0.04,1801.33,30.84,
Norte,E1,21:00:00,1162,0.01,1801.32,32.26,
Norte,E1,21:00:00,1164,0.1,1801.31,32.33,
Norte,E1,21:00:00,1165,0.03,1801.32,32.45,
Norte,E1,21:00:00,1166,0.05,1801.32,32.0,
Norte,E1,21:00:00,1169,0.09,1801.31,32.61,
Norte,E1,21:00:00,1171,0.07,1801.3,32.62,
Norte,E1,21:00:00,1172,0.16,1801.3,33.67,
Norte,E1,21:00:00,1174,0.06,1801.3,33.47,
Norte,E1,21:00:00,1175,0.12,1801.31,31.97,
Norte,E1,21:00:00,1176,0.17,1801.31,33.46,
Norte,E1,21:00:00,1179,0.06,1801.31,32.97,
Norte,E1,21:00:00,1181,0.01,1801.3,33.46,
Norte,E1,21:00:00,1182,0.06,1801.31,32.7,
Norte,E1,21:00:00,1184,0.04,1801.35,24.91,
Norte,E1,21:00:00,1185,0.02,1801.34,26.61,
Norte,E1,21:00:00,1186,0.01,1801.34,25.93,
Norte,E1,21:00:00,1187,0.21,1801.32,25.61,
Norte,E1,21:00:00,1189,0.01,1801.26,25.17,
Norte,E1,21:00:00,1190,0.06,1801.26,26.13,
Norte,E1,21:00:00,1191,0.06,1801.31,29.19,
Norte,E1,21:00:00,1192,0.01,1801.31,27.29,
Norte,E1,21:00:00,1196,0.05,1801.22,27.0,
Norte,E1,21:00:00,1197,0.05,1801.22,27.47,
Norte,E1,21:00:00,1207,0.11,1801.22,25.43,
Norte,E1,21:00:00,1216,0.08,1801.22,19.19,
Norte,E1,21:00:00,1221,0.05,1801.37,19.81,
Norte,E1,21:00:00,1223,0.05,1801.37,19.59,
Norte,E1,21:00:00,1224,0.07,1801.36,23.18,
Norte,E1,21:00:00,1225,0.03,1801.34,24.64,
Norte,E1,21:00:00,1226,0.06,1801.36,23.41,
Norte,E1,21:00:00,1228,0.03,1801.36,22.74,
Norte,E1,21:00:00,1229,0.01,1801.36,22.44,
Norte,E1,21:00:00,1230,0.01,1801.36,22.39,
Norte,E1,21:00:00,1231,0.01,1801.36,22.47,
Norte,E1,21:00:00,1232,0.02,1801.36,21.93,
Norte,E1,21:00:00,1233,0.01,1801.36,21.9,
Norte,E1,21:00:00,1240,0.11,1801.37,21.2,
Norte,E1,21:00:00,1242,0.11,1801.36,22.36,
Norte,E1,21:00:00,1243,0.04,1801.36,23.13,
Norte,E1,21:00:00,1244,0.11,1801.34,24.67,
Norte,E1,21:00:00,1245,0.06,1801.34,25.75,
Norte,E1,21:00:00,1246,0.03,1801.32,25.92,
Norte,E1,21:00:00,1247,0.07,1801.32,25.68,
Norte,E1,21:00:00,1248,0.07,1801.32,25.39,
Norte,E1,21:00:00,1249,0.14,1801.35,23.77,
Norte,E1,21:00:00,1250,0.15,1801.37,22.68,
Norte,E1,21:00:00,1252,0.11,1801.38,21.29,
Norte,E1,21:00:00,1253,0.14,1801.35,23.74,
Norte,E1,21:00:00,1254,0.14,1801.38,22.08,
Norte,E1,21:00:00,1255,0.08,1801.41,21.84,
Norte,E1,21:00:00,1257,0.08,1801.41,21.22,
Norte,E1,21:00:00,1265,0.03,1801.46,20.87,
Norte,E1,21:00:00,1268,0.07,1801.45,20.95,
Norte,E1,21:00:00,1272,0.03,1801.43,21.6,
Norte,E1,21:00:00,1274,0.06,1801.43,21.63,
Norte,E1,21:00:00,1276,0.13,1801.4,22.59,
Norte,E1,21:00:00,1279,0.06,1801.39,23.88,
Norte,E1,21:00:00,1281,0.07,1801.39,24.25,
Norte,E1,21:00:00,1282,0.03,1801.39,25.72,
Norte,E1,21:00:00,1284,0.03,1801.29,31.05,
Norte,E1,21:00:00,1286,0.08,1801.39,22.8,
Norte,E1,21:00:00,1288,0.01,1801.39,24.83,
Norte,E1,21:00:00,1289,0.02,1801.39,23.16,
Norte,E1,21:00:00,1290,0.1,1801.39,23.24,
Norte,E1,21:00:00,1291,0.01,1801.39,21.0,
Norte,E1,21:00:00,1292,0.06,1801.39,21.23,
Norte,E1,21:00:00,1293,0.08,1801.4,21.89,
Norte,E1,21:00:00,1294,0.02,1801.4,21.74,
Norte,E1,21:00:00,1295,0.13,1801.41,20.92,
Norte,E1,21:00:00,1297,0.09,1801.42,20.54,
Norte,E1,21:00:00,1302,0.09,1801.41,20.01,
Norte,E1,21:00:00,1304,0.06,1801.41,20.01,
Norte,E1,21:00:00,1305,0.0,1801.41,20.02,
Norte,E1,21:00:00,1306,0.07,1801.41,20.02,
Norte,E1,21:00:00,1308,0.08,1801.4,20.54,
Norte,E1,21:00:00,1309,0.04,1801.4,28.43,
Norte,E1,21:00:00,1310,0.02,1801.4,24.58,
Norte,E1,21:00:00,1312,0.1,1801.32,29.4,
Norte,E1,21:00:00,1313,0.0,1801.33,29.63,
Norte,E1,21:00:00,1315,0.07,1801.33,29.59,
Norte,E1,21:00:00,1318,0.08,1801.28,29.55,
Norte,E1,21:00:00,1319,0.02,1801.28,29.2,
Norte,E1,21:00:00,1321,0.05,1801.4,21.43,
Norte,E1,21:00:00,1322,0.01,1801.4,22.2,
Norte,E1,21:00:00,1323,0.06,1801.4,21.99,
Norte,E1,21:00:00,1324,0.03,1801.41,20.56,
Norte,E1,21:00:00,1326,0.09,1801.4,20.21,
Norte,E1,21:00:00,1334,0.06,1801.39,22.11,
Norte,E1,21:00:00,1335,0.07,1801.37,22.66,
Norte,E1,21:00:00,1336,0.01,1801.37,21.79,
Norte,E1,21:00:00,1340,0.04,1801.39,29.05,
Norte,E1,21:00:00,5010,0.03,1801.37,25.92,
Norte,E1,21:00:00,5011,0.05,1801.26,26.05,
Norte,E1,21:00:00,5019,0.06,1801.28,32.1,
Norte,E1,21:00:00,5086,0.07,1801.29,32.58,
Norte,E1,21:00:00,5087,0.01,1801.29,32.63,
Norte,E1,21:00:00,5108,0.0,1801.26,25.98,
Norte,E1,21:00:00,5112,0.02,1801.43,21.64,
Norte,E1,21:00:00,5148,0.0,1801.29,32.31,
Norte,E1,21:00:00,5193,0.0,1801.28,31.43,
Norte,E1,21:00:00,5204,0.14,1801.22,25.5,
Norte,E1,21:00:00,5241,0.0,1801.37,19.74,
Norte,E1,21:00:00,5264,0.02,1801.29,32.59,
Norte,E1,21:00:00,5289,0.01,1801.28,29.8,
Norte,E1,21:00:00,5291,0.02,1801.33,29.85,
Norte,E1,21:00:00,5311,0.13,1801.28,32.53,
Norte,E1,21:00:00,5312,0.01,1801.28,32.67,
Norte,E1,21:00:00,5313,0.01,1801.28,32.47,
Norte,E1,21:00:00,5314,0.01,1801.26,25.91,
Norte,E1,21:00:00,5342,0.03,1801.37,25.82,
Norte,E1,21:00:00,5343,0.14,1801.45,20.97,
Norte,E1,21:00:00,5344,0.14,1801.44,25.9,
Norte,E1,21:00:00,5345,0.14,1801.44,26.06,
Norte,E1,21:00:00,5478,0.0,1801.43,21.65,
Norte,E1,21:00:00,5484,0.01,1801.37,19.21,
Norte,E1,21:00:00,5493,0.01,1801.31,30.83,
Norte,E1,21:00:00,5494,0.01,1801.31,30.9,
Norte,E1,21:00:00,5495,0.1,1801.28,32.81,
Norte,E1,21:00:00,5506,0.02,1801.36,22.88,
Norte,E1,21:00:00,5523,0.0,1801.28,29.27,
Norte,E1,21:00:00,5533,0.03,1801.39,20.85,
Norte,E1,21:00:00,5537,0.04,1801.28,29.53,
Norte,E1,21:00:00,5538,0.07,1801.28,29.85,
Norte,E1,21:00:00,5603,0.05,1801.3,31.08,
Norte,E1,21:00:00,5604,0.07,1801.29,30.64,
Norte,E1,21:00:00,5613,0.07,1801.3,32.49,
Norte,E1,21:00:00,5614,0.03,1801.31,32.58,
Norte,E1,21:00:00,5620,0.05,1801.28,32.43,
Norte,E1,21:00:00,5621,0.04,1801.28,32.37,
Norte,E1,21:00:00,5678,0.06,1801.28,29.96,
Norte,E1,21:00:00,5685,0.02,1801.31,25.77,
Norte,E1,21:00:00,5709,0.16,1801.45,20.98,
Norte,E1,21:00:00,5744,0.05,1801.32,32.24,
Norte,E1,21:00:00,5746,0.08,1801.37,24.52,
Norte,E1,21:00:00,5747,0.05,1801.35,26.02,
Norte,E1,21:00:00,5748,0.06,1801.51,21.25,
Norte,E1,21:00:00,5749,0.06,1801.59,21.44,
Norte,E1,21:00:00,5750,0.03,1801.65,21.32,
Norte,E1,21:00:00,5760,0.04,1801.71,21.07,
Norte,E1,21:00:00,5761,0.03,1801.66,21.43,
Norte,E1,21:00:00,5762,0.01,1801.77,20.53,
Norte,E1,21:00:00,5763,0.03,1801.75,20.75,
Norte,E1,21:00:00,10020,0.05,1801.3,33.36,
Norte,E1,21:00:00,10059,0.04,1801.28,29.79,
Norte,E1,21:00:00,10061,0.0,1801.39,20.68,
Norte,E1,21:00:00,10062,0.0,1801.42,20.6,
Norte,E1,21:00:00,10063,0.0,1801.46,20.87,
Norte,E1,21:00:00,10082,0.09,1801.37,20.63,
Norte,E1,22:00:00,346,0.04,1801.36,33.66,
Norte,E1,22:00:00,347,0.07,1801.36,33.84,
Norte,E1,22:00:00,348,0.11,1801.36,33.85,
Norte,E1,22:00:00,349,0.05,1801.36,32.53,
Norte,E1,22:00:00,350,0.03,1801.36,32.52,
Norte,E1,22:00:00,351,0.05,1801.36,34.11,
Norte,E1,22:00:00,352,0.12,1801.36,33.99,
Norte,E1,22:00:00,353,0.07,1801.36,33.9,
Norte,E1,22:00:00,354,0.12,1801.39,32.69,
Norte,E1,22:00:00,355,0.05,1801.39,32.61,
Norte,E1,22:00:00,356,0.08,1801.39,32.65,
Norte,E1,22:00:00,357,0.03,1801.39,32.87,
Norte,E1,22:00:00,358,0.02,1801.39,33.12,
Norte,E1,22:00:00,362,0.08,1801.38,32.68,
Norte,E1,22:00:00,363,0.04,1801.38,32.67,
Norte,E1,22:00:00,364,0.07,1801.38,32.67,
Norte,E1,22:00:00,368,0.03,1801.37,32.7,
Norte,E1,22:00:00,371,0.05,1801.37,32.68,
Norte,E1,22:00:00,400,0.06,1801.37,32.39,
Norte,E1,22:00:00,401,0.05,1801.37,32.41,
Norte,E1,22:00:00,404,0.02,1801.37,32.21,
Norte,E1,22:00:00,405,0.01,1801.37,32.16,
Norte,E1,22:00:00,1049,0.03,1801.36,29.96,
Norte,E1,22:00:00,1051,0.03,1801.36,29.85,
Norte,E1,22:00:00,1053,0.02,1801.36,29.85,
Norte,E1,22:00:00,1059,0.05,1801.36,29.62,
Norte,E1,22:00:00,1063,0.02,1801.36,29.35,
Norte,E1,22:00:00,1077,0.03,1801.37,29.82,
Norte,E1,22:00:00,1089,0.03,1801.36,29.97,
Norte,E1,22:00:00,1093,0.07,1801.36,29.52,
Norte,E1,22:00:00,1094,0.02,1801.36,29.28,
Norte,E1,22:00:00,1095,0.02,1801.36,29.77,
Norte,E1,22:00:00,1100,0.04,1801.36,30.38,
Norte,E1,22:00:00,1102,0.07,1801.36,30.33,
Norte,E1,22:00:00,1103,0.01,1801.37,31.32,
Norte,E1,22:00:00,1104,0.07,1801.36,30.36,
Norte,E1,22:00:00,1106,0.08,1801.36,30.3,
Norte,E1,22:00:00,1107,0.04,1801.37,30.57,
Norte,E1,22:00:00,1109,0.01,1801.36,30.55,
Norte,E1,22:00:00,1110,0.01,1801.37,30.2,
Norte,E1,22:00:00,1112,0.02,1801.37,30.22,
Norte,E1,22:00:00,1113,0.04,1801.37,29.96,
Norte,E1,22:00:00,1115,0.08,1801.37,29.95,
Norte,E1,22:00:00,1117,0.08,1801.37,30.0,
Norte,E1,22:00:00,1119,0.1,1801.36,30.58,
Norte,E1,22:00:00,1120,0.07,1801.37,30.16,
Norte,E1,22:00:00,1122,0.05,1801.37,31.46,
Norte,E1,22:00:00,1125,0.06,1801.37,31.4,
Norte,E1,22:00:00,1128,0.06,1801.37,31.65,
Norte,E1,22:00:00,1130,0.07,1801.37,31.47,
Norte,E1,22:00:00,1131,0.07,1801.37,31.62,
Norte,E1,22:00:00,1133,0.02,1801.36,32.64,
Norte,E1,22:00:00,1134,0.13,1801.39,32.72,
Norte,E1,22:00:00,1135,0.09,1801.37,32.83,
Norte,E1,22:00:00,1137,0.11,1801.39,32.66,
Norte,E1,22:00:00,1139,0.07,1801.39,32.64,
Norte,E1,22:00:00,1140,0.03,1801.39,32.69,
Norte,E1,22:00:00,1141,0.05,1801.36,31.62,
Norte,E1,22:00:00,1142,0.02,1801.38,31.58,
Norte,E1,22:00:00,1143,0.07,1801.38,32.43,
Norte,E1,22:00:00,1144,0.07,1801.36,32.59,
Norte,E1,22:00:00,1145,0.03,1801.38,32.52,
Norte,E1,22:00:00,1147,0.0,1801.37,32.67,
Norte,E1,22:00:00,1148,0.0,1801.38,32.69,
Norte,E1,22:00:00,1149,0.14,1801.41,31.3,
Norte,E1,22:00:00,1150,0.19,1801.38,31.1,
Norte,E1,22:00:00,1151,0.03,1801.45,27.22,
Norte,E1,22:00:00,1153,0.01,1801.42,28.82,
Norte,E1,22:00:00,1154,0.0,1801.42,29.27,
Norte,E1,22:00:00,1158,0.1,1801.42,29.48,
Norte,E1,22:00:00,1159,0.07,1801.41,31.85,
Norte,E1,22:00:00,1161,0.03,1801.41,30.92,
Norte,E1,22:00:00,1162,0.01,1801.4,32.34,
Norte,E1,22:00:00,1164,0.09,1801.39,32.41,
Norte,E1,22:00:00,1165,0.03,1801.4,32.53,
Norte,E1,22:00:00,1166,0.05,1801.4,32.08,
Norte,E1,22:00:00,1169,0.08,1801.39,32.69,
Norte,E1,22:00:00,1171,0.06,1801.38,32.7,
Norte,E1,22:00:00,1172,0.14,1801.38,33.75,
Norte,E1,22:00:00,1174,0.05,1801.38,33.55,
Norte,E1,22:00:00,1175,0.11,1801.39,32.05,
Norte,E1,22:00:00,1176,0.16,1801.39,33.54,
Norte,E1,22:00:00,1179,0.05,1801.39,33.05,
Norte,E1,22:00:00,1181,0.01,1801.38,33.54,
Norte,E1,22:00:00,1182,0.05,1801.39,32.78,
Norte,E1,22:00:00,1184,0.03,1801.42,24.98,
Norte,E1,22:00:00,1185,0.02,1801.42,26.69,
Norte,E1,22:00:00,1186,0.01,1801.42,26.01,
Norte,E1,22:00:00,1187,0.19,1801.4,25.69,
Norte,E1,22:00:00,1189,0.01,1801.35,25.26,
Norte,E1,22:00:00,1190,0.06,1801.34,26.21,
Norte,E1,22:00:00,1191,0.06,1801.39,29.27,
Norte,E1,22:00:00,1192,0.01,1801.39,27.37,
Norte,E1,22:00:00,1196,0.05,1801.32,27.1,
Norte,E1,22:00:00,1197,0.04,1801.32,27.57,
Norte,E1,22:00:00,1207,0.1,1801.32,25.53,
Norte,E1,22:00:00,1216,0.08,1801.32,19.29,
Norte,E1,22:00:00,1221,0.04,1801.44,19.88,
Norte,E1,22:00:00,1223,0.04,1801.44,19.66,
Norte,E1,22:00:00,1224,0.06,1801.43,23.25,
Norte,E1,22:00:00,1225,0.03,1801.41,24.71,
Norte,E1,22:00:00,1226,0.06,1801.43,23.48,
Norte,E1,22:00:00,1228,0.03,1801.43,22.81,
Norte,E1,22:00:00,1229,0.01,1801.43,22.51,
Norte,E1,22:00:00,1230,0.01,1801.43,22.46,
Norte,E1,22:00:00,1231,0.01,1801.43,22.54,
Norte,E1,22:00:00,1232,0.02,1801.43,22.0,
Norte,E1,22:00:00,1233,0.01,1801.43,21.97,
Norte,E1,22:00:00,1240,0.1,1801.44,21.27,
Norte,E1,22:00:00,1242,0.1,1801.43,22.43,
Norte,E1,22:00:00,1243,0.04,1801.43,23.2,
Norte,E1,22:00:00,1244,0.1,1801.41,24.74,
Norte,E1,22:00:00,1245,0.05,1801.41,25.82,
Norte,E1,22:00:00,1246,0.03,1801.4,26.0,
Norte,E1,22:00:00,1247,0.06,1801.4,25.76,
Norte,E1,22:00:00,1248,0.06,1801.4,25.47,
Norte,E1,22:00:00,1249,0.12,1801.42,23.84,
Norte,E1,22:00:00,1250,0.13,1801.44,22.75,
Norte,E1,22:00:00,1252,0.1,1801.45,21.36,
Norte,E1,22:00:00,1253,0.13,1801.43,23.82,
Norte,E1,22:00:00,1254,0.12,1801.45,22.15,
Norte,E1,22:00:00,1255,0.07,1801.47,21.9,
Norte,E1,22:00:00,1257,0.07,1801.48,21.29,
Norte,E1,22:00:00,1265,0.03,1801.51,20.92,
Norte,E1,22:00:00,1268,0.06,1801.51,21.01,
Norte,E1,22:00:00,1272,0.03,1801.49,21.66,
Norte,E1,22:00:00,1274,0.05,1801.49,21.69,
Norte,E1,22:00:00,1276,0.12,1801.47,22.66,
Norte,E1,22:00:00,1279,0.05,1801.45,23.94,
Norte,E1,22:00:00,1281,0.06,1801.45,24.31,
Norte,E1,22:00:00,1282,0.02,1801.45,25.78,
Norte,E1,22:00:00,1284,0.03,1801.38,31.14,
Norte,E1,22:00:00,1286,0.07,1801.46,22.87,
Norte,E1,22:00:00,1288,0.01,1801.46,24.9,
Norte,E1,22:00:00,1289,0.02,1801.46,23.23,
Norte,E1,22:00:00,1290,0.09,1801.46,23.31,
Norte,E1,22:00:00,1291,0.01,1801.46,21.07,
Norte,E1,22:00:00,1292,0.06,1801.46,21.3,
Norte,E1,22:00:00,1293,0.07,1801.46,21.95,
Norte,E1,22:00:00,1294,0.02,1801.47,21.81,
Norte,E1,22:00:00,1295,0.12,1801.47,20.98,
Norte,E1,22:00:00,1297,0.09,1801.48,20.6,
Norte,E1,22:00:00,1302,0.08,1801.47,20.07,
Norte,E1,22:00:00,1304,0.05,1801.47,20.07,
Norte,E1,22:00:00,1305,0.0,1801.47,20.08,
Norte,E1,22:00:00,1306,0.06,1801.47,20.08,
Norte,E1,22:00:00,1308,0.07,1801.46,20.6,
Norte,E1,22:00:00,1309,0.04,1801.46,28.49,
Norte,E1,22:00:00,1310,0.02,1801.46,24.64,
Norte,E1,22:00:00,1312,0.09,1801.4,29.48,
Norte,E1,22:00:00,1313,0.0,1801.4,29.7,
Norte,E1,22:00:00,1315,0.06,1801.4,29.66,
Norte,E1,22:00:00,1318,0.07,1801.36,29.63,
Norte,E1,22:00:00,1319,0.02,1801.36,29.28,
Norte,E1,22:00:00,1321,0.04,1801.46,21.49,
Norte,E1,22:00:00,1322,0.0,1801.46,22.26,
Norte,E1,22:00:00,1323,0.05,1801.46,22.05,
Norte,E1,22:00:00,1324,0.02,1801.47,20.62,
Norte,E1,22:00:00,1326,0.08,1801.46,20.27,
Norte,E1,22:00:00,1334,0.06,1801.46,22.18,
Norte,E1,22:00:00,1335,0.06,1801.44,22.73,
Norte,E1,22:00:00,1336,0.01,1801.44,21.86,
Norte,E1,22:00:00,1340,0.04,1801.46,29.12,
Norte,E1,22:00:00,5010,0.03,1801.44,25.99,
Norte,E1,22:00:00,5011,0.05,1801.35,26.14,
Norte,E1,22:00:00,5019,0.05,1801.36,32.18,
Norte,E1,22:00:00,5086,0.06,1801.37,32.66,
Norte,E1,22:00:00,5087,0.01,1801.37,32.71,
Norte,E1,22:00:00,5108,0.0,1801.35,26.07,
Norte,E1,22:00:00,5112,0.02,1801.49,21.7,
Norte,E1,22:00:00,5148,0.0,1801.37,32.39,
Norte,E1,22:00:00,5193,0.0,1801.37,31.52,
Norte,E1,22:00:00,5204,0.13,1801.32,25.6,
Norte,E1,22:00:00,5241,0.0,1801.44,19.81,
Norte,E1,22:00:00,5264,0.02,1801.38,32.68,
Norte,E1,22:00:00,5289,0.01,1801.36,29.88,
Norte,E1,22:00:00,5291,0.02,1801.4,29.92,
Norte,E1,22:00:00,5311,0.12,1801.36,32.61,
Norte,E1,22:00:00,5312,0.0,1801.36,32.75,
Norte,E1,22:00:00,5313,0.01,1801.36,32.55,
Norte,E1,22:00:00,5314,0.01,1801.35,26.0,
Norte,E1,22:00:00,5342,0.03,1801.44,25.89,
Norte,E1,22:00:00,5343,0.12,1801.5,21.02,
Norte,E1,22:00:00,5344,0.13,1801.5,25.96,
Norte,E1,22:00:00,5345,0.13,1801.5,26.12,
Norte,E1,22:00:00,5478,0.0,1801.49,21.71,
Norte,E1,22:00:00,5484,0.01,1801.44,19.28,
Norte,E1,22:00:00,5493,0.01,1801.39,30.91,
Norte,E1,22:00:00,5494,0.01,1801.39,30.98,
Norte,E1,22:00:00,5495,0.09,1801.36,32.89,
Norte,E1,22:00:00,5506,0.02,1801.43,22.95,
Norte,E1,22:00:00,5523,0.0,1801.37,29.36,
Norte,E1,22:00:00,5533,0.03,1801.46,20.92,
Norte,E1,22:00:00,5537,0.04,1801.37,29.62,
Norte,E1,22:00:00,5538,0.06,1801.37,29.94,
Norte,E1,22:00:00,5603,0.04,1801.38,31.16,
Norte,E1,22:00:00,5604,0.06,1801.37,30.72,
Norte,E1,22:00:00,5613,0.06,1801.38,32.57,
Norte,E1,22:00:00,5614,0.03,1801.39,32.66,
Norte,E1,22:00:00,5620,0.04,1801.36,32.51,
Norte,E1,22:00:00,5621,0.03,1801.36,32.45,
Norte,E1,22:00:00,5678,0.06,1801.36,30.04,
Norte,E1,22:00:00,5685,0.02,1801.39,25.85,
Norte,E1,22:00:00,5709,0.14,1801.5,21.03,
Norte,E1,22:00:00,5744,0.05,1801.39,32.31,
Norte,E1,22:00:00,5746,0.07,1801.44,24.59,
Norte,E1,22:00:00,5747,0.04,1801.42,26.09,
Norte,E1,22:00:00,5748,0.06,1801.56,21.3,
Norte,E1,22:00:00,5749,0.06,1801.62,21.47,
Norte,E1,22:00:00,5750,0.03,1801.67,21.34,
Norte,E1,22:00:00,5760,0.04,1801.72,21.08,
Norte,E1,22:00:00,5761,0.03,1801.68,21.45,
Norte,E1,22:00:00,5762,0.01,1801.77,20.53,
Norte,E1,22:00:00,5763,0.03,1801.75,20.75,
Norte,E1,22:00:00,10020,0.04,1801.38,33.44,
Norte,E1,22:00:00,10059,0.04,1801.36,29.87,
Norte,E1,22:00:00,10061,0.0,1801.46,20.75,
Norte,E1,22:00:00,10062,0.0,1801.48,20.66,
Norte,E1,22:00:00,10063,0.0,1801.51,20.92,
Norte,E1,22:00:00,10082,0.08,1801.44,20.7,
Norte,E1,23:00:00,346,0.04,1801.42,33.72,
Norte,E1,23:00:00,347,0.07,1801.42,33.9,
Norte,E1,23:00:00,348,0.1,1801.42,33.91,
Norte,E1,23:00:00,349,0.05,1801.42,32.59,
Norte,E1,23:00:00,350,0.02,1801.42,32.58,
Norte,E1,23:00:00,351,0.04,1801.43,34.18,
Norte,E1,23:00:00,352,0.11,1801.43,34.06,
Norte,E1,23:00:00,353,0.06,1801.43,33.97,
Norte,E1,23:00:00,354,0.11,1801.44,32.74,
Norte,E1,23:00:00,355,0.04,1801.45,32.67,
Norte,E1,23:00:00,356,0.07,1801.45,32.71,
Norte,E1,23:00:00,357,0.03,1801.45,32.93,
Norte,E1,23:00:00,358,0.02,1801.45,33.18,
Norte,E1,23:00:00,362,0.07,1801.44,32.74,
Norte,E1,23:00:00,363,0.03,1801.44,32.73,
Norte,E1,23:00:00,364,0.07,1801.44,32.73,
Norte,E1,23:00:00,368,0.03,1801.43,32.76,
Norte,E1,23:00:00,371,0.05,1801.43,32.74,
Norte,E1,23:00:00,400,0.05,1801.43,32.45,
Norte,E1,23:00:00,401,0.05,1801.43,32.47,
Norte,E1,23:00:00,404,0.02,1801.43,32.27,
Norte,E1,23:00:00,405,0.01,1801.43,32.22,
Norte,E1,23:00:00,1049,0.02,1801.43,30.03,
Norte,E1,23:00:00,1051,0.03,1801.43,29.92,
Norte,E1,23:00:00,1053,0.02,1801.43,29.92,
Norte,E1,23:00:00,1059,0.05,1801.43,29.69,
Norte,E1,23:00:00,1063,0.02,1801.43,29.42,
Norte,E1,23:00:00,1077,0.02,1801.43,29.88,
Norte,E1,23:00:00,1089,0.03,1801.42,30.03,
Norte,E1,23:00:00,1093,0.06,1801.42,29.58,
Norte,E1,23:00:00,1094,0.02,1801.42,29.34,
Norte,E1,23:00:00,1095,0.02,1801.43,29.84,
Norte,E1,23:00:00,1100,0.04,1801.43,30.45,
Norte,E1,23:00:00,1102,0.06,1801.43,30.4,
Norte,E1,23:00:00,1103,0.01,1801.43,31.38,
Norte,E1,23:00:00,1104,0.06,1801.43,30.43,
Norte,E1,23:00:00,1106,0.07,1801.43,30.37,
Norte,E1,23:00:00,1107,0.03,1801.43,30.63,
Norte,E1,23:00:00,1109,0.01,1801.43,30.62,
Norte,E1,23:00:00,1110,0.01,1801.43,30.26,
Norte,E1,23:00:00,1112,0.02,1801.43,30.28,
Norte,E1,23:00:00,1113,0.03,1801.43,30.02,
Norte,E1,23:00:00,1115,0.07,1801.43,30.01,
Norte,E1,23:00:00,1117,0.07,1801.43,30.06,
Norte,E1,23:00:00,1119,0.09,1801.43,30.65,
Norte,E1,23:00:00,1120,0.07,1801.43,30.22,
Norte,E1,23:00:00,1122,0.05,1801.43,31.52,
Norte,E1,23:00:00,1125,0.05,1801.43,31.46,
Norte,E1,23:00:00,1128,0.05,1801.43,31.71,
Norte,E1,23:00:00,1130,0.06,1801.43,31.53,
Norte,E1,23:00:00,1131,0.07,1801.43,31.68,
Norte,E1,23:00:00,1133,0.02,1801.43,32.71,
Norte,E1,23:00:00,1134,0.12,1801.45,32.78,
Norte,E1,23:00:00,1135,0.08,1801.43,32.89,
Norte,E1,23:00:00,1137,0.1,1801.45,32.72,
Norte,E1,23:00:00,1139,0.07,1801.45,32.7,
Norte,E1,23:00:00,1140,0.03,1801.45,32.75,
Norte,E1,23:00:00,1141,0.05,1801.43,31.69,
Norte,E1,23:00:00,1142,0.02,1801.44,31.64,
Norte,E1,23:00:00,1143,0.07,1801.44,32.49,
Norte,E1,23:00:00,1144,0.06,1801.43,32.66,
Norte,E1,23:00:00,1145,0.03,1801.44,32.58,
Norte,E1,23:00:00,1147,0.0,1801.43,32.73,
Norte,E1,23:00:00,1148,0.0,1801.44,32.75,
Norte,E1,23:00:00,1149,0.13,1801.46,31.35,
Norte,E1,23:00:00,1150,0.18,1801.44,31.16,
Norte,E1,23:00:00,1151,0.03,1801.5,27.27,
Norte,E1,23:00:00,1153,0.01,1801.47,28.87,
Norte,E1,23:00:00,1154,0.0,1801.47,29.32,
Norte,E1,23:00:00,1158,0.09,1801.47,29.53,
Norte,E1,23:00:00,1159,0.07,1801.46,31.9,
Norte,E1,23:00:00,1161,0.03,1801.46,30.97,
Norte,E1,23:00:00,1162,0.0,1801.45,32.39,
Norte,E1,23:00:00,1164,0.08,1801.45,32.47,
Norte,E1,23:00:00,1165,0.03,1801.45,32.58,
Norte,E1,23:00:00,1166,0.04,1801.45,32.13,
Norte,E1,23:00:00,1169,0.07,1801.45,32.75,
Norte,E1,23:00:00,1171,0.06,1801.44,32.76,
Norte,E1,23:00:00,1172,0.13,1801.44,33.81,
Norte,E1,23:00:00,1174,0.05,1801.44,33.61,
Norte,E1,23:00:00,1175,0.1,1801.45,32.11,
Norte,E1,23:00:00,1176,0.14,1801.45,33.6,
Norte,E1,23:00:00,1179,0.05,1801.45,33.11,
Norte,E1,23:00:00,1181,0.01,1801.44,33.6,
Norte,E1,23:00:00,1182,0.05,1801.45,32.84,
Norte,E1,23:00:00,1184,0.03,1801.48,25.04,
Norte,E1,23:00:00,1185,0.02,1801.47,26.74,
Norte,E1,23:00:00,1186,0.01,1801.47,26.06,
Norte,E1,23:00:00,1187,0.17,1801.45,25.74,
Norte,E1,23:00:00,1189,0.01,1801.41,25.32,
Norte,E1,23:00:00,1190,0.05,1801.41,26.28,
Norte,E1,23:00:00,1191,0.05,1801.45,29.33,
Norte,E1,23:00:00,1192,0.01,1801.45,27.43,
Norte,E1,23:00:00,1196,0.04,1801.39,27.17,
Norte,E1,23:00:00,1197,0.04,1801.39,27.64,
Norte,E1,23:00:00,1207,0.09,1801.39,25.6,
Norte,E1,23:00:00,1216,0.07,1801.38,19.35,
Norte,E1,23:00:00,1221,0.04,1801.49,19.93,
Norte,E1,23:00:00,1223,0.04,1801.49,19.71,
Norte,E1,23:00:00,1224,0.06,1801.48,23.3,
Norte,E1,23:00:00,1225,0.03,1801.47,24.77,
Norte,E1,23:00:00,1226,0.05,1801.48,23.53,
Norte,E1,23:00:00,1228,0.03,1801.48,22.86,
Norte,E1,23:00:00,1229,0.01,1801.48,22.56,
Norte,E1,23:00:00,1230,0.01,1801.48,22.51,
Norte,E1,23:00:00,1231,0.01,1801.48,22.59,
Norte,E1,23:00:00,1232,0.02,1801.48,22.05,
Norte,E1,23:00:00,1233,0.01,1801.48,22.02,
Norte,E1,23:00:00,1240,0.09,1801.49,21.32,
Norte,E1,23:00:00,1242,0.09,1801.48,22.48,
Norte,E1,23:00:00,1243,0.03,1801.48,23.25,
Norte,E1,23:00:00,1244,0.09,1801.47,24.8,
Norte,E1,23:00:00,1245,0.05,1801.47,25.88,
Norte,E1,23:00:00,1246,0.03,1801.46,26.06,
Norte,E1,23:00:00,1247,0.06,1801.46,25.82,
Norte,E1,23:00:00,1248,0.05,1801.46,25.53,
Norte,E1,23:00:00,1249,0.11,1801.48,23.9,
Norte,E1,23:00:00,1250,0.12,1801.49,22.8,
Norte,E1,23:00:00,1252,0.09,1801.5,21.41,
Norte,E1,23:00:00,1253,0.12,1801.48,23.87,
Norte,E1,23:00:00,1254,0.11,1801.5,22.2,
Norte,E1,23:00:00,1255,0.06,1801.52,21.95,
Norte,E1,23:00:00,1257,0.07,1801.52,21.33,
Norte,E1,23:00:00,1265,0.03,1801.55,20.96,
Norte,E1,23:00:00,1268,0.05,1801.55,21.05,
Norte,E1,23:00:00,1272,0.03,1801.53,21.7,
Norte,E1,23:00:00,1274,0.05,1801.53,21.73,
Norte,E1,23:00:00,1276,0.11,1801.51,22.7,
Norte,E1,23:00:00,1279,0.05,1801.5,23.99,
Norte,E1,23:00:00,1281,0.05,1801.5,24.36,
Norte,E1,23:00:00,1282,0.02,1801.5,25.83,
Norte,E1,23:00:00,1284,0.02,1801.44,31.2,
Norte,E1,23:00:00,1286,0.07,1801.5,22.91,
Norte,E1,23:00:00,1288,0.01,1801.5,24.94,
Norte,E1,23:00:00,1289,0.02,1801.5,23.27,
Norte,E1,23:00:00,1290,0.08,1801.5,23.35,
Norte,E1,23:00:00,1291,0.01,1801.51,21.12,
Norte,E1,23:00:00,1292,0.05,1801.51,21.35,
Norte,E1,23:00:00,1293,0.07,1801.51,22.0,
Norte,E1,23:00:00,1294,0.02,1801.51,21.85,
Norte,E1,23:00:00,1295,0.11,1801.52,21.03,
Norte,E1,23:00:00,1297,0.08,1801.52,20.64,
Norte,E1,23:00:00,1302,0.08,1801.51,20.11,
Norte,E1,23:00:00,1304,0.05,1801.51,20.11,
Norte,E1,23:00:00,1305,0.0,1801.51,20.12,
Norte,E1,23:00:00,1306,0.05,1801.51,20.12,
Norte,E1,23:00:00,1308,0.07,1801.51,20.65,
Norte,E1,23:00:00,1309,0.03,1801.51,28.54,
Norte,E1,23:00:00,1310,0.02,1801.51,24.69,
Norte,E1,23:00:00,1312,0.08,1801.46,29.54,
Norte,E1,23:00:00,1313,0.0,1801.46,29.76,
Norte,E1,23:00:00,1315,0.05,1801.46,29.72,
Norte,E1,23:00:00,1318,0.07,1801.42,29.69,
Norte,E1,23:00:00,1319,0.01,1801.42,29.34,
Norte,E1,23:00:00,1321,0.04,1801.51,21.54,
Norte,E1,23:00:00,1322,0.0,1801.51,22.31,
Norte,E1,23:00:00,1323,0.05,1801.51,22.1,
Norte,E1,23:00:00,1324,0.02,1801.51,20.66,
Norte,E1,23:00:00,1326,0.07,1801.51,20.32,
Norte,E1,23:00:00,1334,0.05,1801.5,22.22,
Norte,E1,23:00:00,1335,0.06,1801.49,22.78,
Norte,E1,23:00:00,1336,0.01,1801.49,21.91,
Norte,E1,23:00:00,1340,0.03,1801.5,29.16,
Norte,E1,23:00:00,5010,0.03,1801.49,26.04,
Norte,E1,23:00:00,5011,0.04,1801.41,26.2,
Norte,E1,23:00:00,5019,0.05,1801.42,32.24,
Norte,E1,23:00:00,5086,0.06,1801.43,32.72,
Norte,E1,23:00:00,5087,0.01,1801.43,32.77,
Norte,E1,23:00:00,5108,0.0,1801.41,26.13,
Norte,E1,23:00:00,5112,0.02,1801.53,21.74,
Norte,E1,23:00:00,5148,0.0,1801.43,32.45,
Norte,E1,23:00:00,5193,0.0,1801.43,31.58,
Norte,E1,23:00:00,5204,0.12,1801.39,25.67,
Norte,E1,23:00:00,5241,0.0,1801.49,19.86,
Norte,E1,23:00:00,5264,0.02,1801.44,32.74,
Norte,E1,23:00:00,5289,0.01,1801.42,29.94,
Norte,E1,23:00:00,5291,0.01,1801.46,29.98,
Norte,E1,23:00:00,5311,0.11,1801.43,32.68,
Norte,E1,23:00:00,5312,0.0,1801.43,32.82,
Norte,E1,23:00:00,5313,0.01,1801.43,32.62,
Norte,E1,23:00:00,5314,0.01,1801.41,26.06,
Norte,E1,23:00:00,5342,0.03,1801.49,25.94,
Norte,E1,23:00:00,5343,0.11,1801.55,21.07,
Norte,E1,23:00:00,5344,0.11,1801.54,26.0,
Norte,E1,23:00:00,5345,0.11,1801.54,26.16,
Norte,E1,23:00:00,5478,0.0,1801.53,21.75,
Norte,E1,23:00:00,5484,0.0,1801.49,19.33,
Norte,E1,23:00:00,5493,0.01,1801.45,30.97,
Norte,E1,23:00:00,5494,0.01,1801.45,31.04,
Norte,E1,23:00:00,5495,0.08,1801.43,32.96,
Norte,E1,23:00:00,5506,0.01,1801.48,23.0,
Norte,E1,23:00:00,5523,0.0,1801.43,29.42,
Norte,E1,23:00:00,5533,0.02,1801.51,20.97,
Norte,E1,23:00:00,5537,0.03,1801.43,29.68,
Norte,E1,23:00:00,5538,0.06,1801.43,30.0,
Norte,E1,23:00:00,5603,0.04,1801.44,31.22,
Norte,E1,23:00:00,5604,0.06,1801.43,30.78,
Norte,E1,23:00:00,5613,0.06,1801.44,32.63,
Norte,E1,23:00:00,5614,0.02,1801.45,32.72,
Norte,E1,23:00:00,5620,0.04,1801.42,32.57,
Norte,E1,23:00:00,5621,0.03,1801.42,32.51,
Norte,E1,23:00:00,5678,0.05,1801.43,30.11,
Norte,E1,23:00:00,5685,0.02,1801.45,25.91,
Norte,E1,23:00:00,5709,0.13,1801.55,21.08,
Norte,E1,23:00:00,5744,0.04,1801.45,32.37,
Norte,E1,23:00:00,5746,0.07,1801.49,24.64,
Norte,E1,23:00:00,5747,0.04,1801.47,26.14,
Norte,E1,23:00:00,5748,0.05,1801.59,21.33,
Norte,E1,23:00:00,5749,0.05,1801.64,21.49,
Norte,E1,23:00:00,5750,0.03,1801.68,21.35,
Norte,E1,23:00:00,5760,0.03,1801.73,21.09,
Norte,E1,23:00:00,5761,0.02,1801.69,21.46,
Norte,E1,23:00:00,5762,0.01,1801.77,20.53,
Norte,E1,23:00:00,5763,0.02,1801.76,20.76,
Norte,E1,23:00:00,10020,0.04,1801.44,33.5,
Norte,E1,23:00:00,10059,0.03,1801.43,29.94,
Norte,E1,23:00:00,10061,0.0,1801.51,20.8,
Norte,E1,23:00:00,10062,0.0,1801.52,20.7,
Norte,E1,23:00:00,10063,0.0,1801.55,20.96,
Norte,E1,23:00:00,10082,0.07,1801.49,20.75,
Norte,E1,24:00:00,346,0.03,1801.47,33.77,
Norte,E1,24:00:00,347,0.06,1801.47,33.95,
Norte,E1,24:00:00,348,0.1,1801.47,33.96,
Norte,E1,24:00:00,349,0.04,1801.47,32.64,
Norte,E1,24:00:00,350,0.02,1801.47,32.63,
Norte,E1,24:00:00,351,0.04,1801.47,34.22,
Norte,E1,24:00:00,352,0.1,1801.47,34.1,
Norte,E1,24:00:00,353,0.06,1801.47,34.01,
Norte,E1,24:00:00,354,0.1,1801.49,32.79,
Norte,E1,24:00:00,355,0.04,1801.49,32.71,
Norte,E1,24:00:00,356,0.07,1801.49,32.75,
Norte,E1,24:00:00,357,0.03,1801.49,32.97,
Norte,E1,24:00:00,358,0.02,1801.49,33.22,
Norte,E1,24:00:00,362,0.07,1801.48,32.78,
Norte,E1,24:00:00,363,0.03,1801.48,32.77,
Norte,E1,24:00:00,364,0.06,1801.48,32.77,
Norte,E1,24:00:00,368,0.03,1801.47,32.8,
Norte,E1,24:00:00,371,0.04,1801.47,32.78,
Norte,E1,24:00:00,400,0.05,1801.48,32.5,
Norte,E1,24:00:00,401,0.04,1801.48,32.52,
Norte,E1,24:00:00,404,0.02,1801.48,32.32,
Norte,E1,24:00:00,405,0.01,1801.48,32.27,
Norte,E1,24:00:00,1049,0.02,1801.47,30.07,
Norte,E1,24:00:00,1051,0.03,1801.47,29.96,
Norte,E1,24:00:00,1053,0.02,1801.47,29.96,
Norte,E1,24:00:00,1059,0.04,1801.47,29.73,
Norte,E1,24:00:00,1063,0.02,1801.47,29.46,
Norte,E1,24:00:00,1077,0.02,1801.47,29.92,
Norte,E1,24:00:00,1089,0.03,1801.47,30.08,
Norte,E1,24:00:00,1093,0.06,1801.47,29.63,
Norte,E1,24:00:00,1094,0.01,1801.47,29.39,
Norte,E1,24:00:00,1095,0.02,1801.47,29.88,
Norte,E1,24:00:00,1100,0.03,1801.47,30.49,
Norte,E1,24:00:00,1102,0.06,1801.47,30.44,
Norte,E1,24:00:00,1103,0.0,1801.47,31.42,
Norte,E1,24:00:00,1104,0.06,1801.47,30.47,
Norte,E1,24:00:00,1106,0.07,1801.47,30.41,
Norte,E1,24:00:00,1107,0.03,1801.47,30.67,
Norte,E1,24:00:00,1109,0.01,1801.47,30.66,
Norte,E1,24:00:00,1110,0.01,1801.47,30.3,
Norte,E1,24:00:00,1112,0.02,1801.47,30.32,
Norte,E1,24:00:00,1113,0.03,1801.47,30.06,
Norte,E1,24:00:00,1115,0.07,1801.47,30.05,
Norte,E1,24:00:00,1117,0.07,1801.47,30.1,
Norte,E1,24:00:00,1119,0.09,1801.47,30.69,
Norte,E1,24:00:00,1120,0.06,1801.47,30.26,
Norte,E1,24:00:00,1122,0.04,1801.47,31.56,
Norte,E1,24:00:00,1125,0.05,1801.47,31.5,
Norte,E1,24:00:00,1128,0.05,1801.47,31.75,
Norte,E1,24:00:00,1130,0.06,1801.47,31.57,
Norte,E1,24:00:00,1131,0.06,1801.47,31.72,
Norte,E1,24:00:00,1133,0.02,1801.47,32.75,
Norte,E1,24:00:00,1134,0.11,1801.49,32.82,
Norte,E1,24:00:00,1135,0.07,1801.47,32.93,
Norte,E1,24:00:00,1137,0.1,1801.49,32.76,
Norte,E1,24:00:00,1139,0.06,1801.49,32.74,
Norte,E1,24:00:00,1140,0.02,1801.49,32.79,
Norte,E1,24:00:00,1141,0.04,1801.47,31.73,
Norte,E1,24:00:00,1142,0.02,1801.48,31.68,
Norte,E1,24:00:00,1143,0.06,1801.48,32.53,
Norte,E1,24:00:00,1144,0.06,1801.47,32.7,
Norte,E1,24:00:00,1145,0.03,1801.48,32.62,
Norte,E1,24:00:00,1147,0.0,1801.48,32.78,
Norte,E1,24:00:00,1148,0.0,1801.48,32.79,
Norte,E1,24:00:00,1149,0.12,1801.5,31.39,
Norte,E1,24:00:00,1150,0.16,1801.48,31.2,
Norte,E1,24:00:00,1151,0.03,1801.54,27.31,
Norte,E1,24:00:00,1153,0.01,1801.51,28.91,
Norte,E1,24:00:00,1154,0.0,1801.51,29.36,
Norte,E1,24:00:00,1158,0.09,1801.51,29.57,
Norte,E1,24:00:00,1159,0.06,1801.5,31.94,
Norte,E1,24:00:00,1161,0.03,1801.5,31.01,
Norte,E1,24:00:00,1162,0.0,1801.49,32.43,
Norte,E1,24:00:00,1164,0.08,1801.49,32.51,
Norte,E1,24:00:00,1165,0.03,1801.49,32.62,
Norte,E1,24:00:00,1166,0.04,1801.5,32.18,
Norte,E1,24:00:00,1169,0.07,1801.49,32.79,
Norte,E1,24:00:00,1171,0.05,1801.48,32.8,
Norte,E1,24:00:00,1172,0.12,1801.48,33.85,
Norte,E1,24:00:00,1174,0.04,1801.48,33.65,
Norte,E1,24:00:00,1175,0.09,1801.49,32.15,
Norte,E1,24:00:00,1176,0.13,1801.49,33.64,
Norte,E1,24:00:00,1179,0.04,1801.49,33.15,
Norte,E1,24:00:00,1181,0.01,1801.48,33.64,
Norte,E1,24:00:00,1182,0.05,1801.49,32.88,
Norte,E1,24:00:00,1184,0.03,1801.51,25.07,
Norte,E1,24:00:00,1185,0.02,1801.51,26.78,
Norte,E1,24:00:00,1186,0.01,1801.51,26.1,
Norte,E1,24:00:00,1187,0.16,1801.49,25.78,
Norte,E1,24:00:00,1189,0.01,1801.46,25.37,
Norte,E1,24:00:00,1190,0.05,1801.46,26.33,
Norte,E1,24:00:00,1191,0.05,1801.49,29.37,
Norte,E1,24:00:00,1192,0.01,1801.49,27.47,
Norte,E1,24:00:00,1196,0.04,1801.43,27.21,
Norte,E1,24:00:00,1197,0.04,1801.43,27.68,
Norte,E1,24:00:00,1207,0.09,1801.43,25.64,
Norte,E1,24:00:00,1216,0.07,1801.43,19.4,
Norte,E1,24:00:00,1221,0.04,1801.52,19.96,
Norte,E1,24:00:00,1223,0.04,1801.52,19.74,
Norte,E1,24:00:00,1224,0.05,1801.52,23.34,
Norte,E1,24:00:00,1225,0.03,1801.5,24.8,
Norte,E1,24:00:00,1226,0.05,1801.52,23.57,
Norte,E1,24:00:00,1228,0.03,1801.52,22.9,
Norte,E1,24:00:00,1229,0.01,1801.52,22.6,
Norte,E1,24:00:00,1230,0.01,1801.52,22.55,
Norte,E1,24:00:00,1231,0.01,1801.52,22.63,
Norte,E1,24:00:00,1232,0.02,1801.52,22.09,
Norte,E1,24:00:00,1233,0.01,1801.52,22.06,
Norte,E1,24:00:00,1240,0.09,1801.53,21.36,
Norte,E1,24:00:00,1242,0.09,1801.52,22.52,
Norte,E1,24:00:00,1243,0.03,1801.52,23.29,
Norte,E1,24:00:00,1244,0.09,1801.51,24.84,
Norte,E1,24:00:00,1245,0.05,1801.5,25.91,
Norte,E1,24:00:00,1246,0.03,1801.5,26.1,
Norte,E1,24:00:00,1247,0.05,1801.5,25.86,
Norte,E1,24:00:00,1248,0.05,1801.5,25.57,
Norte,E1,24:00:00,1249,0.11,1801.51,23.93,
Norte,E1,24:00:00,1250,0.11,1801.52,22.83,
Norte,E1,24:00:00,1252,0.08,1801.53,21.44,
Norte,E1,24:00:00,1253,0.11,1801.52,23.91,
Norte,E1,24:00:00,1254,0.1,1801.53,22.23,
Norte,E1,24:00:00,1255,0.06,1801.55,21.98,
Norte,E1,24:00:00,1257,0.06,1801.55,21.36,
Norte,E1,24:00:00,1265,0.02,1801.58,20.99,
Norte,E1,24:00:00,1268,0.05,1801.58,21.08,
Norte,E1,24:00:00,1272,0.02,1801.56,21.73,
Norte,E1,24:00:00,1274,0.05,1801.56,21.76,
Norte,E1,24:00:00,1276,0.1,1801.55,22.74,
Norte,E1,24:00:00,1279,0.04,1801.54,24.03,
Norte,E1,24:00:00,1281,0.05,1801.54,24.4,
Norte,E1,24:00:00,1282,0.02,1801.54,25.87,
Norte,E1,24:00:00,1284,0.02,1801.48,31.24,
Norte,E1,24:00:00,1286,0.06,1801.54,22.95,
Norte,E1,24:00:00,1288,0.01,1801.54,24.98,
Norte,E1,24:00:00,1289,0.02,1801.54,23.31,
Norte,E1,24:00:00,1290,0.08,1801.54,23.39,
Norte,E1,24:00:00,1291,0.0,1801.54,21.15,
Norte,E1,24:00:00,1292,0.05,1801.54,21.38,
Norte,E1,24:00:00,1293,0.06,1801.54,22.03,
Norte,E1,24:00:00,1294,0.02,1801.55,21.89,
Norte,E1,24:00:00,1295,0.1,1801.55,21.06,
Norte,E1,24:00:00,1297,0.07,1801.55,20.67,
Norte,E1,24:00:00,1302,0.07,1801.55,20.15,
Norte,E1,24:00:00,1304,0.04,1801.55,20.15,
Norte,E1,24:00:00,1305,0.0,1801.55,20.16,
Norte,E1,24:00:00,1306,0.05,1801.55,20.16,
Norte,E1,24:00:00,1308,0.06,1801.54,20.68,
Norte,E1,24:00:00,1309,0.03,1801.54,28.57,
Norte,E1,24:00:00,1310,0.01,1801.54,24.72,
Norte,E1,24:00:00,1312,0.08,1801.5,29.58,
Norte,E1,24:00:00,1313,0.0,1801.5,29.8,
Norte,E1,24:00:00,1315,0.05,1801.5,29.76,
Norte,E1,24:00:00,1318,0.06,1801.47,29.74,
Norte,E1,24:00:00,1319,0.01,1801.47,29.39,
Norte,E1,24:00:00,1321,0.04,1801.54,21.57,
Norte,E1,24:00:00,1322,0.0,1801.54,22.34,
Norte,E1,24:00:00,1323,0.05,1801.54,22.13,
Norte,E1,24:00:00,1324,0.02,1801.55,20.7,
Norte,E1,24:00:00,1326,0.07,1801.54,20.35,
Norte,E1,24:00:00,1334,0.05,1801.54,22.26,
Norte,E1,24:00:00,1335,0.05,1801.53,22.82,
Norte,E1,24:00:00,1336,0.01,1801.53,21.95,
Norte,E1,24:00:00,1340,0.03,1801.54,29.2,
Norte,E1,24:00:00,5010,0.02,1801.52,26.07,
Norte,E1,24:00:00,5011,0.04,1801.46,26.25,
Norte,E1,24:00:00,5019,0.04,1801.47,32.29,
Norte,E1,24:00:00,5086,0.05,1801.48,32.77,
Norte,E1,24:00:00,5087,0.0,1801.48,32.82,
Norte,E1,24:00:00,5108,0.0,1801.46,26.18,
Norte,E1,24:00:00,5112,0.02,1801.56,21.77,
Norte,E1,24:00:00,5148,0.0,1801.48,32.5,
Norte,E1,24:00:00,5193,0.0,1801.47,31.62,
Norte,E1,24:00:00,5204,0.11,1801.43,25.71,
Norte,E1,24:00:00,5241,0.0,1801.52,19.89,
Norte,E1,24:00:00,5264,0.02,1801.48,32.78,
Norte,E1,24:00:00,5289,0.01,1801.47,29.99,
Norte,E1,24:00:00,5291,0.01,1801.5,30.02,
Norte,E1,24:00:00,5311,0.1,1801.47,32.72,
Norte,E1,24:00:00,5312,0.0,1801.47,32.86,
Norte,E1,24:00:00,5313,0.0,1801.47,32.66,
Norte,E1,24:00:00,5314,0.01,1801.46,26.11,
Norte,E1,24:00:00,5342,0.03,1801.52,25.97,
Norte,E1,24:00:00,5343,0.11,1801.57,21.09,
Norte,E1,24:00:00,5344,0.11,1801.57,26.03,
Norte,E1,24:00:00,5345,0.11,1801.57,26.19,
Norte,E1,24:00:00,5478,0.0,1801.56,21.78,
Norte,E1,24:00:00,5484,0.0,1801.52,19.36,
Norte,E1,24:00:00,5493,0.01,1801.49,31.01,
Norte,E1,24:00:00,5494,0.01,1801.49,31.08,
Norte,E1,24:00:00,5495,0.08,1801.47,33.0,
Norte,E1,24:00:00,5506,0.01,1801.52,23.04,
Norte,E1,24:00:00,5523,0.0,1801.47,29.46,
Norte,E1,24:00:00,5533,0.02,1801.54,21.0,
Norte,E1,24:00:00,5537,0.03,1801.47,29.72,
Norte,E1,24:00:00,5538,0.05,1801.47,30.04,
Norte,E1,24:00:00,5603,0.04,1801.48,31.26,
Norte,E1,24:00:00,5604,0.05,1801.48,30.83,
Norte,E1,24:00:00,5613,0.05,1801.48,32.67,
Norte,E1,24:00:00,5614,0.02,1801.49,32.76,
Norte,E1,24:00:00,5620,0.04,1801.47,32.62,
Norte,E1,24:00:00,5621,0.03,1801.47,32.56,
Norte,E1,24:00:00,5678,0.05,1801.47,30.15,
Norte,E1,24:00:00,5685,0.02,1801.49,25.95,
Norte,E1,24:00:00,5709,0.12,1801.57,21.1,
Norte,E1,24:00:00,5744,0.04,1801.49,32.41,
Norte,E1,24:00:00,5746,0.06,1801.53,24.68,
Norte,E1,24:00:00,5747,0.04,1801.51,26.18,
Norte,E1,24:00:00,5748,0.05,1801.61,21.35,
Norte,E1,24:00:00,5749,0.05,1801.66,21.51,
Norte,E1,24:00:00,5750,0.03,1801.7,21.37,
Norte,E1,24:00:00,5760,0.03,1801.73,21.09,
Norte,E1,24:00:00,5761,0.02,1801.71,21.48,
Norte,E1,24:00:00,5762,0.01,1801.77,20.53,
Norte,E1,24:00:00,5763,0.02,1801.76,20.76,
Norte,E1,24:00:00,10020,0.04,1801.48,33.54,
Norte,E1,24:00:00,10059,0.03,1801.47,29.98,
Norte,E1,24:00:00,10061,0.0,1801.54,20.83,
Norte,E1,24:00:00,10062,0.0,1801.55,20.73,
Norte,E1,24:00:00,10063,0.0,1801.58,20.99,
Norte,E1,24:00:00,10082,0.07,1801.53,20.79,
Norte,E2,0:00:00,346,0.03,1801.47,33.77,
Norte,E2,0:00:00,347,0.06,1801.47,33.95,
Norte,E2,0:00:00,348,0.1,1801.47,33.96,
Norte,E2,0:00:00,349,0.04,1801.47,32.64,
Norte,E2,0:00:00,350,0.02,1801.47,32.63,
Norte,E2,0:00:00,351,0.04,1801.47,34.22,
Norte,E2,0:00:00,352,0.1,1801.47,34.1,
Norte,E2,0:00:00,353,0.06,1801.47,34.01,
Norte,E2,0:00:00,354,0.1,1801.49,32.79,
Norte,E2,0:00:00,355,0.04,1801.49,32.71,
Norte,E2,0:00:00,356,0.07,1801.49,32.75,
Norte,E2,0:00:00,357,0.03,1801.49,32.97,
Norte,E2,0:00:00,358,0.02,1801.49,33.22,
Norte,E2,0:00:00,362,0.07,1801.48,32.78,
Norte,E2,0:00:00,363,0.03,1801.48,32.77,
Norte,E2,0:00:00,364,0.06,1801.48,32.77,
Norte,E2,0:00:00,368,0.03,1801.47,32.8,
Norte,E2,0:00:00,371,0.04,1801.47,32.78,
Norte,E2,0:00:00,400,0.05,1801.48,32.5,
Norte,E2,0:00:00,401,0.04,1801.48,32.52,
Norte,E2,0:00:00,404,0.02,1801.48,32.32,
Norte,E2,0:00:00,405,0.01,1801.48,32.27,
Norte,E2,0:00:00,1049,0.02,1801.47,30.07,
Norte,E2,0:00:00,1051,0.03,1801.47,29.96,
Norte,E2,0:00:00,1053,0.02,1801.47,29.96,
Norte,E2,0:00:00,1059,0.04,1801.47,29.73,
Norte,E2,0:00:00,1063,0.02,1801.47,29.46,
Norte,E2,0:00:00,1077,0.02,1801.47,29.92,
Norte,E2,0:00:00,1089,0.03,1801.47,30.08,
Norte,E2,0:00:00,1093,0.06,1801.47,29.63,
Norte,E2,0:00:00,1094,0.01,1801.47,29.39,
Norte,E2,0:00:00,1095,0.02,1801.47,29.88,
Norte,E2,0:00:00,1100,0.03,1801.47,30.49,
Norte,E2,0:00:00,1102,0.06,1801.47,30.44,
Norte,E2,0:00:00,1103,0.0,1801.47,31.42,
Norte,E2,0:00:00,1104,0.06,1801.47,30.47,
Norte,E2,0:00:00,1106,0.07,1801.47,30.41,
Norte,E2,0:00:00,1107,0.03,1801.47,30.67,
Norte,E2,0:00:00,1109,0.01,1801.47,30.66,
Norte,E2,0:00:00,1110,0.01,1801.47,30.3,
Norte,E2,0:00:00,1112,0.02,1801.47,30.32,
Norte,E2,0:00:00,1113,0.03,1801.47,30.06,
Norte,E2,0:00:00,1115,0.07,1801.47,30.05,
Norte,E2,0:00:00,1117,0.07,1801.47,30.1,
Norte,E2,0:00:00,1119,0.09,1801.47,30.69,
Norte,E2,0:00:00,1120,0.06,1801.47,30.26,
Norte,E2,0:00:00,1122,0.04,1801.47,31.56,
Norte,E2,0:00:00,1125,0.05,1801.47,31.5,
Norte,E2,0:00:00,1128,0.05,1801.47,31.75,
Norte,E2,0:00:00,1130,0.06,1801.47,31.57,
Norte,E2,0:00:00,1131,0.06,1801.47,31.72,
Norte,E2,0:00:00,1133,0.02,1801.47,32.75,
Norte,E2,0:00:00,1134,0.11,1801.49,32.82,
Norte,E2,0:00:00,1135,0.07,1801.47,32.93,
Norte,E2,0:00:00,1137,0.1,1801.49,32.76,
Norte,E2,0:00:00,1139,0.06,1801.49,32.74,
Norte,E2,0:00:00,1140,0.02,1801.49,32.79,
Norte,E2,0:00:00,1141,0.04,1801.47,31.73,
Norte,E2,0:00:00,1142,0.02,1801.48,31.68,
Norte,E2,0:00:00,1143,0.06,1801.48,32.53,
Norte,E2,0:00:00,1144,0.06,1801.47,32.7,
Norte,E2,0:00:00,1145,0.03,1801.48,32.62,
Norte,E2,0:00:00,1147,0.0,1801.48,32.78,
Norte,E2,0:00:00,1148,0.0,1801.48,32.79,
Norte,E2,0:00:00,1149,0.12,1801.5,31.39,
Norte,E2,0:00:00,1150,0.16,1801.48,31.2,
Norte,E2,0:00:00,1151,0.03,1801.54,27.31,
Norte,E2,0:00:00,1153,0.01,1801.51,28.91,
Norte,E2,0:00:00,1154,0.0,1801.51,29.36,
Norte,E2,0:00:00,1158,0.09,1801.51,29.57,
Norte,E2,0:00:00,1159,0.06,1801.5,31.94,
Norte,E2,0:00:00,1161,0.03,1801.5,31.01,
Norte,E2,0:00:00,1162,0.0,1801.49,32.43,
Norte,E2,0:00:00,1164,0.08,1801.49,32.51,
Norte,E2,0:00:00,1165,0.03,1801.49,32.62,
Norte,E2,0:00:00,1166,0.04,1801.5,32.18,
Norte,E2,0:00:00,1169,0.07,1801.49,32.79,
Norte,E2,0:00:00,1171,0.05,1801.48,32.8,
Norte,E2,0:00:00,1172,0.12,1801.48,33.85,
Norte,E2,0:00:00,1174,0.04,1801.48,33.65,
Norte,E2,0:00:00,1175,0.09,1801.49,32.15,
Norte,E2,0:00:00,1176,0.13,1801.49,33.64,
Norte,E2,0:00:00,1179,0.04,1801.49,33.15,
Norte,E2,0:00:00,1181,0.01,1801.48,33.64,
Norte,E2,0:00:00,1182,0.05,1801.49,32.88,
Norte,E2,0:00:00,1184,0.03,1801.51,25.07,
Norte,E2,0:00:00,1185,0.02,1801.51,26.78,
Norte,E2,0:00:00,1186,0.01,1801.51,26.1,
Norte,E2,0:00:00,1187,0.16,1801.49,25.78,
Norte,E2,0:00:00,1189,0.01,1801.46,25.37,
Norte,E2,0:00:00,1190,0.05,1801.46,26.33,
Norte,E2,0:00:00,1191,0.05,1801.49,29.37,
Norte,E2,0:00:00,1192,0.01,1801.49,27.47,
Norte,E2,0:00:00,1196,0.04,1801.43,27.21,
Norte,E2,0:00:00,1197,0.04,1801.43,27.68,
Norte,E2,0:00:00,1207,0.09,1801.43,25.64,
Norte,E2,0:00:00,1216,0.07,1801.43,19.4,
Norte,E2,0:00:00,1221,0.04,1801.52,19.96,
Norte,E2,0:00:00,1223,0.04,1801.52,19.74,
Norte,E2,0:00:00,1224,0.05,1801.52,23.34,
Norte,E2,0:00:00,1225,0.03,1801.5,24.8,
Norte,E2,0:00:00,1226,0.05,1801.52,23.57,
Norte,E2,0:00:00,1228,0.03,1801.52,22.9,
Norte,E2,0:00:00,1229,0.01,1801.52,22.6,
Norte,E2,0:00:00,1230,0.01,1801.52,22.55,
Norte,E2,0:00:00,1231,0.01,1801.52,22.63,
Norte,E2,0:00:00,1232,0.02,1801.52,22.09,
Norte,E2,0:00:00,1233,0.01,1801.52,22.06,
Norte,E2,0:00:00,1240,0.09,1801.53,21.36,
Norte,E2,0:00:00,1242,0.09,1801.52,22.52,
Norte,E2,0:00:00,1243,0.03,1801.52,23.29,
Norte,E2,0:00:00,1244,0.09,1801.51,24.84,
Norte,E2,0:00:00,1245,0.05,1801.5,25.91,
Norte,E2,0:00:00,1246,0.03,1801.5,26.1,
Norte,E2,0:00:00,1247,0.05,1801.5,25.86,
Norte,E2,0:00:00,1248,0.05,1801.5,25.57,
Norte,E2,0:00:00,1249,0.11,1801.51,23.93,
Norte,E2,0:00:00,1250,0.11,1801.52,22.83,
Norte,E2,0:00:00,1252,0.08,1801.53,21.44,
Norte,E2,0:00:00,1253,0.11,1801.52,23.91,
Norte,E2,0:00:00,1254,0.1,1801.53,22.23,
Norte,E2,0:00:00,1255,0.06,1801.55,21.98,
Norte,E2,0:00:00,1257,0.06,1801.55,21.36,
Norte,E2,0:00:00,1265,0.02,1801.58,20.99,
Norte,E2,0:00:00,1268,0.05,1801.58,21.08,
Norte,E2,0:00:00,1272,0.02,1801.56,21.73,
Norte,E2,0:00:00,1274,0.05,1801.56,21.76,
Norte,E2,0:00:00,1276,0.1,1801.55,22.74,
Norte,E2,0:00:00,1279,0.04,1801.54,24.03,
Norte,E2,0:00:00,1281,0.05,1801.54,24.4,
Norte,E2,0:00:00,1282,0.02,1801.54,25.87,
Norte,E2,0:00:00,1284,0.02,1801.48,31.24,
Norte,E2,0:00:00,1286,0.06,1801.54,22.95,
Norte,E2,0:00:00,1288,0.01,1801.54,24.98,
Norte,E2,0:00:00,1289,0.02,1801.54,23.31,
Norte,E2,0:00:00,1290,0.08,1801.54,23.39,
Norte,E2,0:00:00,1291,0.0,1801.54,21.15,
Norte,E2,0:00:00,1292,0.05,1801.54,21.38,
Norte,E2,0:00:00,1293,0.06,1801.54,22.03,
Norte,E2,0:00:00,1294,0.02,1801.55,21.89,
Norte,E2,0:00:00,1295,0.1,1801.55,21.06,
Norte,E2,0:00:00,1297,0.07,1801.55,20.67,
Norte,E2,0:00:00,1302,0.07,1801.55,20.15,
Norte,E2,0:00:00,1304,0.04,1801.55,20.15,
Norte,E2,0:00:00,1305,0.0,1801.55,20.16,
Norte,E2,0:00:00,1306,0.05,1801.55,20.16,
Norte,E2,0:00:00,1308,0.06,1801.54,20.68,
Norte,E2,0:00:00,1309,0.03,1801.54,28.57,
Norte,E2,0:00:00,1310,0.01,1801.54,24.72,
Norte,E2,0:00:00,1312,0.08,1801.5,29.58,
Norte,E2,0:00:00,1313,0.0,1801.5,29.8,
Norte,E2,0:00:00,1315,0.05,1801.5,29.76,
Norte,E2,0:00:00,1318,0.06,1801.47,29.74,
Norte,E2,0:00:00,1319,0.01,1801.47,29.39,
Norte,E2,0:00:00,1321,0.04,1801.54,21.57,
Norte,E2,0:00:00,1322,0.0,1801.54,22.34,
Norte,E2,0:00:00,1323,0.05,1801.54,22.13,
Norte,E2,0:00:00,1324,0.02,1801.55,20.7,
Norte,E2,0:00:00,1326,0.07,1801.54,20.35,
Norte,E2,0:00:00,1334,0.05,1801.54,22.26,
Norte,E2,0:00:00,1335,0.05,1801.53,22.82,
Norte,E2,0:00:00,1336,0.01,1801.53,21.95,
Norte,E2,0:00:00,1340,0.03,1801.54,29.2,
Norte,E2,0:00:00,5010,0.02,1801.52,26.07,
Norte,E2,0:00:00,5011,0.04,1801.46,26.25,
Norte,E2,0:00:00,5019,0.04,1801.47,32.29,
Norte,E2,0:00:00,5086,0.05,1801.48,32.77,
Norte,E2,0:00:00,5087,0.0,1801.48,32.82,
Norte,E2,0:00:00,5108,0.0,1801.46,26.18,
Norte,E2,0:00:00,5112,0.02,1801.56,21.77,
Norte,E2,0:00:00,5148,0.0,1801.48,32.5,
Norte,E2,0:00:00,5193,0.0,1801.47,31.62,
Norte,E2,0:00:00,5204,0.11,1801.43,25.71,
Norte,E2,0:00:00,5241,0.0,1801.52,19.89,
Norte,E2,0:00:00,5264,0.02,1801.48,32.78,
Norte,E2,0:00:00,5289,0.01,1801.47,29.99,
Norte,E2,0:00:00,5291,0.01,1801.5,30.02,
Norte,E2,0:00:00,5311,0.1,1801.47,32.72,
Norte,E2,0:00:00,5312,0.0,1801.47,32.86,
Norte,E2,0:00:00,5313,0.0,1801.47,32.66,
Norte,E2,0:00:00,5314,0.01,1801.46,26.11,
Norte,E2,0:00:00,5342,0.03,1801.52,25.97,
Norte,E2,0:00:00,5343,0.11,1801.57,21.09,
Norte,E2,0:00:00,5344,0.11,1801.57,26.03,
Norte,E2,0:00:00,5345,0.11,1801.57,26.19,
Norte,E2,0:00:00,5478,0.0,1801.56,21.78,
Norte,E2,0:00:00,5484,0.0,1801.52,19.36,
Norte,E2,0:00:00,5493,0.01,1801.49,31.01,
Norte,E2,0:00:00,5494,0.01,1801.49,31.08,
Norte,E2,0:00:00,5495,0.08,1801.47,33.0,
Norte,E2,0:00:00,5506,0.01,1801.52,23.04,
Norte,E2,0:00:00,5523,0.0,1801.47,29.46,
Norte,E2,0:00:00,5533,0.02,1801.54,21.0,
Norte,E2,0:00:00,5537,0.03,1801.47,29.72,
Norte,E2,0:00:00,5538,0.05,1801.47,30.04,
Norte,E2,0:00:00,5603,0.04,1801.48,31.26,
Norte,E2,0:00:00,5604,0.05,1801.48,30.83,
Norte,E2,0:00:00,5613,0.05,1801.48,32.67,
Norte,E2,0:00:00,5614,0.02,1801.49,32.76,
Norte,E2,0:00:00,5620,0.04,1801.47,32.62,
Norte,E2,0:00:00,5621,0.03,1801.47,32.56,
Norte,E2,0:00:00,5678,0.05,1801.47,30.15,
Norte,E2,0:00:00,5685,0.02,1801.49,25.95,
Norte,E2,0:00:00,5709,0.12,1801.57,21.1,
Norte,E2,0:00:00,5744,0.04,1801.49,32.41,
Norte,E2,0:00:00,5746,0.06,1801.53,24.68,
Norte,E2,0:00:00,5747,0.04,1801.51,26.18,
Norte,E2,0:00:00,5748,0.05,1801.61,21.35,
Norte,E2,0:00:00,5749,0.05,1801.66,21.51,
Norte,E2,0:00:00,5750,0.03,1801.7,21.37,
Norte,E2,0:00:00,5760,0.03,1801.73,21.09,
Norte,E2,0:00:00,5761,0.02,1801.71,21.48,
Norte,E2,0:00:00,5762,0.01,1801.77,20.53,
Norte,E2,0:00:00,5763,0.02,1801.76,20.76,
Norte,E2,0:00:00,10020,0.04,1801.48,33.54,
Norte,E2,0:00:00,10059,0.03,1801.47,29.98,
Norte,E2,0:00:00,10061,0.0,1801.54,20.83,
Norte,E2,0:00:00,10062,0.0,1801.55,20.73,
Norte,E2,0:00:00,10063,0.0,1801.58,20.99,
Norte,E2,0:00:00,10082,0.07,1801.53,20.79,
Norte,E2,1:00:00,346,0.04,1801.46,33.76,
Norte,E2,1:00:00,347,0.06,1801.46,33.94,
Norte,E2,1:00:00,348,0.1,1801.46,33.95,
Norte,E2,1:00:00,349,0.04,1801.46,32.63,
Norte,E2,1:00:00,350,0.02,1801.46,32.62,
Norte,E2,1:00:00,351,0.04,1801.46,34.21,
Norte,E2,1:00:00,352,0.1,1801.46,34.09,
Norte,E2,1:00:00,353,0.06,1801.46,34.0,
Norte,E2,1:00:00,354,0.1,1801.48,32.78,
Norte,E2,1:00:00,355,0.04,1801.48,32.7,
Norte,E2,1:00:00,356,0.07,1801.48,32.74,
Norte,E2,1:00:00,357,0.03,1801.48,32.96,
Norte,E2,1:00:00,358,0.02,1801.48,33.21,
Norte,E2,1:00:00,362,0.07,1801.47,32.77,
Norte,E2,1:00:00,363,0.03,1801.47,32.76,
Norte,E2,1:00:00,364,0.06,1801.47,32.76,
Norte,E2,1:00:00,368,0.03,1801.46,32.79,
Norte,E2,1:00:00,371,0.05,1801.46,32.77,
Norte,E2,1:00:00,400,0.05,1801.47,32.49,
Norte,E2,1:00:00,401,0.04,1801.47,32.51,
Norte,E2,1:00:00,404,0.02,1801.47,32.31,
Norte,E2,1:00:00,405,0.01,1801.47,32.26,
Norte,E2,1:00:00,1049,0.02,1801.46,30.06,
Norte,E2,1:00:00,1051,0.03,1801.46,29.95,
Norte,E2,1:00:00,1053,0.02,1801.46,29.95,
Norte,E2,1:00:00,1059,0.04,1801.46,29.72,
Norte,E2,1:00:00,1063,0.02,1801.46,29.45,
Norte,E2,1:00:00,1077,0.02,1801.46,29.91,
Norte,E2,1:00:00,1089,0.03,1801.46,30.07,
Norte,E2,1:00:00,1093,0.06,1801.46,29.62,
Norte,E2,1:00:00,1094,0.01,1801.46,29.38,
Norte,E2,1:00:00,1095,0.02,1801.46,29.87,
Norte,E2,1:00:00,1100,0.03,1801.46,30.48,
Norte,E2,1:00:00,1102,0.06,1801.46,30.43,
Norte,E2,1:00:00,1103,0.0,1801.46,31.41,
Norte,E2,1:00:00,1104,0.06,1801.46,30.46,
Norte,E2,1:00:00,1106,0.07,1801.46,30.4,
Norte,E2,1:00:00,1107,0.03,1801.46,30.66,
Norte,E2,1:00:00,1109,0.01,1801.46,30.65,
Norte,E2,1:00:00,1110,0.01,1801.46,30.29,
Norte,E2,1:00:00,1112,0.02,1801.46,30.31,
Norte,E2,1:00:00,1113,0.03,1801.46,30.05,
Norte,E2,1:00:00,1115,0.07,1801.46,30.04,
Norte,E2,1:00:00,1117,0.07,1801.46,30.09,
Norte,E2,1:00:00,1119,0.09,1801.46,30.68,
Norte,E2,1:00:00,1120,0.06,1801.46,30.25,
Norte,E2,1:00:00,1122,0.05,1801.46,31.55,
Norte,E2,1:00:00,1125,0.05,1801.46,31.49,
Norte,E2,1:00:00,1128,0.05,1801.46,31.74,
Norte,E2,1:00:00,1130,0.06,1801.46,31.56,
Norte,E2,1:00:00,1131,0.06,1801.46,31.71,
Norte,E2,1:00:00,1133,0.02,1801.46,32.74,
Norte,E2,1:00:00,1134,0.11,1801.48,32.81,
Norte,E2,1:00:00,1135,0.08,1801.46,32.92,
Norte,E2,1:00:00,1137,0.1,1801.48,32.75,
Norte,E2,1:00:00,1139,0.06,1801.48,32.73,
Norte,E2,1:00:00,1140,0.02,1801.48,32.78,
Norte,E2,1:00:00,1141,0.04,1801.46,31.72,
Norte,E2,1:00:00,1142,0.02,1801.47,31.67,
Norte,E2,1:00:00,1143,0.06,1801.47,32.52,
Norte,E2,1:00:00,1144,0.06,1801.46,32.69,
Norte,E2,1:00:00,1145,0.03,1801.47,32.61,
Norte,E2,1:00:00,1147,0.0,1801.47,32.77,
Norte,E2,1:00:00,1148,0.0,1801.47,32.78,
Norte,E2,1:00:00,1149,0.12,1801.49,31.38,
Norte,E2,1:00:00,1150,0.17,1801.47,31.19,
Norte,E2,1:00:00,1151,0.03,1801.53,27.3,
Norte,E2,1:00:00,1153,0.01,1801.5,28.9,
Norte,E2,1:00:00,1154,0.0,1801.5,29.35,
Norte,E2,1:00:00,1158,0.09,1801.5,29.56,
Norte,E2,1:00:00,1159,0.06,1801.49,31.93,
Norte,E2,1:00:00,1161,0.03,1801.49,31.0,
Norte,E2,1:00:00,1162,0.0,1801.48,32.42,
Norte,E2,1:00:00,1164,0.08,1801.48,32.5,
Norte,E2,1:00:00,1165,0.03,1801.48,32.61,
Norte,E2,1:00:00,1166,0.04,1801.49,32.17,
Norte,E2,1:00:00,1169,0.07,1801.48,32.78,
Norte,E2,1:00:00,1171,0.05,1801.47,32.79,
Norte,E2,1:00:00,1172,0.13,1801.47,33.84,
Norte,E2,1:00:00,1174,0.04,1801.47,33.64,
Norte,E2,1:00:00,1175,0.1,1801.48,32.14,
Norte,E2,1:00:00,1176,0.14,1801.48,33.63,
Norte,E2,1:00:00,1179,0.04,1801.48,33.14,
Norte,E2,1:00:00,1181,0.01,1801.47,33.63,
Norte,E2,1:00:00,1182,0.05,1801.48,32.87,
Norte,E2,1:00:00,1184,0.03,1801.51,25.07,
Norte,E2,1:00:00,1185,0.02,1801.5,26.77,
Norte,E2,1:00:00,1186,0.01,1801.5,26.09,
Norte,E2,1:00:00,1187,0.17,1801.49,25.78,
Norte,E2,1:00:00,1189,0.01,1801.45,25.36,
Norte,E2,1:00:00,1190,0.05,1801.45,26.32,
Norte,E2,1:00:00,1191,0.05,1801.48,29.36,
Norte,E2,1:00:00,1192,0.01,1801.48,27.46,
Norte,E2,1:00:00,1196,0.04,1801.42,27.2,
Norte,E2,1:00:00,1197,0.04,1801.42,27.67,
Norte,E2,1:00:00,1207,0.09,1801.42,25.63,
Norte,E2,1:00:00,1216,0.07,1801.42,19.39,
Norte,E2,1:00:00,1221,0.04,1801.52,19.96,
Norte,E2,1:00:00,1223,0.04,1801.52,19.74,
Norte,E2,1:00:00,1224,0.06,1801.51,23.33,
Norte,E2,1:00:00,1225,0.03,1801.5,24.8,
Norte,E2,1:00:00,1226,0.05,1801.51,23.56,
Norte,E2,1:00:00,1228,0.03,1801.51,22.89,
Norte,E2,1:00:00,1229,0.01,1801.51,22.59,
Norte,E2,1:00:00,1230,0.01,1801.51,22.54,
Norte,E2,1:00:00,1231,0.01,1801.51,22.62,
Norte,E2,1:00:00,1232,0.02,1801.51,22.08,
Norte,E2,1:00:00,1233,0.01,1801.51,22.05,
Norte,E2,1:00:00,1240,0.09,1801.52,21.35,
Norte,E2,1:00:00,1242,0.09,1801.51,22.51,
Norte,E2,1:00:00,1243,0.03,1801.51,23.28,
Norte,E2,1:00:00,1244,0.09,1801.5,24.83,
Norte,E2,1:00:00,1245,0.05,1801.5,25.91,
Norte,E2,1:00:00,1246,0.03,1801.49,26.09,
Norte,E2,1:00:00,1247,0.06,1801.49,25.85,
Norte,E2,1:00:00,1248,0.05,1801.49,25.56,
Norte,E2,1:00:00,1249,0.11,1801.51,23.93,
Norte,E2,1:00:00,1250,0.12,1801.52,22.83,
Norte,E2,1:00:00,1252,0.08,1801.53,21.44,
Norte,E2,1:00:00,1253,0.11,1801.51,23.9,
Norte,E2,1:00:00,1254,0.11,1801.53,22.23,
Norte,E2,1:00:00,1255,0.06,1801.54,21.97,
Norte,E2,1:00:00,1257,0.06,1801.55,21.36,
Norte,E2,1:00:00,1265,0.02,1801.57,20.98,
Norte,E2,1:00:00,1268,0.05,1801.57,21.07,
Norte,E2,1:00:00,1272,0.02,1801.55,21.72,
Norte,E2,1:00:00,1274,0.05,1801.56,21.76,
Norte,E2,1:00:00,1276,0.1,1801.54,22.73,
Norte,E2,1:00:00,1279,0.04,1801.53,24.02,
Norte,E2,1:00:00,1281,0.05,1801.53,24.39,
Norte,E2,1:00:00,1282,0.02,1801.53,25.86,
Norte,E2,1:00:00,1284,0.02,1801.47,31.23,
Norte,E2,1:00:00,1286,0.06,1801.53,22.94,
Norte,E2,1:00:00,1288,0.01,1801.53,24.97,
Norte,E2,1:00:00,1289,0.02,1801.53,23.3,
Norte,E2,1:00:00,1290,0.08,1801.53,23.38,
Norte,E2,1:00:00,1291,0.0,1801.53,21.14,
Norte,E2,1:00:00,1292,0.05,1801.53,21.37,
Norte,E2,1:00:00,1293,0.06,1801.53,22.02,
Norte,E2,1:00:00,1294,0.02,1801.54,21.88,
Norte,E2,1:00:00,1295,0.1,1801.54,21.05,
Norte,E2,1:00:00,1297,0.07,1801.55,20.67,
Norte,E2,1:00:00,1302,0.07,1801.54,20.14,
Norte,E2,1:00:00,1304,0.04,1801.54,20.14,
Norte,E2,1:00:00,1305,0.0,1801.54,20.15,
Norte,E2,1:00:00,1306,0.05,1801.54,20.15,
Norte,E2,1:00:00,1308,0.06,1801.54,20.68,
Norte,E2,1:00:00,1309,0.03,1801.54,28.57,
Norte,E2,1:00:00,1310,0.01,1801.54,24.72,
Norte,E2,1:00:00,1312,0.08,1801.49,29.57,
Norte,E2,1:00:00,1313,0.0,1801.49,29.79,
Norte,E2,1:00:00,1315,0.05,1801.49,29.75,
Norte,E2,1:00:00,1318,0.06,1801.46,29.73,
Norte,E2,1:00:00,1319,0.01,1801.46,29.38,
Norte,E2,1:00:00,1321,0.04,1801.54,21.57,
Norte,E2,1:00:00,1322,0.0,1801.54,22.34,
Norte,E2,1:00:00,1323,0.05,1801.54,22.13,
Norte,E2,1:00:00,1324,0.02,1801.54,20.69,
Norte,E2,1:00:00,1326,0.07,1801.54,20.34,
Norte,E2,1:00:00,1334,0.05,1801.53,22.25,
Norte,E2,1:00:00,1335,0.06,1801.52,22.81,
Norte,E2,1:00:00,1336,0.01,1801.52,21.94,
Norte,E2,1:00:00,1340,0.03,1801.53,29.19,
Norte,E2,1:00:00,5010,0.02,1801.52,26.07,
Norte,E2,1:00:00,5011,0.04,1801.45,26.24,
Norte,E2,1:00:00,5019,0.04,1801.46,32.28,
Norte,E2,1:00:00,5086,0.05,1801.47,32.76,
Norte,E2,1:00:00,5087,0.0,1801.47,32.81,
Norte,E2,1:00:00,5108,0.0,1801.45,26.17,
Norte,E2,1:00:00,5112,0.02,1801.55,21.76,
Norte,E2,1:00:00,5148,0.0,1801.47,32.49,
Norte,E2,1:00:00,5193,0.0,1801.46,31.61,
Norte,E2,1:00:00,5204,0.11,1801.42,25.7,
Norte,E2,1:00:00,5241,0.0,1801.52,19.89,
Norte,E2,1:00:00,5264,0.02,1801.47,32.77,
Norte,E2,1:00:00,5289,0.01,1801.46,29.98,
Norte,E2,1:00:00,5291,0.01,1801.49,30.01,
Norte,E2,1:00:00,5311,0.1,1801.46,32.71,
Norte,E2,1:00:00,5312,0.0,1801.46,32.85,
Norte,E2,1:00:00,5313,0.0,1801.46,32.65,
Norte,E2,1:00:00,5314,0.01,1801.45,26.1,
Norte,E2,1:00:00,5342,0.03,1801.52,25.97,
Norte,E2,1:00:00,5343,0.11,1801.57,21.09,
Norte,E2,1:00:00,5344,0.11,1801.56,26.02,
Norte,E2,1:00:00,5345,0.11,1801.56,26.18,
Norte,E2,1:00:00,5478,0.0,1801.55,21.77,
Norte,E2,1:00:00,5484,0.0,1801.52,19.36,
Norte,E2,1:00:00,5493,0.01,1801.48,31.0,
Norte,E2,1:00:00,5494,0.01,1801.48,31.07,
Norte,E2,1:00:00,5495,0.08,1801.46,32.99,
Norte,E2,1:00:00,5506,0.01,1801.51,23.03,
Norte,E2,1:00:00,5523,0.0,1801.46,29.45,
Norte,E2,1:00:00,5533,0.02,1801.53,20.99,
Norte,E2,1:00:00,5537,0.03,1801.46,29.71,
Norte,E2,1:00:00,5538,0.05,1801.46,30.03,
Norte,E2,1:00:00,5603,0.04,1801.47,31.25,
Norte,E2,1:00:00,5604,0.06,1801.47,30.82,
Norte,E2,1:00:00,5613,0.05,1801.47,32.66,
Norte,E2,1:00:00,5614,0.02,1801.48,32.75,
Norte,E2,1:00:00,5620,0.04,1801.46,32.61,
Norte,E2,1:00:00,5621,0.03,1801.46,32.55,
Norte,E2,1:00:00,5678,0.05,1801.46,30.14,
Norte,E2,1:00:00,5685,0.02,1801.48,25.94,
Norte,E2,1:00:00,5709,0.12,1801.57,21.1,
Norte,E2,1:00:00,5744,0.04,1801.48,32.4,
Norte,E2,1:00:00,5746,0.06,1801.52,24.67,
Norte,E2,1:00:00,5747,0.04,1801.5,26.17,
Norte,E2,1:00:00,5748,0.05,1801.61,21.35,
Norte,E2,1:00:00,5749,0.05,1801.66,21.51,
Norte,E2,1:00:00,5750,0.03,1801.69,21.36,
Norte,E2,1:00:00,5760,0.03,1801.73,21.09,
Norte,E2,1:00:00,5761,0.02,1801.7,21.47,
Norte,E2,1:00:00,5762,0.01,1801.77,20.53,
Norte,E2,1:00:00,5763,0.02,1801.76,20.76,
Norte,E2,1:00:00,10020,0.04,1801.47,33.53,
Norte,E2,1:00:00,10059,0.03,1801.46,29.97,
Norte,E2,1:00:00,10061,0.0,1801.53,20.82,
Norte,E2,1:00:00,10062,0.0,1801.55,20.73,
Norte,E2,1:00:00,10063,0.0,1801.57,20.98,
Norte,E2,1:00:00,10082,0.07,1801.52,20.78,
Norte,E2,2:00:00,346,0.04,1801.44,33.74,
Norte,E2,2:00:00,347,0.06,1801.44,33.92,
Norte,E2,2:00:00,348,0.1,1801.44,33.93,
Norte,E2,2:00:00,349,0.05,1801.44,32.61,
Norte,E2,2:00:00,350,0.02,1801.44,32.6,
Norte,E2,2:00:00,351,0.04,1801.44,34.19,
Norte,E2,2:00:00,352,0.11,1801.44,34.07,
Norte,E2,2:00:00,353,0.06,1801.44,33.98,
Norte,E2,2:00:00,354,0.1,1801.46,32.76,
Norte,E2,2:00:00,355,0.04,1801.46,32.68,
Norte,E2,2:00:00,356,0.07,1801.46,32.72,
Norte,E2,2:00:00,357,0.03,1801.46,32.94,
Norte,E2,2:00:00,358,0.02,1801.46,33.19,
Norte,E2,2:00:00,362,0.07,1801.45,32.75,
Norte,E2,2:00:00,363,0.03,1801.46,32.75,
Norte,E2,2:00:00,364,0.06,1801.46,32.75,
Norte,E2,2:00:00,368,0.03,1801.45,32.78,
Norte,E2,2:00:00,371,0.05,1801.45,32.76,
Norte,E2,2:00:00,400,0.05,1801.45,32.47,
Norte,E2,2:00:00,401,0.05,1801.45,32.49,
Norte,E2,2:00:00,404,0.02,1801.45,32.29,
Norte,E2,2:00:00,405,0.01,1801.45,32.24,
Norte,E2,2:00:00,1049,0.02,1801.44,30.04,
Norte,E2,2:00:00,1051,0.03,1801.44,29.93,
Norte,E2,2:00:00,1053,0.02,1801.44,29.93,
Norte,E2,2:00:00,1059,0.05,1801.44,29.7,
Norte,E2,2:00:00,1063,0.02,1801.44,29.43,
Norte,E2,2:00:00,1077,0.02,1801.44,29.89,
Norte,E2,2:00:00,1089,0.03,1801.44,30.05,
Norte,E2,2:00:00,1093,0.06,1801.44,29.6,
Norte,E2,2:00:00,1094,0.01,1801.44,29.36,
Norte,E2,2:00:00,1095,0.02,1801.44,29.85,
Norte,E2,2:00:00,1100,0.04,1801.44,30.46,
Norte,E2,2:00:00,1102,0.06,1801.44,30.41,
Norte,E2,2:00:00,1103,0.01,1801.45,31.4,
Norte,E2,2:00:00,1104,0.06,1801.44,30.44,
Norte,E2,2:00:00,1106,0.07,1801.44,30.38,
Norte,E2,2:00:00,1107,0.03,1801.44,30.64,
Norte,E2,2:00:00,1109,0.01,1801.44,30.63,
Norte,E2,2:00:00,1110,0.01,1801.44,30.27,
Norte,E2,2:00:00,1112,0.02,1801.44,30.29,
Norte,E2,2:00:00,1113,0.03,1801.44,30.03,
Norte,E2,2:00:00,1115,0.07,1801.44,30.02,
Norte,E2,2:00:00,1117,0.07,1801.45,30.08,
Norte,E2,2:00:00,1119,0.09,1801.44,30.66,
Norte,E2,2:00:00,1120,0.07,1801.44,30.23,
Norte,E2,2:00:00,1122,0.05,1801.45,31.54,
Norte,E2,2:00:00,1125,0.05,1801.45,31.48,
Norte,E2,2:00:00,1128,0.05,1801.45,31.73,
Norte,E2,2:00:00,1130,0.06,1801.45,31.55,
Norte,E2,2:00:00,1131,0.06,1801.45,31.7,
Norte,E2,2:00:00,1133,0.02,1801.44,32.72,
Norte,E2,2:00:00,1134,0.11,1801.47,32.8,
Norte,E2,2:00:00,1135,0.08,1801.45,32.91,
Norte,E2,2:00:00,1137,0.1,1801.47,32.74,
Norte,E2,2:00:00,1139,0.06,1801.46,32.71,
Norte,E2,2:00:00,1140,0.03,1801.46,32.76,
Norte,E2,2:00:00,1141,0.04,1801.44,31.7,
Norte,E2,2:00:00,1142,0.02,1801.46,31.66,
Norte,E2,2:00:00,1143,0.07,1801.46,32.51,
Norte,E2,2:00:00,1144,0.06,1801.44,32.67,
Norte,E2,2:00:00,1145,0.03,1801.46,32.6,
Norte,E2,2:00:00,1147,0.0,1801.45,32.75,
Norte,E2,2:00:00,1148,0.0,1801.45,32.76,
Norte,E2,2:00:00,1149,0.13,1801.48,31.37,
Norte,E2,2:00:00,1150,0.17,1801.45,31.17,
Norte,E2,2:00:00,1151,0.03,1801.52,27.29,
Norte,E2,2:00:00,1153,0.01,1801.49,28.89,
Norte,E2,2:00:00,1154,0.0,1801.49,29.34,
Norte,E2,2:00:00,1158,0.09,1801.49,29.55,
Norte,E2,2:00:00,1159,0.06,1801.48,31.92,
Norte,E2,2:00:00,1161,0.03,1801.48,30.99,
Norte,E2,2:00:00,1162,0.0,1801.47,32.41,
Norte,E2,2:00:00,1164,0.08,1801.47,32.49,
Norte,E2,2:00:00,1165,0.03,1801.47,32.6,
Norte,E2,2:00:00,1166,0.04,1801.47,32.15,
Norte,E2,2:00:00,1169,0.07,1801.47,32.77,
Norte,E2,2:00:00,1171,0.05,1801.46,32.78,
Norte,E2,2:00:00,1172,0.13,1801.46,33.83,
Norte,E2,2:00:00,1174,0.04,1801.46,33.63,
Norte,E2,2:00:00,1175,0.1,1801.46,32.12,
Norte,E2,2:00:00,1176,0.14,1801.46,33.61,
Norte,E2,2:00:00,1179,0.05,1801.46,33.12,
Norte,E2,2:00:00,1181,0.01,1801.46,33.62,
Norte,E2,2:00:00,1182,0.05,1801.47,32.86,
Norte,E2,2:00:00,1184,0.03,1801.49,25.05,
Norte,E2,2:00:00,1185,0.02,1801.49,26.76,
Norte,E2,2:00:00,1186,0.01,1801.49,26.08,
Norte,E2,2:00:00,1187,0.17,1801.47,25.76,
Norte,E2,2:00:00,1189,0.01,1801.43,25.34,
Norte,E2,2:00:00,1190,0.05,1801.43,26.3,
Norte,E2,2:00:00,1191,0.05,1801.46,29.34,
Norte,E2,2:00:00,1192,0.01,1801.46,27.44,
Norte,E2,2:00:00,1196,0.04,1801.41,27.19,
Norte,E2,2:00:00,1197,0.04,1801.41,27.66,
Norte,E2,2:00:00,1207,0.09,1801.41,25.62,
Norte,E2,2:00:00,1216,0.07,1801.4,19.37,
Norte,E2,2:00:00,1221,0.04,1801.5,19.94,
Norte,E2,2:00:00,1223,0.04,1801.5,19.72,
Norte,E2,2:00:00,1224,0.06,1801.5,23.32,
Norte,E2,2:00:00,1225,0.03,1801.48,24.78,
Norte,E2,2:00:00,1226,0.05,1801.5,23.55,
Norte,E2,2:00:00,1228,0.03,1801.5,22.88,
Norte,E2,2:00:00,1229,0.01,1801.5,22.58,
Norte,E2,2:00:00,1230,0.01,1801.5,22.53,
Norte,E2,2:00:00,1231,0.01,1801.5,22.61,
Norte,E2,2:00:00,1232,0.02,1801.5,22.07,
Norte,E2,2:00:00,1233,0.01,1801.5,22.04,
Norte,E2,2:00:00,1240,0.09,1801.51,21.34,
Norte,E2,2:00:00,1242,0.09,1801.5,22.5,
Norte,E2,2:00:00,1243,0.03,1801.5,23.27,
Norte,E2,2:00:00,1244,0.09,1801.48,24.81,
Norte,E2,2:00:00,1245,0.05,1801.48,25.89,
Norte,E2,2:00:00,1246,0.03,1801.47,26.07,
Norte,E2,2:00:00,1247,0.06,1801.47,25.83,
Norte,E2,2:00:00,1248,0.05,1801.47,25.54,
Norte,E2,2:00:00,1249,0.11,1801.49,23.91,
Norte,E2,2:00:00,1250,0.12,1801.5,22.81,
Norte,E2,2:00:00,1252,0.09,1801.51,21.42,
Norte,E2,2:00:00,1253,0.11,1801.49,23.88,
Norte,E2,2:00:00,1254,0.11,1801.51,22.21,
Norte,E2,2:00:00,1255,0.06,1801.53,21.96,
Norte,E2,2:00:00,1257,0.06,1801.53,21.34,
Norte,E2,2:00:00,1265,0.02,1801.56,20.97,
Norte,E2,2:00:00,1268,0.05,1801.56,21.06,
Norte,E2,2:00:00,1272,0.03,1801.54,21.71,
Norte,E2,2:00:00,1274,0.05,1801.54,21.74,
Norte,E2,2:00:00,1276,0.1,1801.53,22.72,
Norte,E2,2:00:00,1279,0.05,1801.52,24.01,
Norte,E2,2:00:00,1281,0.05,1801.52,24.38,
Norte,E2,2:00:00,1282,0.02,1801.52,25.85,
Norte,E2,2:00:00,1284,0.02,1801.45,31.21,
Norte,E2,2:00:00,1286,0.06,1801.52,22.93,
Norte,E2,2:00:00,1288,0.01,1801.52,24.96,
Norte,E2,2:00:00,1289,0.02,1801.52,23.29,
Norte,E2,2:00:00,1290,0.08,1801.52,23.37,
Norte,E2,2:00:00,1291,0.0,1801.52,21.13,
Norte,E2,2:00:00,1292,0.05,1801.52,21.36,
Norte,E2,2:00:00,1293,0.07,1801.52,22.01,
Norte,E2,2:00:00,1294,0.02,1801.53,21.87,
Norte,E2,2:00:00,1295,0.11,1801.53,21.04,
Norte,E2,2:00:00,1297,0.08,1801.54,20.66,
Norte,E2,2:00:00,1302,0.07,1801.53,20.13,
Norte,E2,2:00:00,1304,0.05,1801.53,20.13,
Norte,E2,2:00:00,1305,0.0,1801.53,20.14,
Norte,E2,2:00:00,1306,0.05,1801.53,20.14,
Norte,E2,2:00:00,1308,0.06,1801.52,20.66,
Norte,E2,2:00:00,1309,0.03,1801.52,28.55,
Norte,E2,2:00:00,1310,0.02,1801.52,24.7,
Norte,E2,2:00:00,1312,0.08,1801.47,29.55,
Norte,E2,2:00:00,1313,0.0,1801.47,29.77,
Norte,E2,2:00:00,1315,0.05,1801.47,29.73,
Norte,E2,2:00:00,1318,0.06,1801.44,29.71,
Norte,E2,2:00:00,1319,0.01,1801.44,29.36,
Norte,E2,2:00:00,1321,0.04,1801.52,21.55,
Norte,E2,2:00:00,1322,0.0,1801.52,22.32,
Norte,E2,2:00:00,1323,0.05,1801.52,22.11,
Norte,E2,2:00:00,1324,0.02,1801.53,20.68,
Norte,E2,2:00:00,1326,0.07,1801.52,20.33,
Norte,E2,2:00:00,1334,0.05,1801.52,22.24,
Norte,E2,2:00:00,1335,0.06,1801.51,22.8,
Norte,E2,2:00:00,1336,0.01,1801.51,21.93,
Norte,E2,2:00:00,1340,0.03,1801.52,29.18,
Norte,E2,2:00:00,5010,0.02,1801.5,26.05,
Norte,E2,2:00:00,5011,0.04,1801.43,26.22,
Norte,E2,2:00:00,5019,0.05,1801.44,32.26,
Norte,E2,2:00:00,5086,0.06,1801.45,32.74,
Norte,E2,2:00:00,5087,0.01,1801.45,32.79,
Norte,E2,2:00:00,5108,0.0,1801.43,26.15,
Norte,E2,2:00:00,5112,0.02,1801.54,21.75,
Norte,E2,2:00:00,5148,0.0,1801.45,32.47,
Norte,E2,2:00:00,5193,0.0,1801.45,31.6,
Norte,E2,2:00:00,5204,0.11,1801.41,25.69,
Norte,E2,2:00:00,5241,0.0,1801.5,19.87,
Norte,E2,2:00:00,5264,0.02,1801.45,32.75,
Norte,E2,2:00:00,5289,0.01,1801.44,29.96,
Norte,E2,2:00:00,5291,0.01,1801.47,29.99,
Norte,E2,2:00:00,5311,0.1,1801.44,32.69,
Norte,E2,2:00:00,5312,0.0,1801.44,32.83,
Norte,E2,2:00:00,5313,0.0,1801.44,32.63,
Norte,E2,2:00:00,5314,0.01,1801.43,26.08,
Norte,E2,2:00:00,5342,0.03,1801.5,25.95,
Norte,E2,2:00:00,5343,0.11,1801.56,21.08,
Norte,E2,2:00:00,5344,0.11,1801.55,26.01,
Norte,E2,2:00:00,5345,0.11,1801.55,26.17,
Norte,E2,2:00:00,5478,0.0,1801.54,21.76,
Norte,E2,2:00:00,5484,0.0,1801.5,19.34,
Norte,E2,2:00:00,5493,0.01,1801.46,30.98,
Norte,E2,2:00:00,5494,0.01,1801.47,31.06,
Norte,E2,2:00:00,5495,0.08,1801.44,32.97,
Norte,E2,2:00:00,5506,0.01,1801.5,23.02,
Norte,E2,2:00:00,5523,0.0,1801.44,29.43,
Norte,E2,2:00:00,5533,0.02,1801.52,20.98,
Norte,E2,2:00:00,5537,0.03,1801.44,29.69,
Norte,E2,2:00:00,5538,0.05,1801.44,30.01,
Norte,E2,2:00:00,5603,0.04,1801.46,31.24,
Norte,E2,2:00:00,5604,0.06,1801.45,30.8,
Norte,E2,2:00:00,5613,0.06,1801.46,32.65,
Norte,E2,2:00:00,5614,0.02,1801.47,32.74,
Norte,E2,2:00:00,5620,0.04,1801.44,32.59,
Norte,E2,2:00:00,5621,0.03,1801.44,32.53,
Norte,E2,2:00:00,5678,0.05,1801.44,30.12,
Norte,E2,2:00:00,5685,0.02,1801.46,25.92,
Norte,E2,2:00:00,5709,0.13,1801.56,21.09,
Norte,E2,2:00:00,5744,0.04,1801.47,32.39,
Norte,E2,2:00:00,5746,0.07,1801.51,24.66,
Norte,E2,2:00:00,5747,0.04,1801.49,26.16,
Norte,E2,2:00:00,5748,0.05,1801.6,21.34,
Norte,E2,2:00:00,5749,0.05,1801.65,21.5,
Norte,E2,2:00:00,5750,0.03,1801.69,21.36,
Norte,E2,2:00:00,5760,0.03,1801.73,21.09,
Norte,E2,2:00:00,5761,0.02,1801.7,21.47,
Norte,E2,2:00:00,5762,0.01,1801.77,20.53,
Norte,E2,2:00:00,5763,0.02,1801.76,20.76,
Norte,E2,2:00:00,10020,0.04,1801.45,33.51,
Norte,E2,2:00:00,10059,0.03,1801.44,29.95,
Norte,E2,2:00:00,10061,0.0,1801.52,20.81,
Norte,E2,2:00:00,10062,0.0,1801.54,20.72,
Norte,E2,2:00:00,10063,0.0,1801.56,20.97,
Norte,E2,2:00:00,10082,0.07,1801.5,20.76,
Norte,E2,3:00:00,346,0.04,1801.44,33.74,
Norte,E2,3:00:00,347,0.07,1801.44,33.92,
Norte,E2,3:00:00,348,0.1,1801.44,33.93,
Norte,E2,3:00:00,349,0.05,1801.44,32.61,
Norte,E2,3:00:00,350,0.02,1801.44,32.6,
Norte,E2,3:00:00,351,0.04,1801.44,34.19,
Norte,E2,3:00:00,352,0.11,1801.44,34.07,
Norte,E2,3:00:00,353,0.06,1801.44,33.98,
Norte,E2,3:00:00,354,0.1,1801.46,32.76,
Norte,E2,3:00:00,355,0.04,1801.46,32.68,
Norte,E2,3:00:00,356,0.07,1801.46,32.72,
Norte,E2,3:00:00,357,0.03,1801.46,32.94,
Norte,E2,3:00:00,358,0.02,1801.46,33.19,
Norte,E2,3:00:00,362,0.07,1801.45,32.75,
Norte,E2,3:00:00,363,0.03,1801.45,32.74,
Norte,E2,3:00:00,364,0.06,1801.45,32.74,
Norte,E2,3:00:00,368,0.03,1801.44,32.77,
Norte,E2,3:00:00,371,0.05,1801.44,32.75,
Norte,E2,3:00:00,400,0.05,1801.45,32.47,
Norte,E2,3:00:00,401,0.05,1801.45,32.49,
Norte,E2,3:00:00,404,0.02,1801.45,32.29,
Norte,E2,3:00:00,405,0.01,1801.45,32.24,
Norte,E2,3:00:00,1049,0.02,1801.44,30.04,
Norte,E2,3:00:00,1051,0.03,1801.44,29.93,
Norte,E2,3:00:00,1053,0.02,1801.44,29.93,
Norte,E2,3:00:00,1059,0.05,1801.44,29.7,
Norte,E2,3:00:00,1063,0.02,1801.44,29.43,
Norte,E2,3:00:00,1077,0.02,1801.44,29.89,
Norte,E2,3:00:00,1089,0.03,1801.44,30.05,
Norte,E2,3:00:00,1093,0.06,1801.44,29.6,
Norte,E2,3:00:00,1094,0.01,1801.44,29.36,
Norte,E2,3:00:00,1095,0.02,1801.44,29.85,
Norte,E2,3:00:00,1100,0.04,1801.44,30.46,
Norte,E2,3:00:00,1102,0.06,1801.44,30.41,
Norte,E2,3:00:00,1103,0.01,1801.44,31.39,
Norte,E2,3:00:00,1104,0.06,1801.44,30.44,
Norte,E2,3:00:00,1106,0.07,1801.44,30.38,
Norte,E2,3:00:00,1107,0.03,1801.44,30.64,
Norte,E2,3:00:00,1109,0.01,1801.44,30.63,
Norte,E2,3:00:00,1110,0.01,1801.44,30.27,
Norte,E2,3:00:00,1112,0.02,1801.44,30.29,
Norte,E2,3:00:00,1113,0.03,1801.44,30.03,
Norte,E2,3:00:00,1115,0.07,1801.44,30.02,
Norte,E2,3:00:00,1117,0.07,1801.44,30.07,
Norte,E2,3:00:00,1119,0.09,1801.44,30.66,
Norte,E2,3:00:00,1120,0.07,1801.44,30.23,
Norte,E2,3:00:00,1122,0.05,1801.44,31.53,
Norte,E2,3:00:00,1125,0.05,1801.44,31.47,
Norte,E2,3:00:00,1128,0.05,1801.44,31.72,
Norte,E2,3:00:00,1130,0.06,1801.44,31.54,
Norte,E2,3:00:00,1131,0.06,1801.44,31.69,
Norte,E2,3:00:00,1133,0.02,1801.44,32.72,
Norte,E2,3:00:00,1134,0.11,1801.46,32.79,
Norte,E2,3:00:00,1135,0.08,1801.44,32.9,
Norte,E2,3:00:00,1137,0.1,1801.46,32.73,
Norte,E2,3:00:00,1139,0.06,1801.46,32.71,
Norte,E2,3:00:00,1140,0.03,1801.46,32.76,
Norte,E2,3:00:00,1141,0.04,1801.44,31.7,
Norte,E2,3:00:00,1142,0.02,1801.45,31.65,
Norte,E2,3:00:00,1143,0.07,1801.45,32.5,
Norte,E2,3:00:00,1144,0.06,1801.44,32.67,
Norte,E2,3:00:00,1145,0.03,1801.45,32.59,
Norte,E2,3:00:00,1147,0.0,1801.45,32.75,
Norte,E2,3:00:00,1148,0.0,1801.45,32.76,
Norte,E2,3:00:00,1149,0.13,1801.48,31.37,
Norte,E2,3:00:00,1150,0.17,1801.45,31.17,
Norte,E2,3:00:00,1151,0.03,1801.51,27.28,
Norte,E2,3:00:00,1153,0.01,1801.48,28.88,
Norte,E2,3:00:00,1154,0.0,1801.48,29.33,
Norte,E2,3:00:00,1158,0.09,1801.48,29.54,
Norte,E2,3:00:00,1159,0.06,1801.47,31.92,
Norte,E2,3:00:00,1161,0.03,1801.47,30.98,
Norte,E2,3:00:00,1162,0.0,1801.47,32.41,
Norte,E2,3:00:00,1164,0.08,1801.46,32.48,
Norte,E2,3:00:00,1165,0.03,1801.47,32.6,
Norte,E2,3:00:00,1166,0.04,1801.47,32.15,
Norte,E2,3:00:00,1169,0.07,1801.46,32.76,
Norte,E2,3:00:00,1171,0.05,1801.45,32.77,
Norte,E2,3:00:00,1172,0.13,1801.45,33.82,
Norte,E2,3:00:00,1174,0.04,1801.45,33.62,
Norte,E2,3:00:00,1175,0.1,1801.46,32.12,
Norte,E2,3:00:00,1176,0.14,1801.46,33.61,
Norte,E2,3:00:00,1179,0.05,1801.46,33.12,
Norte,E2,3:00:00,1181,0.01,1801.45,33.61,
Norte,E2,3:00:00,1182,0.05,1801.46,32.85,
Norte,E2,3:00:00,1184,0.03,1801.49,25.05,
Norte,E2,3:00:00,1185,0.02,1801.48,26.75,
Norte,E2,3:00:00,1186,0.01,1801.48,26.07,
Norte,E2,3:00:00,1187,0.17,1801.47,25.76,
Norte,E2,3:00:00,1189,0.01,1801.43,25.34,
Norte,E2,3:00:00,1190,0.05,1801.42,26.29,
Norte,E2,3:00:00,1191,0.05,1801.46,29.34,
Norte,E2,3:00:00,1192,0.01,1801.46,27.44,
Norte,E2,3:00:00,1196,0.04,1801.4,27.18,
Norte,E2,3:00:00,1197,0.04,1801.4,27.65,
Norte,E2,3:00:00,1207,0.09,1801.4,25.61,
Norte,E2,3:00:00,1216,0.07,1801.4,19.37,
Norte,E2,3:00:00,1221,0.04,1801.5,19.94,
Norte,E2,3:00:00,1223,0.04,1801.5,19.72,
Norte,E2,3:00:00,1224,0.06,1801.5,23.32,
Norte,E2,3:00:00,1225,0.03,1801.48,24.78,
Norte,E2,3:00:00,1226,0.05,1801.49,23.54,
Norte,E2,3:00:00,1228,0.03,1801.49,22.87,
Norte,E2,3:00:00,1229,0.01,1801.49,22.57,
Norte,E2,3:00:00,1230,0.01,1801.49,22.52,
Norte,E2,3:00:00,1231,0.01,1801.49,22.6,
Norte,E2,3:00:00,1232,0.02,1801.49,22.06,
Norte,E2,3:00:00,1233,0.01,1801.49,22.03,
Norte,E2,3:00:00,1240,0.09,1801.5,21.33,
Norte,E2,3:00:00,1242,0.09,1801.5,22.5,
Norte,E2,3:00:00,1243,0.03,1801.49,23.26,
Norte,E2,3:00:00,1244,0.09,1801.48,24.81,
Norte,E2,3:00:00,1245,0.05,1801.48,25.89,
Norte,E2,3:00:00,1246,0.03,1801.47,26.07,
Norte,E2,3:00:00,1247,0.06,1801.47,25.83,
Norte,E2,3:00:00,1248,0.05,1801.47,25.54,
Norte,E2,3:00:00,1249,0.11,1801.49,23.91,
Norte,E2,3:00:00,1250,0.12,1801.5,22.81,
Norte,E2,3:00:00,1252,0.09,1801.51,21.42,
Norte,E2,3:00:00,1253,0.12,1801.49,23.88,
Norte,E2,3:00:00,1254,0.11,1801.51,22.21,
Norte,E2,3:00:00,1255,0.06,1801.53,21.96,
Norte,E2,3:00:00,1257,0.06,1801.53,21.34,
Norte,E2,3:00:00,1265,0.03,1801.56,20.97,
Norte,E2,3:00:00,1268,0.05,1801.56,21.06,
Norte,E2,3:00:00,1272,0.03,1801.54,21.71,
Norte,E2,3:00:00,1274,0.05,1801.54,21.74,
Norte,E2,3:00:00,1276,0.1,1801.52,22.71,
Norte,E2,3:00:00,1279,0.05,1801.51,24.0,
Norte,E2,3:00:00,1281,0.05,1801.51,24.37,
Norte,E2,3:00:00,1282,0.02,1801.51,25.84,
Norte,E2,3:00:00,1284,0.02,1801.45,31.21,
Norte,E2,3:00:00,1286,0.06,1801.52,22.93,
Norte,E2,3:00:00,1288,0.01,1801.52,24.96,
Norte,E2,3:00:00,1289,0.02,1801.52,23.29,
Norte,E2,3:00:00,1290,0.08,1801.52,23.37,
Norte,E2,3:00:00,1291,0.01,1801.52,21.13,
Norte,E2,3:00:00,1292,0.05,1801.52,21.36,
Norte,E2,3:00:00,1293,0.07,1801.52,22.01,
Norte,E2,3:00:00,1294,0.02,1801.52,21.86,
Norte,E2,3:00:00,1295,0.11,1801.53,21.04,
Norte,E2,3:00:00,1297,0.08,1801.53,20.65,
Norte,E2,3:00:00,1302,0.07,1801.52,20.12,
Norte,E2,3:00:00,1304,0.05,1801.52,20.12,
Norte,E2,3:00:00,1305,0.0,1801.52,20.13,
Norte,E2,3:00:00,1306,0.05,1801.52,20.13,
Norte,E2,3:00:00,1308,0.06,1801.52,20.66,
Norte,E2,3:00:00,1309,0.03,1801.52,28.55,
Norte,E2,3:00:00,1310,0.02,1801.52,24.7,
Norte,E2,3:00:00,1312,0.08,1801.47,29.55,
Norte,E2,3:00:00,1313,0.0,1801.47,29.77,
Norte,E2,3:00:00,1315,0.05,1801.47,29.73,
Norte,E2,3:00:00,1318,0.07,1801.44,29.71,
Norte,E2,3:00:00,1319,0.01,1801.44,29.36,
Norte,E2,3:00:00,1321,0.04,1801.52,21.55,
Norte,E2,3:00:00,1322,0.0,1801.52,22.32,
Norte,E2,3:00:00,1323,0.05,1801.52,22.11,
Norte,E2,3:00:00,1324,0.02,1801.52,20.67,
Norte,E2,3:00:00,1326,0.07,1801.52,20.33,
Norte,E2,3:00:00,1334,0.05,1801.52,22.24,
Norte,E2,3:00:00,1335,0.06,1801.5,22.79,
Norte,E2,3:00:00,1336,0.01,1801.5,21.92,
Norte,E2,3:00:00,1340,0.03,1801.52,29.18,
Norte,E2,3:00:00,5010,0.03,1801.5,26.05,
Norte,E2,3:00:00,5011,0.04,1801.43,26.22,
Norte,E2,3:00:00,5019,0.05,1801.44,32.26,
Norte,E2,3:00:00,5086,0.06,1801.45,32.74,
Norte,E2,3:00:00,5087,0.01,1801.45,32.79,
Norte,E2,3:00:00,5108,0.0,1801.43,26.15,
Norte,E2,3:00:00,5112,0.02,1801.54,21.75,
Norte,E2,3:00:00,5148,0.0,1801.45,32.47,
Norte,E2,3:00:00,5193,0.0,1801.44,31.59,
Norte,E2,3:00:00,5204,0.12,1801.4,25.68,
Norte,E2,3:00:00,5241,0.0,1801.5,19.87,
Norte,E2,3:00:00,5264,0.02,1801.45,32.75,
Norte,E2,3:00:00,5289,0.01,1801.44,29.96,
Norte,E2,3:00:00,5291,0.01,1801.47,29.99,
Norte,E2,3:00:00,5311,0.1,1801.44,32.69,
Norte,E2,3:00:00,5312,0.0,1801.44,32.83,
Norte,E2,3:00:00,5313,0.0,1801.44,32.63,
Norte,E2,3:00:00,5314,0.01,1801.43,26.08,
Norte,E2,3:00:00,5342,0.03,1801.5,25.95,
Norte,E2,3:00:00,5343,0.11,1801.55,21.07,
Norte,E2,3:00:00,5344,0.11,1801.55,26.01,
Norte,E2,3:00:00,5345,0.11,1801.55,26.17,
Norte,E2,3:00:00,5478,0.0,1801.54,21.76,
Norte,E2,3:00:00,5484,0.0,1801.5,19.34,
Norte,E2,3:00:00,5493,0.01,1801.46,30.98,
Norte,E2,3:00:00,5494,0.01,1801.46,31.05,
Norte,E2,3:00:00,5495,0.08,1801.44,32.97,
Norte,E2,3:00:00,5506,0.01,1801.49,23.01,
Norte,E2,3:00:00,5523,0.0,1801.44,29.43,
Norte,E2,3:00:00,5533,0.02,1801.52,20.98,
Norte,E2,3:00:00,5537,0.03,1801.44,29.69,
Norte,E2,3:00:00,5538,0.06,1801.44,30.01,
Norte,E2,3:00:00,5603,0.04,1801.45,31.23,
Norte,E2,3:00:00,5604,0.06,1801.45,30.8,
Norte,E2,3:00:00,5613,0.06,1801.45,32.64,
Norte,E2,3:00:00,5614,0.02,1801.46,32.73,
Norte,E2,3:00:00,5620,0.04,1801.44,32.59,
Norte,E2,3:00:00,5621,0.03,1801.44,32.53,
Norte,E2,3:00:00,5678,0.05,1801.44,30.12,
Norte,E2,3:00:00,5685,0.02,1801.46,25.92,
Norte,E2,3:00:00,5709,0.13,1801.55,21.08,
Norte,E2,3:00:00,5744,0.04,1801.46,32.38,
Norte,E2,3:00:00,5746,0.07,1801.5,24.65,
Norte,E2,3:00:00,5747,0.04,1801.49,26.16,
Norte,E2,3:00:00,5748,0.05,1801.6,21.34,
Norte,E2,3:00:00,5749,0.05,1801.65,21.5,
Norte,E2,3:00:00,5750,0.03,1801.69,21.36,
Norte,E2,3:00:00,5760,0.03,1801.73,21.09,
Norte,E2,3:00:00,5761,0.02,1801.7,21.47,
Norte,E2,3:00:00,5762,0.01,1801.77,20.53,
Norte,E2,3:00:00,5763,0.02,1801.76,20.76,
Norte,E2,3:00:00,10020,0.04,1801.45,33.51,
Norte,E2,3:00:00,10059,0.03,1801.44,29.95,
Norte,E2,3:00:00,10061,0.0,1801.52,20.81,
Norte,E2,3:00:00,10062,0.0,1801.53,20.71,
Norte,E2,3:00:00,10063,0.0,1801.56,20.97,
Norte,E2,3:00:00,10082,0.07,1801.5,20.76,
Norte,E2,4:00:00,346,0.04,1801.42,33.72,
Norte,E2,4:00:00,347,0.07,1801.42,33.9,
Norte,E2,4:00:00,348,0.1,1801.42,33.91,
Norte,E2,4:00:00,349,0.05,1801.42,32.59,
Norte,E2,4:00:00,350,0.02,1801.42,32.58,
Norte,E2,4:00:00,351,0.04,1801.43,34.18,
Norte,E2,4:00:00,352,0.11,1801.43,34.06,
Norte,E2,4:00:00,353,0.06,1801.43,33.97,
Norte,E2,4:00:00,354,0.11,1801.44,32.74,
Norte,E2,4:00:00,355,0.04,1801.45,32.67,
Norte,E2,4:00:00,356,0.07,1801.45,32.71,
Norte,E2,4:00:00,357,0.03,1801.45,32.93,
Norte,E2,4:00:00,358,0.02,1801.45,33.18,
Norte,E2,4:00:00,362,0.07,1801.44,32.74,
Norte,E2,4:00:00,363,0.03,1801.44,32.73,
Norte,E2,4:00:00,364,0.07,1801.44,32.73,
Norte,E2,4:00:00,368,0.03,1801.43,32.76,
Norte,E2,4:00:00,371,0.05,1801.43,32.74,
Norte,E2,4:00:00,400,0.05,1801.43,32.45,
Norte,E2,4:00:00,401,0.05,1801.43,32.47,
Norte,E2,4:00:00,404,0.02,1801.43,32.27,
Norte,E2,4:00:00,405,0.01,1801.43,32.22,
Norte,E2,4:00:00,1049,0.02,1801.43,30.03,
Norte,E2,4:00:00,1051,0.03,1801.43,29.92,
Norte,E2,4:00:00,1053,0.02,1801.43,29.92,
Norte,E2,4:00:00,1059,0.05,1801.43,29.69,
Norte,E2,4:00:00,1063,0.02,1801.43,29.42,
Norte,E2,4:00:00,1077,0.02,1801.43,29.88,
Norte,E2,4:00:00,1089,0.03,1801.42,30.03,
Norte,E2,4:00:00,1093,0.06,1801.42,29.58,
Norte,E2,4:00:00,1094,0.02,1801.42,29.34,
Norte,E2,4:00:00,1095,0.02,1801.43,29.84,
Norte,E2,4:00:00,1100,0.04,1801.43,30.45,
Norte,E2,4:00:00,1102,0.06,1801.43,30.4,
Norte,E2,4:00:00,1103,0.01,1801.43,31.38,
Norte,E2,4:00:00,1104,0.06,1801.43,30.43,
Norte,E2,4:00:00,1106,0.07,1801.43,30.37,
Norte,E2,4:00:00,1107,0.03,1801.43,30.63,
Norte,E2,4:00:00,1109,0.01,1801.43,30.62,
Norte,E2,4:00:00,1110,0.01,1801.43,30.26,
Norte,E2,4:00:00,1112,0.02,1801.43,30.28,
Norte,E2,4:00:00,1113,0.03,1801.43,30.02,
Norte,E2,4:00:00,1115,0.07,1801.43,30.01,
Norte,E2,4:00:00,1117,0.07,1801.43,30.06,
Norte,E2,4:00:00,1119,0.09,1801.43,30.65,
Norte,E2,4:00:00,1120,0.07,1801.43,30.22,
Norte,E2,4:00:00,1122,0.05,1801.43,31.52,
Norte,E2,4:00:00,1125,0.05,1801.43,31.46,
Norte,E2,4:00:00,1128,0.05,1801.43,31.71,
Norte,E2,4:00:00,1130,0.06,1801.43,31.53,
Norte,E2,4:00:00,1131,0.07,1801.43,31.68,
Norte,E2,4:00:00,1133,0.02,1801.43,32.71,
Norte,E2,4:00:00,1134,0.12,1801.45,32.78,
Norte,E2,4:00:00,1135,0.08,1801.43,32.89,
Norte,E2,4:00:00,1137,0.1,1801.45,32.72,
Norte,E2,4:00:00,1139,0.07,1801.45,32.7,
Norte,E2,4:00:00,1140,0.03,1801.45,32.75,
Norte,E2,4:00:00,1141,0.05,1801.43,31.69,
Norte,E2,4:00:00,1142,0.02,1801.44,31.64,
Norte,E2,4:00:00,1143,0.07,1801.44,32.49,
Norte,E2,4:00:00,1144,0.06,1801.43,32.66,
Norte,E2,4:00:00,1145,0.03,1801.44,32.58,
Norte,E2,4:00:00,1147,0.0,1801.43,32.73,
Norte,E2,4:00:00,1148,0.0,1801.44,32.75,
Norte,E2,4:00:00,1149,0.13,1801.46,31.35,
Norte,E2,4:00:00,1150,0.18,1801.44,31.16,
Norte,E2,4:00:00,1151,0.03,1801.5,27.27,
Norte,E2,4:00:00,1153,0.01,1801.47,28.87,
Norte,E2,4:00:00,1154,0.0,1801.47,29.32,
Norte,E2,4:00:00,1158,0.09,1801.47,29.53,
Norte,E2,4:00:00,1159,0.07,1801.46,31.9,
Norte,E2,4:00:00,1161,0.03,1801.46,30.97,
Norte,E2,4:00:00,1162,0.0,1801.45,32.39,
Norte,E2,4:00:00,1164,0.08,1801.45,32.47,
Norte,E2,4:00:00,1165,0.03,1801.45,32.58,
Norte,E2,4:00:00,1166,0.04,1801.45,32.13,
Norte,E2,4:00:00,1169,0.07,1801.45,32.75,
Norte,E2,4:00:00,1171,0.06,1801.44,32.76,
Norte,E2,4:00:00,1172,0.13,1801.44,33.81,
Norte,E2,4:00:00,1174,0.05,1801.44,33.61,
Norte,E2,4:00:00,1175,0.1,1801.45,32.11,
Norte,E2,4:00:00,1176,0.14,1801.45,33.6,
Norte,E2,4:00:00,1179,0.05,1801.45,33.11,
Norte,E2,4:00:00,1181,0.01,1801.44,33.6,
Norte,E2,4:00:00,1182,0.05,1801.45,32.84,
Norte,E2,4:00:00,1184,0.03,1801.48,25.04,
Norte,E2,4:00:00,1185,0.02,1801.47,26.74,
Norte,E2,4:00:00,1186,0.01,1801.47,26.06,
Norte,E2,4:00:00,1187,0.17,1801.45,25.74,
Norte,E2,4:00:00,1189,0.01,1801.41,25.32,
Norte,E2,4:00:00,1190,0.05,1801.41,26.28,
Norte,E2,4:00:00,1191,0.05,1801.45,29.33,
Norte,E2,4:00:00,1192,0.01,1801.45,27.43,
Norte,E2,4:00:00,1196,0.04,1801.39,27.17,
Norte,E2,4:00:00,1197,0.04,1801.39,27.64,
Norte,E2,4:00:00,1207,0.09,1801.39,25.6,
Norte,E2,4:00:00,1216,0.07,1801.38,19.35,
Norte,E2,4:00:00,1221,0.04,1801.49,19.93,
Norte,E2,4:00:00,1223,0.04,1801.49,19.71,
Norte,E2,4:00:00,1224,0.06,1801.48,23.3,
Norte,E2,4:00:00,1225,0.03,1801.47,24.77,
Norte,E2,4:00:00,1226,0.05,1801.48,23.53,
Norte,E2,4:00:00,1228,0.03,1801.48,22.86,
Norte,E2,4:00:00,1229,0.01,1801.48,22.56,
Norte,E2,4:00:00,1230,0.01,1801.48,22.51,
Norte,E2,4:00:00,1231,0.01,1801.48,22.59,
Norte,E2,4:00:00,1232,0.02,1801.48,22.05,
Norte,E2,4:00:00,1233,0.01,1801.48,22.02,
Norte,E2,4:00:00,1240,0.09,1801.49,21.32,
Norte,E2,4:00:00,1242,0.09,1801.48,22.48,
Norte,E2,4:00:00,1243,0.03,1801.48,23.25,
Norte,E2,4:00:00,1244,0.09,1801.47,24.8,
Norte,E2,4:00:00,1245,0.05,1801.47,25.88,
Norte,E2,4:00:00,1246,0.03,1801.46,26.06,
Norte,E2,4:00:00,1247,0.06,1801.46,25.82,
Norte,E2,4:00:00,1248,0.05,1801.46,25.53,
Norte,E2,4:00:00,1249,0.11,1801.48,23.9,
Norte,E2,4:00:00,1250,0.12,1801.49,22.8,
Norte,E2,4:00:00,1252,0.09,1801.5,21.41,
Norte,E2,4:00:00,1253,0.12,1801.48,23.87,
Norte,E2,4:00:00,1254,0.11,1801.5,22.2,
Norte,E2,4:00:00,1255,0.06,1801.52,21.95,
Norte,E2,4:00:00,1257,0.07,1801.52,21.33,
Norte,E2,4:00:00,1265,0.03,1801.55,20.96,
Norte,E2,4:00:00,1268,0.05,1801.55,21.05,
Norte,E2,4:00:00,1272,0.03,1801.53,21.7,
Norte,E2,4:00:00,1274,0.05,1801.53,21.73,
Norte,E2,4:00:00,1276,0.11,1801.51,22.7,
Norte,E2,4:00:00,1279,0.05,1801.5,23.99,
Norte,E2,4:00:00,1281,0.05,1801.5,24.36,
Norte,E2,4:00:00,1282,0.02,1801.5,25.83,
Norte,E2,4:00:00,1284,0.02,1801.44,31.2,
Norte,E2,4:00:00,1286,0.07,1801.5,22.91,
Norte,E2,4:00:00,1288,0.01,1801.5,24.94,
Norte,E2,4:00:00,1289,0.02,1801.5,23.27,
Norte,E2,4:00:00,1290,0.08,1801.5,23.35,
Norte,E2,4:00:00,1291,0.01,1801.51,21.12,
Norte,E2,4:00:00,1292,0.05,1801.51,21.35,
Norte,E2,4:00:00,1293,0.07,1801.51,22.0,
Norte,E2,4:00:00,1294,0.02,1801.51,21.85,
Norte,E2,4:00:00,1295,0.11,1801.52,21.03,
Norte,E2,4:00:00,1297,0.08,1801.52,20.64,
Norte,E2,4:00:00,1302,0.08,1801.51,20.11,
Norte,E2,4:00:00,1304,0.05,1801.51,20.11,
Norte,E2,4:00:00,1305,0.0,1801.51,20.12,
Norte,E2,4:00:00,1306,0.05,1801.51,20.12,
Norte,E2,4:00:00,1308,0.07,1801.51,20.65,
Norte,E2,4:00:00,1309,0.03,1801.51,28.54,
Norte,E2,4:00:00,1310,0.02,1801.51,24.69,
Norte,E2,4:00:00,1312,0.08,1801.46,29.54,
Norte,E2,4:00:00,1313,0.0,1801.46,29.76,
Norte,E2,4:00:00,1315,0.05,1801.46,29.72,
Norte,E2,4:00:00,1318,0.07,1801.42,29.69,
Norte,E2,4:00:00,1319,0.01,1801.42,29.34,
Norte,E2,4:00:00,1321,0.04,1801.51,21.54,
Norte,E2,4:00:00,1322,0.0,1801.51,22.31,
Norte,E2,4:00:00,1323,0.05,1801.51,22.1,
Norte,E2,4:00:00,1324,0.02,1801.51,20.66,
Norte,E2,4:00:00,1326,0.07,1801.51,20.32,
Norte,E2,4:00:00,1334,0.05,1801.5,22.22,
Norte,E2,4:00:00,1335,0.06,1801.49,22.78,
Norte,E2,4:00:00,1336,0.01,1801.49,21.91,
Norte,E2,4:00:00,1340,0.03,1801.5,29.16,
Norte,E2,4:00:00,5010,0.03,1801.49,26.04,
Norte,E2,4:00:00,5011,0.04,1801.41,26.2,
Norte,E2,4:00:00,5019,0.05,1801.42,32.24,
Norte,E2,4:00:00,5086,0.06,1801.43,32.72,
Norte,E2,4:00:00,5087,0.01,1801.43,32.77,
Norte,E2,4:00:00,5108,0.0,1801.41,26.13,
Norte,E2,4:00:00,5112,0.02,1801.53,21.74,
Norte,E2,4:00:00,5148,0.0,1801.43,32.45,
Norte,E2,4:00:00,5193,0.0,1801.43,31.58,
Norte,E2,4:00:00,5204,0.12,1801.39,25.67,
Norte,E2,4:00:00,5241,0.0,1801.49,19.86,
Norte,E2,4:00:00,5264,0.02,1801.44,32.74,
Norte,E2,4:00:00,5289,0.01,1801.42,29.94,
Norte,E2,4:00:00,5291,0.01,1801.46,29.98,
Norte,E2,4:00:00,5311,0.11,1801.43,32.68,
Norte,E2,4:00:00,5312,0.0,1801.43,32.82,
Norte,E2,4:00:00,5313,0.01,1801.43,32.62,
Norte,E2,4:00:00,5314,0.01,1801.41,26.06,
Norte,E2,4:00:00,5342,0.03,1801.49,25.94,
Norte,E2,4:00:00,5343,0.11,1801.55,21.07,
Norte,E2,4:00:00,5344,0.11,1801.54,26.0,
Norte,E2,4:00:00,5345,0.11,1801.54,26.16,
Norte,E2,4:00:00,5478,0.0,1801.53,21.75,
Norte,E2,4:00:00,5484,0.0,1801.49,19.33,
Norte,E2,4:00:00,5493,0.01,1801.45,30.97,
Norte,E2,4:00:00,5494,0.01,1801.45,31.04,
Norte,E2,4:00:00,5495,0.08,1801.43,32.96,
Norte,E2,4:00:00,5506,0.01,1801.48,23.0,
Norte,E2,4:00:00,5523,0.0,1801.43,29.42,
Norte,E2,4:00:00,5533,0.02,1801.51,20.97,
Norte,E2,4:00:00,5537,0.03,1801.43,29.68,
Norte,E2,4:00:00,5538,0.06,1801.43,30.0,
Norte,E2,4:00:00,5603,0.04,1801.44,31.22,
Norte,E2,4:00:00,5604,0.06,1801.43,30.78,
Norte,E2,4:00:00,5613,0.06,1801.44,32.63,
Norte,E2,4:00:00,5614,0.02,1801.45,32.72,
Norte,E2,4:00:00,5620,0.04,1801.42,32.57,
Norte,E2,4:00:00,5621,0.03,1801.42,32.51,
Norte,E2,4:00:00,5678,0.05,1801.43,30.11,
Norte,E2,4:00:00,5685,0.02,1801.45,25.91,
Norte,E2,4:00:00,5709,0.13,1801.55,21.08,
Norte,E2,4:00:00,5744,0.04,1801.45,32.37,
Norte,E2,4:00:00,5746,0.07,1801.49,24.64,
Norte,E2,4:00:00,5747,0.04,1801.47,26.14,
Norte,E2,4:00:00,5748,0.05,1801.59,21.33,
Norte,E2,4:00:00,5749,0.05,1801.64,21.49,
Norte,E2,4:00:00,5750,0.03,1801.68,21.35,
Norte,E2,4:00:00,5760,0.03,1801.73,21.09,
Norte,E2,4:00:00,5761,0.02,1801.69,21.46,
Norte,E2,4:00:00,5762,0.01,1801.77,20.53,
Norte,E2,4:00:00,5763,0.02,1801.76,20.76,
Norte,E2,4:00:00,10020,0.04,1801.44,33.5,
Norte,E2,4:00:00,10059,0.03,1801.43,29.94,
Norte,E2,4:00:00,10061,0.0,1801.51,20.8,
Norte,E2,4:00:00,10062,0.0,1801.52,20.7,
Norte,E2,4:00:00,10063,0.0,1801.55,20.96,
Norte,E2,4:00:00,10082,0.07,1801.49,20.75,
Norte,E2,5:00:00,346,0.05,1801.22,33.52,
Norte,E2,5:00:00,347,0.08,1801.22,33.7,
Norte,E2,5:00:00,348,0.13,1801.22,33.71,
Norte,E2,5:00:00,349,0.06,1801.23,32.4,
Norte,E2,5:00:00,350,0.03,1801.23,32.39,
Norte,E2,5:00:00,351,0.06,1801.23,33.98,
Norte,E2,5:00:00,352,0.14,1801.23,33.86,
Norte,E2,5:00:00,353,0.08,1801.23,33.77,
Norte,E2,5:00:00,354,0.14,1801.26,32.56,
Norte,E2,5:00:00,355,0.05,1801.26,32.48,
Norte,E2,5:00:00,356,0.09,1801.26,32.52,
Norte,E2,5:00:00,357,0.04,1801.26,32.74,
Norte,E2,5:00:00,358,0.02,1801.26,32.99,
Norte,E2,5:00:00,362,0.09,1801.24,32.54,
Norte,E2,5:00:00,363,0.04,1801.25,32.54,
Norte,E2,5:00:00,364,0.08,1801.25,32.54,
Norte,E2,5:00:00,368,0.04,1801.23,32.56,
Norte,E2,5:00:00,371,0.06,1801.23,32.54,
Norte,E2,5:00:00,400,0.07,1801.24,32.26,
Norte,E2,5:00:00,401,0.06,1801.24,32.28,
Norte,E2,5:00:00,404,0.03,1801.24,32.08,
Norte,E2,5:00:00,405,0.01,1801.24,32.03,
Norte,E2,5:00:00,1049,0.03,1801.23,29.83,
Norte,E2,5:00:00,1051,0.04,1801.23,29.72,
Norte,E2,5:00:00,1053,0.03,1801.23,29.72,
Norte,E2,5:00:00,1059,0.06,1801.23,29.49,
Norte,E2,5:00:00,1063,0.03,1801.23,29.22,
Norte,E2,5:00:00,1077,0.03,1801.23,29.68,
Norte,E2,5:00:00,1089,0.04,1801.22,29.83,
Norte,E2,5:00:00,1093,0.08,1801.22,29.38,
Norte,E2,5:00:00,1094,0.02,1801.22,29.14,
Norte,E2,5:00:00,1095,0.02,1801.23,29.64,
Norte,E2,5:00:00,1100,0.05,1801.23,30.25,
Norte,E2,5:00:00,1102,0.08,1801.23,30.2,
Norte,E2,5:00:00,1103,0.01,1801.23,31.18,
Norte,E2,5:00:00,1104,0.08,1801.23,30.23,
Norte,E2,5:00:00,1106,0.09,1801.23,30.17,
Norte,E2,5:00:00,1107,0.04,1801.23,30.43,
Norte,E2,5:00:00,1109,0.01,1801.23,30.42,
Norte,E2,5:00:00,1110,0.01,1801.23,30.06,
Norte,E2,5:00:00,1112,0.02,1801.23,30.08,
Norte,E2,5:00:00,1113,0.04,1801.23,29.82,
Norte,E2,5:00:00,1115,0.09,1801.23,29.81,
Norte,E2,5:00:00,1117,0.09,1801.23,29.86,
Norte,E2,5:00:00,1119,0.12,1801.23,30.45,
Norte,E2,5:00:00,1120,0.09,1801.23,30.02,
Norte,E2,5:00:00,1122,0.06,1801.23,31.32,
Norte,E2,5:00:00,1125,0.07,1801.23,31.26,
Norte,E2,5:00:00,1128,0.07,1801.23,31.51,
Norte,E2,5:00:00,1130,0.08,1801.23,31.33,
Norte,E2,5:00:00,1131,0.08,1801.23,31.48,
Norte,E2,5:00:00,1133,0.03,1801.23,32.51,
Norte,E2,5:00:00,1134,0.15,1801.27,32.6,
Norte,E2,5:00:00,1135,0.1,1801.23,32.69,
Norte,E2,5:00:00,1137,0.13,1801.26,32.53,
Norte,E2,5:00:00,1139,0.08,1801.26,32.51,
Norte,E2,5:00:00,1140,0.03,1801.26,32.56,
Norte,E2,5:00:00,1141,0.06,1801.23,31.49,
Norte,E2,5:00:00,1142,0.03,1801.25,31.45,
Norte,E2,5:00:00,1143,0.09,1801.25,32.3,
Norte,E2,5:00:00,1144,0.08,1801.23,32.46,
Norte,E2,5:00:00,1145,0.03,1801.25,32.39,
Norte,E2,5:00:00,1147,0.0,1801.24,32.54,
Norte,E2,5:00:00,1148,0.0,1801.24,32.55,
Norte,E2,5:00:00,1149,0.17,1801.29,31.18,
Norte,E2,5:00:00,1150,0.22,1801.24,30.96,
Norte,E2,5:00:00,1151,0.04,1801.34,27.11,
Norte,E2,5:00:00,1153,0.02,1801.3,28.7,
Norte,E2,5:00:00,1154,0.0,1801.3,29.15,
Norte,E2,5:00:00,1158,0.12,1801.3,29.36,
Norte,E2,5:00:00,1159,0.08,1801.28,31.72,
Norte,E2,5:00:00,1161,0.04,1801.28,30.79,
Norte,E2,5:00:00,1162,0.01,1801.27,32.21,
Norte,E2,5:00:00,1164,0.1,1801.27,32.29,
Norte,E2,5:00:00,1165,0.04,1801.27,32.4,
Norte,E2,5:00:00,1166,0.06,1801.27,31.95,
Norte,E2,5:00:00,1169,0.09,1801.26,32.56,
Norte,E2,5:00:00,1171,0.07,1801.25,32.57,
Norte,E2,5:00:00,1172,0.17,1801.25,33.62,
Norte,E2,5:00:00,1174,0.06,1801.25,33.42,
Norte,E2,5:00:00,1175,0.13,1801.26,31.92,
Norte,E2,5:00:00,1176,0.18,1801.26,33.41,
Norte,E2,5:00:00,1179,0.06,1801.26,32.92,
Norte,E2,5:00:00,1181,0.01,1801.25,33.41,
Norte,E2,5:00:00,1182,0.06,1801.26,32.65,
Norte,E2,5:00:00,1184,0.04,1801.31,24.87,
Norte,E2,5:00:00,1185,0.02,1801.3,26.57,
Norte,E2,5:00:00,1186,0.01,1801.3,25.89,
Norte,E2,5:00:00,1187,0.22,1801.27,25.56,
Norte,E2,5:00:00,1189,0.01,1801.2,25.11,
Norte,E2,5:00:00,1190,0.07,1801.2,26.07,
Norte,E2,5:00:00,1191,0.07,1801.26,29.14,
Norte,E2,5:00:00,1192,0.01,1801.26,27.24,
Norte,E2,5:00:00,1196,0.06,1801.16,26.94,
Norte,E2,5:00:00,1197,0.05,1801.16,27.41,
Norte,E2,5:00:00,1207,0.12,1801.17,25.37,
Norte,E2,5:00:00,1216,0.09,1801.16,19.13,
Norte,E2,5:00:00,1221,0.05,1801.32,19.76,
Norte,E2,5:00:00,1223,0.05,1801.32,19.54,
Norte,E2,5:00:00,1224,0.07,1801.32,23.14,
Norte,E2,5:00:00,1225,0.04,1801.29,24.59,
Norte,E2,5:00:00,1226,0.07,1801.32,23.37,
Norte,E2,5:00:00,1228,0.04,1801.32,22.7,
Norte,E2,5:00:00,1229,0.02,1801.32,22.4,
Norte,E2,5:00:00,1230,0.01,1801.32,22.35,
Norte,E2,5:00:00,1231,0.01,1801.32,22.43,
Norte,E2,5:00:00,1232,0.02,1801.32,21.89,
Norte,E2,5:00:00,1233,0.01,1801.32,21.86,
Norte,E2,5:00:00,1240,0.12,1801.33,21.16,
Norte,E2,5:00:00,1242,0.12,1801.32,22.32,
Norte,E2,5:00:00,1243,0.04,1801.31,23.08,
Norte,E2,5:00:00,1244,0.12,1801.29,24.62,
Norte,E2,5:00:00,1245,0.06,1801.29,25.7,
Norte,E2,5:00:00,1246,0.03,1801.28,25.87,
Norte,E2,5:00:00,1247,0.07,1801.28,25.64,
Norte,E2,5:00:00,1248,0.07,1801.27,25.34,
Norte,E2,5:00:00,1249,0.15,1801.31,23.73,
Norte,E2,5:00:00,1250,0.16,1801.32,22.63,
Norte,E2,5:00:00,1252,0.11,1801.34,21.25,
Norte,E2,5:00:00,1253,0.15,1801.31,23.7,
Norte,E2,5:00:00,1254,0.14,1801.34,22.04,
Norte,E2,5:00:00,1255,0.08,1801.37,21.8,
Norte,E2,5:00:00,1257,0.08,1801.38,21.19,
Norte,E2,5:00:00,1265,0.03,1801.42,20.83,
Norte,E2,5:00:00,1268,0.07,1801.42,20.92,
Norte,E2,5:00:00,1272,0.03,1801.39,21.56,
Norte,E2,5:00:00,1274,0.06,1801.39,21.59,
Norte,E2,5:00:00,1276,0.14,1801.36,22.55,
Norte,E2,5:00:00,1279,0.06,1801.35,23.84,
Norte,E2,5:00:00,1281,0.07,1801.35,24.21,
Norte,E2,5:00:00,1282,0.03,1801.35,25.68,
Norte,E2,5:00:00,1284,0.03,1801.24,31.0,
Norte,E2,5:00:00,1286,0.08,1801.35,22.76,
Norte,E2,5:00:00,1288,0.01,1801.35,24.79,
Norte,E2,5:00:00,1289,0.02,1801.35,23.12,
Norte,E2,5:00:00,1290,0.1,1801.35,23.2,
Norte,E2,5:00:00,1291,0.01,1801.35,20.96,
Norte,E2,5:00:00,1292,0.07,1801.35,21.19,
Norte,E2,5:00:00,1293,0.09,1801.36,21.85,
Norte,E2,5:00:00,1294,0.02,1801.36,21.7,
Norte,E2,5:00:00,1295,0.14,1801.37,20.88,
Norte,E2,5:00:00,1297,0.1,1801.38,20.5,
Norte,E2,5:00:00,1302,0.1,1801.37,19.97,
Norte,E2,5:00:00,1304,0.06,1801.37,19.97,
Norte,E2,5:00:00,1305,0.0,1801.37,19.98,
Norte,E2,5:00:00,1306,0.07,1801.37,19.98,
Norte,E2,5:00:00,1308,0.08,1801.36,20.5,
Norte,E2,5:00:00,1309,0.04,1801.36,28.39,
Norte,E2,5:00:00,1310,0.02,1801.36,24.54,
Norte,E2,5:00:00,1312,0.11,1801.28,29.36,
Norte,E2,5:00:00,1313,0.0,1801.28,29.58,
Norte,E2,5:00:00,1315,0.07,1801.28,29.54,
Norte,E2,5:00:00,1318,0.08,1801.22,29.49,
Norte,E2,5:00:00,1319,0.02,1801.22,29.14,
Norte,E2,5:00:00,1321,0.05,1801.36,21.39,
Norte,E2,5:00:00,1322,0.01,1801.36,22.16,
Norte,E2,5:00:00,1323,0.06,1801.36,21.95,
Norte,E2,5:00:00,1324,0.03,1801.36,20.52,
Norte,E2,5:00:00,1326,0.09,1801.36,20.17,
Norte,E2,5:00:00,1334,0.07,1801.35,22.07,
Norte,E2,5:00:00,1335,0.07,1801.33,22.62,
Norte,E2,5:00:00,1336,0.01,1801.33,21.75,
Norte,E2,5:00:00,1340,0.04,1801.35,29.01,
Norte,E2,5:00:00,5010,0.03,1801.32,25.87,
Norte,E2,5:00:00,5011,0.06,1801.21,26.0,
Norte,E2,5:00:00,5019,0.06,1801.22,32.04,
Norte,E2,5:00:00,5086,0.07,1801.24,32.53,
Norte,E2,5:00:00,5087,0.01,1801.24,32.58,
Norte,E2,5:00:00,5108,0.0,1801.2,25.92,
Norte,E2,5:00:00,5112,0.03,1801.39,21.6,
Norte,E2,5:00:00,5148,0.0,1801.24,32.26,
Norte,E2,5:00:00,5193,0.0,1801.23,31.38,
Norte,E2,5:00:00,5204,0.15,1801.16,25.44,
Norte,E2,5:00:00,5241,0.0,1801.32,19.69,
Norte,E2,5:00:00,5264,0.03,1801.24,32.54,
Norte,E2,5:00:00,5289,0.01,1801.22,29.74,
Norte,E2,5:00:00,5291,0.02,1801.28,29.8,
Norte,E2,5:00:00,5311,0.14,1801.23,32.48,
Norte,E2,5:00:00,5312,0.01,1801.23,32.62,
Norte,E2,5:00:00,5313,0.01,1801.23,32.42,
Norte,E2,5:00:00,5314,0.02,1801.2,25.85,
Norte,E2,5:00:00,5342,0.03,1801.32,25.77,
Norte,E2,5:00:00,5343,0.14,1801.41,20.93,
Norte,E2,5:00:00,5344,0.15,1801.4,25.86,
Norte,E2,5:00:00,5345,0.15,1801.4,26.02,
Norte,E2,5:00:00,5478,0.0,1801.39,21.61,
Norte,E2,5:00:00,5484,0.01,1801.32,19.16,
Norte,E2,5:00:00,5493,0.01,1801.26,30.78,
Norte,E2,5:00:00,5494,0.01,1801.26,30.85,
Norte,E2,5:00:00,5495,0.11,1801.23,32.76,
Norte,E2,5:00:00,5506,0.02,1801.32,22.84,
Norte,E2,5:00:00,5523,0.0,1801.23,29.22,
Norte,E2,5:00:00,5533,0.03,1801.35,20.81,
Norte,E2,5:00:00,5537,0.04,1801.23,29.48,
Norte,E2,5:00:00,5538,0.07,1801.23,29.8,
Norte,E2,5:00:00,5603,0.05,1801.25,31.03,
Norte,E2,5:00:00,5604,0.07,1801.24,30.59,
Norte,E2,5:00:00,5613,0.07,1801.25,32.44,
Norte,E2,5:00:00,5614,0.03,1801.26,32.53,
Norte,E2,5:00:00,5620,0.05,1801.22,32.37,
Norte,E2,5:00:00,5621,0.04,1801.22,32.31,
Norte,E2,5:00:00,5678,0.06,1801.23,29.91,
Norte,E2,5:00:00,5685,0.02,1801.26,25.72,
Norte,E2,5:00:00,5709,0.17,1801.41,20.94,
Norte,E2,5:00:00,5744,0.06,1801.27,32.19,
Norte,E2,5:00:00,5746,0.09,1801.33,24.48,
Norte,E2,5:00:00,5747,0.05,1801.3,25.97,
Norte,E2,5:00:00,5748,0.06,1801.49,21.23,
Norte,E2,5:00:00,5749,0.06,1801.57,21.42,
Norte,E2,5:00:00,5750,0.04,1801.63,21.3,
Norte,E2,5:00:00,5760,0.04,1801.7,21.06,
Norte,E2,5:00:00,5761,0.03,1801.65,21.42,
Norte,E2,5:00:00,5762,0.01,1801.77,20.53,
Norte,E2,5:00:00,5763,0.03,1801.75,20.75,
Norte,E2,5:00:00,10020,0.05,1801.24,33.3,
Norte,E2,5:00:00,10059,0.04,1801.23,29.74,
Norte,E2,5:00:00,10061,0.0,1801.35,20.64,
Norte,E2,5:00:00,10062,0.0,1801.38,20.56,
Norte,E2,5:00:00,10063,0.0,1801.42,20.83,
Norte,E2,5:00:00,10082,0.09,1801.33,20.59,
Norte,E2,6:00:00,346,0.05,1801.08,33.38,
Norte,E2,6:00:00,347,0.1,1801.08,33.56,
Norte,E2,6:00:00,348,0.15,1801.08,33.57,
Norte,E2,6:00:00,349,0.07,1801.08,32.25,
Norte,E2,6:00:00,350,0.03,1801.08,32.24,
Norte,E2,6:00:00,351,0.06,1801.08,33.83,
Norte,E2,6:00:00,352,0.16,1801.08,33.71,
Norte,E2,6:00:00,353,0.09,1801.08,33.62,
Norte,E2,6:00:00,354,0.15,1801.12,32.42,
Norte,E2,6:00:00,355,0.06,1801.13,32.35,
Norte,E2,6:00:00,356,0.11,1801.13,32.39,
Norte,E2,6:00:00,357,0.05,1801.13,32.61,
Norte,E2,6:00:00,358,0.03,1801.13,32.86,
Norte,E2,6:00:00,362,0.1,1801.1,32.4,
Norte,E2,6:00:00,363,0.05,1801.11,32.4,
Norte,E2,6:00:00,364,0.09,1801.11,32.4,
Norte,E2,6:00:00,368,0.05,1801.09,32.42,
Norte,E2,6:00:00,371,0.07,1801.09,32.4,
Norte,E2,6:00:00,400,0.07,1801.1,32.12,
Norte,E2,6:00:00,401,0.07,1801.1,32.14,
Norte,E2,6:00:00,404,0.03,1801.1,31.94,
Norte,E2,6:00:00,405,0.01,1801.1,31.89,
Norte,E2,6:00:00,1049,0.03,1801.08,29.68,
Norte,E2,6:00:00,1051,0.05,1801.08,29.57,
Norte,E2,6:00:00,1053,0.03,1801.08,29.57,
Norte,E2,6:00:00,1059,0.07,1801.08,29.34,
Norte,E2,6:00:00,1063,0.03,1801.08,29.07,
Norte,E2,6:00:00,1077,0.03,1801.09,29.54,
Norte,E2,6:00:00,1089,0.04,1801.08,29.69,
Norte,E2,6:00:00,1093,0.09,1801.08,29.24,
Norte,E2,6:00:00,1094,0.02,1801.08,29.0,
Norte,E2,6:00:00,1095,0.03,1801.08,29.49,
Norte,E2,6:00:00,1100,0.05,1801.08,30.1,
Norte,E2,6:00:00,1102,0.09,1801.08,30.05,
Norte,E2,6:00:00,1103,0.01,1801.09,31.04,
Norte,E2,6:00:00,1104,0.09,1801.08,30.08,
Norte,E2,6:00:00,1106,0.1,1801.08,30.02,
Norte,E2,6:00:00,1107,0.05,1801.09,30.29,
Norte,E2,6:00:00,1109,0.02,1801.08,30.27,
Norte,E2,6:00:00,1110,0.02,1801.09,29.92,
Norte,E2,6:00:00,1112,0.03,1801.09,29.94,
Norte,E2,6:00:00,1113,0.05,1801.09,29.68,
Norte,E2,6:00:00,1115,0.1,1801.09,29.67,
Norte,E2,6:00:00,1117,0.11,1801.09,29.72,
Norte,E2,6:00:00,1119,0.13,1801.08,30.3,
Norte,E2,6:00:00,1120,0.1,1801.09,29.88,
Norte,E2,6:00:00,1122,0.07,1801.09,31.18,
Norte,E2,6:00:00,1125,0.08,1801.09,31.12,
Norte,E2,6:00:00,1128,0.08,1801.09,31.37,
Norte,E2,6:00:00,1130,0.09,1801.09,31.19,
Norte,E2,6:00:00,1131,0.09,1801.09,31.34,
Norte,E2,6:00:00,1133,0.03,1801.08,32.36,
Norte,E2,6:00:00,1134,0.17,1801.13,32.46,
Norte,E2,6:00:00,1135,0.12,1801.09,32.55,
Norte,E2,6:00:00,1137,0.15,1801.13,32.4,
Norte,E2,6:00:00,1139,0.1,1801.13,32.38,
Norte,E2,6:00:00,1140,0.04,1801.13,32.43,
Norte,E2,6:00:00,1141,0.07,1801.08,31.34,
Norte,E2,6:00:00,1142,0.03,1801.11,31.31,
Norte,E2,6:00:00,1143,0.1,1801.11,32.16,
Norte,E2,6:00:00,1144,0.09,1801.08,32.31,
Norte,E2,6:00:00,1145,0.04,1801.11,32.25,
Norte,E2,6:00:00,1147,0.0,1801.1,32.4,
Norte,E2,6:00:00,1148,0.01,1801.1,32.41,
Norte,E2,6:00:00,1149,0.19,1801.16,31.05,
Norte,E2,6:00:00,1150,0.25,1801.1,30.82,
Norte,E2,6:00:00,1151,0.04,1801.23,27.0,
Norte,E2,6:00:00,1153,0.02,1801.17,28.57,
Norte,E2,6:00:00,1154,0.0,1801.17,29.02,
Norte,E2,6:00:00,1158,0.13,1801.17,29.23,
Norte,E2,6:00:00,1159,0.1,1801.16,31.6,
Norte,E2,6:00:00,1161,0.04,1801.16,30.67,
Norte,E2,6:00:00,1162,0.01,1801.14,32.08,
Norte,E2,6:00:00,1164,0.12,1801.13,32.15,
Norte,E2,6:00:00,1165,0.04,1801.14,32.27,
Norte,E2,6:00:00,1166,0.06,1801.14,31.82,
Norte,E2,6:00:00,1169,0.1,1801.13,32.43,
Norte,E2,6:00:00,1171,0.08,1801.11,32.43,
Norte,E2,6:00:00,1172,0.19,1801.11,33.48,
Norte,E2,6:00:00,1174,0.07,1801.11,33.28,
Norte,E2,6:00:00,1175,0.15,1801.12,31.78,
Norte,E2,6:00:00,1176,0.21,1801.12,33.27,
Norte,E2,6:00:00,1179,0.07,1801.13,32.79,
Norte,E2,6:00:00,1181,0.01,1801.11,33.27,
Norte,E2,6:00:00,1182,0.07,1801.13,32.52,
Norte,E2,6:00:00,1184,0.05,1801.18,24.74,
Norte,E2,6:00:00,1185,0.03,1801.17,26.44,
Norte,E2,6:00:00,1186,0.01,1801.17,25.76,
Norte,E2,6:00:00,1187,0.25,1801.14,25.43,
Norte,E2,6:00:00,1189,0.01,1801.06,24.97,
Norte,E2,6:00:00,1190,0.08,1801.05,25.92,
Norte,E2,6:00:00,1191,0.08,1801.12,29.0,
Norte,E2,6:00:00,1192,0.01,1801.12,27.1,
Norte,E2,6:00:00,1196,0.06,1801.0,26.78,
Norte,E2,6:00:00,1197,0.06,1801.0,27.25,
Norte,E2,6:00:00,1207,0.13,1801.01,25.22,
Norte,E2,6:00:00,1216,0.1,1801.0,18.97,
Norte,E2,6:00:00,1221,0.06,1801.2,19.64,
Norte,E2,6:00:00,1223,0.06,1801.2,19.42,
Norte,E2,6:00:00,1224,0.08,1801.2,23.02,
Norte,E2,6:00:00,1225,0.04,1801.16,24.46,
Norte,E2,6:00:00,1226,0.07,1801.2,23.25,
Norte,E2,6:00:00,1228,0.04,1801.19,22.57,
Norte,E2,6:00:00,1229,0.02,1801.19,22.27,
Norte,E2,6:00:00,1230,0.02,1801.19,22.22,
Norte,E2,6:00:00,1231,0.01,1801.19,22.3,
Norte,E2,6:00:00,1232,0.03,1801.19,21.76,
Norte,E2,6:00:00,1233,0.02,1801.19,21.73,
Norte,E2,6:00:00,1240,0.13,1801.21,21.04,
Norte,E2,6:00:00,1242,0.14,1801.2,22.2,
Norte,E2,6:00:00,1243,0.05,1801.19,22.96,
Norte,E2,6:00:00,1244,0.13,1801.16,24.49,
Norte,E2,6:00:00,1245,0.07,1801.16,25.57,
Norte,E2,6:00:00,1246,0.04,1801.14,25.74,
Norte,E2,6:00:00,1247,0.08,1801.14,25.5,
Norte,E2,6:00:00,1248,0.08,1801.14,25.21,
Norte,E2,6:00:00,1249,0.16,1801.18,23.6,
Norte,E2,6:00:00,1250,0.18,1801.2,22.51,
Norte,E2,6:00:00,1252,0.13,1801.23,21.14,
Norte,E2,6:00:00,1253,0.17,1801.19,23.58,
Norte,E2,6:00:00,1254,0.16,1801.23,21.93,
Norte,E2,6:00:00,1255,0.09,1801.27,21.7,
Norte,E2,6:00:00,1257,0.09,1801.27,21.08,
Norte,E2,6:00:00,1265,0.04,1801.33,20.74,
Norte,E2,6:00:00,1268,0.08,1801.32,20.82,
Norte,E2,6:00:00,1272,0.04,1801.29,21.46,
Norte,E2,6:00:00,1274,0.07,1801.29,21.49,
Norte,E2,6:00:00,1276,0.15,1801.25,22.44,
Norte,E2,6:00:00,1279,0.07,1801.23,23.72,
Norte,E2,6:00:00,1281,0.08,1801.23,24.09,
Norte,E2,6:00:00,1282,0.03,1801.23,25.56,
Norte,E2,6:00:00,1284,0.03,1801.1,30.86,
Norte,E2,6:00:00,1286,0.1,1801.24,22.65,
Norte,E2,6:00:00,1288,0.01,1801.24,24.68,
Norte,E2,6:00:00,1289,0.03,1801.24,23.01,
Norte,E2,6:00:00,1290,0.12,1801.24,23.09,
Norte,E2,6:00:00,1291,0.01,1801.24,20.85,
Norte,E2,6:00:00,1292,0.08,1801.24,21.08,
Norte,E2,6:00:00,1293,0.1,1801.25,21.74,
Norte,E2,6:00:00,1294,0.03,1801.25,21.59,
Norte,E2,6:00:00,1295,0.16,1801.27,20.78,
Norte,E2,6:00:00,1297,0.11,1801.27,20.39,
Norte,E2,6:00:00,1302,0.11,1801.26,19.86,
Norte,E2,6:00:00,1304,0.07,1801.26,19.86,
Norte,E2,6:00:00,1305,0.0,1801.26,19.87,
Norte,E2,6:00:00,1306,0.08,1801.26,19.87,
Norte,E2,6:00:00,1308,0.09,1801.25,20.39,
Norte,E2,6:00:00,1309,0.05,1801.25,28.28,
Norte,E2,6:00:00,1310,0.02,1801.25,24.43,
Norte,E2,6:00:00,1312,0.12,1801.15,29.23,
Norte,E2,6:00:00,1313,0.0,1801.15,29.45,
Norte,E2,6:00:00,1315,0.08,1801.15,29.41,
Norte,E2,6:00:00,1318,0.1,1801.08,29.35,
Norte,E2,6:00:00,1319,0.02,1801.08,29.0,
Norte,E2,6:00:00,1321,0.06,1801.25,21.28,
Norte,E2,6:00:00,1322,0.01,1801.25,22.05,
Norte,E2,6:00:00,1323,0.07,1801.25,21.84,
Norte,E2,6:00:00,1324,0.03,1801.26,20.41,
Norte,E2,6:00:00,1326,0.11,1801.25,20.06,
Norte,E2,6:00:00,1334,0.08,1801.24,21.96,
Norte,E2,6:00:00,1335,0.08,1801.21,22.5,
Norte,E2,6:00:00,1336,0.01,1801.21,21.63,
Norte,E2,6:00:00,1340,0.05,1801.24,28.9,
Norte,E2,6:00:00,5010,0.04,1801.2,25.75,
Norte,E2,6:00:00,5011,0.06,1801.06,25.85,
Norte,E2,6:00:00,5019,0.07,1801.08,31.9,
Norte,E2,6:00:00,5086,0.08,1801.1,32.39,
Norte,E2,6:00:00,5087,0.01,1801.1,32.44,
Norte,E2,6:00:00,5108,0.0,1801.05,25.77,
Norte,E2,6:00:00,5112,0.03,1801.29,21.5,
Norte,E2,6:00:00,5148,0.0,1801.1,32.12,
Norte,E2,6:00:00,5193,0.0,1801.09,31.24,
Norte,E2,6:00:00,5204,0.17,1801.0,25.28,
Norte,E2,6:00:00,5241,0.0,1801.2,19.57,
Norte,E2,6:00:00,5264,0.03,1801.1,32.4,
Norte,E2,6:00:00,5289,0.01,1801.08,29.6,
Norte,E2,6:00:00,5291,0.02,1801.15,29.67,
Norte,E2,6:00:00,5311,0.15,1801.08,32.33,
Norte,E2,6:00:00,5312,0.01,1801.08,32.47,
Norte,E2,6:00:00,5313,0.01,1801.08,32.27,
Norte,E2,6:00:00,5314,0.02,1801.06,25.71,
Norte,E2,6:00:00,5342,0.04,1801.2,25.65,
Norte,E2,6:00:00,5343,0.16,1801.32,20.84,
Norte,E2,6:00:00,5344,0.17,1801.31,25.77,
Norte,E2,6:00:00,5345,0.17,1801.31,25.93,
Norte,E2,6:00:00,5478,0.01,1801.29,21.51,
Norte,E2,6:00:00,5484,0.01,1801.2,19.04,
Norte,E2,6:00:00,5493,0.01,1801.13,30.65,
Norte,E2,6:00:00,5494,0.01,1801.13,30.72,
Norte,E2,6:00:00,5495,0.12,1801.08,32.61,
Norte,E2,6:00:00,5506,0.02,1801.2,22.72,
Norte,E2,6:00:00,5523,0.0,1801.09,29.08,
Norte,E2,6:00:00,5533,0.04,1801.24,20.7,
Norte,E2,6:00:00,5537,0.05,1801.09,29.34,
Norte,E2,6:00:00,5538,0.08,1801.09,29.66,
Norte,E2,6:00:00,5603,0.06,1801.11,30.89,
Norte,E2,6:00:00,5604,0.08,1801.1,30.45,
Norte,E2,6:00:00,5613,0.08,1801.11,32.3,
Norte,E2,6:00:00,5614,0.03,1801.13,32.4,
Norte,E2,6:00:00,5620,0.06,1801.08,32.23,
Norte,E2,6:00:00,5621,0.05,1801.08,32.17,
Norte,E2,6:00:00,5678,0.07,1801.08,29.76,
Norte,E2,6:00:00,5685,0.02,1801.12,25.58,
Norte,E2,6:00:00,5709,0.19,1801.32,20.85,
Norte,E2,6:00:00,5744,0.06,1801.13,32.05,
Norte,E2,6:00:00,5746,0.1,1801.21,24.36,
Norte,E2,6:00:00,5747,0.06,1801.18,25.85,
Norte,E2,6:00:00,5748,0.07,1801.41,21.15,
Norte,E2,6:00:00,5749,0.07,1801.51,21.36,
Norte,E2,6:00:00,5750,0.04,1801.59,21.26,
Norte,E2,6:00:00,5760,0.05,1801.68,21.04,
Norte,E2,6:00:00,5761,0.03,1801.61,21.38,
Norte,E2,6:00:00,5762,0.02,1801.77,20.53,
Norte,E2,6:00:00,5763,0.04,1801.74,20.74,
Norte,E2,6:00:00,10020,0.06,1801.1,33.16,
Norte,E2,6:00:00,10059,0.05,1801.08,29.59,
Norte,E2,6:00:00,10061,0.01,1801.24,20.53,
Norte,E2,6:00:00,10062,0.0,1801.27,20.45,
Norte,E2,6:00:00,10063,0.0,1801.33,20.74,
Norte,E2,6:00:00,10082,0.11,1801.21,20.47,
Norte,E2,7:00:00,346,0.05,1801.13,33.43,
Norte,E2,7:00:00,347,0.09,1801.13,33.61,
Norte,E2,7:00:00,348,0.14,1801.13,33.62,
Norte,E2,7:00:00,349,0.06,1801.13,32.3,
Norte,E2,7:00:00,350,0.03,1801.13,32.29,
Norte,E2,7:00:00,351,0.06,1801.13,33.88,
Norte,E2,7:00:00,352,0.15,1801.13,33.76,
Norte,E2,7:00:00,353,0.09,1801.13,33.67,
Norte,E2,7:00:00,354,0.15,1801.17,32.47,
Norte,E2,7:00:00,355,0.06,1801.17,32.39,
Norte,E2,7:00:00,356,0.1,1801.17,32.43,
Norte,E2,7:00:00,357,0.04,1801.17,32.65,
Norte,E2,7:00:00,358,0.02,1801.17,32.9,
Norte,E2,7:00:00,362,0.1,1801.15,32.45,
Norte,E2,7:00:00,363,0.05,1801.16,32.45,
Norte,E2,7:00:00,364,0.09,1801.16,32.45,
Norte,E2,7:00:00,368,0.04,1801.14,32.47,
Norte,E2,7:00:00,371,0.07,1801.14,32.45,
Norte,E2,7:00:00,400,0.07,1801.15,32.17,
Norte,E2,7:00:00,401,0.06,1801.15,32.19,
Norte,E2,7:00:00,404,0.03,1801.15,31.99,
Norte,E2,7:00:00,405,0.01,1801.15,31.94,
Norte,E2,7:00:00,1049,0.03,1801.13,29.73,
Norte,E2,7:00:00,1051,0.04,1801.13,29.62,
Norte,E2,7:00:00,1053,0.03,1801.13,29.62,
Norte,E2,7:00:00,1059,0.06,1801.13,29.39,
Norte,E2,7:00:00,1063,0.03,1801.13,29.12,
Norte,E2,7:00:00,1077,0.03,1801.14,29.59,
Norte,E2,7:00:00,1089,0.04,1801.13,29.74,
Norte,E2,7:00:00,1093,0.09,1801.13,29.29,
Norte,E2,7:00:00,1094,0.02,1801.13,29.05,
Norte,E2,7:00:00,1095,0.03,1801.13,29.54,
Norte,E2,7:00:00,1100,0.05,1801.14,30.16,
Norte,E2,7:00:00,1102,0.08,1801.14,30.11,
Norte,E2,7:00:00,1103,0.01,1801.14,31.09,
Norte,E2,7:00:00,1104,0.09,1801.13,30.13,
Norte,E2,7:00:00,1106,0.1,1801.13,30.07,
Norte,E2,7:00:00,1107,0.05,1801.14,30.34,
Norte,E2,7:00:00,1109,0.01,1801.14,30.33,
Norte,E2,7:00:00,1110,0.02,1801.14,29.97,
Norte,E2,7:00:00,1112,0.03,1801.14,29.99,
Norte,E2,7:00:00,1113,0.05,1801.14,29.73,
Norte,E2,7:00:00,1115,0.1,1801.14,29.72,
Norte,E2,7:00:00,1117,0.1,1801.14,29.77,
Norte,E2,7:00:00,1119,0.13,1801.14,30.36,
Norte,E2,7:00:00,1120,0.09,1801.14,29.93,
Norte,E2,7:00:00,1122,0.07,1801.14,31.23,
Norte,E2,7:00:00,1125,0.07,1801.14,31.17,
Norte,E2,7:00:00,1128,0.07,1801.14,31.42,
Norte,E2,7:00:00,1130,0.09,1801.14,31.24,
Norte,E2,7:00:00,1131,0.09,1801.14,31.39,
Norte,E2,7:00:00,1133,0.03,1801.14,32.42,
Norte,E2,7:00:00,1134,0.16,1801.18,32.51,
Norte,E2,7:00:00,1135,0.11,1801.14,32.6,
Norte,E2,7:00:00,1137,0.14,1801.18,32.45,
Norte,E2,7:00:00,1139,0.09,1801.17,32.42,
Norte,E2,7:00:00,1140,0.04,1801.17,32.47,
Norte,E2,7:00:00,1141,0.06,1801.13,31.39,
Norte,E2,7:00:00,1142,0.03,1801.16,31.36,
Norte,E2,7:00:00,1143,0.09,1801.16,32.21,
Norte,E2,7:00:00,1144,0.09,1801.14,32.37,
Norte,E2,7:00:00,1145,0.04,1801.16,32.3,
Norte,E2,7:00:00,1147,0.0,1801.15,32.45,
Norte,E2,7:00:00,1148,0.01,1801.15,32.46,
Norte,E2,7:00:00,1149,0.18,1801.2,31.09,
Norte,E2,7:00:00,1150,0.24,1801.15,30.87,
Norte,E2,7:00:00,1151,0.04,1801.27,27.04,
Norte,E2,7:00:00,1153,0.02,1801.22,28.62,
Norte,E2,7:00:00,1154,0.0,1801.22,29.07,
Norte,E2,7:00:00,1158,0.13,1801.22,29.28,
Norte,E2,7:00:00,1159,0.09,1801.2,31.64,
Norte,E2,7:00:00,1161,0.04,1801.2,30.71,
Norte,E2,7:00:00,1162,0.01,1801.18,32.12,
Norte,E2,7:00:00,1164,0.11,1801.18,32.2,
Norte,E2,7:00:00,1165,0.04,1801.18,32.31,
Norte,E2,7:00:00,1166,0.06,1801.19,31.87,
Norte,E2,7:00:00,1169,0.1,1801.18,32.48,
Norte,E2,7:00:00,1171,0.08,1801.16,32.48,
Norte,E2,7:00:00,1172,0.18,1801.16,33.53,
Norte,E2,7:00:00,1174,0.06,1801.16,33.33,
Norte,E2,7:00:00,1175,0.14,1801.17,31.83,
Norte,E2,7:00:00,1176,0.2,1801.17,33.32,
Norte,E2,7:00:00,1179,0.06,1801.17,32.83,
Norte,E2,7:00:00,1181,0.01,1801.16,33.32,
Norte,E2,7:00:00,1182,0.07,1801.18,32.57,
Norte,E2,7:00:00,1184,0.04,1801.23,24.79,
Norte,E2,7:00:00,1185,0.03,1801.22,26.49,
Norte,E2,7:00:00,1186,0.01,1801.22,25.81,
Norte,E2,7:00:00,1187,0.24,1801.18,25.47,
Norte,E2,7:00:00,1189,0.01,1801.11,25.02,
Norte,E2,7:00:00,1190,0.07,1801.1,25.98,
Norte,E2,7:00:00,1191,0.07,1801.17,29.05,
Norte,E2,7:00:00,1192,0.01,1801.17,27.15,
Norte,E2,7:00:00,1196,0.06,1801.06,26.84,
Norte,E2,7:00:00,1197,0.05,1801.06,27.31,
Norte,E2,7:00:00,1207,0.13,1801.06,25.27,
Norte,E2,7:00:00,1216,0.1,1801.06,19.03,
Norte,E2,7:00:00,1221,0.05,1801.25,19.69,
Norte,E2,7:00:00,1223,0.06,1801.25,19.47,
Norte,E2,7:00:00,1224,0.08,1801.24,23.06,
Norte,E2,7:00:00,1225,0.04,1801.21,24.51,
Norte,E2,7:00:00,1226,0.07,1801.24,23.29,
Norte,E2,7:00:00,1228,0.04,1801.24,22.62,
Norte,E2,7:00:00,1229,0.02,1801.24,22.32,
Norte,E2,7:00:00,1230,0.02,1801.24,22.27,
Norte,E2,7:00:00,1231,0.01,1801.24,22.35,
Norte,E2,7:00:00,1232,0.03,1801.24,21.81,
Norte,E2,7:00:00,1233,0.01,1801.24,21.78,
Norte,E2,7:00:00,1240,0.13,1801.25,21.08,
Norte,E2,7:00:00,1242,0.13,1801.24,22.24,
Norte,E2,7:00:00,1243,0.05,1801.23,23.0,
Norte,E2,7:00:00,1244,0.13,1801.21,24.54,
Norte,E2,7:00:00,1245,0.07,1801.21,25.62,
Norte,E2,7:00:00,1246,0.04,1801.19,25.79,
Norte,E2,7:00:00,1247,0.08,1801.19,25.55,
Norte,E2,7:00:00,1248,0.08,1801.19,25.26,
Norte,E2,7:00:00,1249,0.16,1801.23,23.65,
Norte,E2,7:00:00,1250,0.17,1801.25,22.56,
Norte,E2,7:00:00,1252,0.12,1801.27,21.18,
Norte,E2,7:00:00,1253,0.16,1801.23,23.62,
Norte,E2,7:00:00,1254,0.16,1801.27,21.97,
Norte,E2,7:00:00,1255,0.09,1801.3,21.73,
Norte,E2,7:00:00,1257,0.09,1801.31,21.12,
Norte,E2,7:00:00,1265,0.04,1801.36,20.77,
Norte,E2,7:00:00,1268,0.07,1801.36,20.86,
Norte,E2,7:00:00,1272,0.04,1801.32,21.49,
Norte,E2,7:00:00,1274,0.07,1801.33,21.53,
Norte,E2,7:00:00,1276,0.15,1801.29,22.48,
Norte,E2,7:00:00,1279,0.06,1801.27,23.76,
Norte,E2,7:00:00,1281,0.07,1801.27,24.13,
Norte,E2,7:00:00,1282,0.03,1801.27,25.6,
Norte,E2,7:00:00,1284,0.03,1801.15,30.91,
Norte,E2,7:00:00,1286,0.09,1801.28,22.69,
Norte,E2,7:00:00,1288,0.01,1801.28,24.72,
Norte,E2,7:00:00,1289,0.03,1801.28,23.05,
Norte,E2,7:00:00,1290,0.11,1801.28,23.13,
Norte,E2,7:00:00,1291,0.01,1801.28,20.89,
Norte,E2,7:00:00,1292,0.07,1801.28,21.12,
Norte,E2,7:00:00,1293,0.09,1801.28,21.77,
Norte,E2,7:00:00,1294,0.03,1801.29,21.63,
Norte,E2,7:00:00,1295,0.15,1801.3,20.81,
Norte,E2,7:00:00,1297,0.11,1801.31,20.43,
Norte,E2,7:00:00,1302,0.1,1801.3,19.9,
Norte,E2,7:00:00,1304,0.06,1801.3,19.9,
Norte,E2,7:00:00,1305,0.0,1801.3,19.91,
Norte,E2,7:00:00,1306,0.08,1801.3,19.91,
Norte,E2,7:00:00,1308,0.09,1801.29,20.43,
Norte,E2,7:00:00,1309,0.05,1801.29,28.32,
Norte,E2,7:00:00,1310,0.02,1801.29,24.47,
Norte,E2,7:00:00,1312,0.12,1801.19,29.27,
Norte,E2,7:00:00,1313,0.0,1801.19,29.49,
Norte,E2,7:00:00,1315,0.08,1801.19,29.45,
Norte,E2,7:00:00,1318,0.09,1801.13,29.4,
Norte,E2,7:00:00,1319,0.02,1801.13,29.05,
Norte,E2,7:00:00,1321,0.06,1801.29,21.32,
Norte,E2,7:00:00,1322,0.01,1801.29,22.09,
Norte,E2,7:00:00,1323,0.07,1801.29,21.88,
Norte,E2,7:00:00,1324,0.03,1801.3,20.45,
Norte,E2,7:00:00,1326,0.1,1801.29,20.1,
Norte,E2,7:00:00,1334,0.07,1801.28,22.0,
Norte,E2,7:00:00,1335,0.08,1801.25,22.54,
Norte,E2,7:00:00,1336,0.01,1801.25,21.67,
Norte,E2,7:00:00,1340,0.05,1801.28,28.94,
Norte,E2,7:00:00,5010,0.04,1801.25,25.8,
Norte,E2,7:00:00,5011,0.06,1801.11,25.9,
Norte,E2,7:00:00,5019,0.07,1801.13,31.95,
Norte,E2,7:00:00,5086,0.08,1801.15,32.44,
Norte,E2,7:00:00,5087,0.01,1801.15,32.49,
Norte,E2,7:00:00,5108,0.0,1801.11,25.83,
Norte,E2,7:00:00,5112,0.03,1801.32,21.53,
Norte,E2,7:00:00,5148,0.0,1801.15,32.17,
Norte,E2,7:00:00,5193,0.0,1801.14,31.29,
Norte,E2,7:00:00,5204,0.16,1801.06,25.34,
Norte,E2,7:00:00,5241,0.0,1801.25,19.62,
Norte,E2,7:00:00,5264,0.03,1801.15,32.45,
Norte,E2,7:00:00,5289,0.01,1801.13,29.65,
Norte,E2,7:00:00,5291,0.02,1801.19,29.71,
Norte,E2,7:00:00,5311,0.15,1801.14,32.39,
Norte,E2,7:00:00,5312,0.01,1801.14,32.53,
Norte,E2,7:00:00,5313,0.01,1801.14,32.33,
Norte,E2,7:00:00,5314,0.02,1801.11,25.76,
Norte,E2,7:00:00,5342,0.04,1801.25,25.7,
Norte,E2,7:00:00,5343,0.16,1801.35,20.87,
Norte,E2,7:00:00,5344,0.16,1801.34,25.8,
Norte,E2,7:00:00,5345,0.16,1801.34,25.96,
Norte,E2,7:00:00,5478,0.01,1801.32,21.54,
Norte,E2,7:00:00,5484,0.01,1801.25,19.09,
Norte,E2,7:00:00,5493,0.01,1801.17,30.69,
Norte,E2,7:00:00,5494,0.01,1801.18,30.77,
Norte,E2,7:00:00,5495,0.12,1801.14,32.67,
Norte,E2,7:00:00,5506,0.02,1801.24,22.76,
Norte,E2,7:00:00,5523,0.0,1801.14,29.13,
Norte,E2,7:00:00,5533,0.03,1801.28,20.74,
Norte,E2,7:00:00,5537,0.04,1801.14,29.39,
Norte,E2,7:00:00,5538,0.08,1801.14,29.71,
Norte,E2,7:00:00,5603,0.05,1801.16,30.94,
Norte,E2,7:00:00,5604,0.08,1801.15,30.5,
Norte,E2,7:00:00,5613,0.08,1801.16,32.35,
Norte,E2,7:00:00,5614,0.03,1801.18,32.45,
Norte,E2,7:00:00,5620,0.05,1801.13,32.28,
Norte,E2,7:00:00,5621,0.04,1801.13,32.22,
Norte,E2,7:00:00,5678,0.07,1801.13,29.81,
Norte,E2,7:00:00,5685,0.02,1801.17,25.63,
Norte,E2,7:00:00,5709,0.18,1801.35,20.88,
Norte,E2,7:00:00,5744,0.06,1801.18,32.1,
Norte,E2,7:00:00,5746,0.09,1801.26,24.41,
Norte,E2,7:00:00,5747,0.06,1801.22,25.89,
Norte,E2,7:00:00,5748,0.07,1801.44,21.18,
Norte,E2,7:00:00,5749,0.07,1801.53,21.38,
Norte,E2,7:00:00,5750,0.04,1801.61,21.28,
Norte,E2,7:00:00,5760,0.05,1801.68,21.04,
Norte,E2,7:00:00,5761,0.03,1801.63,21.4,
Norte,E2,7:00:00,5762,0.02,1801.77,20.53,
Norte,E2,7:00:00,5763,0.03,1801.74,20.74,
Norte,E2,7:00:00,10020,0.05,1801.15,33.21,
Norte,E2,7:00:00,10059,0.05,1801.13,29.64,
Norte,E2,7:00:00,10061,0.01,1801.28,20.57,
Norte,E2,7:00:00,10062,0.0,1801.31,20.49,
Norte,E2,7:00:00,10063,0.0,1801.36,20.77,
Norte,E2,7:00:00,10082,0.1,1801.25,20.51,
Norte,E2,8:00:00,346,0.05,1801.06,33.36,
Norte,E2,8:00:00,347,0.1,1801.06,33.54,
Norte,E2,8:00:00,348,0.15,1801.06,33.55,
Norte,E2,8:00:00,349,0.07,1801.06,32.23,
Norte,E2,8:00:00,350,0.03,1801.06,32.22,
Norte,E2,8:00:00,351,0.06,1801.07,33.82,
Norte,E2,8:00:00,352,0.16,1801.07,33.7,
Norte,E2,8:00:00,353,0.09,1801.07,33.61,
Norte,E2,8:00:00,354,0.16,1801.1,32.4,
Norte,E2,8:00:00,355,0.06,1801.11,32.33,
Norte,E2,8:00:00,356,0.11,1801.11,32.37,
Norte,E2,8:00:00,357,0.05,1801.11,32.59,
Norte,E2,8:00:00,358,0.03,1801.11,32.84,
Norte,E2,8:00:00,362,0.1,1801.09,32.39,
Norte,E2,8:00:00,363,0.05,1801.09,32.38,
Norte,E2,8:00:00,364,0.09,1801.09,32.38,
Norte,E2,8:00:00,368,0.05,1801.07,32.4,
Norte,E2,8:00:00,371,0.07,1801.07,32.38,
Norte,E2,8:00:00,400,0.08,1801.08,32.1,
Norte,E2,8:00:00,401,0.07,1801.08,32.12,
Norte,E2,8:00:00,404,0.03,1801.08,31.92,
Norte,E2,8:00:00,405,0.01,1801.08,31.87,
Norte,E2,8:00:00,1049,0.03,1801.07,29.67,
Norte,E2,8:00:00,1051,0.05,1801.07,29.56,
Norte,E2,8:00:00,1053,0.03,1801.07,29.56,
Norte,E2,8:00:00,1059,0.07,1801.07,29.33,
Norte,E2,8:00:00,1063,0.03,1801.07,29.06,
Norte,E2,8:00:00,1077,0.03,1801.07,29.52,
Norte,E2,8:00:00,1089,0.04,1801.06,29.67,
Norte,E2,8:00:00,1093,0.09,1801.06,29.22,
Norte,E2,8:00:00,1094,0.02,1801.06,28.98,
Norte,E2,8:00:00,1095,0.03,1801.07,29.48,
Norte,E2,8:00:00,1100,0.05,1801.07,30.09,
Norte,E2,8:00:00,1102,0.09,1801.07,30.04,
Norte,E2,8:00:00,1103,0.01,1801.07,31.02,
Norte,E2,8:00:00,1104,0.09,1801.07,30.07,
Norte,E2,8:00:00,1106,0.1,1801.07,30.01,
Norte,E2,8:00:00,1107,0.05,1801.07,30.27,
Norte,E2,8:00:00,1109,0.02,1801.07,30.26,
Norte,E2,8:00:00,1110,0.02,1801.07,29.9,
Norte,E2,8:00:00,1112,0.03,1801.07,29.92,
Norte,E2,8:00:00,1113,0.05,1801.07,29.66,
Norte,E2,8:00:00,1115,0.1,1801.07,29.65,
Norte,E2,8:00:00,1117,0.11,1801.07,29.7,
Norte,E2,8:00:00,1119,0.13,1801.07,30.29,
Norte,E2,8:00:00,1120,0.1,1801.07,29.86,
Norte,E2,8:00:00,1122,0.07,1801.07,31.16,
Norte,E2,8:00:00,1125,0.08,1801.07,31.1,
Norte,E2,8:00:00,1128,0.08,1801.07,31.35,
Norte,E2,8:00:00,1130,0.09,1801.07,31.17,
Norte,E2,8:00:00,1131,0.1,1801.07,31.32,
Norte,E2,8:00:00,1133,0.03,1801.07,32.35,
Norte,E2,8:00:00,1134,0.17,1801.12,32.45,
Norte,E2,8:00:00,1135,0.12,1801.07,32.53,
Norte,E2,8:00:00,1137,0.15,1801.11,32.38,
Norte,E2,8:00:00,1139,0.1,1801.11,32.36,
Norte,E2,8:00:00,1140,0.04,1801.11,32.41,
Norte,E2,8:00:00,1141,0.07,1801.07,31.33,
Norte,E2,8:00:00,1142,0.03,1801.09,31.29,
Norte,E2,8:00:00,1143,0.1,1801.09,32.14,
Norte,E2,8:00:00,1144,0.09,1801.07,32.3,
Norte,E2,8:00:00,1145,0.04,1801.1,32.24,
Norte,E2,8:00:00,1147,0.0,1801.08,32.38,
Norte,E2,8:00:00,1148,0.01,1801.09,32.4,
Norte,E2,8:00:00,1149,0.19,1801.14,31.03,
Norte,E2,8:00:00,1150,0.26,1801.09,30.81,
Norte,E2,8:00:00,1151,0.04,1801.22,26.99,
Norte,E2,8:00:00,1153,0.02,1801.16,28.56,
Norte,E2,8:00:00,1154,0.0,1801.16,29.01,
Norte,E2,8:00:00,1158,0.13,1801.16,29.22,
Norte,E2,8:00:00,1159,0.1,1801.14,31.58,
Norte,E2,8:00:00,1161,0.05,1801.14,30.65,
Norte,E2,8:00:00,1162,0.01,1801.12,32.06,
Norte,E2,8:00:00,1164,0.12,1801.12,32.14,
Norte,E2,8:00:00,1165,0.04,1801.12,32.25,
Norte,E2,8:00:00,1166,0.07,1801.13,31.8,
Norte,E2,8:00:00,1169,0.1,1801.11,32.41,
Norte,E2,8:00:00,1171,0.08,1801.1,32.42,
Norte,E2,8:00:00,1172,0.19,1801.1,33.47,
Norte,E2,8:00:00,1174,0.07,1801.1,33.27,
Norte,E2,8:00:00,1175,0.15,1801.11,31.77,
Norte,E2,8:00:00,1176,0.21,1801.11,33.26,
Norte,E2,8:00:00,1179,0.07,1801.11,32.77,
Norte,E2,8:00:00,1181,0.01,1801.1,33.26,
Norte,E2,8:00:00,1182,0.07,1801.12,32.51,
Norte,E2,8:00:00,1184,0.05,1801.17,24.73,
Norte,E2,8:00:00,1185,0.03,1801.16,26.43,
Norte,E2,8:00:00,1186,0.01,1801.16,25.75,
Norte,E2,8:00:00,1187,0.26,1801.12,25.41,
Norte,E2,8:00:00,1189,0.01,1801.04,24.95,
Norte,E2,8:00:00,1190,0.08,1801.03,25.9,
Norte,E2,8:00:00,1191,0.08,1801.11,28.99,
Norte,E2,8:00:00,1192,0.01,1801.11,27.09,
Norte,E2,8:00:00,1196,0.06,1800.98,26.76,
Norte,E2,8:00:00,1197,0.06,1800.99,27.24,
Norte,E2,8:00:00,1207,0.14,1800.99,25.2,
Norte,E2,8:00:00,1216,0.1,1800.98,18.95,
Norte,E2,8:00:00,1221,0.06,1801.19,19.63,
Norte,E2,8:00:00,1223,0.06,1801.19,19.41,
Norte,E2,8:00:00,1224,0.09,1801.18,23.0,
Norte,E2,8:00:00,1225,0.04,1801.15,24.45,
Norte,E2,8:00:00,1226,0.08,1801.18,23.23,
Norte,E2,8:00:00,1228,0.04,1801.18,22.56,
Norte,E2,8:00:00,1229,0.02,1801.18,22.26,
Norte,E2,8:00:00,1230,0.02,1801.18,22.21,
Norte,E2,8:00:00,1231,0.01,1801.18,22.29,
Norte,E2,8:00:00,1232,0.03,1801.18,21.75,
Norte,E2,8:00:00,1233,0.02,1801.18,21.72,
Norte,E2,8:00:00,1240,0.14,1801.2,21.03,
Norte,E2,8:00:00,1242,0.14,1801.18,22.18,
Norte,E2,8:00:00,1243,0.05,1801.18,22.95,
Norte,E2,8:00:00,1244,0.13,1801.15,24.48,
Norte,E2,8:00:00,1245,0.07,1801.15,25.56,
Norte,E2,8:00:00,1246,0.04,1801.13,25.73,
Norte,E2,8:00:00,1247,0.08,1801.13,25.49,
Norte,E2,8:00:00,1248,0.08,1801.13,25.2,
Norte,E2,8:00:00,1249,0.17,1801.17,23.59,
Norte,E2,8:00:00,1250,0.18,1801.19,22.5,
Norte,E2,8:00:00,1252,0.13,1801.21,21.12,
Norte,E2,8:00:00,1253,0.17,1801.17,23.56,
Norte,E2,8:00:00,1254,0.16,1801.21,21.91,
Norte,E2,8:00:00,1255,0.09,1801.25,21.68,
Norte,E2,8:00:00,1257,0.1,1801.26,21.07,
Norte,E2,8:00:00,1265,0.04,1801.32,20.73,
Norte,E2,8:00:00,1268,0.08,1801.31,20.81,
Norte,E2,8:00:00,1272,0.04,1801.28,21.45,
Norte,E2,8:00:00,1274,0.07,1801.28,21.48,
Norte,E2,8:00:00,1276,0.16,1801.24,22.43,
Norte,E2,8:00:00,1279,0.07,1801.22,23.71,
Norte,E2,8:00:00,1281,0.08,1801.22,24.08,
Norte,E2,8:00:00,1282,0.03,1801.22,25.55,
Norte,E2,8:00:00,1284,0.03,1801.09,30.85,
Norte,E2,8:00:00,1286,0.1,1801.23,22.64,
Norte,E2,8:00:00,1288,0.01,1801.23,24.67,
Norte,E2,8:00:00,1289,0.03,1801.23,23.0,
Norte,E2,8:00:00,1290,0.12,1801.23,23.08,
Norte,E2,8:00:00,1291,0.01,1801.23,20.84,
Norte,E2,8:00:00,1292,0.08,1801.23,21.07,
Norte,E2,8:00:00,1293,0.1,1801.23,21.72,
Norte,E2,8:00:00,1294,0.03,1801.24,21.58,
Norte,E2,8:00:00,1295,0.16,1801.25,20.76,
Norte,E2,8:00:00,1297,0.11,1801.26,20.38,
Norte,E2,8:00:00,1302,0.11,1801.24,19.84,
Norte,E2,8:00:00,1304,0.07,1801.24,19.84,
Norte,E2,8:00:00,1305,0.0,1801.24,19.85,
Norte,E2,8:00:00,1306,0.08,1801.24,19.85,
Norte,E2,8:00:00,1308,0.1,1801.24,20.38,
Norte,E2,8:00:00,1309,0.05,1801.24,28.27,
Norte,E2,8:00:00,1310,0.02,1801.23,24.41,
Norte,E2,8:00:00,1312,0.12,1801.13,29.21,
Norte,E2,8:00:00,1313,0.0,1801.13,29.43,
Norte,E2,8:00:00,1315,0.08,1801.13,29.39,
Norte,E2,8:00:00,1318,0.1,1801.06,29.33,
Norte,E2,8:00:00,1319,0.02,1801.06,28.98,
Norte,E2,8:00:00,1321,0.06,1801.23,21.26,
Norte,E2,8:00:00,1322,0.01,1801.23,22.03,
Norte,E2,8:00:00,1323,0.07,1801.23,21.82,
Norte,E2,8:00:00,1324,0.03,1801.24,20.39,
Norte,E2,8:00:00,1326,0.11,1801.23,20.04,
Norte,E2,8:00:00,1334,0.08,1801.22,21.94,
Norte,E2,8:00:00,1335,0.09,1801.2,22.49,
Norte,E2,8:00:00,1336,0.01,1801.2,21.62,
Norte,E2,8:00:00,1340,0.05,1801.22,28.88,
Norte,E2,8:00:00,5010,0.04,1801.19,25.74,
Norte,E2,8:00:00,5011,0.06,1801.04,25.83,
Norte,E2,8:00:00,5019,0.07,1801.06,31.88,
Norte,E2,8:00:00,5086,0.08,1801.08,32.37,
Norte,E2,8:00:00,5087,0.01,1801.08,32.42,
Norte,E2,8:00:00,5108,0.0,1801.04,25.76,
Norte,E2,8:00:00,5112,0.03,1801.27,21.48,
Norte,E2,8:00:00,5148,0.0,1801.08,32.1,
Norte,E2,8:00:00,5193,0.0,1801.07,31.22,
Norte,E2,8:00:00,5204,0.17,1800.99,25.27,
Norte,E2,8:00:00,5241,0.0,1801.19,19.56,
Norte,E2,8:00:00,5264,0.03,1801.09,32.39,
Norte,E2,8:00:00,5289,0.01,1801.06,29.58,
Norte,E2,8:00:00,5291,0.02,1801.13,29.65,
Norte,E2,8:00:00,5311,0.16,1801.07,32.32,
Norte,E2,8:00:00,5312,0.01,1801.07,32.46,
Norte,E2,8:00:00,5313,0.01,1801.07,32.26,
Norte,E2,8:00:00,5314,0.02,1801.04,25.69,
Norte,E2,8:00:00,5342,0.04,1801.19,25.64,
Norte,E2,8:00:00,5343,0.16,1801.31,20.83,
Norte,E2,8:00:00,5344,0.17,1801.3,25.76,
Norte,E2,8:00:00,5345,0.17,1801.3,25.92,
Norte,E2,8:00:00,5478,0.01,1801.27,21.49,
Norte,E2,8:00:00,5484,0.01,1801.19,19.03,
Norte,E2,8:00:00,5493,0.01,1801.11,30.63,
Norte,E2,8:00:00,5494,0.01,1801.12,30.71,
Norte,E2,8:00:00,5495,0.12,1801.07,32.6,
Norte,E2,8:00:00,5506,0.02,1801.18,22.7,
Norte,E2,8:00:00,5523,0.0,1801.07,29.06,
Norte,E2,8:00:00,5533,0.04,1801.23,20.69,
Norte,E2,8:00:00,5537,0.05,1801.07,29.32,
Norte,E2,8:00:00,5538,0.08,1801.07,29.64,
Norte,E2,8:00:00,5603,0.06,1801.09,30.87,
Norte,E2,8:00:00,5604,0.09,1801.08,30.43,
Norte,E2,8:00:00,5613,0.08,1801.1,32.29,
Norte,E2,8:00:00,5614,0.03,1801.11,32.38,
Norte,E2,8:00:00,5620,0.06,1801.06,32.21,
Norte,E2,8:00:00,5621,0.05,1801.06,32.15,
Norte,E2,8:00:00,5678,0.07,1801.07,29.75,
Norte,E2,8:00:00,5685,0.02,1801.11,25.57,
Norte,E2,8:00:00,5709,0.19,1801.31,20.84,
Norte,E2,8:00:00,5744,0.06,1801.12,32.04,
Norte,E2,8:00:00,5746,0.1,1801.2,24.35,
Norte,E2,8:00:00,5747,0.06,1801.17,25.84,
Norte,E2,8:00:00,5748,0.07,1801.4,21.14,
Norte,E2,8:00:00,5749,0.07,1801.5,21.35,
Norte,E2,8:00:00,5750,0.04,1801.59,21.26,
Norte,E2,8:00:00,5760,0.05,1801.67,21.03,
Norte,E2,8:00:00,5761,0.03,1801.61,21.38,
Norte,E2,8:00:00,5762,0.02,1801.77,20.53,
Norte,E2,8:00:00,5763,0.04,1801.74,20.74,
Norte,E2,8:00:00,10020,0.06,1801.09,33.15,
Norte,E2,8:00:00,10059,0.05,1801.07,29.58,
Norte,E2,8:00:00,10061,0.01,1801.23,20.52,
Norte,E2,8:00:00,10062,0.0,1801.26,20.44,
Norte,E2,8:00:00,10063,0.0,1801.32,20.73,
Norte,E2,8:00:00,10082,0.11,1801.19,20.45,
Norte,E2,9:00:00,346,0.06,1800.99,33.29,
Norte,E2,9:00:00,347,0.1,1800.99,33.47,
Norte,E2,9:00:00,348,0.16,1800.99,33.48,
Norte,E2,9:00:00,349,0.07,1800.99,32.16,
Norte,E2,9:00:00,350,0.04,1800.99,32.15,
Norte,E2,9:00:00,351,0.07,1800.99,33.74,
Norte,E2,9:00:00,352,0.17,1800.99,33.62,
Norte,E2,9:00:00,353,0.1,1800.99,33.53,
Norte,E2,9:00:00,354,0.16,1801.04,32.34,
Norte,E2,9:00:00,355,0.06,1801.04,32.26,
Norte,E2,9:00:00,356,0.11,1801.04,32.3,
Norte,E2,9:00:00,357,0.05,1801.04,32.52,
Norte,E2,9:00:00,358,0.03,1801.04,32.77,
Norte,E2,9:00:00,362,0.11,1801.02,32.32,
Norte,E2,9:00:00,363,0.05,1801.02,32.31,
Norte,E2,9:00:00,364,0.1,1801.02,32.31,
Norte,E2,9:00:00,368,0.05,1801.0,32.33,
Norte,E2,9:00:00,371,0.07,1801.0,32.31,
Norte,E2,9:00:00,400,0.08,1801.01,32.03,
Norte,E2,9:00:00,401,0.07,1801.01,32.05,
Norte,E2,9:00:00,404,0.03,1801.01,31.85,
Norte,E2,9:00:00,405,0.01,1801.01,31.8,
Norte,E2,9:00:00,1049,0.04,1801.0,29.6,
Norte,E2,9:00:00,1051,0.05,1801.0,29.49,
Norte,E2,9:00:00,1053,0.03,1800.99,29.49,
Norte,E2,9:00:00,1059,0.07,1801.0,29.26,
Norte,E2,9:00:00,1063,0.03,1801.0,28.99,
Norte,E2,9:00:00,1077,0.04,1801.0,29.45,
Norte,E2,9:00:00,1089,0.05,1800.99,29.6,
Norte,E2,9:00:00,1093,0.1,1800.99,29.15,
Norte,E2,9:00:00,1094,0.02,1800.99,28.91,
Norte,E2,9:00:00,1095,0.03,1801.0,29.41,
Norte,E2,9:00:00,1100,0.06,1801.0,30.02,
Norte,E2,9:00:00,1102,0.09,1801.0,29.97,
Norte,E2,9:00:00,1103,0.01,1801.0,30.95,
Norte,E2,9:00:00,1104,0.1,1801.0,30.0,
Norte,E2,9:00:00,1106,0.11,1801.0,29.94,
Norte,E2,9:00:00,1107,0.05,1801.0,30.2,
Norte,E2,9:00:00,1109,0.02,1801.0,30.19,
Norte,E2,9:00:00,1110,0.02,1801.0,29.83,
Norte,E2,9:00:00,1112,0.03,1801.0,29.85,
Norte,E2,9:00:00,1113,0.05,1801.0,29.59,
Norte,E2,9:00:00,1115,0.11,1801.0,29.58,
Norte,E2,9:00:00,1117,0.11,1801.0,29.63,
Norte,E2,9:00:00,1119,0.14,1801.0,30.22,
Norte,E2,9:00:00,1120,0.1,1801.0,29.79,
Norte,E2,9:00:00,1122,0.07,1801.0,31.09,
Norte,E2,9:00:00,1125,0.08,1801.0,31.03,
Norte,E2,9:00:00,1128,0.08,1801.0,31.28,
Norte,E2,9:00:00,1130,0.09,1801.0,31.1,
Norte,E2,9:00:00,1131,0.1,1801.0,31.25,
Norte,E2,9:00:00,1133,0.03,1801.0,32.28,
Norte,E2,9:00:00,1134,0.18,1801.05,32.38,
Norte,E2,9:00:00,1135,0.12,1801.0,32.46,
Norte,E2,9:00:00,1137,0.16,1801.05,32.32,
Norte,E2,9:00:00,1139,0.1,1801.04,32.29,
Norte,E2,9:00:00,1140,0.04,1801.04,32.34,
Norte,E2,9:00:00,1141,0.07,1800.99,31.25,
Norte,E2,9:00:00,1142,0.03,1801.03,31.23,
Norte,E2,9:00:00,1143,0.1,1801.03,32.08,
Norte,E2,9:00:00,1144,0.1,1801.0,32.23,
Norte,E2,9:00:00,1145,0.04,1801.03,32.17,
Norte,E2,9:00:00,1147,0.0,1801.01,32.31,
Norte,E2,9:00:00,1148,0.01,1801.02,32.33,
Norte,E2,9:00:00,1149,0.2,1801.08,30.97,
Norte,E2,9:00:00,1150,0.27,1801.02,30.74,
Norte,E2,9:00:00,1151,0.05,1801.16,26.93,
Norte,E2,9:00:00,1153,0.02,1801.09,28.49,
Norte,E2,9:00:00,1154,0.01,1801.09,28.94,
Norte,E2,9:00:00,1158,0.14,1801.09,29.15,
Norte,E2,9:00:00,1159,0.1,1801.08,31.52,
Norte,E2,9:00:00,1161,0.05,1801.08,30.59,
Norte,E2,9:00:00,1162,0.01,1801.05,31.99,
Norte,E2,9:00:00,1164,0.13,1801.05,32.07,
Norte,E2,9:00:00,1165,0.04,1801.06,32.19,
Norte,E2,9:00:00,1166,0.07,1801.06,31.74,
Norte,E2,9:00:00,1169,0.11,1801.05,32.35,
Norte,E2,9:00:00,1171,0.08,1801.03,32.35,
Norte,E2,9:00:00,1172,0.2,1801.03,33.4,
Norte,E2,9:00:00,1174,0.07,1801.03,33.2,
Norte,E2,9:00:00,1175,0.16,1801.04,31.7,
Norte,E2,9:00:00,1176,0.22,1801.04,33.19,
Norte,E2,9:00:00,1179,0.07,1801.04,32.7,
Norte,E2,9:00:00,1181,0.02,1801.03,33.19,
Norte,E2,9:00:00,1182,0.07,1801.05,32.44,
Norte,E2,9:00:00,1184,0.05,1801.11,24.67,
Norte,E2,9:00:00,1185,0.03,1801.09,26.36,
Norte,E2,9:00:00,1186,0.01,1801.09,25.68,
Norte,E2,9:00:00,1187,0.27,1801.06,25.35,
Norte,E2,9:00:00,1189,0.01,1800.96,24.87,
Norte,E2,9:00:00,1190,0.08,1800.96,25.83,
Norte,E2,9:00:00,1191,0.08,1801.04,28.92,
Norte,E2,9:00:00,1192,0.01,1801.04,27.02,
Norte,E2,9:00:00,1196,0.07,1800.91,26.69,
Norte,E2,9:00:00,1197,0.06,1800.91,27.16,
Norte,E2,9:00:00,1207,0.14,1800.91,25.12,
Norte,E2,9:00:00,1216,0.11,1800.9,18.87,
Norte,E2,9:00:00,1221,0.06,1801.13,19.57,
Norte,E2,9:00:00,1223,0.06,1801.13,19.35,
Norte,E2,9:00:00,1224,0.09,1801.12,22.94,
Norte,E2,9:00:00,1225,0.04,1801.08,24.38,
Norte,E2,9:00:00,1226,0.08,1801.12,23.17,
Norte,E2,9:00:00,1228,0.04,1801.12,22.5,
Norte,E2,9:00:00,1229,0.02,1801.12,22.2,
Norte,E2,9:00:00,1230,0.02,1801.12,22.15,
Norte,E2,9:00:00,1231,0.01,1801.12,22.23,
Norte,E2,9:00:00,1232,0.03,1801.12,21.69,
Norte,E2,9:00:00,1233,0.02,1801.12,21.66,
Norte,E2,9:00:00,1240,0.14,1801.14,20.97,
Norte,E2,9:00:00,1242,0.14,1801.12,22.12,
Norte,E2,9:00:00,1243,0.05,1801.12,22.89,
Norte,E2,9:00:00,1244,0.14,1801.09,24.42,
Norte,E2,9:00:00,1245,0.08,1801.08,25.49,
Norte,E2,9:00:00,1246,0.04,1801.06,25.66,
Norte,E2,9:00:00,1247,0.09,1801.06,25.42,
Norte,E2,9:00:00,1248,0.08,1801.06,25.13,
Norte,E2,9:00:00,1249,0.18,1801.11,23.53,
Norte,E2,9:00:00,1250,0.19,1801.13,22.44,
Norte,E2,9:00:00,1252,0.14,1801.16,21.07,
Norte,E2,9:00:00,1253,0.18,1801.11,23.5,
Norte,E2,9:00:00,1254,0.17,1801.16,21.86,
Norte,E2,9:00:00,1255,0.1,1801.2,21.63,
Norte,E2,9:00:00,1257,0.1,1801.21,21.02,
Norte,E2,9:00:00,1265,0.04,1801.27,20.68,
Norte,E2,9:00:00,1268,0.08,1801.26,20.76,
Norte,E2,9:00:00,1272,0.04,1801.23,21.4,
Norte,E2,9:00:00,1274,0.07,1801.23,21.43,
Norte,E2,9:00:00,1276,0.16,1801.19,22.38,
Norte,E2,9:00:00,1279,0.07,1801.16,23.65,
Norte,E2,9:00:00,1281,0.08,1801.16,24.02,
Norte,E2,9:00:00,1282,0.03,1801.16,25.49,
Norte,E2,9:00:00,1284,0.04,1801.02,30.78,
Norte,E2,9:00:00,1286,0.1,1801.17,22.58,
Norte,E2,9:00:00,1288,0.01,1801.17,24.61,
Norte,E2,9:00:00,1289,0.03,1801.17,22.94,
Norte,E2,9:00:00,1290,0.12,1801.17,23.02,
Norte,E2,9:00:00,1291,0.01,1801.17,20.78,
Norte,E2,9:00:00,1292,0.08,1801.17,21.01,
Norte,E2,9:00:00,1293,0.1,1801.18,21.67,
Norte,E2,9:00:00,1294,0.03,1801.19,21.53,
Norte,E2,9:00:00,1295,0.17,1801.2,20.71,
Norte,E2,9:00:00,1297,0.12,1801.21,20.33,
Norte,E2,9:00:00,1302,0.12,1801.19,19.79,
Norte,E2,9:00:00,1304,0.07,1801.19,19.79,
Norte,E2,9:00:00,1305,0.0,1801.19,19.8,
Norte,E2,9:00:00,1306,0.08,1801.19,19.8,
Norte,E2,9:00:00,1308,0.1,1801.18,20.32,
Norte,E2,9:00:00,1309,0.05,1801.18,28.21,
Norte,E2,9:00:00,1310,0.02,1801.18,24.36,
Norte,E2,9:00:00,1312,0.13,1801.07,29.15,
Norte,E2,9:00:00,1313,0.0,1801.07,29.37,
Norte,E2,9:00:00,1315,0.08,1801.07,29.33,
Norte,E2,9:00:00,1318,0.1,1800.99,29.26,
Norte,E2,9:00:00,1319,0.02,1800.99,28.91,
Norte,E2,9:00:00,1321,0.06,1801.18,21.21,
Norte,E2,9:00:00,1322,0.01,1801.18,21.98,
Norte,E2,9:00:00,1323,0.07,1801.18,21.77,
Norte,E2,9:00:00,1324,0.03,1801.19,20.34,
Norte,E2,9:00:00,1326,0.11,1801.18,19.99,
Norte,E2,9:00:00,1334,0.08,1801.17,21.89,
Norte,E2,9:00:00,1335,0.09,1801.14,22.43,
Norte,E2,9:00:00,1336,0.01,1801.14,21.56,
Norte,E2,9:00:00,1340,0.05,1801.17,28.83,
Norte,E2,9:00:00,5010,0.04,1801.13,25.68,
Norte,E2,9:00:00,5011,0.07,1800.97,25.76,
Norte,E2,9:00:00,5019,0.07,1800.99,31.81,
Norte,E2,9:00:00,5086,0.09,1801.01,32.3,
Norte,E2,9:00:00,5087,0.01,1801.02,32.36,
Norte,E2,9:00:00,5108,0.0,1800.96,25.68,
Norte,E2,9:00:00,5112,0.03,1801.22,21.43,
Norte,E2,9:00:00,5148,0.0,1801.01,32.03,
Norte,E2,9:00:00,5193,0.0,1801.0,31.15,
Norte,E2,9:00:00,5204,0.18,1800.91,25.19,
Norte,E2,9:00:00,5241,0.0,1801.13,19.5,
Norte,E2,9:00:00,5264,0.03,1801.02,32.32,
Norte,E2,9:00:00,5289,0.01,1800.99,29.51,
Norte,E2,9:00:00,5291,0.02,1801.07,29.59,
Norte,E2,9:00:00,5311,0.16,1801.0,32.25,
Norte,E2,9:00:00,5312,0.01,1801.0,32.39,
Norte,E2,9:00:00,5313,0.01,1801.0,32.19,
Norte,E2,9:00:00,5314,0.02,1800.96,25.61,
Norte,E2,9:00:00,5342,0.04,1801.13,25.58,
Norte,E2,9:00:00,5343,0.17,1801.26,20.78,
Norte,E2,9:00:00,5344,0.18,1801.25,25.71,
Norte,E2,9:00:00,5345,0.18,1801.25,25.87,
Norte,E2,9:00:00,5478,0.01,1801.22,21.44,
Norte,E2,9:00:00,5484,0.01,1801.13,18.97,
Norte,E2,9:00:00,5493,0.02,1801.04,30.56,
Norte,E2,9:00:00,5494,0.02,1801.05,30.64,
Norte,E2,9:00:00,5495,0.13,1801.0,32.53,
Norte,E2,9:00:00,5506,0.02,1801.12,22.64,
Norte,E2,9:00:00,5523,0.0,1801.0,28.99,
Norte,E2,9:00:00,5533,0.04,1801.17,20.63,
Norte,E2,9:00:00,5537,0.05,1801.0,29.25,
Norte,E2,9:00:00,5538,0.09,1801.0,29.57,
Norte,E2,9:00:00,5603,0.06,1801.03,30.81,
Norte,E2,9:00:00,5604,0.09,1801.01,30.36,
Norte,E2,9:00:00,5613,0.09,1801.03,32.22,
Norte,E2,9:00:00,5614,0.04,1801.05,32.32,
Norte,E2,9:00:00,5620,0.06,1800.99,32.14,
Norte,E2,9:00:00,5621,0.05,1800.99,32.08,
Norte,E2,9:00:00,5678,0.08,1801.0,29.68,
Norte,E2,9:00:00,5685,0.02,1801.04,25.5,
Norte,E2,9:00:00,5709,0.2,1801.26,20.79,
Norte,E2,9:00:00,5744,0.07,1801.05,31.97,
Norte,E2,9:00:00,5746,0.1,1801.14,24.29,
Norte,E2,9:00:00,5747,0.06,1801.1,25.77,
Norte,E2,9:00:00,5748,0.08,1801.36,21.1,
Norte,E2,9:00:00,5749,0.08,1801.48,21.33,
Norte,E2,9:00:00,5750,0.04,1801.57,21.24,
Norte,E2,9:00:00,5760,0.05,1801.66,21.02,
Norte,E2,9:00:00,5761,0.04,1801.59,21.36,
Norte,E2,9:00:00,5762,0.02,1801.76,20.52,
Norte,E2,9:00:00,5763,0.04,1801.73,20.73,
Norte,E2,9:00:00,10020,0.06,1801.02,33.08,
Norte,E2,9:00:00,10059,0.05,1800.99,29.5,
Norte,E2,9:00:00,10061,0.01,1801.17,20.46,
Norte,E2,9:00:00,10062,0.0,1801.21,20.39,
Norte,E2,9:00:00,10063,0.0,1801.27,20.68,
Norte,E2,9:00:00,10082,0.11,1801.14,20.4,
Norte,E2,10:00:00,346,0.05,1801.06,33.36,
Norte,E2,10:00:00,347,0.1,1801.06,33.54,
Norte,E2,10:00:00,348,0.15,1801.06,33.55,
Norte,E2,10:00:00,349,0.07,1801.06,32.23,
Norte,E2,10:00:00,350,0.03,1801.06,32.22,
Norte,E2,10:00:00,351,0.06,1801.07,33.82,
Norte,E2,10:00:00,352,0.16,1801.07,33.7,
Norte,E2,10:00:00,353,0.09,1801.07,33.61,
Norte,E2,10:00:00,354,0.16,1801.1,32.4,
Norte,E2,10:00:00,355,0.06,1801.11,32.33,
Norte,E2,10:00:00,356,0.11,1801.11,32.37,
Norte,E2,10:00:00,357,0.05,1801.11,32.59,
Norte,E2,10:00:00,358,0.03,1801.11,32.84,
Norte,E2,10:00:00,362,0.1,1801.09,32.39,
Norte,E2,10:00:00,363,0.05,1801.09,32.38,
Norte,E2,10:00:00,364,0.09,1801.09,32.38,
Norte,E2,10:00:00,368,0.05,1801.07,32.4,
Norte,E2,10:00:00,371,0.07,1801.07,32.38,
Norte,E2,10:00:00,400,0.08,1801.08,32.1,
Norte,E2,10:00:00,401,0.07,1801.08,32.12,
Norte,E2,10:00:00,404,0.03,1801.08,31.92,
Norte,E2,10:00:00,405,0.01,1801.08,31.87,
Norte,E2,10:00:00,1049,0.03,1801.07,29.67,
Norte,E2,10:00:00,1051,0.05,1801.07,29.56,
Norte,E2,10:00:00,1053,0.03,1801.07,29.56,
Norte,E2,10:00:00,1059,0.07,1801.07,29.33,
Norte,E2,10:00:00,1063,0.03,1801.07,29.06,
Norte,E2,10:00:00,1077,0.03,1801.07,29.52,
Norte,E2,10:00:00,1089,0.04,1801.06,29.67,
Norte,E2,10:00:00,1093,0.09,1801.06,29.22,
Norte,E2,10:00:00,1094,0.02,1801.06,28.98,
Norte,E2,10:00:00,1095,0.03,1801.07,29.48,
Norte,E2,10:00:00,1100,0.05,1801.07,30.09,
Norte,E2,10:00:00,1102,0.09,1801.07,30.04,
Norte,E2,10:00:00,1103,0.01,1801.07,31.02,
Norte,E2,10:00:00,1104,0.09,1801.07,30.07,
Norte,E2,10:00:00,1106,0.1,1801.07,30.01,
Norte,E2,10:00:00,1107,0.05,1801.07,30.27,
Norte,E2,10:00:00,1109,0.02,1801.07,30.26,
Norte,E2,10:00:00,1110,0.02,1801.07,29.9,
Norte,E2,10:00:00,1112,0.03,1801.07,29.92,
Norte,E2,10:00:00,1113,0.05,1801.07,29.66,
Norte,E2,10:00:00,1115,0.1,1801.07,29.65,
Norte,E2,10:00:00,1117,0.11,1801.07,29.7,
Norte,E2,10:00:00,1119,0.13,1801.07,30.29,
Norte,E2,10:00:00,1120,0.1,1801.07,29.86,
Norte,E2,10:00:00,1122,0.07,1801.07,31.16,
Norte,E2,10:00:00,1125,0.08,1801.07,31.1,
Norte,E2,10:00:00,1128,0.08,1801.07,31.35,
Norte,E2,10:00:00,1130,0.09,1801.07,31.17,
Norte,E2,10:00:00,1131,0.1,1801.07,31.32,
Norte,E2,10:00:00,1133,0.03,1801.07,32.35,
Norte,E2,10:00:00,1134,0.17,1801.12,32.45,
Norte,E2,10:00:00,1135,0.12,1801.07,32.53,
Norte,E2,10:00:00,1137,0.15,1801.11,32.38,
Norte,E2,10:00:00,1139,0.1,1801.11,32.36,
Norte,E2,10:00:00,1140,0.04,1801.11,32.41,
Norte,E2,10:00:00,1141,0.07,1801.07,31.33,
Norte,E2,10:00:00,1142,0.03,1801.09,31.29,
Norte,E2,10:00:00,1143,0.1,1801.09,32.14,
Norte,E2,10:00:00,1144,0.09,1801.07,32.3,
Norte,E2,10:00:00,1145,0.04,1801.1,32.24,
Norte,E2,10:00:00,1147,0.0,1801.08,32.38,
Norte,E2,10:00:00,1148,0.01,1801.09,32.4,
Norte,E2,10:00:00,1149,0.19,1801.14,31.03,
Norte,E2,10:00:00,1150,0.26,1801.09,30.81,
Norte,E2,10:00:00,1151,0.04,1801.22,26.99,
Norte,E2,10:00:00,1153,0.02,1801.16,28.56,
Norte,E2,10:00:00,1154,0.0,1801.16,29.01,
Norte,E2,10:00:00,1158,0.13,1801.16,29.22,
Norte,E2,10:00:00,1159,0.1,1801.14,31.58,
Norte,E2,10:00:00,1161,0.05,1801.14,30.65,
Norte,E2,10:00:00,1162,0.01,1801.12,32.06,
Norte,E2,10:00:00,1164,0.12,1801.12,32.14,
Norte,E2,10:00:00,1165,0.04,1801.12,32.25,
Norte,E2,10:00:00,1166,0.07,1801.13,31.8,
Norte,E2,10:00:00,1169,0.1,1801.11,32.41,
Norte,E2,10:00:00,1171,0.08,1801.1,32.42,
Norte,E2,10:00:00,1172,0.19,1801.1,33.47,
Norte,E2,10:00:00,1174,0.07,1801.1,33.27,
Norte,E2,10:00:00,1175,0.15,1801.11,31.77,
Norte,E2,10:00:00,1176,0.21,1801.11,33.26,
Norte,E2,10:00:00,1179,0.07,1801.11,32.77,
Norte,E2,10:00:00,1181,0.01,1801.1,33.26,
Norte,E2,10:00:00,1182,0.07,1801.12,32.51,
Norte,E2,10:00:00,1184,0.05,1801.17,24.73,
Norte,E2,10:00:00,1185,0.03,1801.16,26.43,
Norte,E2,10:00:00,1186,0.01,1801.16,25.75,
Norte,E2,10:00:00,1187,0.26,1801.12,25.41,
Norte,E2,10:00:00,1189,0.01,1801.04,24.95,
Norte,E2,10:00:00,1190,0.08,1801.03,25.9,
Norte,E2,10:00:00,1191,0.08,1801.11,28.99,
Norte,E2,10:00:00,1192,0.01,1801.11,27.09,
Norte,E2,10:00:00,1196,0.06,1800.98,26.76,
Norte,E2,10:00:00,1197,0.06,1800.99,27.24,
Norte,E2,10:00:00,1207,0.14,1800.99,25.2,
Norte,E2,10:00:00,1216,0.1,1800.98,18.95,
Norte,E2,10:00:00,1221,0.06,1801.19,19.63,
Norte,E2,10:00:00,1223,0.06,1801.19,19.41,
Norte,E2,10:00:00,1224,0.09,1801.18,23.0,
Norte,E2,10:00:00,1225,0.04,1801.15,24.45,
Norte,E2,10:00:00,1226,0.08,1801.18,23.23,
Norte,E2,10:00:00,1228,0.04,1801.18,22.56,
Norte,E2,10:00:00,1229,0.02,1801.18,22.26,
Norte,E2,10:00:00,1230,0.02,1801.18,22.21,
Norte,E2,10:00:00,1231,0.01,1801.18,22.29,
Norte,E2,10:00:00,1232,0.03,1801.18,21.75,
Norte,E2,10:00:00,1233,0.02,1801.18,21.72,
Norte,E2,10:00:00,1240,0.14,1801.2,21.03,
Norte,E2,10:00:00,1242,0.14,1801.18,22.18,
Norte,E2,10:00:00,1243,0.05,1801.18,22.95,
Norte,E2,10:00:00,1244,0.13,1801.15,24.48,
Norte,E2,10:00:00,1245,0.07,1801.15,25.56,
Norte,E2,10:00:00,1246,0.04,1801.13,25.73,
Norte,E2,10:00:00,1247,0.08,1801.13,25.49,
Norte,E2,10:00:00,1248,0.08,1801.13,25.2,
Norte,E2,10:00:00,1249,0.17,1801.17,23.59,
Norte,E2,10:00:00,1250,0.18,1801.19,22.5,
Norte,E2,10:00:00,1252,0.13,1801.21,21.12,
Norte,E2,10:00:00,1253,0.17,1801.17,23.56,
Norte,E2,10:00:00,1254,0.16,1801.21,21.91,
Norte,E2,10:00:00,1255,0.09,1801.25,21.68,
Norte,E2,10:00:00,1257,0.1,1801.26,21.07,
Norte,E2,10:00:00,1265,0.04,1801.32,20.73,
Norte,E2,10:00:00,1268,0.08,1801.31,20.81,
Norte,E2,10:00:00,1272,0.04,1801.28,21.45,
Norte,E2,10:00:00,1274,0.07,1801.28,21.48,
Norte,E2,10:00:00,1276,0.16,1801.24,22.43,
Norte,E2,10:00:00,1279,0.07,1801.22,23.71,
Norte,E2,10:00:00,1281,0.08,1801.22,24.08,
Norte,E2,10:00:00,1282,0.03,1801.22,25.55,
Norte,E2,10:00:00,1284,0.03,1801.09,30.85,
Norte,E2,10:00:00,1286,0.1,1801.23,22.64,
Norte,E2,10:00:00,1288,0.01,1801.23,24.67,
Norte,E2,10:00:00,1289,0.03,1801.23,23.0,
Norte,E2,10:00:00,1290,0.12,1801.23,23.08,
Norte,E2,10:00:00,1291,0.01,1801.23,20.84,
Norte,E2,10:00:00,1292,0.08,1801.23,21.07,
Norte,E2,10:00:00,1293,0.1,1801.23,21.72,
Norte,E2,10:00:00,1294,0.03,1801.24,21.58,
Norte,E2,10:00:00,1295,0.16,1801.25,20.76,
Norte,E2,10:00:00,1297,0.11,1801.26,20.38,
Norte,E2,10:00:00,1302,0.11,1801.24,19.84,
Norte,E2,10:00:00,1304,0.07,1801.24,19.84,
Norte,E2,10:00:00,1305,0.0,1801.24,19.85,
Norte,E2,10:00:00,1306,0.08,1801.24,19.85,
Norte,E2,10:00:00,1308,0.1,1801.24,20.38,
Norte,E2,10:00:00,1309,0.05,1801.24,28.27,
Norte,E2,10:00:00,1310,0.02,1801.23,24.41,
Norte,E2,10:00:00,1312,0.12,1801.13,29.21,
Norte,E2,10:00:00,1313,0.0,1801.13,29.43,
Norte,E2,10:00:00,1315,0.08,1801.13,29.39,
Norte,E2,10:00:00,1318,0.1,1801.06,29.33,
Norte,E2,10:00:00,1319,0.02,1801.06,28.98,
Norte,E2,10:00:00,1321,0.06,1801.23,21.26,
Norte,E2,10:00:00,1322,0.01,1801.23,22.03,
Norte,E2,10:00:00,1323,0.07,1801.23,21.82,
Norte,E2,10:00:00,1324,0.03,1801.24,20.39,
Norte,E2,10:00:00,1326,0.11,1801.23,20.04,
Norte,E2,10:00:00,1334,0.08,1801.22,21.94,
Norte,E2,10:00:00,1335,0.09,1801.2,22.49,
Norte,E2,10:00:00,1336,0.01,1801.2,21.62,
Norte,E2,10:00:00,1340,0.05,1801.22,28.88,
Norte,E2,10:00:00,5010,0.04,1801.19,25.74,
Norte,E2,10:00:00,5011,0.06,1801.04,25.83,
Norte,E2,10:00:00,5019,0.07,1801.06,31.88,
Norte,E2,10:00:00,5086,0.08,1801.08,32.37,
Norte,E2,10:00:00,5087,0.01,1801.08,32.42,
Norte,E2,10:00:00,5108,0.0,1801.04,25.76,
Norte,E2,10:00:00,5112,0.03,1801.27,21.48,
Norte,E2,10:00:00,5148,0.0,1801.08,32.1,
Norte,E2,10:00:00,5193,0.0,1801.07,31.22,
Norte,E2,10:00:00,5204,0.17,1800.99,25.27,
Norte,E2,10:00:00,5241,0.0,1801.19,19.56,
Norte,E2,10:00:00,5264,0.03,1801.09,32.39,
Norte,E2,10:00:00,5289,0.01,1801.06,29.58,
Norte,E2,10:00:00,5291,0.02,1801.13,29.65,
Norte,E2,10:00:00,5311,0.16,1801.07,32.32,
Norte,E2,10:00:00,5312,0.01,1801.07,32.46,
Norte,E2,10:00:00,5313,0.01,1801.07,32.26,
Norte,E2,10:00:00,5314,0.02,1801.04,25.69,
Norte,E2,10:00:00,5342,0.04,1801.19,25.64,
Norte,E2,10:00:00,5343,0.16,1801.31,20.83,
Norte,E2,10:00:00,5344,0.17,1801.3,25.76,
Norte,E2,10:00:00,5345,0.17,1801.3,25.92,
Norte,E2,10:00:00,5478,0.01,1801.27,21.49,
Norte,E2,10:00:00,5484,0.01,1801.19,19.03,
Norte,E2,10:00:00,5493,0.01,1801.11,30.63,
Norte,E2,10:00:00,5494,0.01,1801.12,30.71,
Norte,E2,10:00:00,5495,0.12,1801.07,32.6,
Norte,E2,10:00:00,5506,0.02,1801.18,22.7,
Norte,E2,10:00:00,5523,0.0,1801.07,29.06,
Norte,E2,10:00:00,5533,0.04,1801.23,20.69,
Norte,E2,10:00:00,5537,0.05,1801.07,29.32,
Norte,E2,10:00:00,5538,0.08,1801.07,29.64,
Norte,E2,10:00:00,5603,0.06,1801.09,30.87,
Norte,E2,10:00:00,5604,0.09,1801.08,30.43,
Norte,E2,10:00:00,5613,0.08,1801.1,32.29,
Norte,E2,10:00:00,5614,0.03,1801.11,32.38,
Norte,E2,10:00:00,5620,0.06,1801.06,32.21,
Norte,E2,10:00:00,5621,0.05,1801.06,32.15,
Norte,E2,10:00:00,5678,0.07,1801.07,29.75,
Norte,E2,10:00:00,5685,0.02,1801.11,25.57,
Norte,E2,10:00:00,5709,0.19,1801.31,20.84,
Norte,E2,10:00:00,5744,0.06,1801.12,32.04,
Norte,E2,10:00:00,5746,0.1,1801.2,24.35,
Norte,E2,10:00:00,5747,0.06,1801.17,25.84,
Norte,E2,10:00:00,5748,0.07,1801.4,21.14,
Norte,E2,10:00:00,5749,0.07,1801.5,21.35,
Norte,E2,10:00:00,5750,0.04,1801.59,21.26,
Norte,E2,10:00:00,5760,0.05,1801.67,21.03,
Norte,E2,10:00:00,5761,0.03,1801.61,21.38,
Norte,E2,10:00:00,5762,0.02,1801.77,20.53,
Norte,E2,10:00:00,5763,0.04,1801.74,20.74,
Norte,E2,10:00:00,10020,0.06,1801.09,33.15,
Norte,E2,10:00:00,10059,0.05,1801.07,29.58,
Norte,E2,10:00:00,10061,0.01,1801.23,20.52,
Norte,E2,10:00:00,10062,0.0,1801.26,20.44,
Norte,E2,10:00:00,10063,0.0,1801.32,20.73,
Norte,E2,10:00:00,10082,0.11,1801.19,20.45,
Norte,E2,11:00:00,346,0.05,1801.13,33.43,
Norte,E2,11:00:00,347,0.09,1801.13,33.61,
Norte,E2,11:00:00,348,0.14,1801.13,33.62,
Norte,E2,11:00:00,349,0.06,1801.13,32.3,
Norte,E2,11:00:00,350,0.03,1801.13,32.29,
Norte,E2,11:00:00,351,0.06,1801.13,33.88,
Norte,E2,11:00:00,352,0.15,1801.13,33.76,
Norte,E2,11:00:00,353,0.09,1801.13,33.67,
Norte,E2,11:00:00,354,0.15,1801.17,32.47,
Norte,E2,11:00:00,355,0.06,1801.17,32.39,
Norte,E2,11:00:00,356,0.1,1801.17,32.43,
Norte,E2,11:00:00,357,0.04,1801.17,32.65,
Norte,E2,11:00:00,358,0.02,1801.17,32.9,
Norte,E2,11:00:00,362,0.1,1801.15,32.45,
Norte,E2,11:00:00,363,0.05,1801.16,32.45,
Norte,E2,11:00:00,364,0.09,1801.16,32.45,
Norte,E2,11:00:00,368,0.04,1801.14,32.47,
Norte,E2,11:00:00,371,0.07,1801.14,32.45,
Norte,E2,11:00:00,400,0.07,1801.15,32.17,
Norte,E2,11:00:00,401,0.06,1801.15,32.19,
Norte,E2,11:00:00,404,0.03,1801.15,31.99,
Norte,E2,11:00:00,405,0.01,1801.15,31.94,
Norte,E2,11:00:00,1049,0.03,1801.13,29.73,
Norte,E2,11:00:00,1051,0.04,1801.13,29.62,
Norte,E2,11:00:00,1053,0.03,1801.13,29.62,
Norte,E2,11:00:00,1059,0.06,1801.13,29.39,
Norte,E2,11:00:00,1063,0.03,1801.13,29.12,
Norte,E2,11:00:00,1077,0.03,1801.14,29.59,
Norte,E2,11:00:00,1089,0.04,1801.13,29.74,
Norte,E2,11:00:00,1093,0.09,1801.13,29.29,
Norte,E2,11:00:00,1094,0.02,1801.13,29.05,
Norte,E2,11:00:00,1095,0.03,1801.13,29.54,
Norte,E2,11:00:00,1100,0.05,1801.14,30.16,
Norte,E2,11:00:00,1102,0.08,1801.14,30.11,
Norte,E2,11:00:00,1103,0.01,1801.14,31.09,
Norte,E2,11:00:00,1104,0.09,1801.13,30.13,
Norte,E2,11:00:00,1106,0.1,1801.13,30.07,
Norte,E2,11:00:00,1107,0.05,1801.14,30.34,
Norte,E2,11:00:00,1109,0.01,1801.14,30.33,
Norte,E2,11:00:00,1110,0.02,1801.14,29.97,
Norte,E2,11:00:00,1112,0.03,1801.14,29.99,
Norte,E2,11:00:00,1113,0.05,1801.14,29.73,
Norte,E2,11:00:00,1115,0.1,1801.14,29.72,
Norte,E2,11:00:00,1117,0.1,1801.14,29.77,
Norte,E2,11:00:00,1119,0.13,1801.14,30.36,
Norte,E2,11:00:00,1120,0.09,1801.14,29.93,
Norte,E2,11:00:00,1122,0.07,1801.14,31.23,
Norte,E2,11:00:00,1125,0.07,1801.14,31.17,
Norte,E2,11:00:00,1128,0.07,1801.14,31.42,
Norte,E2,11:00:00,1130,0.09,1801.14,31.24,
Norte,E2,11:00:00,1131,0.09,1801.14,31.39,
Norte,E2,11:00:00,1133,0.03,1801.14,32.42,
Norte,E2,11:00:00,1134,0.16,1801.18,32.51,
Norte,E2,11:00:00,1135,0.11,1801.14,32.6,
Norte,E2,11:00:00,1137,0.14,1801.18,32.45,
Norte,E2,11:00:00,1139,0.09,1801.17,32.42,
Norte,E2,11:00:00,1140,0.04,1801.17,32.47,
Norte,E2,11:00:00,1141,0.06,1801.13,31.39,
Norte,E2,11:00:00,1142,0.03,1801.16,31.36,
Norte,E2,11:00:00,1143,0.09,1801.16,32.21,
Norte,E2,11:00:00,1144,0.09,1801.14,32.37,
Norte,E2,11:00:00,1145,0.04,1801.16,32.3,
Norte,E2,11:00:00,1147,0.0,1801.15,32.45,
Norte,E2,11:00:00,1148,0.01,1801.15,32.46,
Norte,E2,11:00:00,1149,0.18,1801.2,31.09,
Norte,E2,11:00:00,1150,0.24,1801.15,30.87,
Norte,E2,11:00:00,1151,0.04,1801.27,27.04,
Norte,E2,11:00:00,1153,0.02,1801.22,28.62,
Norte,E2,11:00:00,1154,0.0,1801.22,29.07,
Norte,E2,11:00:00,1158,0.13,1801.22,29.28,
Norte,E2,11:00:00,1159,0.09,1801.2,31.64,
Norte,E2,11:00:00,1161,0.04,1801.2,30.71,
Norte,E2,11:00:00,1162,0.01,1801.18,32.12,
Norte,E2,11:00:00,1164,0.11,1801.18,32.2,
Norte,E2,11:00:00,1165,0.04,1801.18,32.31,
Norte,E2,11:00:00,1166,0.06,1801.19,31.87,
Norte,E2,11:00:00,1169,0.1,1801.18,32.48,
Norte,E2,11:00:00,1171,0.08,1801.16,32.48,
Norte,E2,11:00:00,1172,0.18,1801.16,33.53,
Norte,E2,11:00:00,1174,0.06,1801.16,33.33,
Norte,E2,11:00:00,1175,0.14,1801.17,31.83,
Norte,E2,11:00:00,1176,0.2,1801.17,33.32,
Norte,E2,11:00:00,1179,0.06,1801.17,32.83,
Norte,E2,11:00:00,1181,0.01,1801.16,33.32,
Norte,E2,11:00:00,1182,0.07,1801.18,32.57,
Norte,E2,11:00:00,1184,0.04,1801.23,24.79,
Norte,E2,11:00:00,1185,0.03,1801.22,26.49,
Norte,E2,11:00:00,1186,0.01,1801.22,25.81,
Norte,E2,11:00:00,1187,0.24,1801.18,25.47,
Norte,E2,11:00:00,1189,0.01,1801.11,25.02,
Norte,E2,11:00:00,1190,0.07,1801.1,25.98,
Norte,E2,11:00:00,1191,0.07,1801.17,29.05,
Norte,E2,11:00:00,1192,0.01,1801.17,27.15,
Norte,E2,11:00:00,1196,0.06,1801.06,26.84,
Norte,E2,11:00:00,1197,0.05,1801.06,27.31,
Norte,E2,11:00:00,1207,0.13,1801.06,25.27,
Norte,E2,11:00:00,1216,0.1,1801.06,19.03,
Norte,E2,11:00:00,1221,0.05,1801.25,19.69,
Norte,E2,11:00:00,1223,0.06,1801.25,19.47,
Norte,E2,11:00:00,1224,0.08,1801.24,23.06,
Norte,E2,11:00:00,1225,0.04,1801.21,24.51,
Norte,E2,11:00:00,1226,0.07,1801.24,23.29,
Norte,E2,11:00:00,1228,0.04,1801.24,22.62,
Norte,E2,11:00:00,1229,0.02,1801.24,22.32,
Norte,E2,11:00:00,1230,0.02,1801.24,22.27,
Norte,E2,11:00:00,1231,0.01,1801.24,22.35,
Norte,E2,11:00:00,1232,0.03,1801.24,21.81,
Norte,E2,11:00:00,1233,0.01,1801.24,21.78,
Norte,E2,11:00:00,1240,0.13,1801.25,21.08,
Norte,E2,11:00:00,1242,0.13,1801.24,22.24,
Norte,E2,11:00:00,1243,0.05,1801.23,23.0,
Norte,E2,11:00:00,1244,0.13,1801.21,24.54,
Norte,E2,11:00:00,1245,0.07,1801.21,25.62,
Norte,E2,11:00:00,1246,0.04,1801.19,25.79,
Norte,E2,11:00:00,1247,0.08,1801.19,25.55,
Norte,E2,11:00:00,1248,0.08,1801.19,25.26,
Norte,E2,11:00:00,1249,0.16,1801.23,23.65,
Norte,E2,11:00:00,1250,0.17,1801.25,22.56,
Norte,E2,11:00:00,1252,0.12,1801.27,21.18,
Norte,E2,11:00:00,1253,0.16,1801.23,23.62,
Norte,E2,11:00:00,1254,0.16,1801.27,21.97,
Norte,E2,11:00:00,1255,0.09,1801.3,21.73,
Norte,E2,11:00:00,1257,0.09,1801.31,21.12,
Norte,E2,11:00:00,1265,0.04,1801.36,20.77,
Norte,E2,11:00:00,1268,0.07,1801.36,20.86,
Norte,E2,11:00:00,1272,0.04,1801.32,21.49,
Norte,E2,11:00:00,1274,0.07,1801.33,21.53,
Norte,E2,11:00:00,1276,0.15,1801.29,22.48,
Norte,E2,11:00:00,1279,0.06,1801.27,23.76,
Norte,E2,11:00:00,1281,0.07,1801.27,24.13,
Norte,E2,11:00:00,1282,0.03,1801.27,25.6,
Norte,E2,11:00:00,1284,0.03,1801.15,30.91,
Norte,E2,11:00:00,1286,0.09,1801.28,22.69,
Norte,E2,11:00:00,1288,0.01,1801.28,24.72,
Norte,E2,11:00:00,1289,0.03,1801.28,23.05,
Norte,E2,11:00:00,1290,0.11,1801.28,23.13,
Norte,E2,11:00:00,1291,0.01,1801.28,20.89,
Norte,E2,11:00:00,1292,0.07,1801.28,21.12,
Norte,E2,11:00:00,1293,0.09,1801.28,21.77,
Norte,E2,11:00:00,1294,0.03,1801.29,21.63,
Norte,E2,11:00:00,1295,0.15,1801.3,20.81,
Norte,E2,11:00:00,1297,0.11,1801.31,20.43,
Norte,E2,11:00:00,1302,0.1,1801.3,19.9,
Norte,E2,11:00:00,1304,0.06,1801.3,19.9,
Norte,E2,11:00:00,1305,0.0,1801.3,19.91,
Norte,E2,11:00:00,1306,0.08,1801.3,19.91,
Norte,E2,11:00:00,1308,0.09,1801.29,20.43,
Norte,E2,11:00:00,1309,0.05,1801.29,28.32,
Norte,E2,11:00:00,1310,0.02,1801.29,24.47,
Norte,E2,11:00:00,1312,0.12,1801.19,29.27,
Norte,E2,11:00:00,1313,0.0,1801.19,29.49,
Norte,E2,11:00:00,1315,0.08,1801.19,29.45,
Norte,E2,11:00:00,1318,0.09,1801.13,29.4,
Norte,E2,11:00:00,1319,0.02,1801.13,29.05,
Norte,E2,11:00:00,1321,0.06,1801.29,21.32,
Norte,E2,11:00:00,1322,0.01,1801.29,22.09,
Norte,E2,11:00:00,1323,0.07,1801.29,21.88,
Norte,E2,11:00:00,1324,0.03,1801.3,20.45,
Norte,E2,11:00:00,1326,0.1,1801.29,20.1,
Norte,E2,11:00:00,1334,0.07,1801.28,22.0,
Norte,E2,11:00:00,1335,0.08,1801.25,22.54,
Norte,E2,11:00:00,1336,0.01,1801.25,21.67,
Norte,E2,11:00:00,1340,0.05,1801.28,28.94,
Norte,E2,11:00:00,5010,0.04,1801.25,25.8,
Norte,E2,11:00:00,5011,0.06,1801.11,25.9,
Norte,E2,11:00:00,5019,0.07,1801.13,31.95,
Norte,E2,11:00:00,5086,0.08,1801.15,32.44,
Norte,E2,11:00:00,5087,0.01,1801.15,32.49,
Norte,E2,11:00:00,5108,0.0,1801.11,25.83,
Norte,E2,11:00:00,5112,0.03,1801.32,21.53,
Norte,E2,11:00:00,5148,0.0,1801.15,32.17,
Norte,E2,11:00:00,5193,0.0,1801.14,31.29,
Norte,E2,11:00:00,5204,0.16,1801.06,25.34,
Norte,E2,11:00:00,5241,0.0,1801.25,19.62,
Norte,E2,11:00:00,5264,0.03,1801.15,32.45,
Norte,E2,11:00:00,5289,0.01,1801.13,29.65,
Norte,E2,11:00:00,5291,0.02,1801.19,29.71,
Norte,E2,11:00:00,5311,0.15,1801.14,32.39,
Norte,E2,11:00:00,5312,0.01,1801.14,32.53,
Norte,E2,11:00:00,5313,0.01,1801.14,32.33,
Norte,E2,11:00:00,5314,0.02,1801.11,25.76,
Norte,E2,11:00:00,5342,0.04,1801.25,25.7,
Norte,E2,11:00:00,5343,0.16,1801.35,20.87,
Norte,E2,11:00:00,5344,0.16,1801.34,25.8,
Norte,E2,11:00:00,5345,0.16,1801.34,25.96,
Norte,E2,11:00:00,5478,0.01,1801.32,21.54,
Norte,E2,11:00:00,5484,0.01,1801.25,19.09,
Norte,E2,11:00:00,5493,0.01,1801.17,30.69,
Norte,E2,11:00:00,5494,0.01,1801.18,30.77,
Norte,E2,11:00:00,5495,0.12,1801.14,32.67,
Norte,E2,11:00:00,5506,0.02,1801.24,22.76,
Norte,E2,11:00:00,5523,0.0,1801.14,29.13,
Norte,E2,11:00:00,5533,0.03,1801.28,20.74,
Norte,E2,11:00:00,5537,0.04,1801.14,29.39,
Norte,E2,11:00:00,5538,0.08,1801.14,29.71,
Norte,E2,11:00:00,5603,0.05,1801.16,30.94,
Norte,E2,11:00:00,5604,0.08,1801.15,30.5,
Norte,E2,11:00:00,5613,0.08,1801.16,32.35,
Norte,E2,11:00:00,5614,0.03,1801.18,32.45,
Norte,E2,11:00:00,5620,0.05,1801.13,32.28,
Norte,E2,11:00:00,5621,0.04,1801.13,32.22,
Norte,E2,11:00:00,5678,0.07,1801.13,29.81,
Norte,E2,11:00:00,5685,0.02,1801.17,25.63,
Norte,E2,11:00:00,5709,0.18,1801.35,20.88,
Norte,E2,11:00:00,5744,0.06,1801.18,32.1,
Norte,E2,11:00:00,5746,0.09,1801.26,24.41,
Norte,E2,11:00:00,5747,0.06,1801.22,25.89,
Norte,E2,11:00:00,5748,0.07,1801.44,21.18,
Norte,E2,11:00:00,5749,0.07,1801.53,21.38,
Norte,E2,11:00:00,5750,0.04,1801.61,21.28,
Norte,E2,11:00:00,5760,0.05,1801.68,21.04,
Norte,E2,11:00:00,5761,0.03,1801.63,21.4,
Norte,E2,11:00:00,5762,0.02,1801.77,20.53,
Norte,E2,11:00:00,5763,0.03,1801.74,20.74,
Norte,E2,11:00:00,10020,0.05,1801.15,33.21,
Norte,E2,11:00:00,10059,0.05,1801.13,29.64,
Norte,E2,11:00:00,10061,0.01,1801.28,20.57,
Norte,E2,11:00:00,10062,0.0,1801.31,20.49,
Norte,E2,11:00:00,10063,0.0,1801.36,20.77,
Norte,E2,11:00:00,10082,0.1,1801.25,20.51,
Norte,E2,12:00:00,346,0.05,1801.19,33.49,
Norte,E2,12:00:00,347,0.09,1801.19,33.67,
Norte,E2,12:00:00,348,0.13,1801.19,33.68,
Norte,E2,12:00:00,349,0.06,1801.2,32.37,
Norte,E2,12:00:00,350,0.03,1801.2,32.36,
Norte,E2,12:00:00,351,0.06,1801.2,33.95,
Norte,E2,12:00:00,352,0.14,1801.2,33.83,
Norte,E2,12:00:00,353,0.08,1801.2,33.74,
Norte,E2,12:00:00,354,0.14,1801.23,32.53,
Norte,E2,12:00:00,355,0.05,1801.23,32.45,
Norte,E2,12:00:00,356,0.1,1801.23,32.49,
Norte,E2,12:00:00,357,0.04,1801.23,32.71,
Norte,E2,12:00:00,358,0.02,1801.23,32.96,
Norte,E2,12:00:00,362,0.09,1801.22,32.52,
Norte,E2,12:00:00,363,0.04,1801.22,32.51,
Norte,E2,12:00:00,364,0.08,1801.22,32.51,
Norte,E2,12:00:00,368,0.04,1801.2,32.53,
Norte,E2,12:00:00,371,0.06,1801.2,32.51,
Norte,E2,12:00:00,400,0.07,1801.21,32.23,
Norte,E2,12:00:00,401,0.06,1801.21,32.25,
Norte,E2,12:00:00,404,0.03,1801.21,32.05,
Norte,E2,12:00:00,405,0.01,1801.21,32.0,
Norte,E2,12:00:00,1049,0.03,1801.2,29.8,
Norte,E2,12:00:00,1051,0.04,1801.2,29.69,
Norte,E2,12:00:00,1053,0.03,1801.2,29.69,
Norte,E2,12:00:00,1059,0.06,1801.2,29.46,
Norte,E2,12:00:00,1063,0.03,1801.2,29.19,
Norte,E2,12:00:00,1077,0.03,1801.2,29.65,
Norte,E2,12:00:00,1089,0.04,1801.2,29.81,
Norte,E2,12:00:00,1093,0.08,1801.2,29.36,
Norte,E2,12:00:00,1094,0.02,1801.2,29.12,
Norte,E2,12:00:00,1095,0.02,1801.2,29.61,
Norte,E2,12:00:00,1100,0.05,1801.2,30.22,
Norte,E2,12:00:00,1102,0.08,1801.2,30.17,
Norte,E2,12:00:00,1103,0.01,1801.2,31.15,
Norte,E2,12:00:00,1104,0.08,1801.2,30.2,
Norte,E2,12:00:00,1106,0.09,1801.2,30.14,
Norte,E2,12:00:00,1107,0.04,1801.2,30.4,
Norte,E2,12:00:00,1109,0.01,1801.2,30.39,
Norte,E2,12:00:00,1110,0.02,1801.2,30.03,
Norte,E2,12:00:00,1112,0.02,1801.2,30.05,
Norte,E2,12:00:00,1113,0.04,1801.2,29.79,
Norte,E2,12:00:00,1115,0.09,1801.2,29.78,
Norte,E2,12:00:00,1117,0.1,1801.2,29.83,
Norte,E2,12:00:00,1119,0.12,1801.2,30.42,
Norte,E2,12:00:00,1120,0.09,1801.2,29.99,
Norte,E2,12:00:00,1122,0.06,1801.2,31.29,
Norte,E2,12:00:00,1125,0.07,1801.2,31.23,
Norte,E2,12:00:00,1128,0.07,1801.2,31.48,
Norte,E2,12:00:00,1130,0.08,1801.2,31.3,
Norte,E2,12:00:00,1131,0.09,1801.2,31.45,
Norte,E2,12:00:00,1133,0.03,1801.2,32.48,
Norte,E2,12:00:00,1134,0.15,1801.24,32.57,
Norte,E2,12:00:00,1135,0.1,1801.2,32.66,
Norte,E2,12:00:00,1137,0.14,1801.24,32.51,
Norte,E2,12:00:00,1139,0.09,1801.24,32.49,
Norte,E2,12:00:00,1140,0.03,1801.24,32.54,
Norte,E2,12:00:00,1141,0.06,1801.2,31.46,
Norte,E2,12:00:00,1142,0.03,1801.22,31.42,
Norte,E2,12:00:00,1143,0.09,1801.22,32.27,
Norte,E2,12:00:00,1144,0.08,1801.2,32.43,
Norte,E2,12:00:00,1145,0.04,1801.22,32.36,
Norte,E2,12:00:00,1147,0.0,1801.21,32.51,
Norte,E2,12:00:00,1148,0.0,1801.22,32.53,
Norte,E2,12:00:00,1149,0.17,1801.26,31.15,
Norte,E2,12:00:00,1150,0.23,1801.22,30.94,
Norte,E2,12:00:00,1151,0.04,1801.32,27.09,
Norte,E2,12:00:00,1153,0.02,1801.27,28.67,
Norte,E2,12:00:00,1154,0.0,1801.27,29.12,
Norte,E2,12:00:00,1158,0.12,1801.27,29.33,
Norte,E2,12:00:00,1159,0.09,1801.26,31.7,
Norte,E2,12:00:00,1161,0.04,1801.26,30.77,
Norte,E2,12:00:00,1162,0.01,1801.24,32.18,
Norte,E2,12:00:00,1164,0.11,1801.24,32.26,
Norte,E2,12:00:00,1165,0.04,1801.24,32.37,
Norte,E2,12:00:00,1166,0.06,1801.25,31.93,
Norte,E2,12:00:00,1169,0.09,1801.24,32.54,
Norte,E2,12:00:00,1171,0.07,1801.22,32.54,
Norte,E2,12:00:00,1172,0.17,1801.22,33.59,
Norte,E2,12:00:00,1174,0.06,1801.22,33.39,
Norte,E2,12:00:00,1175,0.13,1801.23,31.89,
Norte,E2,12:00:00,1176,0.19,1801.23,33.38,
Norte,E2,12:00:00,1179,0.06,1801.24,32.9,
Norte,E2,12:00:00,1181,0.01,1801.22,33.38,
Norte,E2,12:00:00,1182,0.06,1801.24,32.63,
Norte,E2,12:00:00,1184,0.04,1801.28,24.84,
Norte,E2,12:00:00,1185,0.03,1801.27,26.54,
Norte,E2,12:00:00,1186,0.01,1801.27,25.86,
Norte,E2,12:00:00,1187,0.23,1801.24,25.53,
Norte,E2,12:00:00,1189,0.01,1801.18,25.09,
Norte,E2,12:00:00,1190,0.07,1801.17,26.04,
Norte,E2,12:00:00,1191,0.07,1801.23,29.11,
Norte,E2,12:00:00,1192,0.01,1801.23,27.21,
Norte,E2,12:00:00,1196,0.06,1801.13,26.91,
Norte,E2,12:00:00,1197,0.05,1801.13,27.38,
Norte,E2,12:00:00,1207,0.12,1801.13,25.34,
Norte,E2,12:00:00,1216,0.09,1801.13,19.1,
Norte,E2,12:00:00,1221,0.05,1801.3,19.74,
Norte,E2,12:00:00,1223,0.05,1801.3,19.52,
Norte,E2,12:00:00,1224,0.08,1801.29,23.11,
Norte,E2,12:00:00,1225,0.04,1801.26,24.56,
Norte,E2,12:00:00,1226,0.07,1801.29,23.34,
Norte,E2,12:00:00,1228,0.04,1801.29,22.67,
Norte,E2,12:00:00,1229,0.02,1801.29,22.37,
Norte,E2,12:00:00,1230,0.01,1801.29,22.32,
Norte,E2,12:00:00,1231,0.01,1801.29,22.4,
Norte,E2,12:00:00,1232,0.02,1801.29,21.86,
Norte,E2,12:00:00,1233,0.01,1801.29,21.83,
Norte,E2,12:00:00,1240,0.12,1801.31,21.14,
Norte,E2,12:00:00,1242,0.12,1801.29,22.29,
Norte,E2,12:00:00,1243,0.04,1801.29,23.06,
Norte,E2,12:00:00,1244,0.12,1801.27,24.6,
Norte,E2,12:00:00,1245,0.06,1801.27,25.68,
Norte,E2,12:00:00,1246,0.04,1801.25,25.85,
Norte,E2,12:00:00,1247,0.08,1801.25,25.61,
Norte,E2,12:00:00,1248,0.07,1801.25,25.32,
Norte,E2,12:00:00,1249,0.15,1801.28,23.7,
Norte,E2,12:00:00,1250,0.16,1801.3,22.61,
Norte,E2,12:00:00,1252,0.12,1801.32,21.23,
Norte,E2,12:00:00,1253,0.15,1801.28,23.67,
Norte,E2,12:00:00,1254,0.15,1801.32,22.02,
Norte,E2,12:00:00,1255,0.08,1801.35,21.78,
Norte,E2,12:00:00,1257,0.09,1801.36,21.17,
Norte,E2,12:00:00,1265,0.03,1801.4,20.81,
Norte,E2,12:00:00,1268,0.07,1801.4,20.9,
Norte,E2,12:00:00,1272,0.03,1801.37,21.54,
Norte,E2,12:00:00,1274,0.06,1801.37,21.57,
Norte,E2,12:00:00,1276,0.14,1801.34,22.53,
Norte,E2,12:00:00,1279,0.06,1801.32,23.81,
Norte,E2,12:00:00,1281,0.07,1801.32,24.18,
Norte,E2,12:00:00,1282,0.03,1801.32,25.65,
Norte,E2,12:00:00,1284,0.03,1801.22,30.98,
Norte,E2,12:00:00,1286,0.09,1801.33,22.74,
Norte,E2,12:00:00,1288,0.01,1801.33,24.77,
Norte,E2,12:00:00,1289,0.02,1801.33,23.1,
Norte,E2,12:00:00,1290,0.11,1801.33,23.18,
Norte,E2,12:00:00,1291,0.01,1801.33,20.94,
Norte,E2,12:00:00,1292,0.07,1801.33,21.17,
Norte,E2,12:00:00,1293,0.09,1801.33,21.82,
Norte,E2,12:00:00,1294,0.02,1801.34,21.68,
Norte,E2,12:00:00,1295,0.14,1801.35,20.86,
Norte,E2,12:00:00,1297,0.1,1801.36,20.48,
Norte,E2,12:00:00,1302,0.1,1801.34,19.94,
Norte,E2,12:00:00,1304,0.06,1801.34,19.94,
Norte,E2,12:00:00,1305,0.0,1801.34,19.95,
Norte,E2,12:00:00,1306,0.07,1801.34,19.95,
Norte,E2,12:00:00,1308,0.09,1801.34,20.48,
Norte,E2,12:00:00,1309,0.04,1801.34,28.37,
Norte,E2,12:00:00,1310,0.02,1801.34,24.52,
Norte,E2,12:00:00,1312,0.11,1801.25,29.33,
Norte,E2,12:00:00,1313,0.0,1801.25,29.55,
Norte,E2,12:00:00,1315,0.07,1801.25,29.51,
Norte,E2,12:00:00,1318,0.09,1801.2,29.47,
Norte,E2,12:00:00,1319,0.02,1801.2,29.12,
Norte,E2,12:00:00,1321,0.05,1801.34,21.37,
Norte,E2,12:00:00,1322,0.01,1801.34,22.14,
Norte,E2,12:00:00,1323,0.06,1801.34,21.93,
Norte,E2,12:00:00,1324,0.03,1801.34,20.49,
Norte,E2,12:00:00,1326,0.1,1801.34,20.15,
Norte,E2,12:00:00,1334,0.07,1801.33,22.05,
Norte,E2,12:00:00,1335,0.08,1801.31,22.6,
Norte,E2,12:00:00,1336,0.01,1801.31,21.73,
Norte,E2,12:00:00,1340,0.04,1801.33,28.99,
Norte,E2,12:00:00,5010,0.03,1801.3,25.85,
Norte,E2,12:00:00,5011,0.06,1801.18,25.97,
Norte,E2,12:00:00,5019,0.06,1801.2,32.02,
Norte,E2,12:00:00,5086,0.08,1801.21,32.5,
Norte,E2,12:00:00,5087,0.01,1801.21,32.55,
Norte,E2,12:00:00,5108,0.0,1801.17,25.89,
Norte,E2,12:00:00,5112,0.03,1801.37,21.58,
Norte,E2,12:00:00,5148,0.0,1801.21,32.23,
Norte,E2,12:00:00,5193,0.0,1801.2,31.35,
Norte,E2,12:00:00,5204,0.15,1801.13,25.41,
Norte,E2,12:00:00,5241,0.0,1801.3,19.67,
Norte,E2,12:00:00,5264,0.03,1801.22,32.52,
Norte,E2,12:00:00,5289,0.01,1801.2,29.72,
Norte,E2,12:00:00,5291,0.02,1801.25,29.77,
Norte,E2,12:00:00,5311,0.14,1801.2,32.45,
Norte,E2,12:00:00,5312,0.01,1801.2,32.59,
Norte,E2,12:00:00,5313,0.01,1801.2,32.39,
Norte,E2,12:00:00,5314,0.02,1801.18,25.83,
Norte,E2,12:00:00,5342,0.04,1801.3,25.75,
Norte,E2,12:00:00,5343,0.15,1801.4,20.92,
Norte,E2,12:00:00,5344,0.15,1801.39,25.85,
Norte,E2,12:00:00,5345,0.15,1801.39,26.01,
Norte,E2,12:00:00,5478,0.0,1801.37,21.59,
Norte,E2,12:00:00,5484,0.01,1801.3,19.14,
Norte,E2,12:00:00,5493,0.01,1801.24,30.76,
Norte,E2,12:00:00,5494,0.01,1801.24,30.83,
Norte,E2,12:00:00,5495,0.11,1801.2,32.73,
Norte,E2,12:00:00,5506,0.02,1801.29,22.81,
Norte,E2,12:00:00,5523,0.0,1801.2,29.19,
Norte,E2,12:00:00,5533,0.03,1801.33,20.79,
Norte,E2,12:00:00,5537,0.04,1801.2,29.45,
Norte,E2,12:00:00,5538,0.07,1801.2,29.77,
Norte,E2,12:00:00,5603,0.05,1801.22,31.0,
Norte,E2,12:00:00,5604,0.08,1801.21,30.56,
Norte,E2,12:00:00,5613,0.08,1801.22,32.41,
Norte,E2,12:00:00,5614,0.03,1801.24,32.51,
Norte,E2,12:00:00,5620,0.05,1801.2,32.35,
Norte,E2,12:00:00,5621,0.04,1801.2,32.29,
Norte,E2,12:00:00,5678,0.07,1801.2,29.88,
Norte,E2,12:00:00,5685,0.02,1801.23,25.69,
Norte,E2,12:00:00,5709,0.17,1801.4,20.93,
Norte,E2,12:00:00,5744,0.06,1801.24,32.16,
Norte,E2,12:00:00,5746,0.09,1801.31,24.46,
Norte,E2,12:00:00,5747,0.05,1801.28,25.95,
Norte,E2,12:00:00,5748,0.07,1801.47,21.21,
Norte,E2,12:00:00,5749,0.07,1801.55,21.4,
Norte,E2,12:00:00,5750,0.04,1801.62,21.29,
Norte,E2,12:00:00,5760,0.04,1801.69,21.05,
Norte,E2,12:00:00,5761,0.03,1801.64,21.41,
Norte,E2,12:00:00,5762,0.01,1801.77,20.53,
Norte,E2,12:00:00,5763,0.03,1801.74,20.74,
Norte,E2,12:00:00,10020,0.05,1801.22,33.28,
Norte,E2,12:00:00,10059,0.04,1801.2,29.71,
Norte,E2,12:00:00,10061,0.0,1801.33,20.62,
Norte,E2,12:00:00,10062,0.0,1801.36,20.54,
Norte,E2,12:00:00,10063,0.0,1801.4,20.81,
Norte,E2,12:00:00,10082,0.1,1801.3,20.56,
Norte,E2,13:00:00,346,0.05,1801.19,33.49,
Norte,E2,13:00:00,347,0.09,1801.19,33.67,
Norte,E2,13:00:00,348,0.13,1801.19,33.68,
Norte,E2,13:00:00,349,0.06,1801.2,32.37,
Norte,E2,13:00:00,350,0.03,1801.2,32.36,
Norte,E2,13:00:00,351,0.06,1801.2,33.95,
Norte,E2,13:00:00,352,0.14,1801.2,33.83,
Norte,E2,13:00:00,353,0.08,1801.2,33.74,
Norte,E2,13:00:00,354,0.14,1801.23,32.53,
Norte,E2,13:00:00,355,0.05,1801.23,32.45,
Norte,E2,13:00:00,356,0.1,1801.23,32.49,
Norte,E2,13:00:00,357,0.04,1801.23,32.71,
Norte,E2,13:00:00,358,0.02,1801.23,32.96,
Norte,E2,13:00:00,362,0.09,1801.22,32.52,
Norte,E2,13:00:00,363,0.04,1801.22,32.51,
Norte,E2,13:00:00,364,0.08,1801.22,32.51,
Norte,E2,13:00:00,368,0.04,1801.2,32.53,
Norte,E2,13:00:00,371,0.06,1801.2,32.51,
Norte,E2,13:00:00,400,0.07,1801.21,32.23,
Norte,E2,13:00:00,401,0.06,1801.21,32.25,
Norte,E2,13:00:00,404,0.03,1801.21,32.05,
Norte,E2,13:00:00,405,0.01,1801.21,32.0,
Norte,E2,13:00:00,1049,0.03,1801.2,29.8,
Norte,E2,13:00:00,1051,0.04,1801.2,29.69,
Norte,E2,13:00:00,1053,0.03,1801.2,29.69,
Norte,E2,13:00:00,1059,0.06,1801.2,29.46,
Norte,E2,13:00:00,1063,0.03,1801.2,29.19,
Norte,E2,13:00:00,1077,0.03,1801.2,29.65,
Norte,E2,13:00:00,1089,0.04,1801.2,29.81,
Norte,E2,13:00:00,1093,0.08,1801.2,29.36,
Norte,E2,13:00:00,1094,0.02,1801.2,29.12,
Norte,E2,13:00:00,1095,0.02,1801.2,29.61,
Norte,E2,13:00:00,1100,0.05,1801.2,30.22,
Norte,E2,13:00:00,1102,0.08,1801.2,30.17,
Norte,E2,13:00:00,1103,0.01,1801.2,31.15,
Norte,E2,13:00:00,1104,0.08,1801.2,30.2,
Norte,E2,13:00:00,1106,0.09,1801.2,30.14,
Norte,E2,13:00:00,1107,0.04,1801.2,30.4,
Norte,E2,13:00:00,1109,0.01,1801.2,30.39,
Norte,E2,13:00:00,1110,0.02,1801.2,30.03,
Norte,E2,13:00:00,1112,0.02,1801.2,30.05,
Norte,E2,13:00:00,1113,0.04,1801.2,29.79,
Norte,E2,13:00:00,1115,0.09,1801.2,29.78,
Norte,E2,13:00:00,1117,0.1,1801.2,29.83,
Norte,E2,13:00:00,1119,0.12,1801.2,30.42,
Norte,E2,13:00:00,1120,0.09,1801.2,29.99,
Norte,E2,13:00:00,1122,0.06,1801.2,31.29,
Norte,E2,13:00:00,1125,0.07,1801.2,31.23,
Norte,E2,13:00:00,1128,0.07,1801.2,31.48,
Norte,E2,13:00:00,1130,0.08,1801.2,31.3,
Norte,E2,13:00:00,1131,0.09,1801.2,31.45,
Norte,E2,13:00:00,1133,0.03,1801.2,32.48,
Norte,E2,13:00:00,1134,0.15,1801.24,32.57,
Norte,E2,13:00:00,1135,0.1,1801.2,32.66,
Norte,E2,13:00:00,1137,0.14,1801.24,32.51,
Norte,E2,13:00:00,1139,0.09,1801.24,32.49,
Norte,E2,13:00:00,1140,0.03,1801.24,32.54,
Norte,E2,13:00:00,1141,0.06,1801.2,31.46,
Norte,E2,13:00:00,1142,0.03,1801.22,31.42,
Norte,E2,13:00:00,1143,0.09,1801.22,32.27,
Norte,E2,13:00:00,1144,0.08,1801.2,32.43,
Norte,E2,13:00:00,1145,0.04,1801.22,32.36,
Norte,E2,13:00:00,1147,0.0,1801.21,32.51,
Norte,E2,13:00:00,1148,0.0,1801.22,32.53,
Norte,E2,13:00:00,1149,0.17,1801.26,31.15,
Norte,E2,13:00:00,1150,0.23,1801.22,30.94,
Norte,E2,13:00:00,1151,0.04,1801.32,27.09,
Norte,E2,13:00:00,1153,0.02,1801.27,28.67,
Norte,E2,13:00:00,1154,0.0,1801.27,29.12,
Norte,E2,13:00:00,1158,0.12,1801.27,29.33,
Norte,E2,13:00:00,1159,0.09,1801.26,31.7,
Norte,E2,13:00:00,1161,0.04,1801.26,30.77,
Norte,E2,13:00:00,1162,0.01,1801.24,32.18,
Norte,E2,13:00:00,1164,0.11,1801.24,32.26,
Norte,E2,13:00:00,1165,0.04,1801.24,32.37,
Norte,E2,13:00:00,1166,0.06,1801.25,31.93,
Norte,E2,13:00:00,1169,0.09,1801.24,32.54,
Norte,E2,13:00:00,1171,0.07,1801.22,32.54,
Norte,E2,13:00:00,1172,0.17,1801.22,33.59,
Norte,E2,13:00:00,1174,0.06,1801.22,33.39,
Norte,E2,13:00:00,1175,0.13,1801.23,31.89,
Norte,E2,13:00:00,1176,0.19,1801.23,33.38,
Norte,E2,13:00:00,1179,0.06,1801.24,32.9,
Norte,E2,13:00:00,1181,0.01,1801.22,33.38,
Norte,E2,13:00:00,1182,0.06,1801.24,32.63,
Norte,E2,13:00:00,1184,0.04,1801.28,24.84,
Norte,E2,13:00:00,1185,0.03,1801.27,26.54,
Norte,E2,13:00:00,1186,0.01,1801.27,25.86,
Norte,E2,13:00:00,1187,0.23,1801.24,25.53,
Norte,E2,13:00:00,1189,0.01,1801.18,25.09,
Norte,E2,13:00:00,1190,0.07,1801.17,26.04,
Norte,E2,13:00:00,1191,0.07,1801.23,29.11,
Norte,E2,13:00:00,1192,0.01,1801.23,27.21,
Norte,E2,13:00:00,1196,0.06,1801.13,26.91,
Norte,E2,13:00:00,1197,0.05,1801.13,27.38,
Norte,E2,13:00:00,1207,0.12,1801.13,25.34,
Norte,E2,13:00:00,1216,0.09,1801.13,19.1,
Norte,E2,13:00:00,1221,0.05,1801.3,19.74,
Norte,E2,13:00:00,1223,0.05,1801.3,19.52,
Norte,E2,13:00:00,1224,0.08,1801.29,23.11,
Norte,E2,13:00:00,1225,0.04,1801.26,24.56,
Norte,E2,13:00:00,1226,0.07,1801.29,23.34,
Norte,E2,13:00:00,1228,0.04,1801.29,22.67,
Norte,E2,13:00:00,1229,0.02,1801.29,22.37,
Norte,E2,13:00:00,1230,0.01,1801.29,22.32,
Norte,E2,13:00:00,1231,0.01,1801.29,22.4,
Norte,E2,13:00:00,1232,0.02,1801.29,21.86,
Norte,E2,13:00:00,1233,0.01,1801.29,21.83,
Norte,E2,13:00:00,1240,0.12,1801.31,21.14,
Norte,E2,13:00:00,1242,0.12,1801.29,22.29,
Norte,E2,13:00:00,1243,0.04,1801.29,23.06,
Norte,E2,13:00:00,1244,0.12,1801.27,24.6,
Norte,E2,13:00:00,1245,0.06,1801.27,25.68,
Norte,E2,13:00:00,1246,0.04,1801.25,25.85,
Norte,E2,13:00:00,1247,0.08,1801.25,25.61,
Norte,E2,13:00:00,1248,0.07,1801.25,25.32,
Norte,E2,13:00:00,1249,0.15,1801.28,23.7,
Norte,E2,13:00:00,1250,0.16,1801.3,22.61,
Norte,E2,13:00:00,1252,0.12,1801.32,21.23,
Norte,E2,13:00:00,1253,0.15,1801.28,23.67,
Norte,E2,13:00:00,1254,0.15,1801.32,22.02,
Norte,E2,13:00:00,1255,0.08,1801.35,21.78,
Norte,E2,13:00:00,1257,0.09,1801.36,21.17,
Norte,E2,13:00:00,1265,0.03,1801.4,20.81,
Norte,E2,13:00:00,1268,0.07,1801.4,20.9,
Norte,E2,13:00:00,1272,0.03,1801.37,21.54,
Norte,E2,13:00:00,1274,0.06,1801.37,21.57,
Norte,E2,13:00:00,1276,0.14,1801.34,22.53,
Norte,E2,13:00:00,1279,0.06,1801.32,23.81,
Norte,E2,13:00:00,1281,0.07,1801.32,24.18,
Norte,E2,13:00:00,1282,0.03,1801.32,25.65,
Norte,E2,13:00:00,1284,0.03,1801.22,30.98,
Norte,E2,13:00:00,1286,0.09,1801.33,22.74,
Norte,E2,13:00:00,1288,0.01,1801.33,24.77,
Norte,E2,13:00:00,1289,0.02,1801.33,23.1,
Norte,E2,13:00:00,1290,0.11,1801.33,23.18,
Norte,E2,13:00:00,1291,0.01,1801.33,20.94,
Norte,E2,13:00:00,1292,0.07,1801.33,21.17,
Norte,E2,13:00:00,1293,0.09,1801.33,21.82,
Norte,E2,13:00:00,1294,0.02,1801.34,21.68,
Norte,E2,13:00:00,1295,0.14,1801.35,20.86,
Norte,E2,13:00:00,1297,0.1,1801.36,20.48,
Norte,E2,13:00:00,1302,0.1,1801.34,19.94,
Norte,E2,13:00:00,1304,0.06,1801.34,19.94,
Norte,E2,13:00:00,1305,0.0,1801.34,19.95,
Norte,E2,13:00:00,1306,0.07,1801.34,19.95,
Norte,E2,13:00:00,1308,0.09,1801.34,20.48,
Norte,E2,13:00:00,1309,0.04,1801.34,28.37,
Norte,E2,13:00:00,1310,0.02,1801.34,24.52,
Norte,E2,13:00:00,1312,0.11,1801.25,29.33,
Norte,E2,13:00:00,1313,0.0,1801.25,29.55,
Norte,E2,13:00:00,1315,0.07,1801.25,29.51,
Norte,E2,13:00:00,1318,0.09,1801.2,29.47,
Norte,E2,13:00:00,1319,0.02,1801.2,29.12,
Norte,E2,13:00:00,1321,0.05,1801.34,21.37,
Norte,E2,13:00:00,1322,0.01,1801.34,22.14,
Norte,E2,13:00:00,1323,0.06,1801.34,21.93,
Norte,E2,13:00:00,1324,0.03,1801.34,20.49,
Norte,E2,13:00:00,1326,0.1,1801.34,20.15,
Norte,E2,13:00:00,1334,0.07,1801.33,22.05,
Norte,E2,13:00:00,1335,0.08,1801.31,22.6,
Norte,E2,13:00:00,1336,0.01,1801.31,21.73,
Norte,E2,13:00:00,1340,0.04,1801.33,28.99,
Norte,E2,13:00:00,5010,0.03,1801.3,25.85,
Norte,E2,13:00:00,5011,0.06,1801.18,25.97,
Norte,E2,13:00:00,5019,0.06,1801.2,32.02,
Norte,E2,13:00:00,5086,0.08,1801.21,32.5,
Norte,E2,13:00:00,5087,0.01,1801.21,32.55,
Norte,E2,13:00:00,5108,0.0,1801.17,25.89,
Norte,E2,13:00:00,5112,0.03,1801.37,21.58,
Norte,E2,13:00:00,5148,0.0,1801.21,32.23,
Norte,E2,13:00:00,5193,0.0,1801.2,31.35,
Norte,E2,13:00:00,5204,0.15,1801.13,25.41,
Norte,E2,13:00:00,5241,0.0,1801.3,19.67,
Norte,E2,13:00:00,5264,0.03,1801.22,32.52,
Norte,E2,13:00:00,5289,0.01,1801.2,29.72,
Norte,E2,13:00:00,5291,0.02,1801.25,29.77,
Norte,E2,13:00:00,5311,0.14,1801.2,32.45,
Norte,E2,13:00:00,5312,0.01,1801.2,32.59,
Norte,E2,13:00:00,5313,0.01,1801.2,32.39,
Norte,E2,13:00:00,5314,0.02,1801.18,25.83,
Norte,E2,13:00:00,5342,0.04,1801.3,25.75,
Norte,E2,13:00:00,5343,0.15,1801.4,20.92,
Norte,E2,13:00:00,5344,0.15,1801.39,25.85,
Norte,E2,13:00:00,5345,0.15,1801.39,26.01,
Norte,E2,13:00:00,5478,0.0,1801.37,21.59,
Norte,E2,13:00:00,5484,0.01,1801.3,19.14,
Norte,E2,13:00:00,5493,0.01,1801.24,30.76,
Norte,E2,13:00:00,5494,0.01,1801.24,30.83,
Norte,E2,13:00:00,5495,0.11,1801.2,32.73,
Norte,E2,13:00:00,5506,0.02,1801.29,22.81,
Norte,E2,13:00:00,5523,0.0,1801.2,29.19,
Norte,E2,13:00:00,5533,0.03,1801.33,20.79,
Norte,E2,13:00:00,5537,0.04,1801.2,29.45,
Norte,E2,13:00:00,5538,0.07,1801.2,29.77,
Norte,E2,13:00:00,5603,0.05,1801.22,31.0,
Norte,E2,13:00:00,5604,0.08,1801.21,30.56,
Norte,E2,13:00:00,5613,0.08,1801.22,32.41,
Norte,E2,13:00:00,5614,0.03,1801.24,32.51,
Norte,E2,13:00:00,5620,0.05,1801.2,32.35,
Norte,E2,13:00:00,5621,0.04,1801.2,32.29,
Norte,E2,13:00:00,5678,0.07,1801.2,29.88,
Norte,E2,13:00:00,5685,0.02,1801.23,25.69,
Norte,E2,13:00:00,5709,0.17,1801.4,20.93,
Norte,E2,13:00:00,5744,0.06,1801.24,32.16,
Norte,E2,13:00:00,5746,0.09,1801.31,24.46,
Norte,E2,13:00:00,5747,0.05,1801.28,25.95,
Norte,E2,13:00:00,5748,0.07,1801.47,21.21,
Norte,E2,13:00:00,5749,0.07,1801.55,21.4,
Norte,E2,13:00:00,5750,0.04,1801.62,21.29,
Norte,E2,13:00:00,5760,0.04,1801.69,21.05,
Norte,E2,13:00:00,5761,0.03,1801.64,21.41,
Norte,E2,13:00:00,5762,0.01,1801.77,20.53,
Norte,E2,13:00:00,5763,0.03,1801.74,20.74,
Norte,E2,13:00:00,10020,0.05,1801.22,33.28,
Norte,E2,13:00:00,10059,0.04,1801.2,29.71,
Norte,E2,13:00:00,10061,0.0,1801.33,20.62,
Norte,E2,13:00:00,10062,0.0,1801.36,20.54,
Norte,E2,13:00:00,10063,0.0,1801.4,20.81,
Norte,E2,13:00:00,10082,0.1,1801.3,20.56,
Norte,E2,14:00:00,346,0.05,1801.26,33.56,
Norte,E2,14:00:00,347,0.08,1801.26,33.74,
Norte,E2,14:00:00,348,0.13,1801.26,33.75,
Norte,E2,14:00:00,349,0.06,1801.26,32.43,
Norte,E2,14:00:00,350,0.03,1801.26,32.42,
Norte,E2,14:00:00,351,0.05,1801.26,34.01,
Norte,E2,14:00:00,352,0.13,1801.26,33.89,
Norte,E2,14:00:00,353,0.08,1801.26,33.8,
Norte,E2,14:00:00,354,0.13,1801.29,32.59,
Norte,E2,14:00:00,355,0.05,1801.29,32.51,
Norte,E2,14:00:00,356,0.09,1801.29,32.55,
Norte,E2,14:00:00,357,0.04,1801.29,32.77,
Norte,E2,14:00:00,358,0.02,1801.29,33.02,
Norte,E2,14:00:00,362,0.09,1801.28,32.58,
Norte,E2,14:00:00,363,0.04,1801.28,32.57,
Norte,E2,14:00:00,364,0.08,1801.28,32.57,
Norte,E2,14:00:00,368,0.04,1801.26,32.59,
Norte,E2,14:00:00,371,0.06,1801.26,32.57,
Norte,E2,14:00:00,400,0.06,1801.27,32.29,
Norte,E2,14:00:00,401,0.06,1801.27,32.31,
Norte,E2,14:00:00,404,0.02,1801.27,32.11,
Norte,E2,14:00:00,405,0.01,1801.27,32.06,
Norte,E2,14:00:00,1049,0.03,1801.26,29.86,
Norte,E2,14:00:00,1051,0.04,1801.26,29.75,
Norte,E2,14:00:00,1053,0.03,1801.26,29.75,
Norte,E2,14:00:00,1059,0.06,1801.26,29.52,
Norte,E2,14:00:00,1063,0.03,1801.26,29.25,
Norte,E2,14:00:00,1077,0.03,1801.26,29.71,
Norte,E2,14:00:00,1089,0.04,1801.26,29.87,
Norte,E2,14:00:00,1093,0.08,1801.26,29.42,
Norte,E2,14:00:00,1094,0.02,1801.26,29.18,
Norte,E2,14:00:00,1095,0.02,1801.26,29.67,
Norte,E2,14:00:00,1100,0.04,1801.26,30.28,
Norte,E2,14:00:00,1102,0.07,1801.26,30.23,
Norte,E2,14:00:00,1103,0.01,1801.26,31.21,
Norte,E2,14:00:00,1104,0.08,1801.26,30.26,
Norte,E2,14:00:00,1106,0.09,1801.26,30.2,
Norte,E2,14:00:00,1107,0.04,1801.26,30.46,
Norte,E2,14:00:00,1109,0.01,1801.26,30.45,
Norte,E2,14:00:00,1110,0.01,1801.26,30.09,
Norte,E2,14:00:00,1112,0.02,1801.26,30.11,
Norte,E2,14:00:00,1113,0.04,1801.26,29.85,
Norte,E2,14:00:00,1115,0.09,1801.26,29.84,
Norte,E2,14:00:00,1117,0.09,1801.26,29.89,
Norte,E2,14:00:00,1119,0.11,1801.26,30.48,
Norte,E2,14:00:00,1120,0.08,1801.26,30.05,
Norte,E2,14:00:00,1122,0.06,1801.26,31.35,
Norte,E2,14:00:00,1125,0.07,1801.26,31.29,
Norte,E2,14:00:00,1128,0.07,1801.26,31.54,
Norte,E2,14:00:00,1130,0.08,1801.26,31.36,
Norte,E2,14:00:00,1131,0.08,1801.26,31.51,
Norte,E2,14:00:00,1133,0.03,1801.26,32.54,
Norte,E2,14:00:00,1134,0.14,1801.3,32.63,
Norte,E2,14:00:00,1135,0.1,1801.26,32.72,
Norte,E2,14:00:00,1137,0.13,1801.29,32.56,
Norte,E2,14:00:00,1139,0.08,1801.29,32.54,
Norte,E2,14:00:00,1140,0.03,1801.29,32.59,
Norte,E2,14:00:00,1141,0.06,1801.26,31.52,
Norte,E2,14:00:00,1142,0.03,1801.28,31.48,
Norte,E2,14:00:00,1143,0.08,1801.28,32.33,
Norte,E2,14:00:00,1144,0.08,1801.26,32.49,
Norte,E2,14:00:00,1145,0.03,1801.28,32.42,
Norte,E2,14:00:00,1147,0.0,1801.27,32.57,
Norte,E2,14:00:00,1148,0.0,1801.28,32.59,
Norte,E2,14:00:00,1149,0.16,1801.32,31.21,
Norte,E2,14:00:00,1150,0.22,1801.28,31.0,
Norte,E2,14:00:00,1151,0.04,1801.37,27.14,
Norte,E2,14:00:00,1153,0.02,1801.33,28.73,
Norte,E2,14:00:00,1154,0.0,1801.33,29.18,
Norte,E2,14:00:00,1158,0.11,1801.33,29.39,
Norte,E2,14:00:00,1159,0.08,1801.31,31.75,
Norte,E2,14:00:00,1161,0.04,1801.31,30.82,
Norte,E2,14:00:00,1162,0.01,1801.3,32.24,
Norte,E2,14:00:00,1164,0.1,1801.3,32.32,
Norte,E2,14:00:00,1165,0.03,1801.3,32.43,
Norte,E2,14:00:00,1166,0.06,1801.3,31.98,
Norte,E2,14:00:00,1169,0.09,1801.3,32.6,
Norte,E2,14:00:00,1171,0.07,1801.28,32.6,
Norte,E2,14:00:00,1172,0.16,1801.28,33.65,
Norte,E2,14:00:00,1174,0.06,1801.28,33.45,
Norte,E2,14:00:00,1175,0.12,1801.29,31.95,
Norte,E2,14:00:00,1176,0.18,1801.29,33.44,
Norte,E2,14:00:00,1179,0.06,1801.29,32.95,
Norte,E2,14:00:00,1181,0.01,1801.28,33.44,
Norte,E2,14:00:00,1182,0.06,1801.3,32.69,
Norte,E2,14:00:00,1184,0.04,1801.34,24.9,
Norte,E2,14:00:00,1185,0.02,1801.33,26.6,
Norte,E2,14:00:00,1186,0.01,1801.33,25.92,
Norte,E2,14:00:00,1187,0.21,1801.3,25.59,
Norte,E2,14:00:00,1189,0.01,1801.24,25.15,
Norte,E2,14:00:00,1190,0.07,1801.24,26.11,
Norte,E2,14:00:00,1191,0.06,1801.29,29.17,
Norte,E2,14:00:00,1192,0.01,1801.29,27.27,
Norte,E2,14:00:00,1196,0.05,1801.2,26.98,
Norte,E2,14:00:00,1197,0.05,1801.2,27.45,
Norte,E2,14:00:00,1207,0.11,1801.2,25.41,
Norte,E2,14:00:00,1216,0.09,1801.2,19.17,
Norte,E2,14:00:00,1221,0.05,1801.35,19.79,
Norte,E2,14:00:00,1223,0.05,1801.35,19.57,
Norte,E2,14:00:00,1224,0.07,1801.35,23.17,
Norte,E2,14:00:00,1225,0.03,1801.32,24.62,
Norte,E2,14:00:00,1226,0.06,1801.34,23.39,
Norte,E2,14:00:00,1228,0.03,1801.34,22.72,
Norte,E2,14:00:00,1229,0.02,1801.34,22.42,
Norte,E2,14:00:00,1230,0.01,1801.34,22.37,
Norte,E2,14:00:00,1231,0.01,1801.34,22.45,
Norte,E2,14:00:00,1232,0.02,1801.34,21.91,
Norte,E2,14:00:00,1233,0.01,1801.34,21.88,
Norte,E2,14:00:00,1240,0.11,1801.36,21.19,
Norte,E2,14:00:00,1242,0.12,1801.35,22.35,
Norte,E2,14:00:00,1243,0.04,1801.34,23.11,
Norte,E2,14:00:00,1244,0.11,1801.32,24.65,
Norte,E2,14:00:00,1245,0.06,1801.32,25.73,
Norte,E2,14:00:00,1246,0.03,1801.31,25.91,
Norte,E2,14:00:00,1247,0.07,1801.31,25.67,
Norte,E2,14:00:00,1248,0.07,1801.3,25.37,
Norte,E2,14:00:00,1249,0.14,1801.34,23.76,
Norte,E2,14:00:00,1250,0.15,1801.35,22.66,
Norte,E2,14:00:00,1252,0.11,1801.37,21.28,
Norte,E2,14:00:00,1253,0.14,1801.34,23.73,
Norte,E2,14:00:00,1254,0.14,1801.37,22.07,
Norte,E2,14:00:00,1255,0.08,1801.4,21.83,
Norte,E2,14:00:00,1257,0.08,1801.4,21.21,
Norte,E2,14:00:00,1265,0.03,1801.44,20.85,
Norte,E2,14:00:00,1268,0.07,1801.44,20.94,
Norte,E2,14:00:00,1272,0.03,1801.41,21.58,
Norte,E2,14:00:00,1274,0.06,1801.42,21.62,
Norte,E2,14:00:00,1276,0.13,1801.39,22.58,
Norte,E2,14:00:00,1279,0.06,1801.37,23.86,
Norte,E2,14:00:00,1281,0.07,1801.37,24.23,
Norte,E2,14:00:00,1282,0.03,1801.37,25.7,
Norte,E2,14:00:00,1284,0.03,1801.28,31.04,
Norte,E2,14:00:00,1286,0.08,1801.38,22.79,
Norte,E2,14:00:00,1288,0.01,1801.38,24.82,
Norte,E2,14:00:00,1289,0.02,1801.38,23.15,
Norte,E2,14:00:00,1290,0.1,1801.38,23.23,
Norte,E2,14:00:00,1291,0.01,1801.38,20.99,
Norte,E2,14:00:00,1292,0.06,1801.38,21.22,
Norte,E2,14:00:00,1293,0.08,1801.38,21.87,
Norte,E2,14:00:00,1294,0.02,1801.39,21.73,
Norte,E2,14:00:00,1295,0.13,1801.4,20.91,
Norte,E2,14:00:00,1297,0.1,1801.4,20.52,
Norte,E2,14:00:00,1302,0.09,1801.39,19.99,
Norte,E2,14:00:00,1304,0.06,1801.39,19.99,
Norte,E2,14:00:00,1305,0.0,1801.39,20.0,
Norte,E2,14:00:00,1306,0.07,1801.39,20.0,
Norte,E2,14:00:00,1308,0.08,1801.39,20.53,
Norte,E2,14:00:00,1309,0.04,1801.39,28.42,
Norte,E2,14:00:00,1310,0.02,1801.38,24.56,
Norte,E2,14:00:00,1312,0.1,1801.31,29.39,
Norte,E2,14:00:00,1313,0.0,1801.31,29.61,
Norte,E2,14:00:00,1315,0.07,1801.31,29.57,
Norte,E2,14:00:00,1318,0.08,1801.26,29.53,
Norte,E2,14:00:00,1319,0.02,1801.26,29.18,
Norte,E2,14:00:00,1321,0.05,1801.38,21.41,
Norte,E2,14:00:00,1322,0.01,1801.38,22.18,
Norte,E2,14:00:00,1323,0.06,1801.38,21.97,
Norte,E2,14:00:00,1324,0.03,1801.39,20.54,
Norte,E2,14:00:00,1326,0.09,1801.38,20.19,
Norte,E2,14:00:00,1334,0.06,1801.38,22.1,
Norte,E2,14:00:00,1335,0.07,1801.36,22.65,
Norte,E2,14:00:00,1336,0.01,1801.36,21.78,
Norte,E2,14:00:00,1340,0.04,1801.38,29.04,
Norte,E2,14:00:00,5010,0.03,1801.35,25.9,
Norte,E2,14:00:00,5011,0.05,1801.24,26.03,
Norte,E2,14:00:00,5019,0.06,1801.26,32.08,
Norte,E2,14:00:00,5086,0.07,1801.27,32.56,
Norte,E2,14:00:00,5087,0.01,1801.27,32.61,
Norte,E2,14:00:00,5108,0.0,1801.24,25.96,
Norte,E2,14:00:00,5112,0.03,1801.41,21.62,
Norte,E2,14:00:00,5148,0.0,1801.27,32.29,
Norte,E2,14:00:00,5193,0.0,1801.26,31.41,
Norte,E2,14:00:00,5204,0.14,1801.2,25.48,
Norte,E2,14:00:00,5241,0.0,1801.35,19.72,
Norte,E2,14:00:00,5264,0.02,1801.28,32.58,
Norte,E2,14:00:00,5289,0.01,1801.26,29.78,
Norte,E2,14:00:00,5291,0.02,1801.31,29.83,
Norte,E2,14:00:00,5311,0.13,1801.26,32.51,
Norte,E2,14:00:00,5312,0.01,1801.26,32.65,
Norte,E2,14:00:00,5313,0.01,1801.26,32.45,
Norte,E2,14:00:00,5314,0.02,1801.24,25.89,
Norte,E2,14:00:00,5342,0.03,1801.35,25.8,
Norte,E2,14:00:00,5343,0.14,1801.44,20.96,
Norte,E2,14:00:00,5344,0.14,1801.43,25.89,
Norte,E2,14:00:00,5345,0.14,1801.43,26.05,
Norte,E2,14:00:00,5478,0.0,1801.41,21.63,
Norte,E2,14:00:00,5484,0.01,1801.35,19.19,
Norte,E2,14:00:00,5493,0.01,1801.29,30.81,
Norte,E2,14:00:00,5494,0.01,1801.3,30.89,
Norte,E2,14:00:00,5495,0.1,1801.26,32.79,
Norte,E2,14:00:00,5506,0.02,1801.34,22.86,
Norte,E2,14:00:00,5523,0.0,1801.26,29.25,
Norte,E2,14:00:00,5533,0.03,1801.38,20.84,
Norte,E2,14:00:00,5537,0.04,1801.26,29.51,
Norte,E2,14:00:00,5538,0.07,1801.26,29.83,
Norte,E2,14:00:00,5603,0.05,1801.28,31.06,
Norte,E2,14:00:00,5604,0.07,1801.27,30.62,
Norte,E2,14:00:00,5613,0.07,1801.28,32.47,
Norte,E2,14:00:00,5614,0.03,1801.3,32.57,
Norte,E2,14:00:00,5620,0.05,1801.26,32.41,
Norte,E2,14:00:00,5621,0.04,1801.26,32.35,
Norte,E2,14:00:00,5678,0.06,1801.26,29.94,
Norte,E2,14:00:00,5685,0.02,1801.29,25.75,
Norte,E2,14:00:00,5709,0.16,1801.44,20.97,
Norte,E2,14:00:00,5744,0.05,1801.3,32.22,
Norte,E2,14:00:00,5746,0.08,1801.36,24.51,
Norte,E2,14:00:00,5747,0.05,1801.33,26.0,
Norte,E2,14:00:00,5748,0.06,1801.5,21.24,
Norte,E2,14:00:00,5749,0.06,1801.58,21.43,
Norte,E2,14:00:00,5750,0.04,1801.64,21.31,
Norte,E2,14:00:00,5760,0.04,1801.7,21.06,
Norte,E2,14:00:00,5761,0.03,1801.66,21.43,
Norte,E2,14:00:00,5762,0.01,1801.77,20.53,
Norte,E2,14:00:00,5763,0.03,1801.75,20.75,
Norte,E2,14:00:00,10020,0.05,1801.28,33.34,
Norte,E2,14:00:00,10059,0.04,1801.26,29.77,
Norte,E2,14:00:00,10061,0.0,1801.38,20.67,
Norte,E2,14:00:00,10062,0.0,1801.4,20.58,
Norte,E2,14:00:00,10063,0.0,1801.44,20.85,
Norte,E2,14:00:00,10082,0.09,1801.35,20.61,
Norte,E2,15:00:00,346,0.05,1801.26,33.56,
Norte,E2,15:00:00,347,0.08,1801.26,33.74,
Norte,E2,15:00:00,348,0.13,1801.26,33.75,
Norte,E2,15:00:00,349,0.06,1801.26,32.43,
Norte,E2,15:00:00,350,0.03,1801.26,32.42,
Norte,E2,15:00:00,351,0.05,1801.26,34.01,
Norte,E2,15:00:00,352,0.13,1801.26,33.89,
Norte,E2,15:00:00,353,0.08,1801.26,33.8,
Norte,E2,15:00:00,354,0.13,1801.29,32.59,
Norte,E2,15:00:00,355,0.05,1801.29,32.51,
Norte,E2,15:00:00,356,0.09,1801.29,32.55,
Norte,E2,15:00:00,357,0.04,1801.29,32.77,
Norte,E2,15:00:00,358,0.02,1801.29,33.02,
Norte,E2,15:00:00,362,0.09,1801.28,32.58,
Norte,E2,15:00:00,363,0.04,1801.28,32.57,
Norte,E2,15:00:00,364,0.08,1801.28,32.57,
Norte,E2,15:00:00,368,0.04,1801.26,32.59,
Norte,E2,15:00:00,371,0.06,1801.26,32.57,
Norte,E2,15:00:00,400,0.06,1801.27,32.29,
Norte,E2,15:00:00,401,0.06,1801.27,32.31,
Norte,E2,15:00:00,404,0.02,1801.27,32.11,
Norte,E2,15:00:00,405,0.01,1801.27,32.06,
Norte,E2,15:00:00,1049,0.03,1801.26,29.86,
Norte,E2,15:00:00,1051,0.04,1801.26,29.75,
Norte,E2,15:00:00,1053,0.03,1801.26,29.75,
Norte,E2,15:00:00,1059,0.06,1801.26,29.52,
Norte,E2,15:00:00,1063,0.03,1801.26,29.25,
Norte,E2,15:00:00,1077,0.03,1801.26,29.71,
Norte,E2,15:00:00,1089,0.04,1801.26,29.87,
Norte,E2,15:00:00,1093,0.08,1801.26,29.42,
Norte,E2,15:00:00,1094,0.02,1801.26,29.18,
Norte,E2,15:00:00,1095,0.02,1801.26,29.67,
Norte,E2,15:00:00,1100,0.04,1801.26,30.28,
Norte,E2,15:00:00,1102,0.07,1801.26,30.23,
Norte,E2,15:00:00,1103,0.01,1801.26,31.21,
Norte,E2,15:00:00,1104,0.08,1801.26,30.26,
Norte,E2,15:00:00,1106,0.09,1801.26,30.2,
Norte,E2,15:00:00,1107,0.04,1801.26,30.46,
Norte,E2,15:00:00,1109,0.01,1801.26,30.45,
Norte,E2,15:00:00,1110,0.01,1801.26,30.09,
Norte,E2,15:00:00,1112,0.02,1801.26,30.11,
Norte,E2,15:00:00,1113,0.04,1801.26,29.85,
Norte,E2,15:00:00,1115,0.09,1801.26,29.84,
Norte,E2,15:00:00,1117,0.09,1801.26,29.89,
Norte,E2,15:00:00,1119,0.11,1801.26,30.48,
Norte,E2,15:00:00,1120,0.08,1801.26,30.05,
Norte,E2,15:00:00,1122,0.06,1801.26,31.35,
Norte,E2,15:00:00,1125,0.07,1801.26,31.29,
Norte,E2,15:00:00,1128,0.07,1801.26,31.54,
Norte,E2,15:00:00,1130,0.08,1801.26,31.36,
Norte,E2,15:00:00,1131,0.08,1801.26,31.51,
Norte,E2,15:00:00,1133,0.03,1801.26,32.54,
Norte,E2,15:00:00,1134,0.14,1801.3,32.63,
Norte,E2,15:00:00,1135,0.1,1801.26,32.72,
Norte,E2,15:00:00,1137,0.13,1801.29,32.56,
Norte,E2,15:00:00,1139,0.08,1801.29,32.54,
Norte,E2,15:00:00,1140,0.03,1801.29,32.59,
Norte,E2,15:00:00,1141,0.06,1801.26,31.52,
Norte,E2,15:00:00,1142,0.03,1801.28,31.48,
Norte,E2,15:00:00,1143,0.08,1801.28,32.33,
Norte,E2,15:00:00,1144,0.08,1801.26,32.49,
Norte,E2,15:00:00,1145,0.03,1801.28,32.42,
Norte,E2,15:00:00,1147,0.0,1801.27,32.57,
Norte,E2,15:00:00,1148,0.0,1801.28,32.59,
Norte,E2,15:00:00,1149,0.16,1801.32,31.21,
Norte,E2,15:00:00,1150,0.22,1801.28,31.0,
Norte,E2,15:00:00,1151,0.04,1801.37,27.14,
Norte,E2,15:00:00,1153,0.02,1801.33,28.73,
Norte,E2,15:00:00,1154,0.0,1801.33,29.18,
Norte,E2,15:00:00,1158,0.11,1801.33,29.39,
Norte,E2,15:00:00,1159,0.08,1801.31,31.75,
Norte,E2,15:00:00,1161,0.04,1801.31,30.82,
Norte,E2,15:00:00,1162,0.01,1801.3,32.24,
Norte,E2,15:00:00,1164,0.1,1801.3,32.32,
Norte,E2,15:00:00,1165,0.03,1801.3,32.43,
Norte,E2,15:00:00,1166,0.06,1801.3,31.98,
Norte,E2,15:00:00,1169,0.09,1801.3,32.6,
Norte,E2,15:00:00,1171,0.07,1801.28,32.6,
Norte,E2,15:00:00,1172,0.16,1801.28,33.65,
Norte,E2,15:00:00,1174,0.06,1801.28,33.45,
Norte,E2,15:00:00,1175,0.12,1801.29,31.95,
Norte,E2,15:00:00,1176,0.18,1801.29,33.44,
Norte,E2,15:00:00,1179,0.06,1801.29,32.95,
Norte,E2,15:00:00,1181,0.01,1801.28,33.44,
Norte,E2,15:00:00,1182,0.06,1801.3,32.69,
Norte,E2,15:00:00,1184,0.04,1801.34,24.9,
Norte,E2,15:00:00,1185,0.02,1801.33,26.6,
Norte,E2,15:00:00,1186,0.01,1801.33,25.92,
Norte,E2,15:00:00,1187,0.21,1801.3,25.59,
Norte,E2,15:00:00,1189,0.01,1801.24,25.15,
Norte,E2,15:00:00,1190,0.07,1801.24,26.11,
Norte,E2,15:00:00,1191,0.06,1801.29,29.17,
Norte,E2,15:00:00,1192,0.01,1801.29,27.27,
Norte,E2,15:00:00,1196,0.05,1801.2,26.98,
Norte,E2,15:00:00,1197,0.05,1801.2,27.45,
Norte,E2,15:00:00,1207,0.11,1801.2,25.41,
Norte,E2,15:00:00,1216,0.09,1801.2,19.17,
Norte,E2,15:00:00,1221,0.05,1801.35,19.79,
Norte,E2,15:00:00,1223,0.05,1801.35,19.57,
Norte,E2,15:00:00,1224,0.07,1801.35,23.17,
Norte,E2,15:00:00,1225,0.03,1801.32,24.62,
Norte,E2,15:00:00,1226,0.06,1801.34,23.39,
Norte,E2,15:00:00,1228,0.03,1801.34,22.72,
Norte,E2,15:00:00,1229,0.02,1801.34,22.42,
Norte,E2,15:00:00,1230,0.01,1801.34,22.37,
Norte,E2,15:00:00,1231,0.01,1801.34,22.45,
Norte,E2,15:00:00,1232,0.02,1801.34,21.91,
Norte,E2,15:00:00,1233,0.01,1801.34,21.88,
Norte,E2,15:00:00,1240,0.11,1801.36,21.19,
Norte,E2,15:00:00,1242,0.12,1801.35,22.35,
Norte,E2,15:00:00,1243,0.04,1801.34,23.11,
Norte,E2,15:00:00,1244,0.11,1801.32,24.65,
Norte,E2,15:00:00,1245,0.06,1801.32,25.73,
Norte,E2,15:00:00,1246,0.03,1801.31,25.91,
Norte,E2,15:00:00,1247,0.07,1801.31,25.67,
Norte,E2,15:00:00,1248,0.07,1801.3,25.37,
Norte,E2,15:00:00,1249,0.14,1801.34,23.76,
Norte,E2,15:00:00,1250,0.15,1801.35,22.66,
Norte,E2,15:00:00,1252,0.11,1801.37,21.28,
Norte,E2,15:00:00,1253,0.14,1801.34,23.73,
Norte,E2,15:00:00,1254,0.14,1801.37,22.07,
Norte,E2,15:00:00,1255,0.08,1801.4,21.83,
Norte,E2,15:00:00,1257,0.08,1801.4,21.21,
Norte,E2,15:00:00,1265,0.03,1801.44,20.85,
Norte,E2,15:00:00,1268,0.07,1801.44,20.94,
Norte,E2,15:00:00,1272,0.03,1801.41,21.58,
Norte,E2,15:00:00,1274,0.06,1801.42,21.62,
Norte,E2,15:00:00,1276,0.13,1801.39,22.58,
Norte,E2,15:00:00,1279,0.06,1801.37,23.86,
Norte,E2,15:00:00,1281,0.07,1801.37,24.23,
Norte,E2,15:00:00,1282,0.03,1801.37,25.7,
Norte,E2,15:00:00,1284,0.03,1801.28,31.04,
Norte,E2,15:00:00,1286,0.08,1801.38,22.79,
Norte,E2,15:00:00,1288,0.01,1801.38,24.82,
Norte,E2,15:00:00,1289,0.02,1801.38,23.15,
Norte,E2,15:00:00,1290,0.1,1801.38,23.23,
Norte,E2,15:00:00,1291,0.01,1801.38,20.99,
Norte,E2,15:00:00,1292,0.06,1801.38,21.22,
Norte,E2,15:00:00,1293,0.08,1801.38,21.87,
Norte,E2,15:00:00,1294,0.02,1801.39,21.73,
Norte,E2,15:00:00,1295,0.13,1801.4,20.91,
Norte,E2,15:00:00,1297,0.1,1801.4,20.52,
Norte,E2,15:00:00,1302,0.09,1801.39,19.99,
Norte,E2,15:00:00,1304,0.06,1801.39,19.99,
Norte,E2,15:00:00,1305,0.0,1801.39,20.0,
Norte,E2,15:00:00,1306,0.07,1801.39,20.0,
Norte,E2,15:00:00,1308,0.08,1801.39,20.53,
Norte,E2,15:00:00,1309,0.04,1801.39,28.42,
Norte,E2,15:00:00,1310,0.02,1801.38,24.56,
Norte,E2,15:00:00,1312,0.1,1801.31,29.39,
Norte,E2,15:00:00,1313,0.0,1801.31,29.61,
Norte,E2,15:00:00,1315,0.07,1801.31,29.57,
Norte,E2,15:00:00,1318,0.08,1801.26,29.53,
Norte,E2,15:00:00,1319,0.02,1801.26,29.18,
Norte,E2,15:00:00,1321,0.05,1801.38,21.41,
Norte,E2,15:00:00,1322,0.01,1801.38,22.18,
Norte,E2,15:00:00,1323,0.06,1801.38,21.97,
Norte,E2,15:00:00,1324,0.03,1801.39,20.54,
Norte,E2,15:00:00,1326,0.09,1801.38,20.19,
Norte,E2,15:00:00,1334,0.06,1801.38,22.1,
Norte,E2,15:00:00,1335,0.07,1801.36,22.65,
Norte,E2,15:00:00,1336,0.01,1801.36,21.78,
Norte,E2,15:00:00,1340,0.04,1801.38,29.04,
Norte,E2,15:00:00,5010,0.03,1801.35,25.9,
Norte,E2,15:00:00,5011,0.05,1801.24,26.03,
Norte,E2,15:00:00,5019,0.06,1801.26,32.08,
Norte,E2,15:00:00,5086,0.07,1801.27,32.56,
Norte,E2,15:00:00,5087,0.01,1801.27,32.61,
Norte,E2,15:00:00,5108,0.0,1801.24,25.96,
Norte,E2,15:00:00,5112,0.03,1801.41,21.62,
Norte,E2,15:00:00,5148,0.0,1801.27,32.29,
Norte,E2,15:00:00,5193,0.0,1801.26,31.41,
Norte,E2,15:00:00,5204,0.14,1801.2,25.48,
Norte,E2,15:00:00,5241,0.0,1801.35,19.72,
Norte,E2,15:00:00,5264,0.02,1801.28,32.58,
Norte,E2,15:00:00,5289,0.01,1801.26,29.78,
Norte,E2,15:00:00,5291,0.02,1801.31,29.83,
Norte,E2,15:00:00,5311,0.13,1801.26,32.51,
Norte,E2,15:00:00,5312,0.01,1801.26,32.65,
Norte,E2,15:00:00,5313,0.01,1801.26,32.45,
Norte,E2,15:00:00,5314,0.02,1801.24,25.89,
Norte,E2,15:00:00,5342,0.03,1801.35,25.8,
Norte,E2,15:00:00,5343,0.14,1801.44,20.96,
Norte,E2,15:00:00,5344,0.14,1801.43,25.89,
Norte,E2,15:00:00,5345,0.14,1801.43,26.05,
Norte,E2,15:00:00,5478,0.0,1801.41,21.63,
Norte,E2,15:00:00,5484,0.01,1801.35,19.19,
Norte,E2,15:00:00,5493,0.01,1801.29,30.81,
Norte,E2,15:00:00,5494,0.01,1801.3,30.89,
Norte,E2,15:00:00,5495,0.1,1801.26,32.79,
Norte,E2,15:00:00,5506,0.02,1801.34,22.86,
Norte,E2,15:00:00,5523,0.0,1801.26,29.25,
Norte,E2,15:00:00,5533,0.03,1801.38,20.84,
Norte,E2,15:00:00,5537,0.04,1801.26,29.51,
Norte,E2,15:00:00,5538,0.07,1801.26,29.83,
Norte,E2,15:00:00,5603,0.05,1801.28,31.06,
Norte,E2,15:00:00,5604,0.07,1801.27,30.62,
Norte,E2,15:00:00,5613,0.07,1801.28,32.47,
Norte,E2,15:00:00,5614,0.03,1801.3,32.57,
Norte,E2,15:00:00,5620,0.05,1801.26,32.41,
Norte,E2,15:00:00,5621,0.04,1801.26,32.35,
Norte,E2,15:00:00,5678,0.06,1801.26,29.94,
Norte,E2,15:00:00,5685,0.02,1801.29,25.75,
Norte,E2,15:00:00,5709,0.16,1801.44,20.97,
Norte,E2,15:00:00,5744,0.05,1801.3,32.22,
Norte,E2,15:00:00,5746,0.08,1801.36,24.51,
Norte,E2,15:00:00,5747,0.05,1801.33,26.0,
Norte,E2,15:00:00,5748,0.06,1801.5,21.24,
Norte,E2,15:00:00,5749,0.06,1801.58,21.43,
Norte,E2,15:00:00,5750,0.04,1801.64,21.31,
Norte,E2,15:00:00,5760,0.04,1801.7,21.06,
Norte,E2,15:00:00,5761,0.03,1801.66,21.43,
Norte,E2,15:00:00,5762,0.01,1801.77,20.53,
Norte,E2,15:00:00,5763,0.03,1801.75,20.75,
Norte,E2,15:00:00,10020,0.05,1801.28,33.34,
Norte,E2,15:00:00,10059,0.04,1801.26,29.77,
Norte,E2,15:00:00,10061,0.0,1801.38,20.67,
Norte,E2,15:00:00,10062,0.0,1801.4,20.58,
Norte,E2,15:00:00,10063,0.0,1801.44,20.85,
Norte,E2,15:00:00,10082,0.09,1801.35,20.61,
Norte,E2,16:00:00,346,0.04,1801.32,33.62,
Norte,E2,16:00:00,347,0.08,1801.32,33.8,
Norte,E2,16:00:00,348,0.12,1801.32,33.81,
Norte,E2,16:00:00,349,0.05,1801.32,32.49,
Norte,E2,16:00:00,350,0.03,1801.32,32.48,
Norte,E2,16:00:00,351,0.05,1801.32,34.07,
Norte,E2,16:00:00,352,0.12,1801.32,33.95,
Norte,E2,16:00:00,353,0.07,1801.32,33.86,
Norte,E2,16:00:00,354,0.12,1801.34,32.64,
Norte,E2,16:00:00,355,0.05,1801.35,32.57,
Norte,E2,16:00:00,356,0.09,1801.35,32.61,
Norte,E2,16:00:00,357,0.04,1801.35,32.83,
Norte,E2,16:00:00,358,0.02,1801.35,33.08,
Norte,E2,16:00:00,362,0.08,1801.33,32.63,
Norte,E2,16:00:00,363,0.04,1801.34,32.63,
Norte,E2,16:00:00,364,0.07,1801.34,32.63,
Norte,E2,16:00:00,368,0.04,1801.32,32.65,
Norte,E2,16:00:00,371,0.05,1801.32,32.63,
Norte,E2,16:00:00,400,0.06,1801.33,32.35,
Norte,E2,16:00:00,401,0.05,1801.33,32.37,
Norte,E2,16:00:00,404,0.02,1801.33,32.17,
Norte,E2,16:00:00,405,0.01,1801.33,32.12,
Norte,E2,16:00:00,1049,0.03,1801.32,29.92,
Norte,E2,16:00:00,1051,0.04,1801.32,29.81,
Norte,E2,16:00:00,1053,0.02,1801.32,29.81,
Norte,E2,16:00:00,1059,0.05,1801.32,29.58,
Norte,E2,16:00:00,1063,0.02,1801.32,29.31,
Norte,E2,16:00:00,1077,0.03,1801.32,29.77,
Norte,E2,16:00:00,1089,0.03,1801.32,29.93,
Norte,E2,16:00:00,1093,0.07,1801.32,29.48,
Norte,E2,16:00:00,1094,0.02,1801.32,29.24,
Norte,E2,16:00:00,1095,0.02,1801.32,29.73,
Norte,E2,16:00:00,1100,0.04,1801.32,30.34,
Norte,E2,16:00:00,1102,0.07,1801.32,30.29,
Norte,E2,16:00:00,1103,0.01,1801.32,31.27,
Norte,E2,16:00:00,1104,0.07,1801.32,30.32,
Norte,E2,16:00:00,1106,0.08,1801.32,30.26,
Norte,E2,16:00:00,1107,0.04,1801.32,30.52,
Norte,E2,16:00:00,1109,0.01,1801.32,30.51,
Norte,E2,16:00:00,1110,0.01,1801.32,30.15,
Norte,E2,16:00:00,1112,0.02,1801.32,30.17,
Norte,E2,16:00:00,1113,0.04,1801.32,29.91,
Norte,E2,16:00:00,1115,0.08,1801.32,29.9,
Norte,E2,16:00:00,1117,0.09,1801.32,29.95,
Norte,E2,16:00:00,1119,0.11,1801.32,30.54,
Norte,E2,16:00:00,1120,0.08,1801.32,30.11,
Norte,E2,16:00:00,1122,0.06,1801.32,31.41,
Norte,E2,16:00:00,1125,0.06,1801.32,31.35,
Norte,E2,16:00:00,1128,0.06,1801.32,31.6,
Norte,E2,16:00:00,1130,0.07,1801.32,31.42,
Norte,E2,16:00:00,1131,0.08,1801.32,31.57,
Norte,E2,16:00:00,1133,0.02,1801.32,32.6,
Norte,E2,16:00:00,1134,0.13,1801.35,32.68,
Norte,E2,16:00:00,1135,0.09,1801.32,32.78,
Norte,E2,16:00:00,1137,0.12,1801.35,32.62,
Norte,E2,16:00:00,1139,0.08,1801.35,32.6,
Norte,E2,16:00:00,1140,0.03,1801.35,32.65,
Norte,E2,16:00:00,1141,0.05,1801.32,31.58,
Norte,E2,16:00:00,1142,0.02,1801.34,31.54,
Norte,E2,16:00:00,1143,0.08,1801.34,32.39,
Norte,E2,16:00:00,1144,0.07,1801.32,32.55,
Norte,E2,16:00:00,1145,0.03,1801.34,32.48,
Norte,E2,16:00:00,1147,0.0,1801.33,32.63,
Norte,E2,16:00:00,1148,0.0,1801.33,32.64,
Norte,E2,16:00:00,1149,0.15,1801.37,31.26,
Norte,E2,16:00:00,1150,0.2,1801.33,31.05,
Norte,E2,16:00:00,1151,0.03,1801.42,27.19,
Norte,E2,16:00:00,1153,0.01,1801.38,28.78,
Norte,E2,16:00:00,1154,0.0,1801.38,29.23,
Norte,E2,16:00:00,1158,0.11,1801.38,29.44,
Norte,E2,16:00:00,1159,0.08,1801.37,31.81,
Norte,E2,16:00:00,1161,0.04,1801.37,30.88,
Norte,E2,16:00:00,1162,0.01,1801.35,32.29,
Norte,E2,16:00:00,1164,0.09,1801.35,32.37,
Norte,E2,16:00:00,1165,0.03,1801.35,32.48,
Norte,E2,16:00:00,1166,0.05,1801.36,32.04,
Norte,E2,16:00:00,1169,0.08,1801.35,32.65,
Norte,E2,16:00:00,1171,0.06,1801.34,32.66,
Norte,E2,16:00:00,1172,0.15,1801.34,33.71,
Norte,E2,16:00:00,1174,0.05,1801.34,33.51,
Norte,E2,16:00:00,1175,0.12,1801.35,32.01,
Norte,E2,16:00:00,1176,0.16,1801.35,33.5,
Norte,E2,16:00:00,1179,0.05,1801.35,33.01,
Norte,E2,16:00:00,1181,0.01,1801.34,33.5,
Norte,E2,16:00:00,1182,0.06,1801.35,32.74,
Norte,E2,16:00:00,1184,0.04,1801.39,24.95,
Norte,E2,16:00:00,1185,0.02,1801.38,26.65,
Norte,E2,16:00:00,1186,0.01,1801.38,25.97,
Norte,E2,16:00:00,1187,0.2,1801.36,25.65,
Norte,E2,16:00:00,1189,0.01,1801.3,25.21,
Norte,E2,16:00:00,1190,0.06,1801.3,26.17,
Norte,E2,16:00:00,1191,0.06,1801.34,29.22,
Norte,E2,16:00:00,1192,0.01,1801.34,27.32,
Norte,E2,16:00:00,1196,0.05,1801.27,27.05,
Norte,E2,16:00:00,1197,0.04,1801.27,27.52,
Norte,E2,16:00:00,1207,0.11,1801.27,25.48,
Norte,E2,16:00:00,1216,0.08,1801.27,19.24,
Norte,E2,16:00:00,1221,0.05,1801.4,19.84,
Norte,E2,16:00:00,1223,0.05,1801.4,19.62,
Norte,E2,16:00:00,1224,0.07,1801.4,23.22,
Norte,E2,16:00:00,1225,0.03,1801.37,24.67,
Norte,E2,16:00:00,1226,0.06,1801.39,23.44,
Norte,E2,16:00:00,1228,0.03,1801.39,22.77,
Norte,E2,16:00:00,1229,0.01,1801.39,22.47,
Norte,E2,16:00:00,1230,0.01,1801.39,22.42,
Norte,E2,16:00:00,1231,0.01,1801.39,22.5,
Norte,E2,16:00:00,1232,0.02,1801.39,21.96,
Norte,E2,16:00:00,1233,0.01,1801.39,21.93,
Norte,E2,16:00:00,1240,0.11,1801.41,21.24,
Norte,E2,16:00:00,1242,0.11,1801.39,22.39,
Norte,E2,16:00:00,1243,0.04,1801.39,23.16,
Norte,E2,16:00:00,1244,0.11,1801.37,24.7,
Norte,E2,16:00:00,1245,0.06,1801.37,25.78,
Norte,E2,16:00:00,1246,0.03,1801.36,25.96,
Norte,E2,16:00:00,1247,0.07,1801.36,25.72,
Norte,E2,16:00:00,1248,0.06,1801.36,25.43,
Norte,E2,16:00:00,1249,0.13,1801.39,23.81,
Norte,E2,16:00:00,1250,0.14,1801.4,22.71,
Norte,E2,16:00:00,1252,0.1,1801.42,21.33,
Norte,E2,16:00:00,1253,0.14,1801.39,23.78,
Norte,E2,16:00:00,1254,0.13,1801.41,22.11,
Norte,E2,16:00:00,1255,0.07,1801.44,21.87,
Norte,E2,16:00:00,1257,0.08,1801.44,21.25,
Norte,E2,16:00:00,1265,0.03,1801.48,20.89,
Norte,E2,16:00:00,1268,0.06,1801.48,20.98,
Norte,E2,16:00:00,1272,0.03,1801.45,21.62,
Norte,E2,16:00:00,1274,0.06,1801.46,21.66,
Norte,E2,16:00:00,1276,0.12,1801.43,22.62,
Norte,E2,16:00:00,1279,0.05,1801.42,23.91,
Norte,E2,16:00:00,1281,0.06,1801.42,24.28,
Norte,E2,16:00:00,1282,0.02,1801.42,25.75,
Norte,E2,16:00:00,1284,0.03,1801.33,31.09,
Norte,E2,16:00:00,1286,0.08,1801.42,22.83,
Norte,E2,16:00:00,1288,0.01,1801.42,24.86,
Norte,E2,16:00:00,1289,0.02,1801.42,23.19,
Norte,E2,16:00:00,1290,0.09,1801.42,23.27,
Norte,E2,16:00:00,1291,0.01,1801.42,21.03,
Norte,E2,16:00:00,1292,0.06,1801.42,21.26,
Norte,E2,16:00:00,1293,0.08,1801.43,21.92,
Norte,E2,16:00:00,1294,0.02,1801.43,21.77,
Norte,E2,16:00:00,1295,0.12,1801.44,20.95,
Norte,E2,16:00:00,1297,0.09,1801.44,20.56,
Norte,E2,16:00:00,1302,0.09,1801.43,20.03,
Norte,E2,16:00:00,1304,0.05,1801.43,20.03,
Norte,E2,16:00:00,1305,0.0,1801.43,20.04,
Norte,E2,16:00:00,1306,0.06,1801.43,20.04,
Norte,E2,16:00:00,1308,0.08,1801.43,20.57,
Norte,E2,16:00:00,1309,0.04,1801.43,28.46,
Norte,E2,16:00:00,1310,0.02,1801.43,24.61,
Norte,E2,16:00:00,1312,0.1,1801.36,29.44,
Norte,E2,16:00:00,1313,0.0,1801.36,29.66,
Norte,E2,16:00:00,1315,0.06,1801.36,29.62,
Norte,E2,16:00:00,1318,0.08,1801.32,29.59,
Norte,E2,16:00:00,1319,0.02,1801.32,29.24,
Norte,E2,16:00:00,1321,0.05,1801.43,21.46,
Norte,E2,16:00:00,1322,0.01,1801.43,22.23,
Norte,E2,16:00:00,1323,0.06,1801.43,22.02,
Norte,E2,16:00:00,1324,0.02,1801.43,20.58,
Norte,E2,16:00:00,1326,0.08,1801.43,20.24,
Norte,E2,16:00:00,1334,0.06,1801.42,22.14,
Norte,E2,16:00:00,1335,0.07,1801.4,22.69,
Norte,E2,16:00:00,1336,0.01,1801.4,21.82,
Norte,E2,16:00:00,1340,0.04,1801.42,29.08,
Norte,E2,16:00:00,5010,0.03,1801.4,25.95,
Norte,E2,16:00:00,5011,0.05,1801.3,26.09,
Norte,E2,16:00:00,5019,0.05,1801.32,32.14,
Norte,E2,16:00:00,5086,0.07,1801.33,32.62,
Norte,E2,16:00:00,5087,0.01,1801.33,32.67,
Norte,E2,16:00:00,5108,0.0,1801.3,26.02,
Norte,E2,16:00:00,5112,0.02,1801.45,21.66,
Norte,E2,16:00:00,5148,0.0,1801.33,32.35,
Norte,E2,16:00:00,5193,0.0,1801.32,31.47,
Norte,E2,16:00:00,5204,0.14,1801.27,25.55,
Norte,E2,16:00:00,5241,0.0,1801.4,19.77,
Norte,E2,16:00:00,5264,0.02,1801.33,32.63,
Norte,E2,16:00:00,5289,0.01,1801.32,29.84,
Norte,E2,16:00:00,5291,0.02,1801.36,29.88,
Norte,E2,16:00:00,5311,0.12,1801.32,32.57,
Norte,E2,16:00:00,5312,0.01,1801.32,32.71,
Norte,E2,16:00:00,5313,0.01,1801.32,32.51,
Norte,E2,16:00:00,5314,0.01,1801.3,25.95,
Norte,E2,16:00:00,5342,0.03,1801.4,25.85,
Norte,E2,16:00:00,5343,0.13,1801.47,20.99,
Norte,E2,16:00:00,5344,0.13,1801.47,25.93,
Norte,E2,16:00:00,5345,0.13,1801.47,26.09,
Norte,E2,16:00:00,5478,0.0,1801.45,21.67,
Norte,E2,16:00:00,5484,0.01,1801.4,19.24,
Norte,E2,16:00:00,5493,0.01,1801.35,30.87,
Norte,E2,16:00:00,5494,0.01,1801.35,30.94,
Norte,E2,16:00:00,5495,0.1,1801.32,32.85,
Norte,E2,16:00:00,5506,0.02,1801.39,22.91,
Norte,E2,16:00:00,5523,0.0,1801.32,29.31,
Norte,E2,16:00:00,5533,0.03,1801.42,20.88,
Norte,E2,16:00:00,5537,0.04,1801.32,29.57,
Norte,E2,16:00:00,5538,0.06,1801.32,29.89,
Norte,E2,16:00:00,5603,0.05,1801.34,31.12,
Norte,E2,16:00:00,5604,0.07,1801.33,30.68,
Norte,E2,16:00:00,5613,0.07,1801.34,32.53,
Norte,E2,16:00:00,5614,0.03,1801.35,32.62,
Norte,E2,16:00:00,5620,0.04,1801.32,32.47,
Norte,E2,16:00:00,5621,0.04,1801.32,32.41,
Norte,E2,16:00:00,5678,0.06,1801.32,30.0,
Norte,E2,16:00:00,5685,0.02,1801.34,25.8,
Norte,E2,16:00:00,5709,0.15,1801.48,21.01,
Norte,E2,16:00:00,5744,0.05,1801.35,32.27,
Norte,E2,16:00:00,5746,0.08,1801.41,24.56,
Norte,E2,16:00:00,5747,0.05,1801.38,26.05,
Norte,E2,16:00:00,5748,0.06,1801.53,21.27,
Norte,E2,16:00:00,5749,0.06,1801.6,21.45,
Norte,E2,16:00:00,5750,0.03,1801.66,21.33,
Norte,E2,16:00:00,5760,0.04,1801.71,21.07,
Norte,E2,16:00:00,5761,0.03,1801.67,21.44,
Norte,E2,16:00:00,5762,0.01,1801.77,20.53,
Norte,E2,16:00:00,5763,0.03,1801.75,20.75,
Norte,E2,16:00:00,10020,0.04,1801.33,33.39,
Norte,E2,16:00:00,10059,0.04,1801.32,29.83,
Norte,E2,16:00:00,10061,0.0,1801.42,20.71,
Norte,E2,16:00:00,10062,0.0,1801.44,20.62,
Norte,E2,16:00:00,10063,0.0,1801.48,20.89,
Norte,E2,16:00:00,10082,0.08,1801.4,20.66,
Norte,E2,17:00:00,346,0.04,1801.32,33.62,
Norte,E2,17:00:00,347,0.08,1801.32,33.8,
Norte,E2,17:00:00,348,0.12,1801.32,33.81,
Norte,E2,17:00:00,349,0.05,1801.32,32.49,
Norte,E2,17:00:00,350,0.03,1801.32,32.48,
Norte,E2,17:00:00,351,0.05,1801.32,34.07,
Norte,E2,17:00:00,352,0.12,1801.32,33.95,
Norte,E2,17:00:00,353,0.07,1801.32,33.86,
Norte,E2,17:00:00,354,0.12,1801.34,32.64,
Norte,E2,17:00:00,355,0.05,1801.35,32.57,
Norte,E2,17:00:00,356,0.09,1801.35,32.61,
Norte,E2,17:00:00,357,0.04,1801.35,32.83,
Norte,E2,17:00:00,358,0.02,1801.35,33.08,
Norte,E2,17:00:00,362,0.08,1801.33,32.63,
Norte,E2,17:00:00,363,0.04,1801.34,32.63,
Norte,E2,17:00:00,364,0.07,1801.34,32.63,
Norte,E2,17:00:00,368,0.04,1801.32,32.65,
Norte,E2,17:00:00,371,0.05,1801.32,32.63,
Norte,E2,17:00:00,400,0.06,1801.33,32.35,
Norte,E2,17:00:00,401,0.05,1801.33,32.37,
Norte,E2,17:00:00,404,0.02,1801.33,32.17,
Norte,E2,17:00:00,405,0.01,1801.33,32.12,
Norte,E2,17:00:00,1049,0.03,1801.32,29.92,
Norte,E2,17:00:00,1051,0.04,1801.32,29.81,
Norte,E2,17:00:00,1053,0.02,1801.32,29.81,
Norte,E2,17:00:00,1059,0.05,1801.32,29.58,
Norte,E2,17:00:00,1063,0.02,1801.32,29.31,
Norte,E2,17:00:00,1077,0.03,1801.32,29.77,
Norte,E2,17:00:00,1089,0.03,1801.32,29.93,
Norte,E2,17:00:00,1093,0.07,1801.32,29.48,
Norte,E2,17:00:00,1094,0.02,1801.32,29.24,
Norte,E2,17:00:00,1095,0.02,1801.32,29.73,
Norte,E2,17:00:00,1100,0.04,1801.32,30.34,
Norte,E2,17:00:00,1102,0.07,1801.32,30.29,
Norte,E2,17:00:00,1103,0.01,1801.32,31.27,
Norte,E2,17:00:00,1104,0.07,1801.32,30.32,
Norte,E2,17:00:00,1106,0.08,1801.32,30.26,
Norte,E2,17:00:00,1107,0.04,1801.32,30.52,
Norte,E2,17:00:00,1109,0.01,1801.32,30.51,
Norte,E2,17:00:00,1110,0.01,1801.32,30.15,
Norte,E2,17:00:00,1112,0.02,1801.32,30.17,
Norte,E2,17:00:00,1113,0.04,1801.32,29.91,
Norte,E2,17:00:00,1115,0.08,1801.32,29.9,
Norte,E2,17:00:00,1117,0.09,1801.32,29.95,
Norte,E2,17:00:00,1119,0.11,1801.32,30.54,
Norte,E2,17:00:00,1120,0.08,1801.32,30.11,
Norte,E2,17:00:00,1122,0.06,1801.32,31.41,
Norte,E2,17:00:00,1125,0.06,1801.32,31.35,
Norte,E2,17:00:00,1128,0.06,1801.32,31.6,
Norte,E2,17:00:00,1130,0.07,1801.32,31.42,
Norte,E2,17:00:00,1131,0.08,1801.32,31.57,
Norte,E2,17:00:00,1133,0.02,1801.32,32.6,
Norte,E2,17:00:00,1134,0.13,1801.35,32.68,
Norte,E2,17:00:00,1135,0.09,1801.32,32.78,
Norte,E2,17:00:00,1137,0.12,1801.35,32.62,
Norte,E2,17:00:00,1139,0.08,1801.35,32.6,
Norte,E2,17:00:00,1140,0.03,1801.35,32.65,
Norte,E2,17:00:00,1141,0.05,1801.32,31.58,
Norte,E2,17:00:00,1142,0.02,1801.34,31.54,
Norte,E2,17:00:00,1143,0.08,1801.34,32.39,
Norte,E2,17:00:00,1144,0.07,1801.32,32.55,
Norte,E2,17:00:00,1145,0.03,1801.34,32.48,
Norte,E2,17:00:00,1147,0.0,1801.33,32.63,
Norte,E2,17:00:00,1148,0.0,1801.33,32.64,
Norte,E2,17:00:00,1149,0.15,1801.37,31.26,
Norte,E2,17:00:00,1150,0.2,1801.33,31.05,
Norte,E2,17:00:00,1151,0.03,1801.42,27.19,
Norte,E2,17:00:00,1153,0.01,1801.38,28.78,
Norte,E2,17:00:00,1154,0.0,1801.38,29.23,
Norte,E2,17:00:00,1158,0.11,1801.38,29.44,
Norte,E2,17:00:00,1159,0.08,1801.37,31.81,
Norte,E2,17:00:00,1161,0.04,1801.37,30.88,
Norte,E2,17:00:00,1162,0.01,1801.35,32.29,
Norte,E2,17:00:00,1164,0.09,1801.35,32.37,
Norte,E2,17:00:00,1165,0.03,1801.35,32.48,
Norte,E2,17:00:00,1166,0.05,1801.36,32.04,
Norte,E2,17:00:00,1169,0.08,1801.35,32.65,
Norte,E2,17:00:00,1171,0.06,1801.34,32.66,
Norte,E2,17:00:00,1172,0.15,1801.34,33.71,
Norte,E2,17:00:00,1174,0.05,1801.34,33.51,
Norte,E2,17:00:00,1175,0.12,1801.35,32.01,
Norte,E2,17:00:00,1176,0.16,1801.35,33.5,
Norte,E2,17:00:00,1179,0.05,1801.35,33.01,
Norte,E2,17:00:00,1181,0.01,1801.34,33.5,
Norte,E2,17:00:00,1182,0.06,1801.35,32.74,
Norte,E2,17:00:00,1184,0.04,1801.39,24.95,
Norte,E2,17:00:00,1185,0.02,1801.38,26.65,
Norte,E2,17:00:00,1186,0.01,1801.38,25.97,
Norte,E2,17:00:00,1187,0.2,1801.36,25.65,
Norte,E2,17:00:00,1189,0.01,1801.3,25.21,
Norte,E2,17:00:00,1190,0.06,1801.3,26.17,
Norte,E2,17:00:00,1191,0.06,1801.34,29.22,
Norte,E2,17:00:00,1192,0.01,1801.34,27.32,
Norte,E2,17:00:00,1196,0.05,1801.27,27.05,
Norte,E2,17:00:00,1197,0.04,1801.27,27.52,
Norte,E2,17:00:00,1207,0.11,1801.27,25.48,
Norte,E2,17:00:00,1216,0.08,1801.27,19.24,
Norte,E2,17:00:00,1221,0.05,1801.4,19.84,
Norte,E2,17:00:00,1223,0.05,1801.4,19.62,
Norte,E2,17:00:00,1224,0.07,1801.4,23.22,
Norte,E2,17:00:00,1225,0.03,1801.37,24.67,
Norte,E2,17:00:00,1226,0.06,1801.39,23.44,
Norte,E2,17:00:00,1228,0.03,1801.39,22.77,
Norte,E2,17:00:00,1229,0.01,1801.39,22.47,
Norte,E2,17:00:00,1230,0.01,1801.39,22.42,
Norte,E2,17:00:00,1231,0.01,1801.39,22.5,
Norte,E2,17:00:00,1232,0.02,1801.39,21.96,
Norte,E2,17:00:00,1233,0.01,1801.39,21.93,
Norte,E2,17:00:00,1240,0.11,1801.41,21.24,
Norte,E2,17:00:00,1242,0.11,1801.39,22.39,
Norte,E2,17:00:00,1243,0.04,1801.39,23.16,
Norte,E2,17:00:00,1244,0.11,1801.37,24.7,
Norte,E2,17:00:00,1245,0.06,1801.37,25.78,
Norte,E2,17:00:00,1246,0.03,1801.36,25.96,
Norte,E2,17:00:00,1247,0.07,1801.36,25.72,
Norte,E2,17:00:00,1248,0.06,1801.36,25.43,
Norte,E2,17:00:00,1249,0.13,1801.39,23.81,
Norte,E2,17:00:00,1250,0.14,1801.4,22.71,
Norte,E2,17:00:00,1252,0.1,1801.42,21.33,
Norte,E2,17:00:00,1253,0.14,1801.39,23.78,
Norte,E2,17:00:00,1254,0.13,1801.41,22.11,
Norte,E2,17:00:00,1255,0.07,1801.44,21.87,
Norte,E2,17:00:00,1257,0.08,1801.44,21.25,
Norte,E2,17:00:00,1265,0.03,1801.48,20.89,
Norte,E2,17:00:00,1268,0.06,1801.48,20.98,
Norte,E2,17:00:00,1272,0.03,1801.45,21.62,
Norte,E2,17:00:00,1274,0.06,1801.46,21.66,
Norte,E2,17:00:00,1276,0.12,1801.43,22.62,
Norte,E2,17:00:00,1279,0.05,1801.42,23.91,
Norte,E2,17:00:00,1281,0.06,1801.42,24.28,
Norte,E2,17:00:00,1282,0.02,1801.42,25.75,
Norte,E2,17:00:00,1284,0.03,1801.33,31.09,
Norte,E2,17:00:00,1286,0.08,1801.42,22.83,
Norte,E2,17:00:00,1288,0.01,1801.42,24.86,
Norte,E2,17:00:00,1289,0.02,1801.42,23.19,
Norte,E2,17:00:00,1290,0.09,1801.42,23.27,
Norte,E2,17:00:00,1291,0.01,1801.42,21.03,
Norte,E2,17:00:00,1292,0.06,1801.42,21.26,
Norte,E2,17:00:00,1293,0.08,1801.43,21.92,
Norte,E2,17:00:00,1294,0.02,1801.43,21.77,
Norte,E2,17:00:00,1295,0.12,1801.44,20.95,
Norte,E2,17:00:00,1297,0.09,1801.44,20.56,
Norte,E2,17:00:00,1302,0.09,1801.43,20.03,
Norte,E2,17:00:00,1304,0.05,1801.43,20.03,
Norte,E2,17:00:00,1305,0.0,1801.43,20.04,
Norte,E2,17:00:00,1306,0.06,1801.43,20.04,
Norte,E2,17:00:00,1308,0.08,1801.43,20.57,
Norte,E2,17:00:00,1309,0.04,1801.43,28.46,
Norte,E2,17:00:00,1310,0.02,1801.43,24.61,
Norte,E2,17:00:00,1312,0.1,1801.36,29.44,
Norte,E2,17:00:00,1313,0.0,1801.36,29.66,
Norte,E2,17:00:00,1315,0.06,1801.36,29.62,
Norte,E2,17:00:00,1318,0.08,1801.32,29.59,
Norte,E2,17:00:00,1319,0.02,1801.32,29.24,
Norte,E2,17:00:00,1321,0.05,1801.43,21.46,
Norte,E2,17:00:00,1322,0.01,1801.43,22.23,
Norte,E2,17:00:00,1323,0.06,1801.43,22.02,
Norte,E2,17:00:00,1324,0.02,1801.43,20.58,
Norte,E2,17:00:00,1326,0.08,1801.43,20.24,
Norte,E2,17:00:00,1334,0.06,1801.42,22.14,
Norte,E2,17:00:00,1335,0.07,1801.4,22.69,
Norte,E2,17:00:00,1336,0.01,1801.4,21.82,
Norte,E2,17:00:00,1340,0.04,1801.42,29.08,
Norte,E2,17:00:00,5010,0.03,1801.4,25.95,
Norte,E2,17:00:00,5011,0.05,1801.3,26.09,
Norte,E2,17:00:00,5019,0.05,1801.32,32.14,
Norte,E2,17:00:00,5086,0.07,1801.33,32.62,
Norte,E2,17:00:00,5087,0.01,1801.33,32.67,
Norte,E2,17:00:00,5108,0.0,1801.3,26.02,
Norte,E2,17:00:00,5112,0.02,1801.45,21.66,
Norte,E2,17:00:00,5148,0.0,1801.33,32.35,
Norte,E2,17:00:00,5193,0.0,1801.32,31.47,
Norte,E2,17:00:00,5204,0.14,1801.27,25.55,
Norte,E2,17:00:00,5241,0.0,1801.4,19.77,
Norte,E2,17:00:00,5264,0.02,1801.33,32.63,
Norte,E2,17:00:00,5289,0.01,1801.32,29.84,
Norte,E2,17:00:00,5291,0.02,1801.36,29.88,
Norte,E2,17:00:00,5311,0.12,1801.32,32.57,
Norte,E2,17:00:00,5312,0.01,1801.32,32.71,
Norte,E2,17:00:00,5313,0.01,1801.32,32.51,
Norte,E2,17:00:00,5314,0.01,1801.3,25.95,
Norte,E2,17:00:00,5342,0.03,1801.4,25.85,
Norte,E2,17:00:00,5343,0.13,1801.47,20.99,
Norte,E2,17:00:00,5344,0.13,1801.47,25.93,
Norte,E2,17:00:00,5345,0.13,1801.47,26.09,
Norte,E2,17:00:00,5478,0.0,1801.45,21.67,
Norte,E2,17:00:00,5484,0.01,1801.4,19.24,
Norte,E2,17:00:00,5493,0.01,1801.35,30.87,
Norte,E2,17:00:00,5494,0.01,1801.35,30.94,
Norte,E2,17:00:00,5495,0.1,1801.32,32.85,
Norte,E2,17:00:00,5506,0.02,1801.39,22.91,
Norte,E2,17:00:00,5523,0.0,1801.32,29.31,
Norte,E2,17:00:00,5533,0.03,1801.42,20.88,
Norte,E2,17:00:00,5537,0.04,1801.32,29.57,
Norte,E2,17:00:00,5538,0.06,1801.32,29.89,
Norte,E2,17:00:00,5603,0.05,1801.34,31.12,
Norte,E2,17:00:00,5604,0.07,1801.33,30.68,
Norte,E2,17:00:00,5613,0.07,1801.34,32.53,
Norte,E2,17:00:00,5614,0.03,1801.35,32.62,
Norte,E2,17:00:00,5620,0.04,1801.32,32.47,
Norte,E2,17:00:00,5621,0.04,1801.32,32.41,
Norte,E2,17:00:00,5678,0.06,1801.32,30.0,
Norte,E2,17:00:00,5685,0.02,1801.34,25.8,
Norte,E2,17:00:00,5709,0.15,1801.48,21.01,
Norte,E2,17:00:00,5744,0.05,1801.35,32.27,
Norte,E2,17:00:00,5746,0.08,1801.41,24.56,
Norte,E2,17:00:00,5747,0.05,1801.38,26.05,
Norte,E2,17:00:00,5748,0.06,1801.53,21.27,
Norte,E2,17:00:00,5749,0.06,1801.6,21.45,
Norte,E2,17:00:00,5750,0.03,1801.66,21.33,
Norte,E2,17:00:00,5760,0.04,1801.71,21.07,
Norte,E2,17:00:00,5761,0.03,1801.67,21.44,
Norte,E2,17:00:00,5762,0.01,1801.77,20.53,
Norte,E2,17:00:00,5763,0.03,1801.75,20.75,
Norte,E2,17:00:00,10020,0.04,1801.33,33.39,
Norte,E2,17:00:00,10059,0.04,1801.32,29.83,
Norte,E2,17:00:00,10061,0.0,1801.42,20.71,
Norte,E2,17:00:00,10062,0.0,1801.44,20.62,
Norte,E2,17:00:00,10063,0.0,1801.48,20.89,
Norte,E2,17:00:00,10082,0.08,1801.4,20.66,
Norte,E2,18:00:00,346,0.04,1801.37,33.67,
Norte,E2,18:00:00,347,0.07,1801.37,33.85,
Norte,E2,18:00:00,348,0.11,1801.37,33.86,
Norte,E2,18:00:00,349,0.05,1801.37,32.54,
Norte,E2,18:00:00,350,0.02,1801.37,32.53,
Norte,E2,18:00:00,351,0.05,1801.37,34.12,
Norte,E2,18:00:00,352,0.12,1801.37,34.0,
Norte,E2,18:00:00,353,0.07,1801.37,33.91,
Norte,E2,18:00:00,354,0.11,1801.4,32.7,
Norte,E2,18:00:00,355,0.04,1801.4,32.62,
Norte,E2,18:00:00,356,0.08,1801.4,32.66,
Norte,E2,18:00:00,357,0.03,1801.4,32.88,
Norte,E2,18:00:00,358,0.02,1801.4,33.13,
Norte,E2,18:00:00,362,0.08,1801.39,32.69,
Norte,E2,18:00:00,363,0.04,1801.39,32.68,
Norte,E2,18:00:00,364,0.07,1801.39,32.68,
Norte,E2,18:00:00,368,0.03,1801.38,32.71,
Norte,E2,18:00:00,371,0.05,1801.38,32.69,
Norte,E2,18:00:00,400,0.06,1801.38,32.4,
Norte,E2,18:00:00,401,0.05,1801.38,32.42,
Norte,E2,18:00:00,404,0.02,1801.38,32.22,
Norte,E2,18:00:00,405,0.01,1801.38,32.17,
Norte,E2,18:00:00,1049,0.03,1801.37,29.97,
Norte,E2,18:00:00,1051,0.03,1801.37,29.86,
Norte,E2,18:00:00,1053,0.02,1801.37,29.86,
Norte,E2,18:00:00,1059,0.05,1801.37,29.63,
Norte,E2,18:00:00,1063,0.02,1801.37,29.36,
Norte,E2,18:00:00,1077,0.02,1801.38,29.83,
Norte,E2,18:00:00,1089,0.03,1801.37,29.98,
Norte,E2,18:00:00,1093,0.07,1801.37,29.53,
Norte,E2,18:00:00,1094,0.02,1801.37,29.29,
Norte,E2,18:00:00,1095,0.02,1801.37,29.78,
Norte,E2,18:00:00,1100,0.04,1801.38,30.4,
Norte,E2,18:00:00,1102,0.07,1801.38,30.35,
Norte,E2,18:00:00,1103,0.01,1801.38,31.33,
Norte,E2,18:00:00,1104,0.07,1801.37,30.37,
Norte,E2,18:00:00,1106,0.08,1801.37,30.31,
Norte,E2,18:00:00,1107,0.04,1801.38,30.58,
Norte,E2,18:00:00,1109,0.01,1801.38,30.57,
Norte,E2,18:00:00,1110,0.01,1801.38,30.21,
Norte,E2,18:00:00,1112,0.02,1801.38,30.23,
Norte,E2,18:00:00,1113,0.04,1801.38,29.97,
Norte,E2,18:00:00,1115,0.08,1801.38,29.96,
Norte,E2,18:00:00,1117,0.08,1801.38,30.01,
Norte,E2,18:00:00,1119,0.1,1801.38,30.6,
Norte,E2,18:00:00,1120,0.07,1801.38,30.17,
Norte,E2,18:00:00,1122,0.05,1801.38,31.47,
Norte,E2,18:00:00,1125,0.06,1801.38,31.41,
Norte,E2,18:00:00,1128,0.06,1801.38,31.66,
Norte,E2,18:00:00,1130,0.07,1801.38,31.48,
Norte,E2,18:00:00,1131,0.07,1801.38,31.63,
Norte,E2,18:00:00,1133,0.02,1801.38,32.66,
Norte,E2,18:00:00,1134,0.12,1801.4,32.73,
Norte,E2,18:00:00,1135,0.09,1801.38,32.84,
Norte,E2,18:00:00,1137,0.11,1801.4,32.67,
Norte,E2,18:00:00,1139,0.07,1801.4,32.65,
Norte,E2,18:00:00,1140,0.03,1801.4,32.7,
Norte,E2,18:00:00,1141,0.05,1801.37,31.63,
Norte,E2,18:00:00,1142,0.02,1801.39,31.59,
Norte,E2,18:00:00,1143,0.07,1801.39,32.44,
Norte,E2,18:00:00,1144,0.07,1801.38,32.61,
Norte,E2,18:00:00,1145,0.03,1801.39,32.53,
Norte,E2,18:00:00,1147,0.0,1801.38,32.68,
Norte,E2,18:00:00,1148,0.0,1801.39,32.7,
Norte,E2,18:00:00,1149,0.14,1801.42,31.31,
Norte,E2,18:00:00,1150,0.19,1801.39,31.11,
Norte,E2,18:00:00,1151,0.03,1801.46,27.23,
Norte,E2,18:00:00,1153,0.01,1801.43,28.83,
Norte,E2,18:00:00,1154,0.0,1801.43,29.28,
Norte,E2,18:00:00,1158,0.1,1801.43,29.49,
Norte,E2,18:00:00,1159,0.07,1801.42,31.86,
Norte,E2,18:00:00,1161,0.03,1801.42,30.93,
Norte,E2,18:00:00,1162,0.01,1801.41,32.35,
Norte,E2,18:00:00,1164,0.09,1801.4,32.42,
Norte,E2,18:00:00,1165,0.03,1801.41,32.54,
Norte,E2,18:00:00,1166,0.05,1801.41,32.09,
Norte,E2,18:00:00,1169,0.08,1801.4,32.7,
Norte,E2,18:00:00,1171,0.06,1801.39,32.71,
Norte,E2,18:00:00,1172,0.14,1801.39,33.76,
Norte,E2,18:00:00,1174,0.05,1801.39,33.56,
Norte,E2,18:00:00,1175,0.11,1801.4,32.06,
Norte,E2,18:00:00,1176,0.15,1801.4,33.55,
Norte,E2,18:00:00,1179,0.05,1801.4,33.06,
Norte,E2,18:00:00,1181,0.01,1801.39,33.55,
Norte,E2,18:00:00,1182,0.05,1801.4,32.79,
Norte,E2,18:00:00,1184,0.03,1801.43,24.99,
Norte,E2,18:00:00,1185,0.02,1801.43,26.7,
Norte,E2,18:00:00,1186,0.01,1801.43,26.02,
Norte,E2,18:00:00,1187,0.19,1801.41,25.7,
Norte,E2,18:00:00,1189,0.01,1801.36,25.27,
Norte,E2,18:00:00,1190,0.06,1801.36,26.23,
Norte,E2,18:00:00,1191,0.06,1801.4,29.28,
Norte,E2,18:00:00,1192,0.01,1801.4,27.38,
Norte,E2,18:00:00,1196,0.05,1801.33,27.11,
Norte,E2,18:00:00,1197,0.04,1801.33,27.58,
Norte,E2,18:00:00,1207,0.1,1801.33,25.54,
Norte,E2,18:00:00,1216,0.08,1801.33,19.3,
Norte,E2,18:00:00,1221,0.04,1801.44,19.88,
Norte,E2,18:00:00,1223,0.04,1801.44,19.66,
Norte,E2,18:00:00,1224,0.06,1801.44,23.26,
Norte,E2,18:00:00,1225,0.03,1801.42,24.72,
Norte,E2,18:00:00,1226,0.06,1801.44,23.49,
Norte,E2,18:00:00,1228,0.03,1801.44,22.82,
Norte,E2,18:00:00,1229,0.01,1801.44,22.52,
Norte,E2,18:00:00,1230,0.01,1801.44,22.47,
Norte,E2,18:00:00,1231,0.01,1801.44,22.55,
Norte,E2,18:00:00,1232,0.02,1801.44,22.01,
Norte,E2,18:00:00,1233,0.01,1801.44,21.98,
Norte,E2,18:00:00,1240,0.1,1801.45,21.28,
Norte,E2,18:00:00,1242,0.1,1801.44,22.44,
Norte,E2,18:00:00,1243,0.04,1801.44,23.21,
Norte,E2,18:00:00,1244,0.1,1801.42,24.75,
Norte,E2,18:00:00,1245,0.05,1801.42,25.83,
Norte,E2,18:00:00,1246,0.03,1801.41,26.01,
Norte,E2,18:00:00,1247,0.06,1801.41,25.77,
Norte,E2,18:00:00,1248,0.06,1801.41,25.48,
Norte,E2,18:00:00,1249,0.12,1801.43,23.85,
Norte,E2,18:00:00,1250,0.13,1801.45,22.76,
Norte,E2,18:00:00,1252,0.1,1801.46,21.37,
Norte,E2,18:00:00,1253,0.13,1801.43,23.82,
Norte,E2,18:00:00,1254,0.12,1801.46,22.16,
Norte,E2,18:00:00,1255,0.07,1801.48,21.91,
Norte,E2,18:00:00,1257,0.07,1801.48,21.29,
Norte,E2,18:00:00,1265,0.03,1801.52,20.93,
Norte,E2,18:00:00,1268,0.06,1801.51,21.01,
Norte,E2,18:00:00,1272,0.03,1801.49,21.66,
Norte,E2,18:00:00,1274,0.05,1801.49,21.69,
Norte,E2,18:00:00,1276,0.11,1801.47,22.66,
Norte,E2,18:00:00,1279,0.05,1801.46,23.95,
Norte,E2,18:00:00,1281,0.06,1801.46,24.32,
Norte,E2,18:00:00,1282,0.02,1801.46,25.79,
Norte,E2,18:00:00,1284,0.03,1801.39,31.15,
Norte,E2,18:00:00,1286,0.07,1801.47,22.88,
Norte,E2,18:00:00,1288,0.01,1801.47,24.91,
Norte,E2,18:00:00,1289,0.02,1801.47,23.24,
Norte,E2,18:00:00,1290,0.09,1801.47,23.32,
Norte,E2,18:00:00,1291,0.01,1801.47,21.08,
Norte,E2,18:00:00,1292,0.06,1801.47,21.31,
Norte,E2,18:00:00,1293,0.07,1801.47,21.96,
Norte,E2,18:00:00,1294,0.02,1801.47,21.81,
Norte,E2,18:00:00,1295,0.12,1801.48,20.99,
Norte,E2,18:00:00,1297,0.08,1801.49,20.61,
Norte,E2,18:00:00,1302,0.08,1801.48,20.08,
Norte,E2,18:00:00,1304,0.05,1801.48,20.08,
Norte,E2,18:00:00,1305,0.0,1801.48,20.09,
Norte,E2,18:00:00,1306,0.06,1801.48,20.09,
Norte,E2,18:00:00,1308,0.07,1801.47,20.61,
Norte,E2,18:00:00,1309,0.04,1801.47,28.5,
Norte,E2,18:00:00,1310,0.02,1801.47,24.65,
Norte,E2,18:00:00,1312,0.09,1801.41,29.49,
Norte,E2,18:00:00,1313,0.0,1801.41,29.71,
Norte,E2,18:00:00,1315,0.06,1801.41,29.67,
Norte,E2,18:00:00,1318,0.07,1801.37,29.64,
Norte,E2,18:00:00,1319,0.01,1801.37,29.29,
Norte,E2,18:00:00,1321,0.04,1801.47,21.5,
Norte,E2,18:00:00,1322,0.0,1801.47,22.27,
Norte,E2,18:00:00,1323,0.05,1801.47,22.06,
Norte,E2,18:00:00,1324,0.02,1801.48,20.63,
Norte,E2,18:00:00,1326,0.08,1801.47,20.28,
Norte,E2,18:00:00,1334,0.06,1801.46,22.18,
Norte,E2,18:00:00,1335,0.06,1801.45,22.74,
Norte,E2,18:00:00,1336,0.01,1801.45,21.87,
Norte,E2,18:00:00,1340,0.04,1801.46,29.12,
Norte,E2,18:00:00,5010,0.03,1801.44,25.99,
Norte,E2,18:00:00,5011,0.05,1801.36,26.15,
Norte,E2,18:00:00,5019,0.05,1801.37,32.19,
Norte,E2,18:00:00,5086,0.06,1801.38,32.67,
Norte,E2,18:00:00,5087,0.01,1801.39,32.73,
Norte,E2,18:00:00,5108,0.0,1801.36,26.08,
Norte,E2,18:00:00,5112,0.02,1801.49,21.7,
Norte,E2,18:00:00,5148,0.0,1801.38,32.4,
Norte,E2,18:00:00,5193,0.0,1801.38,31.53,
Norte,E2,18:00:00,5204,0.13,1801.33,25.61,
Norte,E2,18:00:00,5241,0.0,1801.44,19.81,
Norte,E2,18:00:00,5264,0.02,1801.39,32.69,
Norte,E2,18:00:00,5289,0.01,1801.37,29.89,
Norte,E2,18:00:00,5291,0.02,1801.41,29.93,
Norte,E2,18:00:00,5311,0.11,1801.38,32.63,
Norte,E2,18:00:00,5312,0.0,1801.38,32.77,
Norte,E2,18:00:00,5313,0.01,1801.38,32.57,
Norte,E2,18:00:00,5314,0.01,1801.36,26.01,
Norte,E2,18:00:00,5342,0.03,1801.45,25.9,
Norte,E2,18:00:00,5343,0.12,1801.51,21.03,
Norte,E2,18:00:00,5344,0.12,1801.5,25.96,
Norte,E2,18:00:00,5345,0.12,1801.5,26.12,
Norte,E2,18:00:00,5478,0.0,1801.49,21.71,
Norte,E2,18:00:00,5484,0.01,1801.44,19.28,
Norte,E2,18:00:00,5493,0.01,1801.4,30.92,
Norte,E2,18:00:00,5494,0.01,1801.4,30.99,
Norte,E2,18:00:00,5495,0.09,1801.38,32.91,
Norte,E2,18:00:00,5506,0.01,1801.44,22.96,
Norte,E2,18:00:00,5523,0.0,1801.38,29.37,
Norte,E2,18:00:00,5533,0.03,1801.47,20.93,
Norte,E2,18:00:00,5537,0.03,1801.38,29.63,
Norte,E2,18:00:00,5538,0.06,1801.38,29.95,
Norte,E2,18:00:00,5603,0.04,1801.39,31.17,
Norte,E2,18:00:00,5604,0.06,1801.38,30.73,
Norte,E2,18:00:00,5613,0.06,1801.39,32.58,
Norte,E2,18:00:00,5614,0.02,1801.4,32.67,
Norte,E2,18:00:00,5620,0.04,1801.37,32.52,
Norte,E2,18:00:00,5621,0.03,1801.37,32.46,
Norte,E2,18:00:00,5678,0.05,1801.38,30.05,
Norte,E2,18:00:00,5685,0.02,1801.4,25.86,
Norte,E2,18:00:00,5709,0.14,1801.51,21.04,
Norte,E2,18:00:00,5744,0.05,1801.4,32.32,
Norte,E2,18:00:00,5746,0.07,1801.45,24.6,
Norte,E2,18:00:00,5747,0.04,1801.43,26.1,
Norte,E2,18:00:00,5748,0.05,1801.56,21.3,
Norte,E2,18:00:00,5749,0.05,1801.62,21.47,
Norte,E2,18:00:00,5750,0.03,1801.67,21.34,
Norte,E2,18:00:00,5760,0.04,1801.72,21.08,
Norte,E2,18:00:00,5761,0.03,1801.68,21.45,
Norte,E2,18:00:00,5762,0.01,1801.77,20.53,
Norte,E2,18:00:00,5763,0.03,1801.76,20.76,
Norte,E2,18:00:00,10020,0.04,1801.39,33.45,
Norte,E2,18:00:00,10059,0.04,1801.37,29.88,
Norte,E2,18:00:00,10061,0.0,1801.47,20.76,
Norte,E2,18:00:00,10062,0.0,1801.49,20.67,
Norte,E2,18:00:00,10063,0.0,1801.52,20.93,
Norte,E2,18:00:00,10082,0.08,1801.45,20.71,
Norte,E2,19:00:00,346,0.04,1801.37,33.67,
Norte,E2,19:00:00,347,0.07,1801.37,33.85,
Norte,E2,19:00:00,348,0.11,1801.37,33.86,
Norte,E2,19:00:00,349,0.05,1801.37,32.54,
Norte,E2,19:00:00,350,0.02,1801.37,32.53,
Norte,E2,19:00:00,351,0.05,1801.37,34.12,
Norte,E2,19:00:00,352,0.12,1801.37,34.0,
Norte,E2,19:00:00,353,0.07,1801.37,33.91,
Norte,E2,19:00:00,354,0.11,1801.4,32.7,
Norte,E2,19:00:00,355,0.04,1801.4,32.62,
Norte,E2,19:00:00,356,0.08,1801.4,32.66,
Norte,E2,19:00:00,357,0.03,1801.4,32.88,
Norte,E2,19:00:00,358,0.02,1801.4,33.13,
Norte,E2,19:00:00,362,0.08,1801.39,32.69,
Norte,E2,19:00:00,363,0.04,1801.39,32.68,
Norte,E2,19:00:00,364,0.07,1801.39,32.68,
Norte,E2,19:00:00,368,0.03,1801.38,32.71,
Norte,E2,19:00:00,371,0.05,1801.38,32.69,
Norte,E2,19:00:00,400,0.06,1801.38,32.4,
Norte,E2,19:00:00,401,0.05,1801.38,32.42,
Norte,E2,19:00:00,404,0.02,1801.38,32.22,
Norte,E2,19:00:00,405,0.01,1801.38,32.17,
Norte,E2,19:00:00,1049,0.03,1801.37,29.97,
Norte,E2,19:00:00,1051,0.03,1801.37,29.86,
Norte,E2,19:00:00,1053,0.02,1801.37,29.86,
Norte,E2,19:00:00,1059,0.05,1801.37,29.63,
Norte,E2,19:00:00,1063,0.02,1801.37,29.36,
Norte,E2,19:00:00,1077,0.02,1801.38,29.83,
Norte,E2,19:00:00,1089,0.03,1801.37,29.98,
Norte,E2,19:00:00,1093,0.07,1801.37,29.53,
Norte,E2,19:00:00,1094,0.02,1801.37,29.29,
Norte,E2,19:00:00,1095,0.02,1801.37,29.78,
Norte,E2,19:00:00,1100,0.04,1801.38,30.4,
Norte,E2,19:00:00,1102,0.07,1801.38,30.35,
Norte,E2,19:00:00,1103,0.01,1801.38,31.33,
Norte,E2,19:00:00,1104,0.07,1801.37,30.37,
Norte,E2,19:00:00,1106,0.08,1801.37,30.31,
Norte,E2,19:00:00,1107,0.04,1801.38,30.58,
Norte,E2,19:00:00,1109,0.01,1801.38,30.57,
Norte,E2,19:00:00,1110,0.01,1801.38,30.21,
Norte,E2,19:00:00,1112,0.02,1801.38,30.23,
Norte,E2,19:00:00,1113,0.04,1801.38,29.97,
Norte,E2,19:00:00,1115,0.08,1801.38,29.96,
Norte,E2,19:00:00,1117,0.08,1801.38,30.01,
Norte,E2,19:00:00,1119,0.1,1801.38,30.6,
Norte,E2,19:00:00,1120,0.07,1801.38,30.17,
Norte,E2,19:00:00,1122,0.05,1801.38,31.47,
Norte,E2,19:00:00,1125,0.06,1801.38,31.41,
Norte,E2,19:00:00,1128,0.06,1801.38,31.66,
Norte,E2,19:00:00,1130,0.07,1801.38,31.48,
Norte,E2,19:00:00,1131,0.07,1801.38,31.63,
Norte,E2,19:00:00,1133,0.02,1801.38,32.66,
Norte,E2,19:00:00,1134,0.12,1801.4,32.73,
Norte,E2,19:00:00,1135,0.09,1801.38,32.84,
Norte,E2,19:00:00,1137,0.11,1801.4,32.67,
Norte,E2,19:00:00,1139,0.07,1801.4,32.65,
Norte,E2,19:00:00,1140,0.03,1801.4,32.7,
Norte,E2,19:00:00,1141,0.05,1801.37,31.63,
Norte,E2,19:00:00,1142,0.02,1801.39,31.59,
Norte,E2,19:00:00,1143,0.07,1801.39,32.44,
Norte,E2,19:00:00,1144,0.07,1801.38,32.61,
Norte,E2,19:00:00,1145,0.03,1801.39,32.53,
Norte,E2,19:00:00,1147,0.0,1801.38,32.68,
Norte,E2,19:00:00,1148,0.0,1801.39,32.7,
Norte,E2,19:00:00,1149,0.14,1801.42,31.31,
Norte,E2,19:00:00,1150,0.19,1801.39,31.11,
Norte,E2,19:00:00,1151,0.03,1801.46,27.23,
Norte,E2,19:00:00,1153,0.01,1801.43,28.83,
Norte,E2,19:00:00,1154,0.0,1801.43,29.28,
Norte,E2,19:00:00,1158,0.1,1801.43,29.49,
Norte,E2,19:00:00,1159,0.07,1801.42,31.86,
Norte,E2,19:00:00,1161,0.03,1801.42,30.93,
Norte,E2,19:00:00,1162,0.01,1801.41,32.35,
Norte,E2,19:00:00,1164,0.09,1801.4,32.42,
Norte,E2,19:00:00,1165,0.03,1801.41,32.54,
Norte,E2,19:00:00,1166,0.05,1801.41,32.09,
Norte,E2,19:00:00,1169,0.08,1801.4,32.7,
Norte,E2,19:00:00,1171,0.06,1801.39,32.71,
Norte,E2,19:00:00,1172,0.14,1801.39,33.76,
Norte,E2,19:00:00,1174,0.05,1801.39,33.56,
Norte,E2,19:00:00,1175,0.11,1801.4,32.06,
Norte,E2,19:00:00,1176,0.15,1801.4,33.55,
Norte,E2,19:00:00,1179,0.05,1801.4,33.06,
Norte,E2,19:00:00,1181,0.01,1801.39,33.55,
Norte,E2,19:00:00,1182,0.05,1801.4,32.79,
Norte,E2,19:00:00,1184,0.03,1801.43,24.99,
Norte,E2,19:00:00,1185,0.02,1801.43,26.7,
Norte,E2,19:00:00,1186,0.01,1801.43,26.02,
Norte,E2,19:00:00,1187,0.19,1801.41,25.7,
Norte,E2,19:00:00,1189,0.01,1801.36,25.27,
Norte,E2,19:00:00,1190,0.06,1801.36,26.23,
Norte,E2,19:00:00,1191,0.06,1801.4,29.28,
Norte,E2,19:00:00,1192,0.01,1801.4,27.38,
Norte,E2,19:00:00,1196,0.05,1801.33,27.11,
Norte,E2,19:00:00,1197,0.04,1801.33,27.58,
Norte,E2,19:00:00,1207,0.1,1801.33,25.54,
Norte,E2,19:00:00,1216,0.08,1801.33,19.3,
Norte,E2,19:00:00,1221,0.04,1801.44,19.88,
Norte,E2,19:00:00,1223,0.04,1801.44,19.66,
Norte,E2,19:00:00,1224,0.06,1801.44,23.26,
Norte,E2,19:00:00,1225,0.03,1801.42,24.72,
Norte,E2,19:00:00,1226,0.06,1801.44,23.49,
Norte,E2,19:00:00,1228,0.03,1801.44,22.82,
Norte,E2,19:00:00,1229,0.01,1801.44,22.52,
Norte,E2,19:00:00,1230,0.01,1801.44,22.47,
Norte,E2,19:00:00,1231,0.01,1801.44,22.55,
Norte,E2,19:00:00,1232,0.02,1801.44,22.01,
Norte,E2,19:00:00,1233,0.01,1801.44,21.98,
Norte,E2,19:00:00,1240,0.1,1801.45,21.28,
Norte,E2,19:00:00,1242,0.1,1801.44,22.44,
Norte,E2,19:00:00,1243,0.04,1801.44,23.21,
Norte,E2,19:00:00,1244,0.1,1801.42,24.75,
Norte,E2,19:00:00,1245,0.05,1801.42,25.83,
Norte,E2,19:00:00,1246,0.03,1801.41,26.01,
Norte,E2,19:00:00,1247,0.06,1801.41,25.77,
Norte,E2,19:00:00,1248,0.06,1801.41,25.48,
Norte,E2,19:00:00,1249,0.12,1801.43,23.85,
Norte,E2,19:00:00,1250,0.13,1801.45,22.76,
Norte,E2,19:00:00,1252,0.1,1801.46,21.37,
Norte,E2,19:00:00,1253,0.13,1801.43,23.82,
Norte,E2,19:00:00,1254,0.12,1801.46,22.16,
Norte,E2,19:00:00,1255,0.07,1801.48,21.91,
Norte,E2,19:00:00,1257,0.07,1801.48,21.29,
Norte,E2,19:00:00,1265,0.03,1801.52,20.93,
Norte,E2,19:00:00,1268,0.06,1801.51,21.01,
Norte,E2,19:00:00,1272,0.03,1801.49,21.66,
Norte,E2,19:00:00,1274,0.05,1801.49,21.69,
Norte,E2,19:00:00,1276,0.11,1801.47,22.66,
Norte,E2,19:00:00,1279,0.05,1801.46,23.95,
Norte,E2,19:00:00,1281,0.06,1801.46,24.32,
Norte,E2,19:00:00,1282,0.02,1801.46,25.79,
Norte,E2,19:00:00,1284,0.03,1801.39,31.15,
Norte,E2,19:00:00,1286,0.07,1801.47,22.88,
Norte,E2,19:00:00,1288,0.01,1801.47,24.91,
Norte,E2,19:00:00,1289,0.02,1801.47,23.24,
Norte,E2,19:00:00,1290,0.09,1801.47,23.32,
Norte,E2,19:00:00,1291,0.01,1801.47,21.08,
Norte,E2,19:00:00,1292,0.06,1801.47,21.31,
Norte,E2,19:00:00,1293,0.07,1801.47,21.96,
Norte,E2,19:00:00,1294,0.02,1801.47,21.81,
Norte,E2,19:00:00,1295,0.12,1801.48,20.99,
Norte,E2,19:00:00,1297,0.08,1801.49,20.61,
Norte,E2,19:00:00,1302,0.08,1801.48,20.08,
Norte,E2,19:00:00,1304,0.05,1801.48,20.08,
Norte,E2,19:00:00,1305,0.0,1801.48,20.09,
Norte,E2,19:00:00,1306,0.06,1801.48,20.09,
Norte,E2,19:00:00,1308,0.07,1801.47,20.61,
Norte,E2,19:00:00,1309,0.04,1801.47,28.5,
Norte,E2,19:00:00,1310,0.02,1801.47,24.65,
Norte,E2,19:00:00,1312,0.09,1801.41,29.49,
Norte,E2,19:00:00,1313,0.0,1801.41,29.71,
Norte,E2,19:00:00,1315,0.06,1801.41,29.67,
Norte,E2,19:00:00,1318,0.07,1801.37,29.64,
Norte,E2,19:00:00,1319,0.01,1801.37,29.29,
Norte,E2,19:00:00,1321,0.04,1801.47,21.5,
Norte,E2,19:00:00,1322,0.0,1801.47,22.27,
Norte,E2,19:00:00,1323,0.05,1801.47,22.06,
Norte,E2,19:00:00,1324,0.02,1801.48,20.63,
Norte,E2,19:00:00,1326,0.08,1801.47,20.28,
Norte,E2,19:00:00,1334,0.06,1801.46,22.18,
Norte,E2,19:00:00,1335,0.06,1801.45,22.74,
Norte,E2,19:00:00,1336,0.01,1801.45,21.87,
Norte,E2,19:00:00,1340,0.04,1801.46,29.12,
Norte,E2,19:00:00,5010,0.03,1801.44,25.99,
Norte,E2,19:00:00,5011,0.05,1801.36,26.15,
Norte,E2,19:00:00,5019,0.05,1801.37,32.19,
Norte,E2,19:00:00,5086,0.06,1801.38,32.67,
Norte,E2,19:00:00,5087,0.01,1801.39,32.73,
Norte,E2,19:00:00,5108,0.0,1801.36,26.08,
Norte,E2,19:00:00,5112,0.02,1801.49,21.7,
Norte,E2,19:00:00,5148,0.0,1801.38,32.4,
Norte,E2,19:00:00,5193,0.0,1801.38,31.53,
Norte,E2,19:00:00,5204,0.13,1801.33,25.61,
Norte,E2,19:00:00,5241,0.0,1801.44,19.81,
Norte,E2,19:00:00,5264,0.02,1801.39,32.69,
Norte,E2,19:00:00,5289,0.01,1801.37,29.89,
Norte,E2,19:00:00,5291,0.02,1801.41,29.93,
Norte,E2,19:00:00,5311,0.11,1801.38,32.63,
Norte,E2,19:00:00,5312,0.0,1801.38,32.77,
Norte,E2,19:00:00,5313,0.01,1801.38,32.57,
Norte,E2,19:00:00,5314,0.01,1801.36,26.01,
Norte,E2,19:00:00,5342,0.03,1801.45,25.9,
Norte,E2,19:00:00,5343,0.12,1801.51,21.03,
Norte,E2,19:00:00,5344,0.12,1801.5,25.96,
Norte,E2,19:00:00,5345,0.12,1801.5,26.12,
Norte,E2,19:00:00,5478,0.0,1801.49,21.71,
Norte,E2,19:00:00,5484,0.01,1801.44,19.28,
Norte,E2,19:00:00,5493,0.01,1801.4,30.92,
Norte,E2,19:00:00,5494,0.01,1801.4,30.99,
Norte,E2,19:00:00,5495,0.09,1801.38,32.91,
Norte,E2,19:00:00,5506,0.01,1801.44,22.96,
Norte,E2,19:00:00,5523,0.0,1801.38,29.37,
Norte,E2,19:00:00,5533,0.03,1801.47,20.93,
Norte,E2,19:00:00,5537,0.03,1801.38,29.63,
Norte,E2,19:00:00,5538,0.06,1801.38,29.95,
Norte,E2,19:00:00,5603,0.04,1801.39,31.17,
Norte,E2,19:00:00,5604,0.06,1801.38,30.73,
Norte,E2,19:00:00,5613,0.06,1801.39,32.58,
Norte,E2,19:00:00,5614,0.02,1801.4,32.67,
Norte,E2,19:00:00,5620,0.04,1801.37,32.52,
Norte,E2,19:00:00,5621,0.03,1801.37,32.46,
Norte,E2,19:00:00,5678,0.05,1801.38,30.05,
Norte,E2,19:00:00,5685,0.02,1801.4,25.86,
Norte,E2,19:00:00,5709,0.14,1801.51,21.04,
Norte,E2,19:00:00,5744,0.05,1801.4,32.32,
Norte,E2,19:00:00,5746,0.07,1801.45,24.6,
Norte,E2,19:00:00,5747,0.04,1801.43,26.1,
Norte,E2,19:00:00,5748,0.05,1801.56,21.3,
Norte,E2,19:00:00,5749,0.05,1801.62,21.47,
Norte,E2,19:00:00,5750,0.03,1801.67,21.34,
Norte,E2,19:00:00,5760,0.04,1801.72,21.08,
Norte,E2,19:00:00,5761,0.03,1801.68,21.45,
Norte,E2,19:00:00,5762,0.01,1801.77,20.53,
Norte,E2,19:00:00,5763,0.03,1801.76,20.76,
Norte,E2,19:00:00,10020,0.04,1801.39,33.45,
Norte,E2,19:00:00,10059,0.04,1801.37,29.88,
Norte,E2,19:00:00,10061,0.0,1801.47,20.76,
Norte,E2,19:00:00,10062,0.0,1801.49,20.67,
Norte,E2,19:00:00,10063,0.0,1801.52,20.93,
Norte,E2,19:00:00,10082,0.08,1801.45,20.71,
Norte,E2,20:00:00,346,0.04,1801.37,33.67,
Norte,E2,20:00:00,347,0.07,1801.37,33.85,
Norte,E2,20:00:00,348,0.11,1801.37,33.86,
Norte,E2,20:00:00,349,0.05,1801.37,32.54,
Norte,E2,20:00:00,350,0.02,1801.37,32.53,
Norte,E2,20:00:00,351,0.05,1801.37,34.12,
Norte,E2,20:00:00,352,0.12,1801.37,34.0,
Norte,E2,20:00:00,353,0.07,1801.37,33.91,
Norte,E2,20:00:00,354,0.11,1801.4,32.7,
Norte,E2,20:00:00,355,0.04,1801.4,32.62,
Norte,E2,20:00:00,356,0.08,1801.4,32.66,
Norte,E2,20:00:00,357,0.03,1801.4,32.88,
Norte,E2,20:00:00,358,0.02,1801.4,33.13,
Norte,E2,20:00:00,362,0.08,1801.39,32.69,
Norte,E2,20:00:00,363,0.04,1801.39,32.68,
Norte,E2,20:00:00,364,0.07,1801.39,32.68,
Norte,E2,20:00:00,368,0.03,1801.38,32.71,
Norte,E2,20:00:00,371,0.05,1801.38,32.69,
Norte,E2,20:00:00,400,0.06,1801.38,32.4,
Norte,E2,20:00:00,401,0.05,1801.38,32.42,
Norte,E2,20:00:00,404,0.02,1801.38,32.22,
Norte,E2,20:00:00,405,0.01,1801.38,32.17,
Norte,E2,20:00:00,1049,0.03,1801.37,29.97,
Norte,E2,20:00:00,1051,0.03,1801.37,29.86,
Norte,E2,20:00:00,1053,0.02,1801.37,29.86,
Norte,E2,20:00:00,1059,0.05,1801.37,29.63,
Norte,E2,20:00:00,1063,0.02,1801.37,29.36,
Norte,E2,20:00:00,1077,0.02,1801.38,29.83,
Norte,E2,20:00:00,1089,0.03,1801.37,29.98,
Norte,E2,20:00:00,1093,0.07,1801.37,29.53,
Norte,E2,20:00:00,1094,0.02,1801.37,29.29,
Norte,E2,20:00:00,1095,0.02,1801.37,29.78,
Norte,E2,20:00:00,1100,0.04,1801.38,30.4,
Norte,E2,20:00:00,1102,0.07,1801.38,30.35,
Norte,E2,20:00:00,1103,0.01,1801.38,31.33,
Norte,E2,20:00:00,1104,0.07,1801.37,30.37,
Norte,E2,20:00:00,1106,0.08,1801.37,30.31,
Norte,E2,20:00:00,1107,0.04,1801.38,30.58,
Norte,E2,20:00:00,1109,0.01,1801.38,30.57,
Norte,E2,20:00:00,1110,0.01,1801.38,30.21,
Norte,E2,20:00:00,1112,0.02,1801.38,30.23,
Norte,E2,20:00:00,1113,0.04,1801.38,29.97,
Norte,E2,20:00:00,1115,0.08,1801.38,29.96,
Norte,E2,20:00:00,1117,0.08,1801.38,30.01,
Norte,E2,20:00:00,1119,0.1,1801.38,30.6,
Norte,E2,20:00:00,1120,0.07,1801.38,30.17,
Norte,E2,20:00:00,1122,0.05,1801.38,31.47,
Norte,E2,20:00:00,1125,0.06,1801.38,31.41,
Norte,E2,20:00:00,1128,0.06,1801.38,31.66,
Norte,E2,20:00:00,1130,0.07,1801.38,31.48,
Norte,E2,20:00:00,1131,0.07,1801.38,31.63,
Norte,E2,20:00:00,1133,0.02,1801.38,32.66,
Norte,E2,20:00:00,1134,0.12,1801.4,32.73,
Norte,E2,20:00:00,1135,0.09,1801.38,32.84,
Norte,E2,20:00:00,1137,0.11,1801.4,32.67,
Norte,E2,20:00:00,1139,0.07,1801.4,32.65,
Norte,E2,20:00:00,1140,0.03,1801.4,32.7,
Norte,E2,20:00:00,1141,0.05,1801.37,31.63,
Norte,E2,20:00:00,1142,0.02,1801.39,31.59,
Norte,E2,20:00:00,1143,0.07,1801.39,32.44,
Norte,E2,20:00:00,1144,0.07,1801.38,32.61,
Norte,E2,20:00:00,1145,0.03,1801.39,32.53,
Norte,E2,20:00:00,1147,0.0,1801.38,32.68,
Norte,E2,20:00:00,1148,0.0,1801.39,32.7,
Norte,E2,20:00:00,1149,0.14,1801.42,31.31,
Norte,E2,20:00:00,1150,0.19,1801.39,31.11,
Norte,E2,20:00:00,1151,0.03,1801.46,27.23,
Norte,E2,20:00:00,1153,0.01,1801.43,28.83,
Norte,E2,20:00:00,1154,0.0,1801.43,29.28,
Norte,E2,20:00:00,1158,0.1,1801.43,29.49,
Norte,E2,20:00:00,1159,0.07,1801.42,31.86,
Norte,E2,20:00:00,1161,0.03,1801.42,30.93,
Norte,E2,20:00:00,1162,0.01,1801.41,32.35,
Norte,E2,20:00:00,1164,0.09,1801.4,32.42,
Norte,E2,20:00:00,1165,0.03,1801.41,32.54,
Norte,E2,20:00:00,1166,0.05,1801.41,32.09,
Norte,E2,20:00:00,1169,0.08,1801.4,32.7,
Norte,E2,20:00:00,1171,0.06,1801.39,32.71,
Norte,E2,20:00:00,1172,0.14,1801.39,33.76,
Norte,E2,20:00:00,1174,0.05,1801.39,33.56,
Norte,E2,20:00:00,1175,0.11,1801.4,32.06,
Norte,E2,20:00:00,1176,0.15,1801.4,33.55,
Norte,E2,20:00:00,1179,0.05,1801.4,33.06,
Norte,E2,20:00:00,1181,0.01,1801.39,33.55,
Norte,E2,20:00:00,1182,0.05,1801.4,32.79,
Norte,E2,20:00:00,1184,0.03,1801.43,24.99,
Norte,E2,20:00:00,1185,0.02,1801.43,26.7,
Norte,E2,20:00:00,1186,0.01,1801.43,26.02,
Norte,E2,20:00:00,1187,0.19,1801.41,25.7,
Norte,E2,20:00:00,1189,0.01,1801.36,25.27,
Norte,E2,20:00:00,1190,0.06,1801.36,26.23,
Norte,E2,20:00:00,1191,0.06,1801.4,29.28,
Norte,E2,20:00:00,1192,0.01,1801.4,27.38,
Norte,E2,20:00:00,1196,0.05,1801.33,27.11,
Norte,E2,20:00:00,1197,0.04,1801.33,27.58,
Norte,E2,20:00:00,1207,0.1,1801.33,25.54,
Norte,E2,20:00:00,1216,0.08,1801.33,19.3,
Norte,E2,20:00:00,1221,0.04,1801.44,19.88,
Norte,E2,20:00:00,1223,0.04,1801.44,19.66,
Norte,E2,20:00:00,1224,0.06,1801.44,23.26,
Norte,E2,20:00:00,1225,0.03,1801.42,24.72,
Norte,E2,20:00:00,1226,0.06,1801.44,23.49,
Norte,E2,20:00:00,1228,0.03,1801.44,22.82,
Norte,E2,20:00:00,1229,0.01,1801.44,22.52,
Norte,E2,20:00:00,1230,0.01,1801.44,22.47,
Norte,E2,20:00:00,1231,0.01,1801.44,22.55,
Norte,E2,20:00:00,1232,0.02,1801.44,22.01,
Norte,E2,20:00:00,1233,0.01,1801.44,21.98,
Norte,E2,20:00:00,1240,0.1,1801.45,21.28,
Norte,E2,20:00:00,1242,0.1,1801.44,22.44,
Norte,E2,20:00:00,1243,0.04,1801.44,23.21,
Norte,E2,20:00:00,1244,0.1,1801.42,24.75,
Norte,E2,20:00:00,1245,0.05,1801.42,25.83,
Norte,E2,20:00:00,1246,0.03,1801.41,26.01,
Norte,E2,20:00:00,1247,0.06,1801.41,25.77,
Norte,E2,20:00:00,1248,0.06,1801.41,25.48,
Norte,E2,20:00:00,1249,0.12,1801.43,23.85,
Norte,E2,20:00:00,1250,0.13,1801.45,22.76,
Norte,E2,20:00:00,1252,0.1,1801.46,21.37,
Norte,E2,20:00:00,1253,0.13,1801.43,23.82,
Norte,E2,20:00:00,1254,0.12,1801.46,22.16,
Norte,E2,20:00:00,1255,0.07,1801.48,21.91,
Norte,E2,20:00:00,1257,0.07,1801.48,21.29,
Norte,E2,20:00:00,1265,0.03,1801.52,20.93,
Norte,E2,20:00:00,1268,0.06,1801.51,21.01,
Norte,E2,20:00:00,1272,0.03,1801.49,21.66,
Norte,E2,20:00:00,1274,0.05,1801.49,21.69,
Norte,E2,20:00:00,1276,0.11,1801.47,22.66,
Norte,E2,20:00:00,1279,0.05,1801.46,23.95,
Norte,E2,20:00:00,1281,0.06,1801.46,24.32,
Norte,E2,20:00:00,1282,0.02,1801.46,25.79,
Norte,E2,20:00:00,1284,0.03,1801.39,31.15,
Norte,E2,20:00:00,1286,0.07,1801.47,22.88,
Norte,E2,20:00:00,1288,0.01,1801.47,24.91,
Norte,E2,20:00:00,1289,0.02,1801.47,23.24,
Norte,E2,20:00:00,1290,0.09,1801.47,23.32,
Norte,E2,20:00:00,1291,0.01,1801.47,21.08,
Norte,E2,20:00:00,1292,0.06,1801.47,21.31,
Norte,E2,20:00:00,1293,0.07,1801.47,21.96,
Norte,E2,20:00:00,1294,0.02,1801.47,21.81,
Norte,E2,20:00:00,1295,0.12,1801.48,20.99,
Norte,E2,20:00:00,1297,0.08,1801.49,20.61,
Norte,E2,20:00:00,1302,0.08,1801.48,20.08,
Norte,E2,20:00:00,1304,0.05,1801.48,20.08,
Norte,E2,20:00:00,1305,0.0,1801.48,20.09,
Norte,E2,20:00:00,1306,0.06,1801.48,20.09,
Norte,E2,20:00:00,1308,0.07,1801.47,20.61,
Norte,E2,20:00:00,1309,0.04,1801.47,28.5,
Norte,E2,20:00:00,1310,0.02,1801.47,24.65,
Norte,E2,20:00:00,1312,0.09,1801.41,29.49,
Norte,E2,20:00:00,1313,0.0,1801.41,29.71,
Norte,E2,20:00:00,1315,0.06,1801.41,29.67,
Norte,E2,20:00:00,1318,0.07,1801.37,29.64,
Norte,E2,20:00:00,1319,0.01,1801.37,29.29,
Norte,E2,20:00:00,1321,0.04,1801.47,21.5,
Norte,E2,20:00:00,1322,0.0,1801.47,22.27,
Norte,E2,20:00:00,1323,0.05,1801.47,22.06,
Norte,E2,20:00:00,1324,0.02,1801.48,20.63,
Norte,E2,20:00:00,1326,0.08,1801.47,20.28,
Norte,E2,20:00:00,1334,0.06,1801.46,22.18,
Norte,E2,20:00:00,1335,0.06,1801.45,22.74,
Norte,E2,20:00:00,1336,0.01,1801.45,21.87,
Norte,E2,20:00:00,1340,0.04,1801.46,29.12,
Norte,E2,20:00:00,5010,0.03,1801.44,25.99,
Norte,E2,20:00:00,5011,0.05,1801.36,26.15,
Norte,E2,20:00:00,5019,0.05,1801.37,32.19,
Norte,E2,20:00:00,5086,0.06,1801.38,32.67,
Norte,E2,20:00:00,5087,0.01,1801.39,32.73,
Norte,E2,20:00:00,5108,0.0,1801.36,26.08,
Norte,E2,20:00:00,5112,0.02,1801.49,21.7,
Norte,E2,20:00:00,5148,0.0,1801.38,32.4,
Norte,E2,20:00:00,5193,0.0,1801.38,31.53,
Norte,E2,20:00:00,5204,0.13,1801.33,25.61,
Norte,E2,20:00:00,5241,0.0,1801.44,19.81,
Norte,E2,20:00:00,5264,0.02,1801.39,32.69,
Norte,E2,20:00:00,5289,0.01,1801.37,29.89,
Norte,E2,20:00:00,5291,0.02,1801.41,29.93,
Norte,E2,20:00:00,5311,0.11,1801.38,32.63,
Norte,E2,20:00:00,5312,0.0,1801.38,32.77,
Norte,E2,20:00:00,5313,0.01,1801.38,32.57,
Norte,E2,20:00:00,5314,0.01,1801.36,26.01,
Norte,E2,20:00:00,5342,0.03,1801.45,25.9,
Norte,E2,20:00:00,5343,0.12,1801.51,21.03,
Norte,E2,20:00:00,5344,0.12,1801.5,25.96,
Norte,E2,20:00:00,5345,0.12,1801.5,26.12,
Norte,E2,20:00:00,5478,0.0,1801.49,21.71,
Norte,E2,20:00:00,5484,0.01,1801.44,19.28,
Norte,E2,20:00:00,5493,0.01,1801.4,30.92,
Norte,E2,20:00:00,5494,0.01,1801.4,30.99,
Norte,E2,20:00:00,5495,0.09,1801.38,32.91,
Norte,E2,20:00:00,5506,0.01,1801.44,22.96,
Norte,E2,20:00:00,5523,0.0,1801.38,29.37,
Norte,E2,20:00:00,5533,0.03,1801.47,20.93,
Norte,E2,20:00:00,5537,0.03,1801.38,29.63,
Norte,E2,20:00:00,5538,0.06,1801.38,29.95,
Norte,E2,20:00:00,5603,0.04,1801.39,31.17,
Norte,E2,20:00:00,5604,0.06,1801.38,30.73,
Norte,E2,20:00:00,5613,0.06,1801.39,32.58,
Norte,E2,20:00:00,5614,0.02,1801.4,32.67,
Norte,E2,20:00:00,5620,0.04,1801.37,32.52,
Norte,E2,20:00:00,5621,0.03,1801.37,32.46,
Norte,E2,20:00:00,5678,0.05,1801.38,30.05,
Norte,E2,20:00:00,5685,0.02,1801.4,25.86,
Norte,E2,20:00:00,5709,0.14,1801.51,21.04,
Norte,E2,20:00:00,5744,0.05,1801.4,32.32,
Norte,E2,20:00:00,5746,0.07,1801.45,24.6,
Norte,E2,20:00:00,5747,0.04,1801.43,26.1,
Norte,E2,20:00:00,5748,0.05,1801.56,21.3,
Norte,E2,20:00:00,5749,0.05,1801.62,21.47,
Norte,E2,20:00:00,5750,0.03,1801.67,21.34,
Norte,E2,20:00:00,5760,0.04,1801.72,21.08,
Norte,E2,20:00:00,5761,0.03,1801.68,21.45,
Norte,E2,20:00:00,5762,0.01,1801.77,20.53,
Norte,E2,20:00:00,5763,0.03,1801.76,20.76,
Norte,E2,20:00:00,10020,0.04,1801.39,33.45,
Norte,E2,20:00:00,10059,0.04,1801.37,29.88,
Norte,E2,20:00:00,10061,0.0,1801.47,20.76,
Norte,E2,20:00:00,10062,0.0,1801.49,20.67,
Norte,E2,20:00:00,10063,0.0,1801.52,20.93,
Norte,E2,20:00:00,10082,0.08,1801.45,20.71,
Norte,E2,21:00:00,346,0.04,1801.28,33.58,
Norte,E2,21:00:00,347,0.08,1801.28,33.76,
Norte,E2,21:00:00,348,0.12,1801.28,33.77,
Norte,E2,21:00:00,349,0.06,1801.28,32.45,
Norte,E2,21:00:00,350,0.03,1801.28,32.44,
Norte,E2,21:00:00,351,0.05,1801.28,34.03,
Norte,E2,21:00:00,352,0.13,1801.28,33.91,
Norte,E2,21:00:00,353,0.08,1801.28,33.82,
Norte,E2,21:00:00,354,0.13,1801.31,32.61,
Norte,E2,21:00:00,355,0.05,1801.31,32.53,
Norte,E2,21:00:00,356,0.09,1801.31,32.57,
Norte,E2,21:00:00,357,0.04,1801.31,32.79,
Norte,E2,21:00:00,358,0.02,1801.31,33.04,
Norte,E2,21:00:00,362,0.08,1801.3,32.6,
Norte,E2,21:00:00,363,0.04,1801.3,32.59,
Norte,E2,21:00:00,364,0.08,1801.3,32.59,
Norte,E2,21:00:00,368,0.04,1801.28,32.61,
Norte,E2,21:00:00,371,0.06,1801.28,32.59,
Norte,E2,21:00:00,400,0.06,1801.29,32.31,
Norte,E2,21:00:00,401,0.06,1801.29,32.33,
Norte,E2,21:00:00,404,0.02,1801.29,32.13,
Norte,E2,21:00:00,405,0.01,1801.29,32.08,
Norte,E2,21:00:00,1049,0.03,1801.28,29.88,
Norte,E2,21:00:00,1051,0.04,1801.28,29.77,
Norte,E2,21:00:00,1053,0.02,1801.28,29.77,
Norte,E2,21:00:00,1059,0.06,1801.28,29.54,
Norte,E2,21:00:00,1063,0.03,1801.28,29.27,
Norte,E2,21:00:00,1077,0.03,1801.28,29.73,
Norte,E2,21:00:00,1089,0.04,1801.28,29.89,
Norte,E2,21:00:00,1093,0.08,1801.28,29.44,
Norte,E2,21:00:00,1094,0.02,1801.28,29.2,
Norte,E2,21:00:00,1095,0.02,1801.28,29.69,
Norte,E2,21:00:00,1100,0.04,1801.28,30.3,
Norte,E2,21:00:00,1102,0.07,1801.28,30.25,
Norte,E2,21:00:00,1103,0.01,1801.28,31.23,
Norte,E2,21:00:00,1104,0.08,1801.28,30.28,
Norte,E2,21:00:00,1106,0.09,1801.28,30.22,
Norte,E2,21:00:00,1107,0.04,1801.28,30.48,
Norte,E2,21:00:00,1109,0.01,1801.28,30.47,
Norte,E2,21:00:00,1110,0.01,1801.28,30.11,
Norte,E2,21:00:00,1112,0.02,1801.28,30.13,
Norte,E2,21:00:00,1113,0.04,1801.28,29.87,
Norte,E2,21:00:00,1115,0.08,1801.28,29.86,
Norte,E2,21:00:00,1117,0.09,1801.28,29.91,
Norte,E2,21:00:00,1119,0.11,1801.28,30.5,
Norte,E2,21:00:00,1120,0.08,1801.28,30.07,
Norte,E2,21:00:00,1122,0.06,1801.28,31.37,
Norte,E2,21:00:00,1125,0.06,1801.28,31.31,
Norte,E2,21:00:00,1128,0.07,1801.28,31.56,
Norte,E2,21:00:00,1130,0.07,1801.28,31.38,
Norte,E2,21:00:00,1131,0.08,1801.28,31.53,
Norte,E2,21:00:00,1133,0.03,1801.28,32.56,
Norte,E2,21:00:00,1134,0.14,1801.32,32.65,
Norte,E2,21:00:00,1135,0.1,1801.28,32.74,
Norte,E2,21:00:00,1137,0.13,1801.31,32.58,
Norte,E2,21:00:00,1139,0.08,1801.31,32.56,
Norte,E2,21:00:00,1140,0.03,1801.31,32.61,
Norte,E2,21:00:00,1141,0.05,1801.28,31.54,
Norte,E2,21:00:00,1142,0.03,1801.3,31.5,
Norte,E2,21:00:00,1143,0.08,1801.3,32.35,
Norte,E2,21:00:00,1144,0.08,1801.28,32.51,
Norte,E2,21:00:00,1145,0.03,1801.3,32.44,
Norte,E2,21:00:00,1147,0.0,1801.29,32.59,
Norte,E2,21:00:00,1148,0.0,1801.29,32.6,
Norte,E2,21:00:00,1149,0.16,1801.33,31.22,
Norte,E2,21:00:00,1150,0.21,1801.29,31.01,
Norte,E2,21:00:00,1151,0.04,1801.39,27.16,
Norte,E2,21:00:00,1153,0.01,1801.34,28.74,
Norte,E2,21:00:00,1154,0.0,1801.34,29.19,
Norte,E2,21:00:00,1158,0.11,1801.34,29.4,
Norte,E2,21:00:00,1159,0.08,1801.33,31.77,
Norte,E2,21:00:00,1161,0.04,1801.33,30.84,
Norte,E2,21:00:00,1162,0.01,1801.32,32.26,
Norte,E2,21:00:00,1164,0.1,1801.31,32.33,
Norte,E2,21:00:00,1165,0.03,1801.32,32.45,
Norte,E2,21:00:00,1166,0.05,1801.32,32.0,
Norte,E2,21:00:00,1169,0.09,1801.31,32.61,
Norte,E2,21:00:00,1171,0.07,1801.3,32.62,
Norte,E2,21:00:00,1172,0.16,1801.3,33.67,
Norte,E2,21:00:00,1174,0.06,1801.3,33.47,
Norte,E2,21:00:00,1175,0.12,1801.31,31.97,
Norte,E2,21:00:00,1176,0.17,1801.31,33.46,
Norte,E2,21:00:00,1179,0.06,1801.31,32.97,
Norte,E2,21:00:00,1181,0.01,1801.3,33.46,
Norte,E2,21:00:00,1182,0.06,1801.31,32.7,
Norte,E2,21:00:00,1184,0.04,1801.35,24.91,
Norte,E2,21:00:00,1185,0.02,1801.34,26.61,
Norte,E2,21:00:00,1186,0.01,1801.34,25.93,
Norte,E2,21:00:00,1187,0.21,1801.32,25.61,
Norte,E2,21:00:00,1189,0.01,1801.26,25.17,
Norte,E2,21:00:00,1190,0.06,1801.26,26.13,
Norte,E2,21:00:00,1191,0.06,1801.31,29.19,
Norte,E2,21:00:00,1192,0.01,1801.31,27.29,
Norte,E2,21:00:00,1196,0.05,1801.22,27.0,
Norte,E2,21:00:00,1197,0.05,1801.22,27.47,
Norte,E2,21:00:00,1207,0.11,1801.22,25.43,
Norte,E2,21:00:00,1216,0.08,1801.22,19.19,
Norte,E2,21:00:00,1221,0.05,1801.37,19.81,
Norte,E2,21:00:00,1223,0.05,1801.37,19.59,
Norte,E2,21:00:00,1224,0.07,1801.36,23.18,
Norte,E2,21:00:00,1225,0.03,1801.34,24.64,
Norte,E2,21:00:00,1226,0.06,1801.36,23.41,
Norte,E2,21:00:00,1228,0.03,1801.36,22.74,
Norte,E2,21:00:00,1229,0.01,1801.36,22.44,
Norte,E2,21:00:00,1230,0.01,1801.36,22.39,
Norte,E2,21:00:00,1231,0.01,1801.36,22.47,
Norte,E2,21:00:00,1232,0.02,1801.36,21.93,
Norte,E2,21:00:00,1233,0.01,1801.36,21.9,
Norte,E2,21:00:00,1240,0.11,1801.37,21.2,
Norte,E2,21:00:00,1242,0.11,1801.36,22.36,
Norte,E2,21:00:00,1243,0.04,1801.36,23.13,
Norte,E2,21:00:00,1244,0.11,1801.34,24.67,
Norte,E2,21:00:00,1245,0.06,1801.34,25.75,
Norte,E2,21:00:00,1246,0.03,1801.32,25.92,
Norte,E2,21:00:00,1247,0.07,1801.32,25.68,
Norte,E2,21:00:00,1248,0.07,1801.32,25.39,
Norte,E2,21:00:00,1249,0.14,1801.35,23.77,
Norte,E2,21:00:00,1250,0.15,1801.37,22.68,
Norte,E2,21:00:00,1252,0.11,1801.38,21.29,
Norte,E2,21:00:00,1253,0.14,1801.35,23.74,
Norte,E2,21:00:00,1254,0.14,1801.38,22.08,
Norte,E2,21:00:00,1255,0.08,1801.41,21.84,
Norte,E2,21:00:00,1257,0.08,1801.41,21.22,
Norte,E2,21:00:00,1265,0.03,1801.46,20.87,
Norte,E2,21:00:00,1268,0.07,1801.45,20.95,
Norte,E2,21:00:00,1272,0.03,1801.43,21.6,
Norte,E2,21:00:00,1274,0.06,1801.43,21.63,
Norte,E2,21:00:00,1276,0.13,1801.4,22.59,
Norte,E2,21:00:00,1279,0.06,1801.39,23.88,
Norte,E2,21:00:00,1281,0.07,1801.39,24.25,
Norte,E2,21:00:00,1282,0.03,1801.39,25.72,
Norte,E2,21:00:00,1284,0.03,1801.29,31.05,
Norte,E2,21:00:00,1286,0.08,1801.39,22.8,
Norte,E2,21:00:00,1288,0.01,1801.39,24.83,
Norte,E2,21:00:00,1289,0.02,1801.39,23.16,
Norte,E2,21:00:00,1290,0.1,1801.39,23.24,
Norte,E2,21:00:00,1291,0.01,1801.39,21.0,
Norte,E2,21:00:00,1292,0.06,1801.39,21.23,
Norte,E2,21:00:00,1293,0.08,1801.4,21.89,
Norte,E2,21:00:00,1294,0.02,1801.4,21.74,
Norte,E2,21:00:00,1295,0.13,1801.41,20.92,
Norte,E2,21:00:00,1297,0.09,1801.42,20.54,
Norte,E2,21:00:00,1302,0.09,1801.41,20.01,
Norte,E2,21:00:00,1304,0.06,1801.41,20.01,
Norte,E2,21:00:00,1305,0.0,1801.41,20.02,
Norte,E2,21:00:00,1306,0.07,1801.41,20.02,
Norte,E2,21:00:00,1308,0.08,1801.4,20.54,
Norte,E2,21:00:00,1309,0.04,1801.4,28.43,
Norte,E2,21:00:00,1310,0.02,1801.4,24.58,
Norte,E2,21:00:00,1312,0.1,1801.32,29.4,
Norte,E2,21:00:00,1313,0.0,1801.33,29.63,
Norte,E2,21:00:00,1315,0.07,1801.33,29.59,
Norte,E2,21:00:00,1318,0.08,1801.28,29.55,
Norte,E2,21:00:00,1319,0.02,1801.28,29.2,
Norte,E2,21:00:00,1321,0.05,1801.4,21.43,
Norte,E2,21:00:00,1322,0.01,1801.4,22.2,
Norte,E2,21:00:00,1323,0.06,1801.4,21.99,
Norte,E2,21:00:00,1324,0.03,1801.41,20.56,
Norte,E2,21:00:00,1326,0.09,1801.4,20.21,
Norte,E2,21:00:00,1334,0.06,1801.39,22.11,
Norte,E2,21:00:00,1335,0.07,1801.37,22.66,
Norte,E2,21:00:00,1336,0.01,1801.37,21.79,
Norte,E2,21:00:00,1340,0.04,1801.39,29.05,
Norte,E2,21:00:00,5010,0.03,1801.37,25.92,
Norte,E2,21:00:00,5011,0.05,1801.26,26.05,
Norte,E2,21:00:00,5019,0.06,1801.28,32.1,
Norte,E2,21:00:00,5086,0.07,1801.29,32.58,
Norte,E2,21:00:00,5087,0.01,1801.29,32.63,
Norte,E2,21:00:00,5108,0.0,1801.26,25.98,
Norte,E2,21:00:00,5112,0.02,1801.43,21.64,
Norte,E2,21:00:00,5148,0.0,1801.29,32.31,
Norte,E2,21:00:00,5193,0.0,1801.28,31.43,
Norte,E2,21:00:00,5204,0.14,1801.22,25.5,
Norte,E2,21:00:00,5241,0.0,1801.37,19.74,
Norte,E2,21:00:00,5264,0.02,1801.29,32.59,
Norte,E2,21:00:00,5289,0.01,1801.28,29.8,
Norte,E2,21:00:00,5291,0.02,1801.33,29.85,
Norte,E2,21:00:00,5311,0.13,1801.28,32.53,
Norte,E2,21:00:00,5312,0.01,1801.28,32.67,
Norte,E2,21:00:00,5313,0.01,1801.28,32.47,
Norte,E2,21:00:00,5314,0.01,1801.26,25.91,
Norte,E2,21:00:00,5342,0.03,1801.37,25.82,
Norte,E2,21:00:00,5343,0.14,1801.45,20.97,
Norte,E2,21:00:00,5344,0.14,1801.44,25.9,
Norte,E2,21:00:00,5345,0.14,1801.44,26.06,
Norte,E2,21:00:00,5478,0.0,1801.43,21.65,
Norte,E2,21:00:00,5484,0.01,1801.37,19.21,
Norte,E2,21:00:00,5493,0.01,1801.31,30.83,
Norte,E2,21:00:00,5494,0.01,1801.31,30.9,
Norte,E2,21:00:00,5495,0.1,1801.28,32.81,
Norte,E2,21:00:00,5506,0.02,1801.36,22.88,
Norte,E2,21:00:00,5523,0.0,1801.28,29.27,
Norte,E2,21:00:00,5533,0.03,1801.39,20.85,
Norte,E2,21:00:00,5537,0.04,1801.28,29.53,
Norte,E2,21:00:00,5538,0.07,1801.28,29.85,
Norte,E2,21:00:00,5603,0.05,1801.3,31.08,
Norte,E2,21:00:00,5604,0.07,1801.29,30.64,
Norte,E2,21:00:00,5613,0.07,1801.3,32.49,
Norte,E2,21:00:00,5614,0.03,1801.31,32.58,
Norte,E2,21:00:00,5620,0.05,1801.28,32.43,
Norte,E2,21:00:00,5621,0.04,1801.28,32.37,
Norte,E2,21:00:00,5678,0.06,1801.28,29.96,
Norte,E2,21:00:00,5685,0.02,1801.31,25.77,
Norte,E2,21:00:00,5709,0.16,1801.45,20.98,
Norte,E2,21:00:00,5744,0.05,1801.32,32.24,
Norte,E2,21:00:00,5746,0.08,1801.37,24.52,
Norte,E2,21:00:00,5747,0.05,1801.35,26.02,
Norte,E2,21:00:00,5748,0.06,1801.51,21.25,
Norte,E2,21:00:00,5749,0.06,1801.59,21.44,
Norte,E2,21:00:00,5750,0.03,1801.65,21.32,
Norte,E2,21:00:00,5760,0.04,1801.71,21.07,
Norte,E2,21:00:00,5761,0.03,1801.66,21.43,
Norte,E2,21:00:00,5762,0.01,1801.77,20.53,
Norte,E2,21:00:00,5763,0.03,1801.75,20.75,
Norte,E2,21:00:00,10020,0.05,1801.3,33.36,
Norte,E2,21:00:00,10059,0.04,1801.28,29.79,
Norte,E2,21:00:00,10061,0.0,1801.39,20.68,
Norte,E2,21:00:00,10062,0.0,1801.42,20.6,
Norte,E2,21:00:00,10063,0.0,1801.46,20.87,
Norte,E2,21:00:00,10082,0.09,1801.37,20.63,
Norte,E2,22:00:00,346,0.04,1801.36,33.66,
Norte,E2,22:00:00,347,0.07,1801.36,33.84,
Norte,E2,22:00:00,348,0.11,1801.36,33.85,
Norte,E2,22:00:00,349,0.05,1801.36,32.53,
Norte,E2,22:00:00,350,0.03,1801.36,32.52,
Norte,E2,22:00:00,351,0.05,1801.36,34.11,
Norte,E2,22:00:00,352,0.12,1801.36,33.99,
Norte,E2,22:00:00,353,0.07,1801.36,33.9,
Norte,E2,22:00:00,354,0.12,1801.39,32.69,
Norte,E2,22:00:00,355,0.05,1801.39,32.61,
Norte,E2,22:00:00,356,0.08,1801.39,32.65,
Norte,E2,22:00:00,357,0.03,1801.39,32.87,
Norte,E2,22:00:00,358,0.02,1801.39,33.12,
Norte,E2,22:00:00,362,0.08,1801.38,32.68,
Norte,E2,22:00:00,363,0.04,1801.38,32.67,
Norte,E2,22:00:00,364,0.07,1801.38,32.67,
Norte,E2,22:00:00,368,0.03,1801.37,32.7,
Norte,E2,22:00:00,371,0.05,1801.37,32.68,
Norte,E2,22:00:00,400,0.06,1801.37,32.39,
Norte,E2,22:00:00,401,0.05,1801.37,32.41,
Norte,E2,22:00:00,404,0.02,1801.37,32.21,
Norte,E2,22:00:00,405,0.01,1801.37,32.16,
Norte,E2,22:00:00,1049,0.03,1801.36,29.96,
Norte,E2,22:00:00,1051,0.03,1801.36,29.85,
Norte,E2,22:00:00,1053,0.02,1801.36,29.85,
Norte,E2,22:00:00,1059,0.05,1801.36,29.62,
Norte,E2,22:00:00,1063,0.02,1801.36,29.35,
Norte,E2,22:00:00,1077,0.03,1801.37,29.82,
Norte,E2,22:00:00,1089,0.03,1801.36,29.97,
Norte,E2,22:00:00,1093,0.07,1801.36,29.52,
Norte,E2,22:00:00,1094,0.02,1801.36,29.28,
Norte,E2,22:00:00,1095,0.02,1801.36,29.77,
Norte,E2,22:00:00,1100,0.04,1801.36,30.38,
Norte,E2,22:00:00,1102,0.07,1801.36,30.33,
Norte,E2,22:00:00,1103,0.01,1801.37,31.32,
Norte,E2,22:00:00,1104,0.07,1801.36,30.36,
Norte,E2,22:00:00,1106,0.08,1801.36,30.3,
Norte,E2,22:00:00,1107,0.04,1801.37,30.57,
Norte,E2,22:00:00,1109,0.01,1801.36,30.55,
Norte,E2,22:00:00,1110,0.01,1801.37,30.2,
Norte,E2,22:00:00,1112,0.02,1801.37,30.22,
Norte,E2,22:00:00,1113,0.04,1801.37,29.96,
Norte,E2,22:00:00,1115,0.08,1801.37,29.95,
Norte,E2,22:00:00,1117,0.08,1801.37,30.0,
Norte,E2,22:00:00,1119,0.1,1801.36,30.58,
Norte,E2,22:00:00,1120,0.07,1801.37,30.16,
Norte,E2,22:00:00,1122,0.05,1801.37,31.46,
Norte,E2,22:00:00,1125,0.06,1801.37,31.4,
Norte,E2,22:00:00,1128,0.06,1801.37,31.65,
Norte,E2,22:00:00,1130,0.07,1801.37,31.47,
Norte,E2,22:00:00,1131,0.07,1801.37,31.62,
Norte,E2,22:00:00,1133,0.02,1801.36,32.64,
Norte,E2,22:00:00,1134,0.13,1801.39,32.72,
Norte,E2,22:00:00,1135,0.09,1801.37,32.83,
Norte,E2,22:00:00,1137,0.11,1801.39,32.66,
Norte,E2,22:00:00,1139,0.07,1801.39,32.64,
Norte,E2,22:00:00,1140,0.03,1801.39,32.69,
Norte,E2,22:00:00,1141,0.05,1801.36,31.62,
Norte,E2,22:00:00,1142,0.02,1801.38,31.58,
Norte,E2,22:00:00,1143,0.07,1801.38,32.43,
Norte,E2,22:00:00,1144,0.07,1801.36,32.59,
Norte,E2,22:00:00,1145,0.03,1801.38,32.52,
Norte,E2,22:00:00,1147,0.0,1801.37,32.67,
Norte,E2,22:00:00,1148,0.0,1801.38,32.69,
Norte,E2,22:00:00,1149,0.14,1801.41,31.3,
Norte,E2,22:00:00,1150,0.19,1801.38,31.1,
Norte,E2,22:00:00,1151,0.03,1801.45,27.22,
Norte,E2,22:00:00,1153,0.01,1801.42,28.82,
Norte,E2,22:00:00,1154,0.0,1801.42,29.27,
Norte,E2,22:00:00,1158,0.1,1801.42,29.48,
Norte,E2,22:00:00,1159,0.07,1801.41,31.85,
Norte,E2,22:00:00,1161,0.03,1801.41,30.92,
Norte,E2,22:00:00,1162,0.01,1801.4,32.34,
Norte,E2,22:00:00,1164,0.09,1801.39,32.41,
Norte,E2,22:00:00,1165,0.03,1801.4,32.53,
Norte,E2,22:00:00,1166,0.05,1801.4,32.08,
Norte,E2,22:00:00,1169,0.08,1801.39,32.69,
Norte,E2,22:00:00,1171,0.06,1801.38,32.7,
Norte,E2,22:00:00,1172,0.14,1801.38,33.75,
Norte,E2,22:00:00,1174,0.05,1801.38,33.55,
Norte,E2,22:00:00,1175,0.11,1801.39,32.05,
Norte,E2,22:00:00,1176,0.16,1801.39,33.54,
Norte,E2,22:00:00,1179,0.05,1801.39,33.05,
Norte,E2,22:00:00,1181,0.01,1801.38,33.54,
Norte,E2,22:00:00,1182,0.05,1801.39,32.78,
Norte,E2,22:00:00,1184,0.03,1801.42,24.98,
Norte,E2,22:00:00,1185,0.02,1801.42,26.69,
Norte,E2,22:00:00,1186,0.01,1801.42,26.01,
Norte,E2,22:00:00,1187,0.19,1801.4,25.69,
Norte,E2,22:00:00,1189,0.01,1801.35,25.26,
Norte,E2,22:00:00,1190,0.06,1801.34,26.21,
Norte,E2,22:00:00,1191,0.06,1801.39,29.27,
Norte,E2,22:00:00,1192,0.01,1801.39,27.37,
Norte,E2,22:00:00,1196,0.05,1801.32,27.1,
Norte,E2,22:00:00,1197,0.04,1801.32,27.57,
Norte,E2,22:00:00,1207,0.1,1801.32,25.53,
Norte,E2,22:00:00,1216,0.08,1801.32,19.29,
Norte,E2,22:00:00,1221,0.04,1801.44,19.88,
Norte,E2,22:00:00,1223,0.04,1801.44,19.66,
Norte,E2,22:00:00,1224,0.06,1801.43,23.25,
Norte,E2,22:00:00,1225,0.03,1801.41,24.71,
Norte,E2,22:00:00,1226,0.06,1801.43,23.48,
Norte,E2,22:00:00,1228,0.03,1801.43,22.81,
Norte,E2,22:00:00,1229,0.01,1801.43,22.51,
Norte,E2,22:00:00,1230,0.01,1801.43,22.46,
Norte,E2,22:00:00,1231,0.01,1801.43,22.54,
Norte,E2,22:00:00,1232,0.02,1801.43,22.0,
Norte,E2,22:00:00,1233,0.01,1801.43,21.97,
Norte,E2,22:00:00,1240,0.1,1801.44,21.27,
Norte,E2,22:00:00,1242,0.1,1801.43,22.43,
Norte,E2,22:00:00,1243,0.04,1801.43,23.2,
Norte,E2,22:00:00,1244,0.1,1801.41,24.74,
Norte,E2,22:00:00,1245,0.05,1801.41,25.82,
Norte,E2,22:00:00,1246,0.03,1801.4,26.0,
Norte,E2,22:00:00,1247,0.06,1801.4,25.76,
Norte,E2,22:00:00,1248,0.06,1801.4,25.47,
Norte,E2,22:00:00,1249,0.12,1801.42,23.84,
Norte,E2,22:00:00,1250,0.13,1801.44,22.75,
Norte,E2,22:00:00,1252,0.1,1801.45,21.36,
Norte,E2,22:00:00,1253,0.13,1801.43,23.82,
Norte,E2,22:00:00,1254,0.12,1801.45,22.15,
Norte,E2,22:00:00,1255,0.07,1801.47,21.9,
Norte,E2,22:00:00,1257,0.07,1801.48,21.29,
Norte,E2,22:00:00,1265,0.03,1801.51,20.92,
Norte,E2,22:00:00,1268,0.06,1801.51,21.01,
Norte,E2,22:00:00,1272,0.03,1801.49,21.66,
Norte,E2,22:00:00,1274,0.05,1801.49,21.69,
Norte,E2,22:00:00,1276,0.12,1801.47,22.66,
Norte,E2,22:00:00,1279,0.05,1801.45,23.94,
Norte,E2,22:00:00,1281,0.06,1801.45,24.31,
Norte,E2,22:00:00,1282,0.02,1801.45,25.78,
Norte,E2,22:00:00,1284,0.03,1801.38,31.14,
Norte,E2,22:00:00,1286,0.07,1801.46,22.87,
Norte,E2,22:00:00,1288,0.01,1801.46,24.9,
Norte,E2,22:00:00,1289,0.02,1801.46,23.23,
Norte,E2,22:00:00,1290,0.09,1801.46,23.31,
Norte,E2,22:00:00,1291,0.01,1801.46,21.07,
Norte,E2,22:00:00,1292,0.06,1801.46,21.3,
Norte,E2,22:00:00,1293,0.07,1801.46,21.95,
Norte,E2,22:00:00,1294,0.02,1801.47,21.81,
Norte,E2,22:00:00,1295,0.12,1801.47,20.98,
Norte,E2,22:00:00,1297,0.09,1801.48,20.6,
Norte,E2,22:00:00,1302,0.08,1801.47,20.07,
Norte,E2,22:00:00,1304,0.05,1801.47,20.07,
Norte,E2,22:00:00,1305,0.0,1801.47,20.08,
Norte,E2,22:00:00,1306,0.06,1801.47,20.08,
Norte,E2,22:00:00,1308,0.07,1801.46,20.6,
Norte,E2,22:00:00,1309,0.04,1801.46,28.49,
Norte,E2,22:00:00,1310,0.02,1801.46,24.64,
Norte,E2,22:00:00,1312,0.09,1801.4,29.48,
Norte,E2,22:00:00,1313,0.0,1801.4,29.7,
Norte,E2,22:00:00,1315,0.06,1801.4,29.66,
Norte,E2,22:00:00,1318,0.07,1801.36,29.63,
Norte,E2,22:00:00,1319,0.02,1801.36,29.28,
Norte,E2,22:00:00,1321,0.04,1801.46,21.49,
Norte,E2,22:00:00,1322,0.0,1801.46,22.26,
Norte,E2,22:00:00,1323,0.05,1801.46,22.05,
Norte,E2,22:00:00,1324,0.02,1801.47,20.62,
Norte,E2,22:00:00,1326,0.08,1801.46,20.27,
Norte,E2,22:00:00,1334,0.06,1801.46,22.18,
Norte,E2,22:00:00,1335,0.06,1801.44,22.73,
Norte,E2,22:00:00,1336,0.01,1801.44,21.86,
Norte,E2,22:00:00,1340,0.04,1801.46,29.12,
Norte,E2,22:00:00,5010,0.03,1801.44,25.99,
Norte,E2,22:00:00,5011,0.05,1801.35,26.14,
Norte,E2,22:00:00,5019,0.05,1801.36,32.18,
Norte,E2,22:00:00,5086,0.06,1801.37,32.66,
Norte,E2,22:00:00,5087,0.01,1801.37,32.71,
Norte,E2,22:00:00,5108,0.0,1801.35,26.07,
Norte,E2,22:00:00,5112,0.02,1801.49,21.7,
Norte,E2,22:00:00,5148,0.0,1801.37,32.39,
Norte,E2,22:00:00,5193,0.0,1801.37,31.52,
Norte,E2,22:00:00,5204,0.13,1801.32,25.6,
Norte,E2,22:00:00,5241,0.0,1801.44,19.81,
Norte,E2,22:00:00,5264,0.02,1801.38,32.68,
Norte,E2,22:00:00,5289,0.01,1801.36,29.88,
Norte,E2,22:00:00,5291,0.02,1801.4,29.92,
Norte,E2,22:00:00,5311,0.12,1801.36,32.61,
Norte,E2,22:00:00,5312,0.0,1801.36,32.75,
Norte,E2,22:00:00,5313,0.01,1801.36,32.55,
Norte,E2,22:00:00,5314,0.01,1801.35,26.0,
Norte,E2,22:00:00,5342,0.03,1801.44,25.89,
Norte,E2,22:00:00,5343,0.12,1801.5,21.02,
Norte,E2,22:00:00,5344,0.13,1801.5,25.96,
Norte,E2,22:00:00,5345,0.13,1801.5,26.12,
Norte,E2,22:00:00,5478,0.0,1801.49,21.71,
Norte,E2,22:00:00,5484,0.01,1801.44,19.28,
Norte,E2,22:00:00,5493,0.01,1801.39,30.91,
Norte,E2,22:00:00,5494,0.01,1801.39,30.98,
Norte,E2,22:00:00,5495,0.09,1801.36,32.89,
Norte,E2,22:00:00,5506,0.02,1801.43,22.95,
Norte,E2,22:00:00,5523,0.0,1801.37,29.36,
Norte,E2,22:00:00,5533,0.03,1801.46,20.92,
Norte,E2,22:00:00,5537,0.04,1801.37,29.62,
Norte,E2,22:00:00,5538,0.06,1801.37,29.94,
Norte,E2,22:00:00,5603,0.04,1801.38,31.16,
Norte,E2,22:00:00,5604,0.06,1801.37,30.72,
Norte,E2,22:00:00,5613,0.06,1801.38,32.57,
Norte,E2,22:00:00,5614,0.03,1801.39,32.66,
Norte,E2,22:00:00,5620,0.04,1801.36,32.51,
Norte,E2,22:00:00,5621,0.03,1801.36,32.45,
Norte,E2,22:00:00,5678,0.06,1801.36,30.04,
Norte,E2,22:00:00,5685,0.02,1801.39,25.85,
Norte,E2,22:00:00,5709,0.14,1801.5,21.03,
Norte,E2,22:00:00,5744,0.05,1801.39,32.31,
Norte,E2,22:00:00,5746,0.07,1801.44,24.59,
Norte,E2,22:00:00,5747,0.04,1801.42,26.09,
Norte,E2,22:00:00,5748,0.06,1801.56,21.3,
Norte,E2,22:00:00,5749,0.06,1801.62,21.47,
Norte,E2,22:00:00,5750,0.03,1801.67,21.34,
Norte,E2,22:00:00,5760,0.04,1801.72,21.08,
Norte,E2,22:00:00,5761,0.03,1801.68,21.45,
Norte,E2,22:00:00,5762,0.01,1801.77,20.53,
Norte,E2,22:00:00,5763,0.03,1801.75,20.75,
Norte,E2,22:00:00,10020,0.04,1801.38,33.44,
Norte,E2,22:00:00,10059,0.04,1801.36,29.87,
Norte,E2,22:00:00,10061,0.0,1801.46,20.75,
Norte,E2,22:00:00,10062,0.0,1801.48,20.66,
Norte,E2,22:00:00,10063,0.0,1801.51,20.92,
Norte,E2,22:00:00,10082,0.08,1801.44,20.7,
Norte,E2,23:00:00,346,0.04,1801.42,33.72,
Norte,E2,23:00:00,347,0.07,1801.42,33.9,
Norte,E2,23:00:00,348,0.1,1801.42,33.91,
Norte,E2,23:00:00,349,0.05,1801.42,32.59,
Norte,E2,23:00:00,350,0.02,1801.42,32.58,
Norte,E2,23:00:00,351,0.04,1801.43,34.18,
Norte,E2,23:00:00,352,0.11,1801.43,34.06,
Norte,E2,23:00:00,353,0.06,1801.43,33.97,
Norte,E2,23:00:00,354,0.11,1801.44,32.74,
Norte,E2,23:00:00,355,0.04,1801.45,32.67,
Norte,E2,23:00:00,356,0.07,1801.45,32.71,
Norte,E2,23:00:00,357,0.03,1801.45,32.93,
Norte,E2,23:00:00,358,0.02,1801.45,33.18,
Norte,E2,23:00:00,362,0.07,1801.44,32.74,
Norte,E2,23:00:00,363,0.03,1801.44,32.73,
Norte,E2,23:00:00,364,0.07,1801.44,32.73,
Norte,E2,23:00:00,368,0.03,1801.43,32.76,
Norte,E2,23:00:00,371,0.05,1801.43,32.74,
Norte,E2,23:00:00,400,0.05,1801.43,32.45,
Norte,E2,23:00:00,401,0.05,1801.43,32.47,
Norte,E2,23:00:00,404,0.02,1801.43,32.27,
Norte,E2,23:00:00,405,0.01,1801.43,32.22,
Norte,E2,23:00:00,1049,0.02,1801.43,30.03,
Norte,E2,23:00:00,1051,0.03,1801.43,29.92,
Norte,E2,23:00:00,1053,0.02,1801.43,29.92,
Norte,E2,23:00:00,1059,0.05,1801.43,29.69,
Norte,E2,23:00:00,1063,0.02,1801.43,29.42,
Norte,E2,23:00:00,1077,0.02,1801.43,29.88,
Norte,E2,23:00:00,1089,0.03,1801.42,30.03,
Norte,E2,23:00:00,1093,0.06,1801.42,29.58,
Norte,E2,23:00:00,1094,0.02,1801.42,29.34,
Norte,E2,23:00:00,1095,0.02,1801.43,29.84,
Norte,E2,23:00:00,1100,0.04,1801.43,30.45,
Norte,E2,23:00:00,1102,0.06,1801.43,30.4,
Norte,E2,23:00:00,1103,0.01,1801.43,31.38,
Norte,E2,23:00:00,1104,0.06,1801.43,30.43,
Norte,E2,23:00:00,1106,0.07,1801.43,30.37,
Norte,E2,23:00:00,1107,0.03,1801.43,30.63,
Norte,E2,23:00:00,1109,0.01,1801.43,30.62,
Norte,E2,23:00:00,1110,0.01,1801.43,30.26,
Norte,E2,23:00:00,1112,0.02,1801.43,30.28,
Norte,E2,23:00:00,1113,0.03,1801.43,30.02,
Norte,E2,23:00:00,1115,0.07,1801.43,30.01,
Norte,E2,23:00:00,1117,0.07,1801.43,30.06,
Norte,E2,23:00:00,1119,0.09,1801.43,30.65,
Norte,E2,23:00:00,1120,0.07,1801.43,30.22,
Norte,E2,23:00:00,1122,0.05,1801.43,31.52,
Norte,E2,23:00:00,1125,0.05,1801.43,31.46,
Norte,E2,23:00:00,1128,0.05,1801.43,31.71,
Norte,E2,23:00:00,1130,0.06,1801.43,31.53,
Norte,E2,23:00:00,1131,0.07,1801.43,31.68,
Norte,E2,23:00:00,1133,0.02,1801.43,32.71,
Norte,E2,23:00:00,1134,0.12,1801.45,32.78,
Norte,E2,23:00:00,1135,0.08,1801.43,32.89,
Norte,E2,23:00:00,1137,0.1,1801.45,32.72,
Norte,E2,23:00:00,1139,0.07,1801.45,32.7,
Norte,E2,23:00:00,1140,0.03,1801.45,32.75,
Norte,E2,23:00:00,1141,0.05,1801.43,31.69,
Norte,E2,23:00:00,1142,0.02,1801.44,31.64,
Norte,E2,23:00:00,1143,0.07,1801.44,32.49,
Norte,E2,23:00:00,1144,0.06,1801.43,32.66,
Norte,E2,23:00:00,1145,0.03,1801.44,32.58,
Norte,E2,23:00:00,1147,0.0,1801.43,32.73,
Norte,E2,23:00:00,1148,0.0,1801.44,32.75,
Norte,E2,23:00:00,1149,0.13,1801.46,31.35,
Norte,E2,23:00:00,1150,0.18,1801.44,31.16,
Norte,E2,23:00:00,1151,0.03,1801.5,27.27,
Norte,E2,23:00:00,1153,0.01,1801.47,28.87,
Norte,E2,23:00:00,1154,0.0,1801.47,29.32,
Norte,E2,23:00:00,1158,0.09,1801.47,29.53,
Norte,E2,23:00:00,1159,0.07,1801.46,31.9,
Norte,E2,23:00:00,1161,0.03,1801.46,30.97,
Norte,E2,23:00:00,1162,0.0,1801.45,32.39,
Norte,E2,23:00:00,1164,0.08,1801.45,32.47,
Norte,E2,23:00:00,1165,0.03,1801.45,32.58,
Norte,E2,23:00:00,1166,0.04,1801.45,32.13,
Norte,E2,23:00:00,1169,0.07,1801.45,32.75,
Norte,E2,23:00:00,1171,0.06,1801.44,32.76,
Norte,E2,23:00:00,1172,0.13,1801.44,33.81,
Norte,E2,23:00:00,1174,0.05,1801.44,33.61,
Norte,E2,23:00:00,1175,0.1,1801.45,32.11,
Norte,E2,23:00:00,1176,0.14,1801.45,33.6,
Norte,E2,23:00:00,1179,0.05,1801.45,33.11,
Norte,E2,23:00:00,1181,0.01,1801.44,33.6,
Norte,E2,23:00:00,1182,0.05,1801.45,32.84,
Norte,E2,23:00:00,1184,0.03,1801.48,25.04,
Norte,E2,23:00:00,1185,0.02,1801.47,26.74,
Norte,E2,23:00:00,1186,0.01,1801.47,26.06,
Norte,E2,23:00:00,1187,0.17,1801.45,25.74,
Norte,E2,23:00:00,1189,0.01,1801.41,25.32,
Norte,E2,23:00:00,1190,0.05,1801.41,26.28,
Norte,E2,23:00:00,1191,0.05,1801.45,29.33,
Norte,E2,23:00:00,1192,0.01,1801.45,27.43,
Norte,E2,23:00:00,1196,0.04,1801.39,27.17,
Norte,E2,23:00:00,1197,0.04,1801.39,27.64,
Norte,E2,23:00:00,1207,0.09,1801.39,25.6,
Norte,E2,23:00:00,1216,0.07,1801.38,19.35,
Norte,E2,23:00:00,1221,0.04,1801.49,19.93,
Norte,E2,23:00:00,1223,0.04,1801.49,19.71,
Norte,E2,23:00:00,1224,0.06,1801.48,23.3,
Norte,E2,23:00:00,1225,0.03,1801.47,24.77,
Norte,E2,23:00:00,1226,0.05,1801.48,23.53,
Norte,E2,23:00:00,1228,0.03,1801.48,22.86,
Norte,E2,23:00:00,1229,0.01,1801.48,22.56,
Norte,E2,23:00:00,1230,0.01,1801.48,22.51,
Norte,E2,23:00:00,1231,0.01,1801.48,22.59,
Norte,E2,23:00:00,1232,0.02,1801.48,22.05,
Norte,E2,23:00:00,1233,0.01,1801.48,22.02,
Norte,E2,23:00:00,1240,0.09,1801.49,21.32,
Norte,E2,23:00:00,1242,0.09,1801.48,22.48,
Norte,E2,23:00:00,1243,0.03,1801.48,23.25,
Norte,E2,23:00:00,1244,0.09,1801.47,24.8,
Norte,E2,23:00:00,1245,0.05,1801.47,25.88,
Norte,E2,23:00:00,1246,0.03,1801.46,26.06,
Norte,E2,23:00:00,1247,0.06,1801.46,25.82,
Norte,E2,23:00:00,1248,0.05,1801.46,25.53,
Norte,E2,23:00:00,1249,0.11,1801.48,23.9,
Norte,E2,23:00:00,1250,0.12,1801.49,22.8,
Norte,E2,23:00:00,1252,0.09,1801.5,21.41,
Norte,E2,23:00:00,1253,0.12,1801.48,23.87,
Norte,E2,23:00:00,1254,0.11,1801.5,22.2,
Norte,E2,23:00:00,1255,0.06,1801.52,21.95,
Norte,E2,23:00:00,1257,0.07,1801.52,21.33,
Norte,E2,23:00:00,1265,0.03,1801.55,20.96,
Norte,E2,23:00:00,1268,0.05,1801.55,21.05,
Norte,E2,23:00:00,1272,0.03,1801.53,21.7,
Norte,E2,23:00:00,1274,0.05,1801.53,21.73,
Norte,E2,23:00:00,1276,0.11,1801.51,22.7,
Norte,E2,23:00:00,1279,0.05,1801.5,23.99,
Norte,E2,23:00:00,1281,0.05,1801.5,24.36,
Norte,E2,23:00:00,1282,0.02,1801.5,25.83,
Norte,E2,23:00:00,1284,0.02,1801.44,31.2,
Norte,E2,23:00:00,1286,0.07,1801.5,22.91,
Norte,E2,23:00:00,1288,0.01,1801.5,24.94,
Norte,E2,23:00:00,1289,0.02,1801.5,23.27,
Norte,E2,23:00:00,1290,0.08,1801.5,23.35,
Norte,E2,23:00:00,1291,0.01,1801.51,21.12,
Norte,E2,23:00:00,1292,0.05,1801.51,21.35,
Norte,E2,23:00:00,1293,0.07,1801.51,22.0,
Norte,E2,23:00:00,1294,0.02,1801.51,21.85,
Norte,E2,23:00:00,1295,0.11,1801.52,21.03,
Norte,E2,23:00:00,1297,0.08,1801.52,20.64,
Norte,E2,23:00:00,1302,0.08,1801.51,20.11,
Norte,E2,23:00:00,1304,0.05,1801.51,20.11,
Norte,E2,23:00:00,1305,0.0,1801.51,20.12,
Norte,E2,23:00:00,1306,0.05,1801.51,20.12,
Norte,E2,23:00:00,1308,0.07,1801.51,20.65,
Norte,E2,23:00:00,1309,0.03,1801.51,28.54,
Norte,E2,23:00:00,1310,0.02,1801.51,24.69,
Norte,E2,23:00:00,1312,0.08,1801.46,29.54,
Norte,E2,23:00:00,1313,0.0,1801.46,29.76,
Norte,E2,23:00:00,1315,0.05,1801.46,29.72,
Norte,E2,23:00:00,1318,0.07,1801.42,29.69,
Norte,E2,23:00:00,1319,0.01,1801.42,29.34,
Norte,E2,23:00:00,1321,0.04,1801.51,21.54,
Norte,E2,23:00:00,1322,0.0,1801.51,22.31,
Norte,E2,23:00:00,1323,0.05,1801.51,22.1,
Norte,E2,23:00:00,1324,0.02,1801.51,20.66,
Norte,E2,23:00:00,1326,0.07,1801.51,20.32,
Norte,E2,23:00:00,1334,0.05,1801.5,22.22,
Norte,E2,23:00:00,1335,0.06,1801.49,22.78,
Norte,E2,23:00:00,1336,0.01,1801.49,21.91,
Norte,E2,23:00:00,1340,0.03,1801.5,29.16,
Norte,E2,23:00:00,5010,0.03,1801.49,26.04,
Norte,E2,23:00:00,5011,0.04,1801.41,26.2,
Norte,E2,23:00:00,5019,0.05,1801.42,32.24,
Norte,E2,23:00:00,5086,0.06,1801.43,32.72,
Norte,E2,23:00:00,5087,0.01,1801.43,32.77,
Norte,E2,23:00:00,5108,0.0,1801.41,26.13,
Norte,E2,23:00:00,5112,0.02,1801.53,21.74,
Norte,E2,23:00:00,5148,0.0,1801.43,32.45,
Norte,E2,23:00:00,5193,0.0,1801.43,31.58,
Norte,E2,23:00:00,5204,0.12,1801.39,25.67,
Norte,E2,23:00:00,5241,0.0,1801.49,19.86,
Norte,E2,23:00:00,5264,0.02,1801.44,32.74,
Norte,E2,23:00:00,5289,0.01,1801.42,29.94,
Norte,E2,23:00:00,5291,0.01,1801.46,29.98,
Norte,E2,23:00:00,5311,0.11,1801.43,32.68,
Norte,E2,23:00:00,5312,0.0,1801.43,32.82,
Norte,E2,23:00:00,5313,0.01,1801.43,32.62,
Norte,E2,23:00:00,5314,0.01,1801.41,26.06,
Norte,E2,23:00:00,5342,0.03,1801.49,25.94,
Norte,E2,23:00:00,5343,0.11,1801.55,21.07,
Norte,E2,23:00:00,5344,0.11,1801.54,26.0,
Norte,E2,23:00:00,5345,0.11,1801.54,26.16,
Norte,E2,23:00:00,5478,0.0,1801.53,21.75,
Norte,E2,23:00:00,5484,0.0,1801.49,19.33,
Norte,E2,23:00:00,5493,0.01,1801.45,30.97,
Norte,E2,23:00:00,5494,0.01,1801.45,31.04,
Norte,E2,23:00:00,5495,0.08,1801.43,32.96,
Norte,E2,23:00:00,5506,0.01,1801.48,23.0,
Norte,E2,23:00:00,5523,0.0,1801.43,29.42,
Norte,E2,23:00:00,5533,0.02,1801.51,20.97,
Norte,E2,23:00:00,5537,0.03,1801.43,29.68,
Norte,E2,23:00:00,5538,0.06,1801.43,30.0,
Norte,E2,23:00:00,5603,0.04,1801.44,31.22,
Norte,E2,23:00:00,5604,0.06,1801.43,30.78,
Norte,E2,23:00:00,5613,0.06,1801.44,32.63,
Norte,E2,23:00:00,5614,0.02,1801.45,32.72,
Norte,E2,23:00:00,5620,0.04,1801.42,32.57,
Norte,E2,23:00:00,5621,0.03,1801.42,32.51,
Norte,E2,23:00:00,5678,0.05,1801.43,30.11,
Norte,E2,23:00:00,5685,0.02,1801.45,25.91,
Norte,E2,23:00:00,5709,0.13,1801.55,21.08,
Norte,E2,23:00:00,5744,0.04,1801.45,32.37,
Norte,E2,23:00:00,5746,0.07,1801.49,24.64,
Norte,E2,23:00:00,5747,0.04,1801.47,26.14,
Norte,E2,23:00:00,5748,0.05,1801.59,21.33,
Norte,E2,23:00:00,5749,0.05,1801.64,21.49,
Norte,E2,23:00:00,5750,0.03,1801.68,21.35,
Norte,E2,23:00:00,5760,0.03,1801.73,21.09,
Norte,E2,23:00:00,5761,0.02,1801.69,21.46,
Norte,E2,23:00:00,5762,0.01,1801.77,20.53,
Norte,E2,23:00:00,5763,0.02,1801.76,20.76,
Norte,E2,23:00:00,10020,0.04,1801.44,33.5,
Norte,E2,23:00:00,10059,0.03,1801.43,29.94,
Norte,E2,23:00:00,10061,0.0,1801.51,20.8,
Norte,E2,23:00:00,10062,0.0,1801.52,20.7,
Norte,E2,23:00:00,10063,0.0,1801.55,20.96,
Norte,E2,23:00:00,10082,0.07,1801.49,20.75,
Norte,E2,24:00:00,346,0.03,1801.47,33.77,
Norte,E2,24:00:00,347,0.06,1801.47,33.95,
Norte,E2,24:00:00,348,0.1,1801.47,33.96,
Norte,E2,24:00:00,349,0.04,1801.47,32.64,
Norte,E2,24:00:00,350,0.02,1801.47,32.63,
Norte,E2,24:00:00,351,0.04,1801.47,34.22,
Norte,E2,24:00:00,352,0.1,1801.47,34.1,
Norte,E2,24:00:00,353,0.06,1801.47,34.01,
Norte,E2,24:00:00,354,0.1,1801.49,32.79,
Norte,E2,24:00:00,355,0.04,1801.49,32.71,
Norte,E2,24:00:00,356,0.07,1801.49,32.75,
Norte,E2,24:00:00,357,0.03,1801.49,32.97,
Norte,E2,24:00:00,358,0.02,1801.49,33.22,
Norte,E2,24:00:00,362,0.07,1801.48,32.78,
Norte,E2,24:00:00,363,0.03,1801.48,32.77,
Norte,E2,24:00:00,364,0.06,1801.48,32.77,
Norte,E2,24:00:00,368,0.03,1801.47,32.8,
Norte,E2,24:00:00,371,0.04,1801.47,32.78,
Norte,E2,24:00:00,400,0.05,1801.48,32.5,
Norte,E2,24:00:00,401,0.04,1801.48,32.52,
Norte,E2,24:00:00,404,0.02,1801.48,32.32,
Norte,E2,24:00:00,405,0.01,1801.48,32.27,
Norte,E2,24:00:00,1049,0.02,1801.47,30.07,
Norte,E2,24:00:00,1051,0.03,1801.47,29.96,
Norte,E2,24:00:00,1053,0.02,1801.47,29.96,
Norte,E2,24:00:00,1059,0.04,1801.47,29.73,
Norte,E2,24:00:00,1063,0.02,1801.47,29.46,
Norte,E2,24:00:00,1077,0.02,1801.47,29.92,
Norte,E2,24:00:00,1089,0.03,1801.47,30.08,
Norte,E2,24:00:00,1093,0.06,1801.47,29.63,
Norte,E2,24:00:00,1094,0.01,1801.47,29.39,
Norte,E2,24:00:00,1095,0.02,1801.47,29.88,
Norte,E2,24:00:00,1100,0.03,1801.47,30.49,
Norte,E2,24:00:00,1102,0.06,1801.47,30.44,
Norte,E2,24:00:00,1103,0.0,1801.47,31.42,
Norte,E2,24:00:00,1104,0.06,1801.47,30.47,
Norte,E2,24:00:00,1106,0.07,1801.47,30.41,
Norte,E2,24:00:00,1107,0.03,1801.47,30.67,
Norte,E2,24:00:00,1109,0.01,1801.47,30.66,
Norte,E2,24:00:00,1110,0.01,1801.47,30.3,
Norte,E2,24:00:00,1112,0.02,1801.47,30.32,
Norte,E2,24:00:00,1113,0.03,1801.47,30.06,
Norte,E2,24:00:00,1115,0.07,1801.47,30.05,
Norte,E2,24:00:00,1117,0.07,1801.47,30.1,
Norte,E2,24:00:00,1119,0.09,1801.47,30.69,
Norte,E2,24:00:00,1120,0.06,1801.47,30.26,
Norte,E2,24:00:00,1122,0.04,1801.47,31.56,
Norte,E2,24:00:00,1125,0.05,1801.47,31.5,
Norte,E2,24:00:00,1128,0.05,1801.47,31.75,
Norte,E2,24:00:00,1130,0.06,1801.47,31.57,
Norte,E2,24:00:00,1131,0.06,1801.47,31.72,
Norte,E2,24:00:00,1133,0.02,1801.47,32.75,
Norte,E2,24:00:00,1134,0.11,1801.49,32.82,
Norte,E2,24:00:00,1135,0.07,1801.47,32.93,
Norte,E2,24:00:00,1137,0.1,1801.49,32.76,
Norte,E2,24:00:00,1139,0.06,1801.49,32.74,
Norte,E2,24:00:00,1140,0.02,1801.49,32.79,
Norte,E2,24:00:00,1141,0.04,1801.47,31.73,
Norte,E2,24:00:00,1142,0.02,1801.48,31.68,
Norte,E2,24:00:00,1143,0.06,1801.48,32.53,
Norte,E2,24:00:00,1144,0.06,1801.47,32.7,
Norte,E2,24:00:00,1145,0.03,1801.48,32.62,
Norte,E2,24:00:00,1147,0.0,1801.48,32.78,
Norte,E2,24:00:00,1148,0.0,1801.48,32.79,
Norte,E2,24:00:00,1149,0.12,1801.5,31.39,
Norte,E2,24:00:00,1150,0.16,1801.48,31.2,
Norte,E2,24:00:00,1151,0.03,1801.54,27.31,
Norte,E2,24:00:00,1153,0.01,1801.51,28.91,
Norte,E2,24:00:00,1154,0.0,1801.51,29.36,
Norte,E2,24:00:00,1158,0.09,1801.51,29.57,
Norte,E2,24:00:00,1159,0.06,1801.5,31.94,
Norte,E2,24:00:00,1161,0.03,1801.5,31.01,
Norte,E2,24:00:00,1162,0.0,1801.49,32.43,
Norte,E2,24:00:00,1164,0.08,1801.49,32.51,
Norte,E2,24:00:00,1165,0.03,1801.49,32.62,
Norte,E2,24:00:00,1166,0.04,1801.5,32.18,
Norte,E2,24:00:00,1169,0.07,1801.49,32.79,
Norte,E2,24:00:00,1171,0.05,1801.48,32.8,
Norte,E2,24:00:00,1172,0.12,1801.48,33.85,
Norte,E2,24:00:00,1174,0.04,1801.48,33.65,
Norte,E2,24:00:00,1175,0.09,1801.49,32.15,
Norte,E2,24:00:00,1176,0.13,1801.49,33.64,
Norte,E2,24:00:00,1179,0.04,1801.49,33.15,
Norte,E2,24:00:00,1181,0.01,1801.48,33.64,
Norte,E2,24:00:00,1182,0.05,1801.49,32.88,
Norte,E2,24:00:00,1184,0.03,1801.51,25.07,
Norte,E2,24:00:00,1185,0.02,1801.51,26.78,
Norte,E2,24:00:00,1186,0.01,1801.51,26.1,
Norte,E2,24:00:00,1187,0.16,1801.49,25.78,
Norte,E2,24:00:00,1189,0.01,1801.46,25.37,
Norte,E2,24:00:00,1190,0.05,1801.46,26.33,
Norte,E2,24:00:00,1191,0.05,1801.49,29.37,
Norte,E2,24:00:00,1192,0.01,1801.49,27.47,
Norte,E2,24:00:00,1196,0.04,1801.43,27.21,
Norte,E2,24:00:00,1197,0.04,1801.43,27.68,
Norte,E2,24:00:00,1207,0.09,1801.43,25.64,
Norte,E2,24:00:00,1216,0.07,1801.43,19.4,
Norte,E2,24:00:00,1221,0.04,1801.52,19.96,
Norte,E2,24:00:00,1223,0.04,1801.52,19.74,
Norte,E2,24:00:00,1224,0.05,1801.52,23.34,
Norte,E2,24:00:00,1225,0.03,1801.5,24.8,
Norte,E2,24:00:00,1226,0.05,1801.52,23.57,
Norte,E2,24:00:00,1228,0.03,1801.52,22.9,
Norte,E2,24:00:00,1229,0.01,1801.52,22.6,
Norte,E2,24:00:00,1230,0.01,1801.52,22.55,
Norte,E2,24:00:00,1231,0.01,1801.52,22.63,
Norte,E2,24:00:00,1232,0.02,1801.52,22.09,
Norte,E2,24:00:00,1233,0.01,1801.52,22.06,
Norte,E2,24:00:00,1240,0.09,1801.53,21.36,
Norte,E2,24:00:00,1242,0.09,1801.52,22.52,
Norte,E2,24:00:00,1243,0.03,1801.52,23.29,
Norte,E2,24:00:00,1244,0.09,1801.51,24.84,
Norte,E2,24:00:00,1245,0.05,1801.5,25.91,
Norte,E2,24:00:00,1246,0.03,1801.5,26.1,
Norte,E2,24:00:00,1247,0.05,1801.5,25.86,
Norte,E2,24:00:00,1248,0.05,1801.5,25.57,
Norte,E2,24:00:00,1249,0.11,1801.51,23.93,
Norte,E2,24:00:00,1250,0.11,1801.52,22.83,
Norte,E2,24:00:00,1252,0.08,1801.53,21.44,
Norte,E2,24:00:00,1253,0.11,1801.52,23.91,
Norte,E2,24:00:00,1254,0.1,1801.53,22.23,
Norte,E2,24:00:00,1255,0.06,1801.55,21.98,
Norte,E2,24:00:00,1257,0.06,1801.55,21.36,
Norte,E2,24:00:00,1265,0.02,1801.58,20.99,
Norte,E2,24:00:00,1268,0.05,1801.58,21.08,
Norte,E2,24:00:00,1272,0.02,1801.56,21.73,
Norte,E2,24:00:00,1274,0.05,1801.56,21.76,
Norte,E2,24:00:00,1276,0.1,1801.55,22.74,
Norte,E2,24:00:00,1279,0.04,1801.54,24.03,
Norte,E2,24:00:00,1281,0.05,1801.54,24.4,
Norte,E2,24:00:00,1282,0.02,1801.54,25.87,
Norte,E2,24:00:00,1284,0.02,1801.48,31.24,
Norte,E2,24:00:00,1286,0.06,1801.54,22.95,
Norte,E2,24:00:00,1288,0.01,1801.54,24.98,
Norte,E2,24:00:00,1289,0.02,1801.54,23.31,
Norte,E2,24:00:00,1290,0.08,1801.54,23.39,
Norte,E2,24:00:00,1291,0.0,1801.54,21.15,
Norte,E2,24:00:00,1292,0.05,1801.54,21.38,
Norte,E2,24:00:00,1293,0.06,1801.54,22.03,
Norte,E2,24:00:00,1294,0.02,1801.55,21.89,
Norte,E2,24:00:00,1295,0.1,1801.55,21.06,
Norte,E2,24:00:00,1297,0.07,1801.55,20.67,
Norte,E2,24:00:00,1302,0.07,1801.55,20.15,
Norte,E2,24:00:00,1304,0.04,1801.55,20.15,
Norte,E2,24:00:00,1305,0.0,1801.55,20.16,
Norte,E2,24:00:00,1306,0.05,1801.55,20.16,
Norte,E2,24:00:00,1308,0.06,1801.54,20.68,
Norte,E2,24:00:00,1309,0.03,1801.54,28.57,
Norte,E2,24:00:00,1310,0.01,1801.54,24.72,
Norte,E2,24:00:00,1312,0.08,1801.5,29.58,
Norte,E2,24:00:00,1313,0.0,1801.5,29.8,
Norte,E2,24:00:00,1315,0.05,1801.5,29.76,
Norte,E2,24:00:00,1318,0.06,1801.47,29.74,
Norte,E2,24:00:00,1319,0.01,1801.47,29.39,
Norte,E2,24:00:00,1321,0.04,1801.54,21.57,
Norte,E2,24:00:00,1322,0.0,1801.54,22.34,
Norte,E2,24:00:00,1323,0.05,1801.54,22.13,
Norte,E2,24:00:00,1324,0.02,1801.55,20.7,
Norte,E2,24:00:00,1326,0.07,1801.54,20.35,
Norte,E2,24:00:00,1334,0.05,1801.54,22.26,
Norte,E2,24:00:00,1335,0.05,1801.53,22.82,
Norte,E2,24:00:00,1336,0.01,1801.53,21.95,
Norte,E2,24:00:00,1340,0.03,1801.54,29.2,
Norte,E2,24:00:00,5010,0.02,1801.52,26.07,
Norte,E2,24:00:00,5011,0.04,1801.46,26.25,
Norte,E2,24:00:00,5019,0.04,1801.47,32.29,
Norte,E2,24:00:00,5086,0.05,1801.48,32.77,
Norte,E2,24:00:00,5087,0.0,1801.48,32.82,
Norte,E2,24:00:00,5108,0.0,1801.46,26.18,
Norte,E2,24:00:00,5112,0.02,1801.56,21.77,
Norte,E2,24:00:00,5148,0.0,1801.48,32.5,
Norte,E2,24:00:00,5193,0.0,1801.47,31.62,
Norte,E2,24:00:00,5204,0.11,1801.43,25.71,
Norte,E2,24:00:00,5241,0.0,1801.52,19.89,
Norte,E2,24:00:00,5264,0.02,1801.48,32.78,
Norte,E2,24:00:00,5289,0.01,1801.47,29.99,
Norte,E2,24:00:00,5291,0.01,1801.5,30.02,
Norte,E2,24:00:00,5311,0.1,1801.47,32.72,
Norte,E2,24:00:00,5312,0.0,1801.47,32.86,
Norte,E2,24:00:00,5313,0.0,1801.47,32.66,
Norte,E2,24:00:00,5314,0.01,1801.46,26.11,
Norte,E2,24:00:00,5342,0.03,1801.52,25.97,
Norte,E2,24:00:00,5343,0.11,1801.57,21.09,
Norte,E2,24:00:00,5344,0.11,1801.57,26.03,
Norte,E2,24:00:00,5345,0.11,1801.57,26.19,
Norte,E2,24:00:00,5478,0.0,1801.56,21.78,
Norte,E2,24:00:00,5484,0.0,1801.52,19.36,
Norte,E2,24:00:00,5493,0.01,1801.49,31.01,
Norte,E2,24:00:00,5494,0.01,1801.49,31.08,
Norte,E2,24:00:00,5495,0.08,1801.47,33.0,
Norte,E2,24:00:00,5506,0.01,1801.52,23.04,
Norte,E2,24:00:00,5523,0.0,1801.47,29.46,
Norte,E2,24:00:00,5533,0.02,1801.54,21.0,
Norte,E2,24:00:00,5537,0.03,1801.47,29.72,
Norte,E2,24:00:00,5538,0.05,1801.47,30.04,
Norte,E2,24:00:00,5603,0.04,1801.48,31.26,
Norte,E2,24:00:00,5604,0.05,1801.48,30.83,
Norte,E2,24:00:00,5613,0.05,1801.48,32.67,
Norte,E2,24:00:00,5614,0.02,1801.49,32.76,
Norte,E2,24:00:00,5620,0.04,1801.47,32.62,
Norte,E2,24:00:00,5621,0.03,1801.47,32.56,
Norte,E2,24:00:00,5678,0.05,1801.47,30.15,
Norte,E2,24:00:00,5685,0.02,1801.49,25.95,
Norte,E2,24:00:00,5709,0.12,1801.57,21.1,
Norte,E2,24:00:00,5744,0.04,1801.49,32.41,
Norte,E2,24:00:00,5746,0.06,1801.53,24.68,
Norte,E2,24:00:00,5747,0.04,1801.51,26.18,
Norte,E2,24:00:00,5748,0.05,1801.61,21.35,
Norte,E2,24:00:00,5749,0.05,1801.66,21.51,
Norte,E2,24:00:00,5750,0.03,1801.7,21.37,
Norte,E2,24:00:00,5760,0.03,1801.73,21.09,
Norte,E2,24:00:00,5761,0.02,1801.71,21.48,
Norte,E2,24:00:00,5762,0.01,1801.77,20.53,
Norte,E2,24:00:00,5763,0.02,1801.76,20.76,
Norte,E2,24:00:00,10020,0.04,1801.48,33.54,
Norte,E2,24:00:00,10059,0.03,1801.47,29.98,
Norte,E2,24:00:00,10061,0.0,1801.54,20.83,
Norte,E2,24:00:00,10062,0.0,1801.55,20.73,
Norte,E2,24:00:00,10063,0.0,1801.58,20.99,
Norte,E2,24:00:00,10082,0.07,1801.53,20.79,
Norte,E3,0:00:00,346,0.03,1801.47,33.77,
Norte,E3,0:00:00,347,0.06,1801.47,33.95,
Norte,E3,0:00:00,348,0.1,1801.47,33.96,
Norte,E3,0:00:00,349,0.04,1801.47,32.64,
Norte,E3,0:00:00,350,0.02,1801.47,32.63,
Norte,E3,0:00:00,351,0.04,1801.47,34.22,
Norte,E3,0:00:00,352,0.1,1801.47,34.1,
Norte,E3,0:00:00,353,0.06,1801.47,34.01,
Norte,E3,0:00:00,354,0.1,1801.49,32.79,
Norte,E3,0:00:00,355,0.04,1801.49,32.71,
Norte,E3,0:00:00,356,0.07,1801.49,32.75,
Norte,E3,0:00:00,357,0.03,1801.49,32.97,
Norte,E3,0:00:00,358,0.02,1801.49,33.22,
Norte,E3,0:00:00,362,0.07,1801.48,32.78,
Norte,E3,0:00:00,363,0.03,1801.48,32.77,
Norte,E3,0:00:00,364,0.06,1801.48,32.77,
Norte,E3,0:00:00,368,0.03,1801.47,32.8,
Norte,E3,0:00:00,371,0.04,1801.47,32.78,
Norte,E3,0:00:00,400,0.05,1801.48,32.5,
Norte,E3,0:00:00,401,0.04,1801.48,32.52,
Norte,E3,0:00:00,404,0.02,1801.48,32.32,
Norte,E3,0:00:00,405,0.01,1801.48,32.27,
Norte,E3,0:00:00,1049,0.02,1801.47,30.07,
Norte,E3,0:00:00,1051,0.03,1801.47,29.96,
Norte,E3,0:00:00,1053,0.02,1801.47,29.96,
Norte,E3,0:00:00,1059,0.04,1801.47,29.73,
Norte,E3,0:00:00,1063,0.02,1801.47,29.46,
Norte,E3,0:00:00,1077,0.02,1801.47,29.92,
Norte,E3,0:00:00,1089,0.03,1801.47,30.08,
Norte,E3,0:00:00,1093,0.06,1801.47,29.63,
Norte,E3,0:00:00,1094,0.01,1801.47,29.39,
Norte,E3,0:00:00,1095,0.02,1801.47,29.88,
Norte,E3,0:00:00,1100,0.03,1801.47,30.49,
Norte,E3,0:00:00,1102,0.06,1801.47,30.44,
Norte,E3,0:00:00,1103,0.0,1801.47,31.42,
Norte,E3,0:00:00,1104,0.06,1801.47,30.47,
Norte,E3,0:00:00,1106,0.07,1801.47,30.41,
Norte,E3,0:00:00,1107,0.03,1801.47,30.67,
Norte,E3,0:00:00,1109,0.01,1801.47,30.66,
Norte,E3,0:00:00,1110,0.01,1801.47,30.3,
Norte,E3,0:00:00,1112,0.02,1801.47,30.32,
Norte,E3,0:00:00,1113,0.03,1801.47,30.06,
Norte,E3,0:00:00,1115,0.07,1801.47,30.05,
Norte,E3,0:00:00,1117,0.07,1801.47,30.1,
Norte,E3,0:00:00,1119,0.09,1801.47,30.69,
Norte,E3,0:00:00,1120,0.06,1801.47,30.26,
Norte,E3,0:00:00,1122,0.04,1801.47,31.56,
Norte,E3,0:00:00,1125,0.05,1801.47,31.5,
Norte,E3,0:00:00,1128,0.05,1801.47,31.75,
Norte,E3,0:00:00,1130,0.06,1801.47,31.57,
Norte,E3,0:00:00,1131,0.06,1801.47,31.72,
Norte,E3,0:00:00,1133,0.02,1801.47,32.75,
Norte,E3,0:00:00,1134,0.11,1801.49,32.82,
Norte,E3,0:00:00,1135,0.07,1801.47,32.93,
Norte,E3,0:00:00,1137,0.1,1801.49,32.76,
Norte,E3,0:00:00,1139,0.06,1801.49,32.74,
Norte,E3,0:00:00,1140,0.02,1801.49,32.79,
Norte,E3,0:00:00,1141,0.04,1801.47,31.73,
Norte,E3,0:00:00,1142,0.02,1801.48,31.68,
Norte,E3,0:00:00,1143,0.06,1801.48,32.53,
Norte,E3,0:00:00,1144,0.06,1801.47,32.7,
Norte,E3,0:00:00,1145,0.03,1801.48,32.62,
Norte,E3,0:00:00,1147,0.0,1801.48,32.78,
Norte,E3,0:00:00,1148,0.0,1801.48,32.79,
Norte,E3,0:00:00,1149,0.12,1801.5,31.39,
Norte,E3,0:00:00,1150,0.16,1801.48,31.2,
Norte,E3,0:00:00,1151,0.03,1801.54,27.31,
Norte,E3,0:00:00,1153,0.01,1801.51,28.91,
Norte,E3,0:00:00,1154,0.0,1801.51,29.36,
Norte,E3,0:00:00,1158,0.09,1801.51,29.57,
Norte,E3,0:00:00,1159,0.06,1801.5,31.94,
Norte,E3,0:00:00,1161,0.03,1801.5,31.01,
Norte,E3,0:00:00,1162,0.0,1801.49,32.43,
Norte,E3,0:00:00,1164,0.08,1801.49,32.51,
Norte,E3,0:00:00,1165,0.03,1801.49,32.62,
Norte,E3,0:00:00,1166,0.04,1801.5,32.18,
Norte,E3,0:00:00,1169,0.07,1801.49,32.79,
Norte,E3,0:00:00,1171,0.05,1801.48,32.8,
Norte,E3,0:00:00,1172,0.12,1801.48,33.85,
Norte,E3,0:00:00,1174,0.04,1801.48,33.65,
Norte,E3,0:00:00,1175,0.09,1801.49,32.15,
Norte,E3,0:00:00,1176,0.13,1801.49,33.64,
Norte,E3,0:00:00,1179,0.04,1801.49,33.15,
Norte,E3,0:00:00,1181,0.01,1801.48,33.64,
Norte,E3,0:00:00,1182,0.05,1801.49,32.88,
Norte,E3,0:00:00,1184,0.03,1801.51,25.07,
Norte,E3,0:00:00,1185,0.02,1801.51,26.78,
Norte,E3,0:00:00,1186,0.01,1801.51,26.1,
Norte,E3,0:00:00,1187,0.16,1801.49,25.78,
Norte,E3,0:00:00,1189,0.01,1801.46,25.37,
Norte,E3,0:00:00,1190,0.05,1801.46,26.33,
Norte,E3,0:00:00,1191,0.05,1801.49,29.37,
Norte,E3,0:00:00,1192,0.01,1801.49,27.47,
Norte,E3,0:00:00,1196,0.04,1801.43,27.21,
Norte,E3,0:00:00,1197,0.04,1801.43,27.68,
Norte,E3,0:00:00,1207,0.09,1801.43,25.64,
Norte,E3,0:00:00,1216,0.07,1801.43,19.4,
Norte,E3,0:00:00,1221,0.04,1801.52,19.96,
Norte,E3,0:00:00,1223,0.04,1801.52,19.74,
Norte,E3,0:00:00,1224,0.05,1801.52,23.34,
Norte,E3,0:00:00,1225,0.03,1801.5,24.8,
Norte,E3,0:00:00,1226,0.05,1801.52,23.57,
Norte,E3,0:00:00,1228,0.03,1801.52,22.9,
Norte,E3,0:00:00,1229,0.01,1801.52,22.6,
Norte,E3,0:00:00,1230,0.01,1801.52,22.55,
Norte,E3,0:00:00,1231,0.01,1801.52,22.63,
Norte,E3,0:00:00,1232,0.02,1801.52,22.09,
Norte,E3,0:00:00,1233,0.01,1801.52,22.06,
Norte,E3,0:00:00,1240,0.09,1801.53,21.36,
Norte,E3,0:00:00,1242,0.09,1801.52,22.52,
Norte,E3,0:00:00,1243,0.03,1801.52,23.29,
Norte,E3,0:00:00,1244,0.09,1801.51,24.84,
Norte,E3,0:00:00,1245,0.05,1801.5,25.91,
Norte,E3,0:00:00,1246,0.03,1801.5,26.1,
Norte,E3,0:00:00,1247,0.05,1801.5,25.86,
Norte,E3,0:00:00,1248,0.05,1801.5,25.57,
Norte,E3,0:00:00,1249,0.11,1801.51,23.93,
Norte,E3,0:00:00,1250,0.11,1801.52,22.83,
Norte,E3,0:00:00,1252,0.08,1801.53,21.44,
Norte,E3,0:00:00,1253,0.11,1801.52,23.91,
Norte,E3,0:00:00,1254,0.1,1801.53,22.23,
Norte,E3,0:00:00,1255,0.06,1801.55,21.98,
Norte,E3,0:00:00,1257,0.06,1801.55,21.36,
Norte,E3,0:00:00,1265,0.02,1801.58,20.99,
Norte,E3,0:00:00,1268,0.05,1801.58,21.08,
Norte,E3,0:00:00,1272,0.02,1801.56,21.73,
Norte,E3,0:00:00,1274,0.05,1801.56,21.76,
Norte,E3,0:00:00,1276,0.1,1801.55,22.74,
Norte,E3,0:00:00,1279,0.04,1801.54,24.03,
Norte,E3,0:00:00,1281,0.05,1801.54,24.4,
Norte,E3,0:00:00,1282,0.02,1801.54,25.87,
Norte,E3,0:00:00,1284,0.02,1801.48,31.24,
Norte,E3,0:00:00,1286,0.06,1801.54,22.95,
Norte,E3,0:00:00,1288,0.01,1801.54,24.98,
Norte,E3,0:00:00,1289,0.02,1801.54,23.31,
Norte,E3,0:00:00,1290,0.08,1801.54,23.39,
Norte,E3,0:00:00,1291,0.0,1801.54,21.15,
Norte,E3,0:00:00,1292,0.05,1801.54,21.38,
Norte,E3,0:00:00,1293,0.06,1801.54,22.03,
Norte,E3,0:00:00,1294,0.02,1801.55,21.89,
Norte,E3,0:00:00,1295,0.1,1801.55,21.06,
Norte,E3,0:00:00,1297,0.07,1801.55,20.67,
Norte,E3,0:00:00,1302,0.07,1801.55,20.15,
Norte,E3,0:00:00,1304,0.04,1801.55,20.15,
Norte,E3,0:00:00,1305,0.0,1801.55,20.16,
Norte,E3,0:00:00,1306,0.05,1801.55,20.16,
Norte,E3,0:00:00,1308,0.06,1801.54,20.68,
Norte,E3,0:00:00,1309,0.03,1801.54,28.57,
Norte,E3,0:00:00,1310,0.01,1801.54,24.72,
Norte,E3,0:00:00,1312,0.08,1801.5,29.58,
Norte,E3,0:00:00,1313,0.0,1801.5,29.8,
Norte,E3,0:00:00,1315,0.05,1801.5,29.76,
Norte,E3,0:00:00,1318,0.06,1801.47,29.74,
Norte,E3,0:00:00,1319,0.01,1801.47,29.39,
Norte,E3,0:00:00,1321,0.04,1801.54,21.57,
Norte,E3,0:00:00,1322,0.0,1801.54,22.34,
Norte,E3,0:00:00,1323,0.05,1801.54,22.13,
Norte,E3,0:00:00,1324,0.02,1801.55,20.7,
Norte,E3,0:00:00,1326,0.07,1801.54,20.35,
Norte,E3,0:00:00,1334,0.05,1801.54,22.26,
Norte,E3,0:00:00,1335,0.05,1801.53,22.82,
Norte,E3,0:00:00,1336,0.01,1801.53,21.95,
Norte,E3,0:00:00,1340,0.03,1801.54,29.2,
Norte,E3,0:00:00,5010,0.02,1801.52,26.07,
Norte,E3,0:00:00,5011,0.04,1801.46,26.25,
Norte,E3,0:00:00,5019,0.04,1801.47,32.29,
Norte,E3,0:00:00,5086,0.05,1801.48,32.77,
Norte,E3,0:00:00,5087,0.0,1801.48,32.82,
Norte,E3,0:00:00,5108,0.0,1801.46,26.18,
Norte,E3,0:00:00,5112,0.02,1801.56,21.77,
Norte,E3,0:00:00,5148,0.0,1801.48,32.5,
Norte,E3,0:00:00,5193,0.0,1801.47,31.62,
Norte,E3,0:00:00,5204,0.11,1801.43,25.71,
Norte,E3,0:00:00,5241,0.0,1801.52,19.89,
Norte,E3,0:00:00,5264,0.02,1801.48,32.78,
Norte,E3,0:00:00,5289,0.01,1801.47,29.99,
Norte,E3,0:00:00,5291,0.01,1801.5,30.02,
Norte,E3,0:00:00,5311,0.1,1801.47,32.72,
Norte,E3,0:00:00,5312,0.0,1801.47,32.86,
Norte,E3,0:00:00,5313,0.0,1801.47,32.66,
Norte,E3,0:00:00,5314,0.01,1801.46,26.11,
Norte,E3,0:00:00,5342,0.03,1801.52,25.97,
Norte,E3,0:00:00,5343,0.11,1801.57,21.09,
Norte,E3,0:00:00,5344,0.11,1801.57,26.03,
Norte,E3,0:00:00,5345,0.11,1801.57,26.19,
Norte,E3,0:00:00,5478,0.0,1801.56,21.78,
Norte,E3,0:00:00,5484,0.0,1801.52,19.36,
Norte,E3,0:00:00,5493,0.01,1801.49,31.01,
Norte,E3,0:00:00,5494,0.01,1801.49,31.08,
Norte,E3,0:00:00,5495,0.08,1801.47,33.0,
Norte,E3,0:00:00,5506,0.01,1801.52,23.04,
Norte,E3,0:00:00,5523,0.0,1801.47,29.46,
Norte,E3,0:00:00,5533,0.02,1801.54,21.0,
Norte,E3,0:00:00,5537,0.03,1801.47,29.72,
Norte,E3,0:00:00,5538,0.05,1801.47,30.04,
Norte,E3,0:00:00,5603,0.04,1801.48,31.26,
Norte,E3,0:00:00,5604,0.05,1801.48,30.83,
Norte,E3,0:00:00,5613,0.05,1801.48,32.67,
Norte,E3,0:00:00,5614,0.02,1801.49,32.76,
Norte,E3,0:00:00,5620,0.04,1801.47,32.62,
Norte,E3,0:00:00,5621,0.03,1801.47,32.56,
Norte,E3,0:00:00,5678,0.05,1801.47,30.15,
Norte,E3,0:00:00,5685,0.02,1801.49,25.95,
Norte,E3,0:00:00,5709,0.12,1801.57,21.1,
Norte,E3,0:00:00,5744,0.04,1801.49,32.41,
Norte,E3,0:00:00,5746,0.06,1801.53,24.68,
Norte,E3,0:00:00,5747,0.04,1801.51,26.18,
Norte,E3,0:00:00,5748,0.05,1801.61,21.35,
Norte,E3,0:00:00,5749,0.05,1801.66,21.51,
Norte,E3,0:00:00,5750,0.03,1801.7,21.37,
Norte,E3,0:00:00,5760,0.03,1801.73,21.09,
Norte,E3,0:00:00,5761,0.02,1801.71,21.48,
Norte,E3,0:00:00,5762,0.01,1801.77,20.53,
Norte,E3,0:00:00,5763,0.02,1801.76,20.76,
Norte,E3,0:00:00,10020,0.04,1801.48,33.54,
Norte,E3,0:00:00,10059,0.03,1801.47,29.98,
Norte,E3,0:00:00,10061,0.0,1801.54,20.83,
Norte,E3,0:00:00,10062,0.0,1801.55,20.73,
Norte,E3,0:00:00,10063,0.0,1801.58,20.99,
Norte,E3,0:00:00,10082,0.07,1801.53,20.79,
Norte,E3,1:00:00,346,0.04,1801.46,33.76,
Norte,E3,1:00:00,347,0.06,1801.46,33.94,
Norte,E3,1:00:00,348,0.1,1801.46,33.95,
Norte,E3,1:00:00,349,0.04,1801.46,32.63,
Norte,E3,1:00:00,350,0.02,1801.46,32.62,
Norte,E3,1:00:00,351,0.04,1801.46,34.21,
Norte,E3,1:00:00,352,0.1,1801.46,34.09,
Norte,E3,1:00:00,353,0.06,1801.46,34.0,
Norte,E3,1:00:00,354,0.1,1801.48,32.78,
Norte,E3,1:00:00,355,0.04,1801.48,32.7,
Norte,E3,1:00:00,356,0.07,1801.48,32.74,
Norte,E3,1:00:00,357,0.03,1801.48,32.96,
Norte,E3,1:00:00,358,0.02,1801.48,33.21,
Norte,E3,1:00:00,362,0.07,1801.47,32.77,
Norte,E3,1:00:00,363,0.03,1801.47,32.76,
Norte,E3,1:00:00,364,0.06,1801.47,32.76,
Norte,E3,1:00:00,368,0.03,1801.46,32.79,
Norte,E3,1:00:00,371,0.05,1801.46,32.77,
Norte,E3,1:00:00,400,0.05,1801.47,32.49,
Norte,E3,1:00:00,401,0.04,1801.47,32.51,
Norte,E3,1:00:00,404,0.02,1801.47,32.31,
Norte,E3,1:00:00,405,0.01,1801.47,32.26,
Norte,E3,1:00:00,1049,0.02,1801.46,30.06,
Norte,E3,1:00:00,1051,0.03,1801.46,29.95,
Norte,E3,1:00:00,1053,0.02,1801.46,29.95,
Norte,E3,1:00:00,1059,0.04,1801.46,29.72,
Norte,E3,1:00:00,1063,0.02,1801.46,29.45,
Norte,E3,1:00:00,1077,0.02,1801.46,29.91,
Norte,E3,1:00:00,1089,0.03,1801.46,30.07,
Norte,E3,1:00:00,1093,0.06,1801.46,29.62,
Norte,E3,1:00:00,1094,0.01,1801.46,29.38,
Norte,E3,1:00:00,1095,0.02,1801.46,29.87,
Norte,E3,1:00:00,1100,0.03,1801.46,30.48,
Norte,E3,1:00:00,1102,0.06,1801.46,30.43,
Norte,E3,1:00:00,1103,0.0,1801.46,31.41,
Norte,E3,1:00:00,1104,0.06,1801.46,30.46,
Norte,E3,1:00:00,1106,0.07,1801.46,30.4,
Norte,E3,1:00:00,1107,0.03,1801.46,30.66,
Norte,E3,1:00:00,1109,0.01,1801.46,30.65,
Norte,E3,1:00:00,1110,0.01,1801.46,30.29,
Norte,E3,1:00:00,1112,0.02,1801.46,30.31,
Norte,E3,1:00:00,1113,0.03,1801.46,30.05,
Norte,E3,1:00:00,1115,0.07,1801.46,30.04,
Norte,E3,1:00:00,1117,0.07,1801.46,30.09,
Norte,E3,1:00:00,1119,0.09,1801.46,30.68,
Norte,E3,1:00:00,1120,0.06,1801.46,30.25,
Norte,E3,1:00:00,1122,0.05,1801.46,31.55,
Norte,E3,1:00:00,1125,0.05,1801.46,31.49,
Norte,E3,1:00:00,1128,0.05,1801.46,31.74,
Norte,E3,1:00:00,1130,0.06,1801.46,31.56,
Norte,E3,1:00:00,1131,0.06,1801.46,31.71,
Norte,E3,1:00:00,1133,0.02,1801.46,32.74,
Norte,E3,1:00:00,1134,0.11,1801.48,32.81,
Norte,E3,1:00:00,1135,0.08,1801.46,32.92,
Norte,E3,1:00:00,1137,0.1,1801.48,32.75,
Norte,E3,1:00:00,1139,0.06,1801.48,32.73,
Norte,E3,1:00:00,1140,0.02,1801.48,32.78,
Norte,E3,1:00:00,1141,0.04,1801.46,31.72,
Norte,E3,1:00:00,1142,0.02,1801.47,31.67,
Norte,E3,1:00:00,1143,0.06,1801.47,32.52,
Norte,E3,1:00:00,1144,0.06,1801.46,32.69,
Norte,E3,1:00:00,1145,0.03,1801.47,32.61,
Norte,E3,1:00:00,1147,0.0,1801.47,32.77,
Norte,E3,1:00:00,1148,0.0,1801.47,32.78,
Norte,E3,1:00:00,1149,0.12,1801.49,31.38,
Norte,E3,1:00:00,1150,0.17,1801.47,31.19,
Norte,E3,1:00:00,1151,0.03,1801.53,27.3,
Norte,E3,1:00:00,1153,0.01,1801.5,28.9,
Norte,E3,1:00:00,1154,0.0,1801.5,29.35,
Norte,E3,1:00:00,1158,0.09,1801.5,29.56,
Norte,E3,1:00:00,1159,0.06,1801.49,31.93,
Norte,E3,1:00:00,1161,0.03,1801.49,31.0,
Norte,E3,1:00:00,1162,0.0,1801.48,32.42,
Norte,E3,1:00:00,1164,0.08,1801.48,32.5,
Norte,E3,1:00:00,1165,0.03,1801.48,32.61,
Norte,E3,1:00:00,1166,0.04,1801.49,32.17,
Norte,E3,1:00:00,1169,0.07,1801.48,32.78,
Norte,E3,1:00:00,1171,0.05,1801.47,32.79,
Norte,E3,1:00:00,1172,0.13,1801.47,33.84,
Norte,E3,1:00:00,1174,0.04,1801.47,33.64,
Norte,E3,1:00:00,1175,0.1,1801.48,32.14,
Norte,E3,1:00:00,1176,0.14,1801.48,33.63,
Norte,E3,1:00:00,1179,0.04,1801.48,33.14,
Norte,E3,1:00:00,1181,0.01,1801.47,33.63,
Norte,E3,1:00:00,1182,0.05,1801.48,32.87,
Norte,E3,1:00:00,1184,0.03,1801.51,25.07,
Norte,E3,1:00:00,1185,0.02,1801.5,26.77,
Norte,E3,1:00:00,1186,0.01,1801.5,26.09,
Norte,E3,1:00:00,1187,0.17,1801.49,25.78,
Norte,E3,1:00:00,1189,0.01,1801.45,25.36,
Norte,E3,1:00:00,1190,0.05,1801.45,26.32,
Norte,E3,1:00:00,1191,0.05,1801.48,29.36,
Norte,E3,1:00:00,1192,0.01,1801.48,27.46,
Norte,E3,1:00:00,1196,0.04,1801.42,27.2,
Norte,E3,1:00:00,1197,0.04,1801.42,27.67,
Norte,E3,1:00:00,1207,0.09,1801.42,25.63,
Norte,E3,1:00:00,1216,0.07,1801.42,19.39,
Norte,E3,1:00:00,1221,0.04,1801.52,19.96,
Norte,E3,1:00:00,1223,0.04,1801.52,19.74,
Norte,E3,1:00:00,1224,0.06,1801.51,23.33,
Norte,E3,1:00:00,1225,0.03,1801.5,24.8,
Norte,E3,1:00:00,1226,0.05,1801.51,23.56,
Norte,E3,1:00:00,1228,0.03,1801.51,22.89,
Norte,E3,1:00:00,1229,0.01,1801.51,22.59,
Norte,E3,1:00:00,1230,0.01,1801.51,22.54,
Norte,E3,1:00:00,1231,0.01,1801.51,22.62,
Norte,E3,1:00:00,1232,0.02,1801.51,22.08,
Norte,E3,1:00:00,1233,0.01,1801.51,22.05,
Norte,E3,1:00:00,1240,0.09,1801.52,21.35,
Norte,E3,1:00:00,1242,0.09,1801.51,22.51,
Norte,E3,1:00:00,1243,0.03,1801.51,23.28,
Norte,E3,1:00:00,1244,0.09,1801.5,24.83,
Norte,E3,1:00:00,1245,0.05,1801.5,25.91,
Norte,E3,1:00:00,1246,0.03,1801.49,26.09,
Norte,E3,1:00:00,1247,0.06,1801.49,25.85,
Norte,E3,1:00:00,1248,0.05,1801.49,25.56,
Norte,E3,1:00:00,1249,0.11,1801.51,23.93,
Norte,E3,1:00:00,1250,0.12,1801.52,22.83,
Norte,E3,1:00:00,1252,0.08,1801.53,21.44,
Norte,E3,1:00:00,1253,0.11,1801.51,23.9,
Norte,E3,1:00:00,1254,0.11,1801.53,22.23,
Norte,E3,1:00:00,1255,0.06,1801.54,21.97,
Norte,E3,1:00:00,1257,0.06,1801.55,21.36,
Norte,E3,1:00:00,1265,0.02,1801.57,20.98,
Norte,E3,1:00:00,1268,0.05,1801.57,21.07,
Norte,E3,1:00:00,1272,0.02,1801.55,21.72,
Norte,E3,1:00:00,1274,0.05,1801.56,21.76,
Norte,E3,1:00:00,1276,0.1,1801.54,22.73,
Norte,E3,1:00:00,1279,0.04,1801.53,24.02,
Norte,E3,1:00:00,1281,0.05,1801.53,24.39,
Norte,E3,1:00:00,1282,0.02,1801.53,25.86,
Norte,E3,1:00:00,1284,0.02,1801.47,31.23,
Norte,E3,1:00:00,1286,0.06,1801.53,22.94,
Norte,E3,1:00:00,1288,0.01,1801.53,24.97,
Norte,E3,1:00:00,1289,0.02,1801.53,23.3,
Norte,E3,1:00:00,1290,0.08,1801.53,23.38,
Norte,E3,1:00:00,1291,0.0,1801.53,21.14,
Norte,E3,1:00:00,1292,0.05,1801.53,21.37,
Norte,E3,1:00:00,1293,0.06,1801.53,22.02,
Norte,E3,1:00:00,1294,0.02,1801.54,21.88,
Norte,E3,1:00:00,1295,0.1,1801.54,21.05,
Norte,E3,1:00:00,1297,0.07,1801.55,20.67,
Norte,E3,1:00:00,1302,0.07,1801.54,20.14,
Norte,E3,1:00:00,1304,0.04,1801.54,20.14,
Norte,E3,1:00:00,1305,0.0,1801.54,20.15,
Norte,E3,1:00:00,1306,0.05,1801.54,20.15,
Norte,E3,1:00:00,1308,0.06,1801.54,20.68,
Norte,E3,1:00:00,1309,0.03,1801.54,28.57,
Norte,E3,1:00:00,1310,0.01,1801.54,24.72,
Norte,E3,1:00:00,1312,0.08,1801.49,29.57,
Norte,E3,1:00:00,1313,0.0,1801.49,29.79,
Norte,E3,1:00:00,1315,0.05,1801.49,29.75,
Norte,E3,1:00:00,1318,0.06,1801.46,29.73,
Norte,E3,1:00:00,1319,0.01,1801.46,29.38,
Norte,E3,1:00:00,1321,0.04,1801.54,21.57,
Norte,E3,1:00:00,1322,0.0,1801.54,22.34,
Norte,E3,1:00:00,1323,0.05,1801.54,22.13,
Norte,E3,1:00:00,1324,0.02,1801.54,20.69,
Norte,E3,1:00:00,1326,0.07,1801.54,20.34,
Norte,E3,1:00:00,1334,0.05,1801.53,22.25,
Norte,E3,1:00:00,1335,0.06,1801.52,22.81,
Norte,E3,1:00:00,1336,0.01,1801.52,21.94,
Norte,E3,1:00:00,1340,0.03,1801.53,29.19,
Norte,E3,1:00:00,5010,0.02,1801.52,26.07,
Norte,E3,1:00:00,5011,0.04,1801.45,26.24,
Norte,E3,1:00:00,5019,0.04,1801.46,32.28,
Norte,E3,1:00:00,5086,0.05,1801.47,32.76,
Norte,E3,1:00:00,5087,0.0,1801.47,32.81,
Norte,E3,1:00:00,5108,0.0,1801.45,26.17,
Norte,E3,1:00:00,5112,0.02,1801.55,21.76,
Norte,E3,1:00:00,5148,0.0,1801.47,32.49,
Norte,E3,1:00:00,5193,0.0,1801.46,31.61,
Norte,E3,1:00:00,5204,0.11,1801.42,25.7,
Norte,E3,1:00:00,5241,0.0,1801.52,19.89,
Norte,E3,1:00:00,5264,0.02,1801.47,32.77,
Norte,E3,1:00:00,5289,0.01,1801.46,29.98,
Norte,E3,1:00:00,5291,0.01,1801.49,30.01,
Norte,E3,1:00:00,5311,0.1,1801.46,32.71,
Norte,E3,1:00:00,5312,0.0,1801.46,32.85,
Norte,E3,1:00:00,5313,0.0,1801.46,32.65,
Norte,E3,1:00:00,5314,0.01,1801.45,26.1,
Norte,E3,1:00:00,5342,0.03,1801.52,25.97,
Norte,E3,1:00:00,5343,0.11,1801.57,21.09,
Norte,E3,1:00:00,5344,0.11,1801.56,26.02,
Norte,E3,1:00:00,5345,0.11,1801.56,26.18,
Norte,E3,1:00:00,5478,0.0,1801.55,21.77,
Norte,E3,1:00:00,5484,0.0,1801.52,19.36,
Norte,E3,1:00:00,5493,0.01,1801.48,31.0,
Norte,E3,1:00:00,5494,0.01,1801.48,31.07,
Norte,E3,1:00:00,5495,0.08,1801.46,32.99,
Norte,E3,1:00:00,5506,0.01,1801.51,23.03,
Norte,E3,1:00:00,5523,0.0,1801.46,29.45,
Norte,E3,1:00:00,5533,0.02,1801.53,20.99,
Norte,E3,1:00:00,5537,0.03,1801.46,29.71,
Norte,E3,1:00:00,5538,0.05,1801.46,30.03,
Norte,E3,1:00:00,5603,0.04,1801.47,31.25,
Norte,E3,1:00:00,5604,0.06,1801.47,30.82,
Norte,E3,1:00:00,5613,0.05,1801.47,32.66,
Norte,E3,1:00:00,5614,0.02,1801.48,32.75,
Norte,E3,1:00:00,5620,0.04,1801.46,32.61,
Norte,E3,1:00:00,5621,0.03,1801.46,32.55,
Norte,E3,1:00:00,5678,0.05,1801.46,30.14,
Norte,E3,1:00:00,5685,0.02,1801.48,25.94,
Norte,E3,1:00:00,5709,0.12,1801.57,21.1,
Norte,E3,1:00:00,5744,0.04,1801.48,32.4,
Norte,E3,1:00:00,5746,0.06,1801.52,24.67,
Norte,E3,1:00:00,5747,0.04,1801.5,26.17,
Norte,E3,1:00:00,5748,0.05,1801.61,21.35,
Norte,E3,1:00:00,5749,0.05,1801.66,21.51,
Norte,E3,1:00:00,5750,0.03,1801.69,21.36,
Norte,E3,1:00:00,5760,0.03,1801.73,21.09,
Norte,E3,1:00:00,5761,0.02,1801.7,21.47,
Norte,E3,1:00:00,5762,0.01,1801.77,20.53,
Norte,E3,1:00:00,5763,0.02,1801.76,20.76,
Norte,E3,1:00:00,10020,0.04,1801.47,33.53,
Norte,E3,1:00:00,10059,0.03,1801.46,29.97,
Norte,E3,1:00:00,10061,0.0,1801.53,20.82,
Norte,E3,1:00:00,10062,0.0,1801.55,20.73,
Norte,E3,1:00:00,10063,0.0,1801.57,20.98,
Norte,E3,1:00:00,10082,0.07,1801.52,20.78,
Norte,E3,2:00:00,346,0.04,1801.44,33.74,
Norte,E3,2:00:00,347,0.06,1801.44,33.92,
Norte,E3,2:00:00,348,0.1,1801.44,33.93,
Norte,E3,2:00:00,349,0.05,1801.44,32.61,
Norte,E3,2:00:00,350,0.02,1801.44,32.6,
Norte,E3,2:00:00,351,0.04,1801.44,34.19,
Norte,E3,2:00:00,352,0.11,1801.44,34.07,
Norte,E3,2:00:00,353,0.06,1801.44,33.98,
Norte,E3,2:00:00,354,0.1,1801.46,32.76,
Norte,E3,2:00:00,355,0.04,1801.46,32.68,
Norte,E3,2:00:00,356,0.07,1801.46,32.72,
Norte,E3,2:00:00,357,0.03,1801.46,32.94,
Norte,E3,2:00:00,358,0.02,1801.46,33.19,
Norte,E3,2:00:00,362,0.07,1801.45,32.75,
Norte,E3,2:00:00,363,0.03,1801.46,32.75,
Norte,E3,2:00:00,364,0.06,1801.46,32.75,
Norte,E3,2:00:00,368,0.03,1801.45,32.78,
Norte,E3,2:00:00,371,0.05,1801.45,32.76,
Norte,E3,2:00:00,400,0.05,1801.45,32.47,
Norte,E3,2:00:00,401,0.05,1801.45,32.49,
Norte,E3,2:00:00,404,0.02,1801.45,32.29,
Norte,E3,2:00:00,405,0.01,1801.45,32.24,
Norte,E3,2:00:00,1049,0.02,1801.44,30.04,
Norte,E3,2:00:00,1051,0.03,1801.44,29.93,
Norte,E3,2:00:00,1053,0.02,1801.44,29.93,
Norte,E3,2:00:00,1059,0.05,1801.44,29.7,
Norte,E3,2:00:00,1063,0.02,1801.44,29.43,
Norte,E3,2:00:00,1077,0.02,1801.44,29.89,
Norte,E3,2:00:00,1089,0.03,1801.44,30.05,
Norte,E3,2:00:00,1093,0.06,1801.44,29.6,
Norte,E3,2:00:00,1094,0.01,1801.44,29.36,
Norte,E3,2:00:00,1095,0.02,1801.44,29.85,
Norte,E3,2:00:00,1100,0.04,1801.44,30.46,
Norte,E3,2:00:00,1102,0.06,1801.44,30.41,
Norte,E3,2:00:00,1103,0.01,1801.45,31.4,
Norte,E3,2:00:00,1104,0.06,1801.44,30.44,
Norte,E3,2:00:00,1106,0.07,1801.44,30.38,
Norte,E3,2:00:00,1107,0.03,1801.44,30.64,
Norte,E3,2:00:00,1109,0.01,1801.44,30.63,
Norte,E3,2:00:00,1110,0.01,1801.44,30.27,
Norte,E3,2:00:00,1112,0.02,1801.44,30.29,
Norte,E3,2:00:00,1113,0.03,1801.44,30.03,
Norte,E3,2:00:00,1115,0.07,1801.44,30.02,
Norte,E3,2:00:00,1117,0.07,1801.45,30.08,
Norte,E3,2:00:00,1119,0.09,1801.44,30.66,
Norte,E3,2:00:00,1120,0.07,1801.44,30.23,
Norte,E3,2:00:00,1122,0.05,1801.45,31.54,
Norte,E3,2:00:00,1125,0.05,1801.45,31.48,
Norte,E3,2:00:00,1128,0.05,1801.45,31.73,
Norte,E3,2:00:00,1130,0.06,1801.45,31.55,
Norte,E3,2:00:00,1131,0.06,1801.45,31.7,
Norte,E3,2:00:00,1133,0.02,1801.44,32.72,
Norte,E3,2:00:00,1134,0.11,1801.47,32.8,
Norte,E3,2:00:00,1135,0.08,1801.45,32.91,
Norte,E3,2:00:00,1137,0.1,1801.47,32.74,
Norte,E3,2:00:00,1139,0.06,1801.46,32.71,
Norte,E3,2:00:00,1140,0.03,1801.46,32.76,
Norte,E3,2:00:00,1141,0.04,1801.44,31.7,
Norte,E3,2:00:00,1142,0.02,1801.46,31.66,
Norte,E3,2:00:00,1143,0.07,1801.46,32.51,
Norte,E3,2:00:00,1144,0.06,1801.44,32.67,
Norte,E3,2:00:00,1145,0.03,1801.46,32.6,
Norte,E3,2:00:00,1147,0.0,1801.45,32.75,
Norte,E3,2:00:00,1148,0.0,1801.45,32.76,
Norte,E3,2:00:00,1149,0.13,1801.48,31.37,
Norte,E3,2:00:00,1150,0.17,1801.45,31.17,
Norte,E3,2:00:00,1151,0.03,1801.52,27.29,
Norte,E3,2:00:00,1153,0.01,1801.49,28.89,
Norte,E3,2:00:00,1154,0.0,1801.49,29.34,
Norte,E3,2:00:00,1158,0.09,1801.49,29.55,
Norte,E3,2:00:00,1159,0.06,1801.48,31.92,
Norte,E3,2:00:00,1161,0.03,1801.48,30.99,
Norte,E3,2:00:00,1162,0.0,1801.47,32.41,
Norte,E3,2:00:00,1164,0.08,1801.47,32.49,
Norte,E3,2:00:00,1165,0.03,1801.47,32.6,
Norte,E3,2:00:00,1166,0.04,1801.47,32.15,
Norte,E3,2:00:00,1169,0.07,1801.47,32.77,
Norte,E3,2:00:00,1171,0.05,1801.46,32.78,
Norte,E3,2:00:00,1172,0.13,1801.46,33.83,
Norte,E3,2:00:00,1174,0.04,1801.46,33.63,
Norte,E3,2:00:00,1175,0.1,1801.46,32.12,
Norte,E3,2:00:00,1176,0.14,1801.46,33.61,
Norte,E3,2:00:00,1179,0.05,1801.46,33.12,
Norte,E3,2:00:00,1181,0.01,1801.46,33.62,
Norte,E3,2:00:00,1182,0.05,1801.47,32.86,
Norte,E3,2:00:00,1184,0.03,1801.49,25.05,
Norte,E3,2:00:00,1185,0.02,1801.49,26.76,
Norte,E3,2:00:00,1186,0.01,1801.49,26.08,
Norte,E3,2:00:00,1187,0.17,1801.47,25.76,
Norte,E3,2:00:00,1189,0.01,1801.43,25.34,
Norte,E3,2:00:00,1190,0.05,1801.43,26.3,
Norte,E3,2:00:00,1191,0.05,1801.46,29.34,
Norte,E3,2:00:00,1192,0.01,1801.46,27.44,
Norte,E3,2:00:00,1196,0.04,1801.41,27.19,
Norte,E3,2:00:00,1197,0.04,1801.41,27.66,
Norte,E3,2:00:00,1207,0.09,1801.41,25.62,
Norte,E3,2:00:00,1216,0.07,1801.4,19.37,
Norte,E3,2:00:00,1221,0.04,1801.5,19.94,
Norte,E3,2:00:00,1223,0.04,1801.5,19.72,
Norte,E3,2:00:00,1224,0.06,1801.5,23.32,
Norte,E3,2:00:00,1225,0.03,1801.48,24.78,
Norte,E3,2:00:00,1226,0.05,1801.5,23.55,
Norte,E3,2:00:00,1228,0.03,1801.5,22.88,
Norte,E3,2:00:00,1229,0.01,1801.5,22.58,
Norte,E3,2:00:00,1230,0.01,1801.5,22.53,
Norte,E3,2:00:00,1231,0.01,1801.5,22.61,
Norte,E3,2:00:00,1232,0.02,1801.5,22.07,
Norte,E3,2:00:00,1233,0.01,1801.5,22.04,
Norte,E3,2:00:00,1240,0.09,1801.51,21.34,
Norte,E3,2:00:00,1242,0.09,1801.5,22.5,
Norte,E3,2:00:00,1243,0.03,1801.5,23.27,
Norte,E3,2:00:00,1244,0.09,1801.48,24.81,
Norte,E3,2:00:00,1245,0.05,1801.48,25.89,
Norte,E3,2:00:00,1246,0.03,1801.47,26.07,
Norte,E3,2:00:00,1247,0.06,1801.47,25.83,
Norte,E3,2:00:00,1248,0.05,1801.47,25.54,
Norte,E3,2:00:00,1249,0.11,1801.49,23.91,
Norte,E3,2:00:00,1250,0.12,1801.5,22.81,
Norte,E3,2:00:00,1252,0.09,1801.51,21.42,
Norte,E3,2:00:00,1253,0.11,1801.49,23.88,
Norte,E3,2:00:00,1254,0.11,1801.51,22.21,
Norte,E3,2:00:00,1255,0.06,1801.53,21.96,
Norte,E3,2:00:00,1257,0.06,1801.53,21.34,
Norte,E3,2:00:00,1265,0.02,1801.56,20.97,
Norte,E3,2:00:00,1268,0.05,1801.56,21.06,
Norte,E3,2:00:00,1272,0.03,1801.54,21.71,
Norte,E3,2:00:00,1274,0.05,1801.54,21.74,
Norte,E3,2:00:00,1276,0.1,1801.53,22.72,
Norte,E3,2:00:00,1279,0.05,1801.52,24.01,
Norte,E3,2:00:00,1281,0.05,1801.52,24.38,
Norte,E3,2:00:00,1282,0.02,1801.52,25.85,
Norte,E3,2:00:00,1284,0.02,1801.45,31.21,
Norte,E3,2:00:00,1286,0.06,1801.52,22.93,
Norte,E3,2:00:00,1288,0.01,1801.52,24.96,
Norte,E3,2:00:00,1289,0.02,1801.52,23.29,
Norte,E3,2:00:00,1290,0.08,1801.52,23.37,
Norte,E3,2:00:00,1291,0.0,1801.52,21.13,
Norte,E3,2:00:00,1292,0.05,1801.52,21.36,
Norte,E3,2:00:00,1293,0.07,1801.52,22.01,
Norte,E3,2:00:00,1294,0.02,1801.53,21.87,
Norte,E3,2:00:00,1295,0.11,1801.53,21.04,
Norte,E3,2:00:00,1297,0.08,1801.54,20.66,
Norte,E3,2:00:00,1302,0.07,1801.53,20.13,
Norte,E3,2:00:00,1304,0.05,1801.53,20.13,
Norte,E3,2:00:00,1305,0.0,1801.53,20.14,
Norte,E3,2:00:00,1306,0.05,1801.53,20.14,
Norte,E3,2:00:00,1308,0.06,1801.52,20.66,
Norte,E3,2:00:00,1309,0.03,1801.52,28.55,
Norte,E3,2:00:00,1310,0.02,1801.52,24.7,
Norte,E3,2:00:00,1312,0.08,1801.47,29.55,
Norte,E3,2:00:00,1313,0.0,1801.47,29.77,
Norte,E3,2:00:00,1315,0.05,1801.47,29.73,
Norte,E3,2:00:00,1318,0.06,1801.44,29.71,
Norte,E3,2:00:00,1319,0.01,1801.44,29.36,
Norte,E3,2:00:00,1321,0.04,1801.52,21.55,
Norte,E3,2:00:00,1322,0.0,1801.52,22.32,
Norte,E3,2:00:00,1323,0.05,1801.52,22.11,
Norte,E3,2:00:00,1324,0.02,1801.53,20.68,
Norte,E3,2:00:00,1326,0.07,1801.52,20.33,
Norte,E3,2:00:00,1334,0.05,1801.52,22.24,
Norte,E3,2:00:00,1335,0.06,1801.51,22.8,
Norte,E3,2:00:00,1336,0.01,1801.51,21.93,
Norte,E3,2:00:00,1340,0.03,1801.52,29.18,
Norte,E3,2:00:00,5010,0.02,1801.5,26.05,
Norte,E3,2:00:00,5011,0.04,1801.43,26.22,
Norte,E3,2:00:00,5019,0.05,1801.44,32.26,
Norte,E3,2:00:00,5086,0.06,1801.45,32.74,
Norte,E3,2:00:00,5087,0.01,1801.45,32.79,
Norte,E3,2:00:00,5108,0.0,1801.43,26.15,
Norte,E3,2:00:00,5112,0.02,1801.54,21.75,
Norte,E3,2:00:00,5148,0.0,1801.45,32.47,
Norte,E3,2:00:00,5193,0.0,1801.45,31.6,
Norte,E3,2:00:00,5204,0.11,1801.41,25.69,
Norte,E3,2:00:00,5241,0.0,1801.5,19.87,
Norte,E3,2:00:00,5264,0.02,1801.45,32.75,
Norte,E3,2:00:00,5289,0.01,1801.44,29.96,
Norte,E3,2:00:00,5291,0.01,1801.47,29.99,
Norte,E3,2:00:00,5311,0.1,1801.44,32.69,
Norte,E3,2:00:00,5312,0.0,1801.44,32.83,
Norte,E3,2:00:00,5313,0.0,1801.44,32.63,
Norte,E3,2:00:00,5314,0.01,1801.43,26.08,
Norte,E3,2:00:00,5342,0.03,1801.5,25.95,
Norte,E3,2:00:00,5343,0.11,1801.56,21.08,
Norte,E3,2:00:00,5344,0.11,1801.55,26.01,
Norte,E3,2:00:00,5345,0.11,1801.55,26.17,
Norte,E3,2:00:00,5478,0.0,1801.54,21.76,
Norte,E3,2:00:00,5484,0.0,1801.5,19.34,
Norte,E3,2:00:00,5493,0.01,1801.46,30.98,
Norte,E3,2:00:00,5494,0.01,1801.47,31.06,
Norte,E3,2:00:00,5495,0.08,1801.44,32.97,
Norte,E3,2:00:00,5506,0.01,1801.5,23.02,
Norte,E3,2:00:00,5523,0.0,1801.44,29.43,
Norte,E3,2:00:00,5533,0.02,1801.52,20.98,
Norte,E3,2:00:00,5537,0.03,1801.44,29.69,
Norte,E3,2:00:00,5538,0.05,1801.44,30.01,
Norte,E3,2:00:00,5603,0.04,1801.46,31.24,
Norte,E3,2:00:00,5604,0.06,1801.45,30.8,
Norte,E3,2:00:00,5613,0.06,1801.46,32.65,
Norte,E3,2:00:00,5614,0.02,1801.47,32.74,
Norte,E3,2:00:00,5620,0.04,1801.44,32.59,
Norte,E3,2:00:00,5621,0.03,1801.44,32.53,
Norte,E3,2:00:00,5678,0.05,1801.44,30.12,
Norte,E3,2:00:00,5685,0.02,1801.46,25.92,
Norte,E3,2:00:00,5709,0.13,1801.56,21.09,
Norte,E3,2:00:00,5744,0.04,1801.47,32.39,
Norte,E3,2:00:00,5746,0.07,1801.51,24.66,
Norte,E3,2:00:00,5747,0.04,1801.49,26.16,
Norte,E3,2:00:00,5748,0.05,1801.6,21.34,
Norte,E3,2:00:00,5749,0.05,1801.65,21.5,
Norte,E3,2:00:00,5750,0.03,1801.69,21.36,
Norte,E3,2:00:00,5760,0.03,1801.73,21.09,
Norte,E3,2:00:00,5761,0.02,1801.7,21.47,
Norte,E3,2:00:00,5762,0.01,1801.77,20.53,
Norte,E3,2:00:00,5763,0.02,1801.76,20.76,
Norte,E3,2:00:00,10020,0.04,1801.45,33.51,
Norte,E3,2:00:00,10059,0.03,1801.44,29.95,
Norte,E3,2:00:00,10061,0.0,1801.52,20.81,
Norte,E3,2:00:00,10062,0.0,1801.54,20.72,
Norte,E3,2:00:00,10063,0.0,1801.56,20.97,
Norte,E3,2:00:00,10082,0.07,1801.5,20.76,
Norte,E3,3:00:00,346,0.04,1801.44,33.74,
Norte,E3,3:00:00,347,0.07,1801.44,33.92,
Norte,E3,3:00:00,348,0.1,1801.44,33.93,
Norte,E3,3:00:00,349,0.05,1801.44,32.61,
Norte,E3,3:00:00,350,0.02,1801.44,32.6,
Norte,E3,3:00:00,351,0.04,1801.44,34.19,
Norte,E3,3:00:00,352,0.11,1801.44,34.07,
Norte,E3,3:00:00,353,0.06,1801.44,33.98,
Norte,E3,3:00:00,354,0.1,1801.46,32.76,
Norte,E3,3:00:00,355,0.04,1801.46,32.68,
Norte,E3,3:00:00,356,0.07,1801.46,32.72,
Norte,E3,3:00:00,357,0.03,1801.46,32.94,
Norte,E3,3:00:00,358,0.02,1801.46,33.19,
Norte,E3,3:00:00,362,0.07,1801.45,32.75,
Norte,E3,3:00:00,363,0.03,1801.45,32.74,
Norte,E3,3:00:00,364,0.06,1801.45,32.74,
Norte,E3,3:00:00,368,0.03,1801.44,32.77,
Norte,E3,3:00:00,371,0.05,1801.44,32.75,
Norte,E3,3:00:00,400,0.05,1801.45,32.47,
Norte,E3,3:00:00,401,0.05,1801.45,32.49,
Norte,E3,3:00:00,404,0.02,1801.45,32.29,
Norte,E3,3:00:00,405,0.01,1801.45,32.24,
Norte,E3,3:00:00,1049,0.02,1801.44,30.04,
Norte,E3,3:00:00,1051,0.03,1801.44,29.93,
Norte,E3,3:00:00,1053,0.02,1801.44,29.93,
Norte,E3,3:00:00,1059,0.05,1801.44,29.7,
Norte,E3,3:00:00,1063,0.02,1801.44,29.43,
Norte,E3,3:00:00,1077,0.02,1801.44,29.89,
Norte,E3,3:00:00,1089,0.03,1801.44,30.05,
Norte,E3,3:00:00,1093,0.06,1801.44,29.6,
Norte,E3,3:00:00,1094,0.01,1801.44,29.36,
Norte,E3,3:00:00,1095,0.02,1801.44,29.85,
Norte,E3,3:00:00,1100,0.04,1801.44,30.46,
Norte,E3,3:00:00,1102,0.06,1801.44,30.41,
Norte,E3,3:00:00,1103,0.01,1801.44,31.39,
Norte,E3,3:00:00,1104,0.06,1801.44,30.44,
Norte,E3,3:00:00,1106,0.07,1801.44,30.38,
Norte,E3,3:00:00,1107,0.03,1801.44,30.64,
Norte,E3,3:00:00,1109,0.01,1801.44,30.63,
Norte,E3,3:00:00,1110,0.01,1801.44,30.27,
Norte,E3,3:00:00,1112,0.02,1801.44,30.29,
Norte,E3,3:00:00,1113,0.03,1801.44,30.03,
Norte,E3,3:00:00,1115,0.07,1801.44,30.02,
Norte,E3,3:00:00,1117,0.07,1801.44,30.07,
Norte,E3,3:00:00,1119,0.09,1801.44,30.66,
Norte,E3,3:00:00,1120,0.07,1801.44,30.23,
Norte,E3,3:00:00,1122,0.05,1801.44,31.53,
Norte,E3,3:00:00,1125,0.05,1801.44,31.47,
Norte,E3,3:00:00,1128,0.05,1801.44,31.72,
Norte,E3,3:00:00,1130,0.06,1801.44,31.54,
Norte,E3,3:00:00,1131,0.06,1801.44,31.69,
Norte,E3,3:00:00,1133,0.02,1801.44,32.72,
Norte,E3,3:00:00,1134,0.11,1801.46,32.79,
Norte,E3,3:00:00,1135,0.08,1801.44,32.9,
Norte,E3,3:00:00,1137,0.1,1801.46,32.73,
Norte,E3,3:00:00,1139,0.06,1801.46,32.71,
Norte,E3,3:00:00,1140,0.03,1801.46,32.76,
Norte,E3,3:00:00,1141,0.04,1801.44,31.7,
Norte,E3,3:00:00,1142,0.02,1801.45,31.65,
Norte,E3,3:00:00,1143,0.07,1801.45,32.5,
Norte,E3,3:00:00,1144,0.06,1801.44,32.67,
Norte,E3,3:00:00,1145,0.03,1801.45,32.59,
Norte,E3,3:00:00,1147,0.0,1801.45,32.75,
Norte,E3,3:00:00,1148,0.0,1801.45,32.76,
Norte,E3,3:00:00,1149,0.13,1801.48,31.37,
Norte,E3,3:00:00,1150,0.17,1801.45,31.17,
Norte,E3,3:00:00,1151,0.03,1801.51,27.28,
Norte,E3,3:00:00,1153,0.01,1801.48,28.88,
Norte,E3,3:00:00,1154,0.0,1801.48,29.33,
Norte,E3,3:00:00,1158,0.09,1801.48,29.54,
Norte,E3,3:00:00,1159,0.06,1801.47,31.92,
Norte,E3,3:00:00,1161,0.03,1801.47,30.98,
Norte,E3,3:00:00,1162,0.0,1801.47,32.41,
Norte,E3,3:00:00,1164,0.08,1801.46,32.48,
Norte,E3,3:00:00,1165,0.03,1801.47,32.6,
Norte,E3,3:00:00,1166,0.04,1801.47,32.15,
Norte,E3,3:00:00,1169,0.07,1801.46,32.76,
Norte,E3,3:00:00,1171,0.05,1801.45,32.77,
Norte,E3,3:00:00,1172,0.13,1801.45,33.82,
Norte,E3,3:00:00,1174,0.04,1801.45,33.62,
Norte,E3,3:00:00,1175,0.1,1801.46,32.12,
Norte,E3,3:00:00,1176,0.14,1801.46,33.61,
Norte,E3,3:00:00,1179,0.05,1801.46,33.12,
Norte,E3,3:00:00,1181,0.01,1801.45,33.61,
Norte,E3,3:00:00,1182,0.05,1801.46,32.85,
Norte,E3,3:00:00,1184,0.03,1801.49,25.05,
Norte,E3,3:00:00,1185,0.02,1801.48,26.75,
Norte,E3,3:00:00,1186,0.01,1801.48,26.07,
Norte,E3,3:00:00,1187,0.17,1801.47,25.76,
Norte,E3,3:00:00,1189,0.01,1801.43,25.34,
Norte,E3,3:00:00,1190,0.05,1801.42,26.29,
Norte,E3,3:00:00,1191,0.05,1801.46,29.34,
Norte,E3,3:00:00,1192,0.01,1801.46,27.44,
Norte,E3,3:00:00,1196,0.04,1801.4,27.18,
Norte,E3,3:00:00,1197,0.04,1801.4,27.65,
Norte,E3,3:00:00,1207,0.09,1801.4,25.61,
Norte,E3,3:00:00,1216,0.07,1801.4,19.37,
Norte,E3,3:00:00,1221,0.04,1801.5,19.94,
Norte,E3,3:00:00,1223,0.04,1801.5,19.72,
Norte,E3,3:00:00,1224,0.06,1801.5,23.32,
Norte,E3,3:00:00,1225,0.03,1801.48,24.78,
Norte,E3,3:00:00,1226,0.05,1801.49,23.54,
Norte,E3,3:00:00,1228,0.03,1801.49,22.87,
Norte,E3,3:00:00,1229,0.01,1801.49,22.57,
Norte,E3,3:00:00,1230,0.01,1801.49,22.52,
Norte,E3,3:00:00,1231,0.01,1801.49,22.6,
Norte,E3,3:00:00,1232,0.02,1801.49,22.06,
Norte,E3,3:00:00,1233,0.01,1801.49,22.03,
Norte,E3,3:00:00,1240,0.09,1801.5,21.33,
Norte,E3,3:00:00,1242,0.09,1801.5,22.5,
Norte,E3,3:00:00,1243,0.03,1801.49,23.26,
Norte,E3,3:00:00,1244,0.09,1801.48,24.81,
Norte,E3,3:00:00,1245,0.05,1801.48,25.89,
Norte,E3,3:00:00,1246,0.03,1801.47,26.07,
Norte,E3,3:00:00,1247,0.06,1801.47,25.83,
Norte,E3,3:00:00,1248,0.05,1801.47,25.54,
Norte,E3,3:00:00,1249,0.11,1801.49,23.91,
Norte,E3,3:00:00,1250,0.12,1801.5,22.81,
Norte,E3,3:00:00,1252,0.09,1801.51,21.42,
Norte,E3,3:00:00,1253,0.12,1801.49,23.88,
Norte,E3,3:00:00,1254,0.11,1801.51,22.21,
Norte,E3,3:00:00,1255,0.06,1801.53,21.96,
Norte,E3,3:00:00,1257,0.06,1801.53,21.34,
Norte,E3,3:00:00,1265,0.03,1801.56,20.97,
Norte,E3,3:00:00,1268,0.05,1801.56,21.06,
Norte,E3,3:00:00,1272,0.03,1801.54,21.71,
Norte,E3,3:00:00,1274,0.05,1801.54,21.74,
Norte,E3,3:00:00,1276,0.1,1801.52,22.71,
Norte,E3,3:00:00,1279,0.05,1801.51,24.0,
Norte,E3,3:00:00,1281,0.05,1801.51,24.37,
Norte,E3,3:00:00,1282,0.02,1801.51,25.84,
Norte,E3,3:00:00,1284,0.02,1801.45,31.21,
Norte,E3,3:00:00,1286,0.06,1801.52,22.93,
Norte,E3,3:00:00,1288,0.01,1801.52,24.96,
Norte,E3,3:00:00,1289,0.02,1801.52,23.29,
Norte,E3,3:00:00,1290,0.08,1801.52,23.37,
Norte,E3,3:00:00,1291,0.01,1801.52,21.13,
Norte,E3,3:00:00,1292,0.05,1801.52,21.36,
Norte,E3,3:00:00,1293,0.07,1801.52,22.01,
Norte,E3,3:00:00,1294,0.02,1801.52,21.86,
Norte,E3,3:00:00,1295,0.11,1801.53,21.04,
Norte,E3,3:00:00,1297,0.08,1801.53,20.65,
Norte,E3,3:00:00,1302,0.07,1801.52,20.12,
Norte,E3,3:00:00,1304,0.05,1801.52,20.12,
Norte,E3,3:00:00,1305,0.0,1801.52,20.13,
Norte,E3,3:00:00,1306,0.05,1801.52,20.13,
Norte,E3,3:00:00,1308,0.06,1801.52,20.66,
Norte,E3,3:00:00,1309,0.03,1801.52,28.55,
Norte,E3,3:00:00,1310,0.02,1801.52,24.7,
Norte,E3,3:00:00,1312,0.08,1801.47,29.55,
Norte,E3,3:00:00,1313,0.0,1801.47,29.77,
Norte,E3,3:00:00,1315,0.05,1801.47,29.73,
Norte,E3,3:00:00,1318,0.07,1801.44,29.71,
Norte,E3,3:00:00,1319,0.01,1801.44,29.36,
Norte,E3,3:00:00,1321,0.04,1801.52,21.55,
Norte,E3,3:00:00,1322,0.0,1801.52,22.32,
Norte,E3,3:00:00,1323,0.05,1801.52,22.11,
Norte,E3,3:00:00,1324,0.02,1801.52,20.67,
Norte,E3,3:00:00,1326,0.07,1801.52,20.33,
Norte,E3,3:00:00,1334,0.05,1801.52,22.24,
Norte,E3,3:00:00,1335,0.06,1801.5,22.79,
Norte,E3,3:00:00,1336,0.01,1801.5,21.92,
Norte,E3,3:00:00,1340,0.03,1801.52,29.18,
Norte,E3,3:00:00,5010,0.03,1801.5,26.05,
Norte,E3,3:00:00,5011,0.04,1801.43,26.22,
Norte,E3,3:00:00,5019,0.05,1801.44,32.26,
Norte,E3,3:00:00,5086,0.06,1801.45,32.74,
Norte,E3,3:00:00,5087,0.01,1801.45,32.79,
Norte,E3,3:00:00,5108,0.0,1801.43,26.15,
Norte,E3,3:00:00,5112,0.02,1801.54,21.75,
Norte,E3,3:00:00,5148,0.0,1801.45,32.47,
Norte,E3,3:00:00,5193,0.0,1801.44,31.59,
Norte,E3,3:00:00,5204,0.12,1801.4,25.68,
Norte,E3,3:00:00,5241,0.0,1801.5,19.87,
Norte,E3,3:00:00,5264,0.02,1801.45,32.75,
Norte,E3,3:00:00,5289,0.01,1801.44,29.96,
Norte,E3,3:00:00,5291,0.01,1801.47,29.99,
Norte,E3,3:00:00,5311,0.1,1801.44,32.69,
Norte,E3,3:00:00,5312,0.0,1801.44,32.83,
Norte,E3,3:00:00,5313,0.0,1801.44,32.63,
Norte,E3,3:00:00,5314,0.01,1801.43,26.08,
Norte,E3,3:00:00,5342,0.03,1801.5,25.95,
Norte,E3,3:00:00,5343,0.11,1801.55,21.07,
Norte,E3,3:00:00,5344,0.11,1801.55,26.01,
Norte,E3,3:00:00,5345,0.11,1801.55,26.17,
Norte,E3,3:00:00,5478,0.0,1801.54,21.76,
Norte,E3,3:00:00,5484,0.0,1801.5,19.34,
Norte,E3,3:00:00,5493,0.01,1801.46,30.98,
Norte,E3,3:00:00,5494,0.01,1801.46,31.05,
Norte,E3,3:00:00,5495,0.08,1801.44,32.97,
Norte,E3,3:00:00,5506,0.01,1801.49,23.01,
Norte,E3,3:00:00,5523,0.0,1801.44,29.43,
Norte,E3,3:00:00,5533,0.02,1801.52,20.98,
Norte,E3,3:00:00,5537,0.03,1801.44,29.69,
Norte,E3,3:00:00,5538,0.06,1801.44,30.01,
Norte,E3,3:00:00,5603,0.04,1801.45,31.23,
Norte,E3,3:00:00,5604,0.06,1801.45,30.8,
Norte,E3,3:00:00,5613,0.06,1801.45,32.64,
Norte,E3,3:00:00,5614,0.02,1801.46,32.73,
Norte,E3,3:00:00,5620,0.04,1801.44,32.59,
Norte,E3,3:00:00,5621,0.03,1801.44,32.53,
Norte,E3,3:00:00,5678,0.05,1801.44,30.12,
Norte,E3,3:00:00,5685,0.02,1801.46,25.92,
Norte,E3,3:00:00,5709,0.13,1801.55,21.08,
Norte,E3,3:00:00,5744,0.04,1801.46,32.38,
Norte,E3,3:00:00,5746,0.07,1801.5,24.65,
Norte,E3,3:00:00,5747,0.04,1801.49,26.16,
Norte,E3,3:00:00,5748,0.05,1801.6,21.34,
Norte,E3,3:00:00,5749,0.05,1801.65,21.5,
Norte,E3,3:00:00,5750,0.03,1801.69,21.36,
Norte,E3,3:00:00,5760,0.03,1801.73,21.09,
Norte,E3,3:00:00,5761,0.02,1801.7,21.47,
Norte,E3,3:00:00,5762,0.01,1801.77,20.53,
Norte,E3,3:00:00,5763,0.02,1801.76,20.76,
Norte,E3,3:00:00,10020,0.04,1801.45,33.51,
Norte,E3,3:00:00,10059,0.03,1801.44,29.95,
Norte,E3,3:00:00,10061,0.0,1801.52,20.81,
Norte,E3,3:00:00,10062,0.0,1801.53,20.71,
Norte,E3,3:00:00,10063,0.0,1801.56,20.97,
Norte,E3,3:00:00,10082,0.07,1801.5,20.76,
Norte,E3,4:00:00,346,0.04,1801.42,33.72,
Norte,E3,4:00:00,347,0.07,1801.42,33.9,
Norte,E3,4:00:00,348,0.1,1801.42,33.91,
Norte,E3,4:00:00,349,0.05,1801.42,32.59,
Norte,E3,4:00:00,350,0.02,1801.42,32.58,
Norte,E3,4:00:00,351,0.04,1801.43,34.18,
Norte,E3,4:00:00,352,0.11,1801.43,34.06,
Norte,E3,4:00:00,353,0.06,1801.43,33.97,
Norte,E3,4:00:00,354,0.11,1801.44,32.74,
Norte,E3,4:00:00,355,0.04,1801.45,32.67,
Norte,E3,4:00:00,356,0.07,1801.45,32.71,
Norte,E3,4:00:00,357,0.03,1801.45,32.93,
Norte,E3,4:00:00,358,0.02,1801.45,33.18,
Norte,E3,4:00:00,362,0.07,1801.44,32.74,
Norte,E3,4:00:00,363,0.03,1801.44,32.73,
Norte,E3,4:00:00,364,0.07,1801.44,32.73,
Norte,E3,4:00:00,368,0.03,1801.43,32.76,
Norte,E3,4:00:00,371,0.05,1801.43,32.74,
Norte,E3,4:00:00,400,0.05,1801.43,32.45,
Norte,E3,4:00:00,401,0.05,1801.43,32.47,
Norte,E3,4:00:00,404,0.02,1801.43,32.27,
Norte,E3,4:00:00,405,0.01,1801.43,32.22,
Norte,E3,4:00:00,1049,0.02,1801.43,30.03,
Norte,E3,4:00:00,1051,0.03,1801.43,29.92,
Norte,E3,4:00:00,1053,0.02,1801.43,29.92,
Norte,E3,4:00:00,1059,0.05,1801.43,29.69,
Norte,E3,4:00:00,1063,0.02,1801.43,29.42,
Norte,E3,4:00:00,1077,0.02,1801.43,29.88,
Norte,E3,4:00:00,1089,0.03,1801.42,30.03,
Norte,E3,4:00:00,1093,0.06,1801.42,29.58,
Norte,E3,4:00:00,1094,0.02,1801.42,29.34,
Norte,E3,4:00:00,1095,0.02,1801.43,29.84,
Norte,E3,4:00:00,1100,0.04,1801.43,30.45,
Norte,E3,4:00:00,1102,0.06,1801.43,30.4,
Norte,E3,4:00:00,1103,0.01,1801.43,31.38,
Norte,E3,4:00:00,1104,0.06,1801.43,30.43,
Norte,E3,4:00:00,1106,0.07,1801.43,30.37,
Norte,E3,4:00:00,1107,0.03,1801.43,30.63,
Norte,E3,4:00:00,1109,0.01,1801.43,30.62,
Norte,E3,4:00:00,1110,0.01,1801.43,30.26,
Norte,E3,4:00:00,1112,0.02,1801.43,30.28,
Norte,E3,4:00:00,1113,0.03,1801.43,30.02,
Norte,E3,4:00:00,1115,0.07,1801.43,30.01,
Norte,E3,4:00:00,1117,0.07,1801.43,30.06,
Norte,E3,4:00:00,1119,0.09,1801.43,30.65,
Norte,E3,4:00:00,1120,0.07,1801.43,30.22,
Norte,E3,4:00:00,1122,0.05,1801.43,31.52,
Norte,E3,4:00:00,1125,0.05,1801.43,31.46,
Norte,E3,4:00:00,1128,0.05,1801.43,31.71,
Norte,E3,4:00:00,1130,0.06,1801.43,31.53,
Norte,E3,4:00:00,1131,0.07,1801.43,31.68,
Norte,E3,4:00:00,1133,0.02,1801.43,32.71,
Norte,E3,4:00:00,1134,0.12,1801.45,32.78,
Norte,E3,4:00:00,1135,0.08,1801.43,32.89,
Norte,E3,4:00:00,1137,0.1,1801.45,32.72,
Norte,E3,4:00:00,1139,0.07,1801.45,32.7,
Norte,E3,4:00:00,1140,0.03,1801.45,32.75,
Norte,E3,4:00:00,1141,0.05,1801.43,31.69,
Norte,E3,4:00:00,1142,0.02,1801.44,31.64,
Norte,E3,4:00:00,1143,0.07,1801.44,32.49,
Norte,E3,4:00:00,1144,0.06,1801.43,32.66,
Norte,E3,4:00:00,1145,0.03,1801.44,32.58,
Norte,E3,4:00:00,1147,0.0,1801.43,32.73,
Norte,E3,4:00:00,1148,0.0,1801.44,32.75,
Norte,E3,4:00:00,1149,0.13,1801.46,31.35,
Norte,E3,4:00:00,1150,0.18,1801.44,31.16,
Norte,E3,4:00:00,1151,0.03,1801.5,27.27,
Norte,E3,4:00:00,1153,0.01,1801.47,28.87,
Norte,E3,4:00:00,1154,0.0,1801.47,29.32,
Norte,E3,4:00:00,1158,0.09,1801.47,29.53,
Norte,E3,4:00:00,1159,0.07,1801.46,31.9,
Norte,E3,4:00:00,1161,0.03,1801.46,30.97,
Norte,E3,4:00:00,1162,0.0,1801.45,32.39,
Norte,E3,4:00:00,1164,0.08,1801.45,32.47,
Norte,E3,4:00:00,1165,0.03,1801.45,32.58,
Norte,E3,4:00:00,1166,0.04,1801.45,32.13,
Norte,E3,4:00:00,1169,0.07,1801.45,32.75,
Norte,E3,4:00:00,1171,0.06,1801.44,32.76,
Norte,E3,4:00:00,1172,0.13,1801.44,33.81,
Norte,E3,4:00:00,1174,0.05,1801.44,33.61,
Norte,E3,4:00:00,1175,0.1,1801.45,32.11,
Norte,E3,4:00:00,1176,0.14,1801.45,33.6,
Norte,E3,4:00:00,1179,0.05,1801.45,33.11,
Norte,E3,4:00:00,1181,0.01,1801.44,33.6,
Norte,E3,4:00:00,1182,0.05,1801.45,32.84,
Norte,E3,4:00:00,1184,0.03,1801.48,25.04,
Norte,E3,4:00:00,1185,0.02,1801.47,26.74,
Norte,E3,4:00:00,1186,0.01,1801.47,26.06,
Norte,E3,4:00:00,1187,0.17,1801.45,25.74,
Norte,E3,4:00:00,1189,0.01,1801.41,25.32,
Norte,E3,4:00:00,1190,0.05,1801.41,26.28,
Norte,E3,4:00:00,1191,0.05,1801.45,29.33,
Norte,E3,4:00:00,1192,0.01,1801.45,27.43,
Norte,E3,4:00:00,1196,0.04,1801.39,27.17,
Norte,E3,4:00:00,1197,0.04,1801.39,27.64,
Norte,E3,4:00:00,1207,0.09,1801.39,25.6,
Norte,E3,4:00:00,1216,0.07,1801.38,19.35,
Norte,E3,4:00:00,1221,0.04,1801.49,19.93,
Norte,E3,4:00:00,1223,0.04,1801.49,19.71,
Norte,E3,4:00:00,1224,0.06,1801.48,23.3,
Norte,E3,4:00:00,1225,0.03,1801.47,24.77,
Norte,E3,4:00:00,1226,0.05,1801.48,23.53,
Norte,E3,4:00:00,1228,0.03,1801.48,22.86,
Norte,E3,4:00:00,1229,0.01,1801.48,22.56,
Norte,E3,4:00:00,1230,0.01,1801.48,22.51,
Norte,E3,4:00:00,1231,0.01,1801.48,22.59,
Norte,E3,4:00:00,1232,0.02,1801.48,22.05,
Norte,E3,4:00:00,1233,0.01,1801.48,22.02,
Norte,E3,4:00:00,1240,0.09,1801.49,21.32,
Norte,E3,4:00:00,1242,0.09,1801.48,22.48,
Norte,E3,4:00:00,1243,0.03,1801.48,23.25,
Norte,E3,4:00:00,1244,0.09,1801.47,24.8,
Norte,E3,4:00:00,1245,0.05,1801.47,25.88,
Norte,E3,4:00:00,1246,0.03,1801.46,26.06,
Norte,E3,4:00:00,1247,0.06,1801.46,25.82,
Norte,E3,4:00:00,1248,0.05,1801.46,25.53,
Norte,E3,4:00:00,1249,0.11,1801.48,23.9,
Norte,E3,4:00:00,1250,0.12,1801.49,22.8,
Norte,E3,4:00:00,1252,0.09,1801.5,21.41,
Norte,E3,4:00:00,1253,0.12,1801.48,23.87,
Norte,E3,4:00:00,1254,0.11,1801.5,22.2,
Norte,E3,4:00:00,1255,0.06,1801.52,21.95,
Norte,E3,4:00:00,1257,0.07,1801.52,21.33,
Norte,E3,4:00:00,1265,0.03,1801.55,20.96,
Norte,E3,4:00:00,1268,0.05,1801.55,21.05,
Norte,E3,4:00:00,1272,0.03,1801.53,21.7,
Norte,E3,4:00:00,1274,0.05,1801.53,21.73,
Norte,E3,4:00:00,1276,0.11,1801.51,22.7,
Norte,E3,4:00:00,1279,0.05,1801.5,23.99,
Norte,E3,4:00:00,1281,0.05,1801.5,24.36,
Norte,E3,4:00:00,1282,0.02,1801.5,25.83,
Norte,E3,4:00:00,1284,0.02,1801.44,31.2,
Norte,E3,4:00:00,1286,0.07,1801.5,22.91,
Norte,E3,4:00:00,1288,0.01,1801.5,24.94,
Norte,E3,4:00:00,1289,0.02,1801.5,23.27,
Norte,E3,4:00:00,1290,0.08,1801.5,23.35,
Norte,E3,4:00:00,1291,0.01,1801.51,21.12,
Norte,E3,4:00:00,1292,0.05,1801.51,21.35,
Norte,E3,4:00:00,1293,0.07,1801.51,22.0,
Norte,E3,4:00:00,1294,0.02,1801.51,21.85,
Norte,E3,4:00:00,1295,0.11,1801.52,21.03,
Norte,E3,4:00:00,1297,0.08,1801.52,20.64,
Norte,E3,4:00:00,1302,0.08,1801.51,20.11,
Norte,E3,4:00:00,1304,0.05,1801.51,20.11,
Norte,E3,4:00:00,1305,0.0,1801.51,20.12,
Norte,E3,4:00:00,1306,0.05,1801.51,20.12,
Norte,E3,4:00:00,1308,0.07,1801.51,20.65,
Norte,E3,4:00:00,1309,0.03,1801.51,28.54,
Norte,E3,4:00:00,1310,0.02,1801.51,24.69,
Norte,E3,4:00:00,1312,0.08,1801.46,29.54,
Norte,E3,4:00:00,1313,0.0,1801.46,29.76,
Norte,E3,4:00:00,1315,0.05,1801.46,29.72,
Norte,E3,4:00:00,1318,0.07,1801.42,29.69,
Norte,E3,4:00:00,1319,0.01,1801.42,29.34,
Norte,E3,4:00:00,1321,0.04,1801.51,21.54,
Norte,E3,4:00:00,1322,0.0,1801.51,22.31,
Norte,E3,4:00:00,1323,0.05,1801.51,22.1,
Norte,E3,4:00:00,1324,0.02,1801.51,20.66,
Norte,E3,4:00:00,1326,0.07,1801.51,20.32,
Norte,E3,4:00:00,1334,0.05,1801.5,22.22,
Norte,E3,4:00:00,1335,0.06,1801.49,22.78,
Norte,E3,4:00:00,1336,0.01,1801.49,21.91,
Norte,E3,4:00:00,1340,0.03,1801.5,29.16,
Norte,E3,4:00:00,5010,0.03,1801.49,26.04,
Norte,E3,4:00:00,5011,0.04,1801.41,26.2,
Norte,E3,4:00:00,5019,0.05,1801.42,32.24,
Norte,E3,4:00:00,5086,0.06,1801.43,32.72,
Norte,E3,4:00:00,5087,0.01,1801.43,32.77,
Norte,E3,4:00:00,5108,0.0,1801.41,26.13,
Norte,E3,4:00:00,5112,0.02,1801.53,21.74,
Norte,E3,4:00:00,5148,0.0,1801.43,32.45,
Norte,E3,4:00:00,5193,0.0,1801.43,31.58,
Norte,E3,4:00:00,5204,0.12,1801.39,25.67,
Norte,E3,4:00:00,5241,0.0,1801.49,19.86,
Norte,E3,4:00:00,5264,0.02,1801.44,32.74,
Norte,E3,4:00:00,5289,0.01,1801.42,29.94,
Norte,E3,4:00:00,5291,0.01,1801.46,29.98,
Norte,E3,4:00:00,5311,0.11,1801.43,32.68,
Norte,E3,4:00:00,5312,0.0,1801.43,32.82,
Norte,E3,4:00:00,5313,0.01,1801.43,32.62,
Norte,E3,4:00:00,5314,0.01,1801.41,26.06,
Norte,E3,4:00:00,5342,0.03,1801.49,25.94,
Norte,E3,4:00:00,5343,0.11,1801.55,21.07,
Norte,E3,4:00:00,5344,0.11,1801.54,26.0,
Norte,E3,4:00:00,5345,0.11,1801.54,26.16,
Norte,E3,4:00:00,5478,0.0,1801.53,21.75,
Norte,E3,4:00:00,5484,0.0,1801.49,19.33,
Norte,E3,4:00:00,5493,0.01,1801.45,30.97,
Norte,E3,4:00:00,5494,0.01,1801.45,31.04,
Norte,E3,4:00:00,5495,0.08,1801.43,32.96,
Norte,E3,4:00:00,5506,0.01,1801.48,23.0,
Norte,E3,4:00:00,5523,0.0,1801.43,29.42,
Norte,E3,4:00:00,5533,0.02,1801.51,20.97,
Norte,E3,4:00:00,5537,0.03,1801.43,29.68,
Norte,E3,4:00:00,5538,0.06,1801.43,30.0,
Norte,E3,4:00:00,5603,0.04,1801.44,31.22,
Norte,E3,4:00:00,5604,0.06,1801.43,30.78,
Norte,E3,4:00:00,5613,0.06,1801.44,32.63,
Norte,E3,4:00:00,5614,0.02,1801.45,32.72,
Norte,E3,4:00:00,5620,0.04,1801.42,32.57,
Norte,E3,4:00:00,5621,0.03,1801.42,32.51,
Norte,E3,4:00:00,5678,0.05,1801.43,30.11,
Norte,E3,4:00:00,5685,0.02,1801.45,25.91,
Norte,E3,4:00:00,5709,0.13,1801.55,21.08,
Norte,E3,4:00:00,5744,0.04,1801.45,32.37,
Norte,E3,4:00:00,5746,0.07,1801.49,24.64,
Norte,E3,4:00:00,5747,0.04,1801.47,26.14,
Norte,E3,4:00:00,5748,0.05,1801.59,21.33,
Norte,E3,4:00:00,5749,0.05,1801.64,21.49,
Norte,E3,4:00:00,5750,0.03,1801.68,21.35,
Norte,E3,4:00:00,5760,0.03,1801.73,21.09,
Norte,E3,4:00:00,5761,0.02,1801.69,21.46,
Norte,E3,4:00:00,5762,0.01,1801.77,20.53,
Norte,E3,4:00:00,5763,0.02,1801.76,20.76,
Norte,E3,4:00:00,10020,0.04,1801.44,33.5,
Norte,E3,4:00:00,10059,0.03,1801.43,29.94,
Norte,E3,4:00:00,10061,0.0,1801.51,20.8,
Norte,E3,4:00:00,10062,0.0,1801.52,20.7,
Norte,E3,4:00:00,10063,0.0,1801.55,20.96,
Norte,E3,4:00:00,10082,0.07,1801.49,20.75,
Norte,E3,5:00:00,346,0.05,1801.22,33.52,
Norte,E3,5:00:00,347,0.08,1801.22,33.7,
Norte,E3,5:00:00,348,0.13,1801.22,33.71,
Norte,E3,5:00:00,349,0.06,1801.23,32.4,
Norte,E3,5:00:00,350,0.03,1801.23,32.39,
Norte,E3,5:00:00,351,0.06,1801.23,33.98,
Norte,E3,5:00:00,352,0.14,1801.23,33.86,
Norte,E3,5:00:00,353,0.08,1801.23,33.77,
Norte,E3,5:00:00,354,0.14,1801.26,32.56,
Norte,E3,5:00:00,355,0.05,1801.26,32.48,
Norte,E3,5:00:00,356,0.09,1801.26,32.52,
Norte,E3,5:00:00,357,0.04,1801.26,32.74,
Norte,E3,5:00:00,358,0.02,1801.26,32.99,
Norte,E3,5:00:00,362,0.09,1801.24,32.54,
Norte,E3,5:00:00,363,0.04,1801.25,32.54,
Norte,E3,5:00:00,364,0.08,1801.25,32.54,
Norte,E3,5:00:00,368,0.04,1801.23,32.56,
Norte,E3,5:00:00,371,0.06,1801.23,32.54,
Norte,E3,5:00:00,400,0.07,1801.24,32.26,
Norte,E3,5:00:00,401,0.06,1801.24,32.28,
Norte,E3,5:00:00,404,0.03,1801.24,32.08,
Norte,E3,5:00:00,405,0.01,1801.24,32.03,
Norte,E3,5:00:00,1049,0.03,1801.23,29.83,
Norte,E3,5:00:00,1051,0.04,1801.23,29.72,
Norte,E3,5:00:00,1053,0.03,1801.23,29.72,
Norte,E3,5:00:00,1059,0.06,1801.23,29.49,
Norte,E3,5:00:00,1063,0.03,1801.23,29.22,
Norte,E3,5:00:00,1077,0.03,1801.23,29.68,
Norte,E3,5:00:00,1089,0.04,1801.22,29.83,
Norte,E3,5:00:00,1093,0.08,1801.22,29.38,
Norte,E3,5:00:00,1094,0.02,1801.22,29.14,
Norte,E3,5:00:00,1095,0.02,1801.23,29.64,
Norte,E3,5:00:00,1100,0.05,1801.23,30.25,
Norte,E3,5:00:00,1102,0.08,1801.23,30.2,
Norte,E3,5:00:00,1103,0.01,1801.23,31.18,
Norte,E3,5:00:00,1104,0.08,1801.23,30.23,
Norte,E3,5:00:00,1106,0.09,1801.23,30.17,
Norte,E3,5:00:00,1107,0.04,1801.23,30.43,
Norte,E3,5:00:00,1109,0.01,1801.23,30.42,
Norte,E3,5:00:00,1110,0.01,1801.23,30.06,
Norte,E3,5:00:00,1112,0.02,1801.23,30.08,
Norte,E3,5:00:00,1113,0.04,1801.23,29.82,
Norte,E3,5:00:00,1115,0.09,1801.23,29.81,
Norte,E3,5:00:00,1117,0.09,1801.23,29.86,
Norte,E3,5:00:00,1119,0.12,1801.23,30.45,
Norte,E3,5:00:00,1120,0.09,1801.23,30.02,
Norte,E3,5:00:00,1122,0.06,1801.23,31.32,
Norte,E3,5:00:00,1125,0.07,1801.23,31.26,
Norte,E3,5:00:00,1128,0.07,1801.23,31.51,
Norte,E3,5:00:00,1130,0.08,1801.23,31.33,
Norte,E3,5:00:00,1131,0.08,1801.23,31.48,
Norte,E3,5:00:00,1133,0.03,1801.23,32.51,
Norte,E3,5:00:00,1134,0.15,1801.27,32.6,
Norte,E3,5:00:00,1135,0.1,1801.23,32.69,
Norte,E3,5:00:00,1137,0.13,1801.26,32.53,
Norte,E3,5:00:00,1139,0.08,1801.26,32.51,
Norte,E3,5:00:00,1140,0.03,1801.26,32.56,
Norte,E3,5:00:00,1141,0.06,1801.23,31.49,
Norte,E3,5:00:00,1142,0.03,1801.25,31.45,
Norte,E3,5:00:00,1143,0.09,1801.25,32.3,
Norte,E3,5:00:00,1144,0.08,1801.23,32.46,
Norte,E3,5:00:00,1145,0.03,1801.25,32.39,
Norte,E3,5:00:00,1147,0.0,1801.24,32.54,
Norte,E3,5:00:00,1148,0.0,1801.24,32.55,
Norte,E3,5:00:00,1149,0.17,1801.29,31.18,
Norte,E3,5:00:00,1150,0.22,1801.24,30.96,
Norte,E3,5:00:00,1151,0.04,1801.34,27.11,
Norte,E3,5:00:00,1153,0.02,1801.3,28.7,
Norte,E3,5:00:00,1154,0.0,1801.3,29.15,
Norte,E3,5:00:00,1158,0.12,1801.3,29.36,
Norte,E3,5:00:00,1159,0.08,1801.28,31.72,
Norte,E3,5:00:00,1161,0.04,1801.28,30.79,
Norte,E3,5:00:00,1162,0.01,1801.27,32.21,
Norte,E3,5:00:00,1164,0.1,1801.27,32.29,
Norte,E3,5:00:00,1165,0.04,1801.27,32.4,
Norte,E3,5:00:00,1166,0.06,1801.27,31.95,
Norte,E3,5:00:00,1169,0.09,1801.26,32.56,
Norte,E3,5:00:00,1171,0.07,1801.25,32.57,
Norte,E3,5:00:00,1172,0.17,1801.25,33.62,
Norte,E3,5:00:00,1174,0.06,1801.25,33.42,
Norte,E3,5:00:00,1175,0.13,1801.26,31.92,
Norte,E3,5:00:00,1176,0.18,1801.26,33.41,
Norte,E3,5:00:00,1179,0.06,1801.26,32.92,
Norte,E3,5:00:00,1181,0.01,1801.25,33.41,
Norte,E3,5:00:00,1182,0.06,1801.26,32.65,
Norte,E3,5:00:00,1184,0.04,1801.31,24.87,
Norte,E3,5:00:00,1185,0.02,1801.3,26.57,
Norte,E3,5:00:00,1186,0.01,1801.3,25.89,
Norte,E3,5:00:00,1187,0.22,1801.27,25.56,
Norte,E3,5:00:00,1189,0.01,1801.2,25.11,
Norte,E3,5:00:00,1190,0.07,1801.2,26.07,
Norte,E3,5:00:00,1191,0.07,1801.26,29.14,
Norte,E3,5:00:00,1192,0.01,1801.26,27.24,
Norte,E3,5:00:00,1196,0.06,1801.16,26.94,
Norte,E3,5:00:00,1197,0.05,1801.16,27.41,
Norte,E3,5:00:00,1207,0.12,1801.17,25.37,
Norte,E3,5:00:00,1216,0.09,1801.16,19.13,
Norte,E3,5:00:00,1221,0.05,1801.32,19.76,
Norte,E3,5:00:00,1223,0.05,1801.32,19.54,
Norte,E3,5:00:00,1224,0.07,1801.32,23.14,
Norte,E3,5:00:00,1225,0.04,1801.29,24.59,
Norte,E3,5:00:00,1226,0.07,1801.32,23.37,
Norte,E3,5:00:00,1228,0.04,1801.32,22.7,
Norte,E3,5:00:00,1229,0.02,1801.32,22.4,
Norte,E3,5:00:00,1230,0.01,1801.32,22.35,
Norte,E3,5:00:00,1231,0.01,1801.32,22.43,
Norte,E3,5:00:00,1232,0.02,1801.32,21.89,
Norte,E3,5:00:00,1233,0.01,1801.32,21.86,
Norte,E3,5:00:00,1240,0.12,1801.33,21.16,
Norte,E3,5:00:00,1242,0.12,1801.32,22.32,
Norte,E3,5:00:00,1243,0.04,1801.31,23.08,
Norte,E3,5:00:00,1244,0.12,1801.29,24.62,
Norte,E3,5:00:00,1245,0.06,1801.29,25.7,
Norte,E3,5:00:00,1246,0.03,1801.28,25.87,
Norte,E3,5:00:00,1247,0.07,1801.28,25.64,
Norte,E3,5:00:00,1248,0.07,1801.27,25.34,
Norte,E3,5:00:00,1249,0.15,1801.31,23.73,
Norte,E3,5:00:00,1250,0.16,1801.32,22.63,
Norte,E3,5:00:00,1252,0.11,1801.34,21.25,
Norte,E3,5:00:00,1253,0.15,1801.31,23.7,
Norte,E3,5:00:00,1254,0.14,1801.34,22.04,
Norte,E3,5:00:00,1255,0.08,1801.37,21.8,
Norte,E3,5:00:00,1257,0.08,1801.38,21.19,
Norte,E3,5:00:00,1265,0.03,1801.42,20.83,
Norte,E3,5:00:00,1268,0.07,1801.42,20.92,
Norte,E3,5:00:00,1272,0.03,1801.39,21.56,
Norte,E3,5:00:00,1274,0.06,1801.39,21.59,
Norte,E3,5:00:00,1276,0.14,1801.36,22.55,
Norte,E3,5:00:00,1279,0.06,1801.35,23.84,
Norte,E3,5:00:00,1281,0.07,1801.35,24.21,
Norte,E3,5:00:00,1282,0.03,1801.35,25.68,
Norte,E3,5:00:00,1284,0.03,1801.24,31.0,
Norte,E3,5:00:00,1286,0.08,1801.35,22.76,
Norte,E3,5:00:00,1288,0.01,1801.35,24.79,
Norte,E3,5:00:00,1289,0.02,1801.35,23.12,
Norte,E3,5:00:00,1290,0.1,1801.35,23.2,
Norte,E3,5:00:00,1291,0.01,1801.35,20.96,
Norte,E3,5:00:00,1292,0.07,1801.35,21.19,
Norte,E3,5:00:00,1293,0.09,1801.36,21.85,
Norte,E3,5:00:00,1294,0.02,1801.36,21.7,
Norte,E3,5:00:00,1295,0.14,1801.37,20.88,
Norte,E3,5:00:00,1297,0.1,1801.38,20.5,
Norte,E3,5:00:00,1302,0.1,1801.37,19.97,
Norte,E3,5:00:00,1304,0.06,1801.37,19.97,
Norte,E3,5:00:00,1305,0.0,1801.37,19.98,
Norte,E3,5:00:00,1306,0.07,1801.37,19.98,
Norte,E3,5:00:00,1308,0.08,1801.36,20.5,
Norte,E3,5:00:00,1309,0.04,1801.36,28.39,
Norte,E3,5:00:00,1310,0.02,1801.36,24.54,
Norte,E3,5:00:00,1312,0.11,1801.28,29.36,
Norte,E3,5:00:00,1313,0.0,1801.28,29.58,
Norte,E3,5:00:00,1315,0.07,1801.28,29.54,
Norte,E3,5:00:00,1318,0.08,1801.22,29.49,
Norte,E3,5:00:00,1319,0.02,1801.22,29.14,
Norte,E3,5:00:00,1321,0.05,1801.36,21.39,
Norte,E3,5:00:00,1322,0.01,1801.36,22.16,
Norte,E3,5:00:00,1323,0.06,1801.36,21.95,
Norte,E3,5:00:00,1324,0.03,1801.36,20.52,
Norte,E3,5:00:00,1326,0.09,1801.36,20.17,
Norte,E3,5:00:00,1334,0.07,1801.35,22.07,
Norte,E3,5:00:00,1335,0.07,1801.33,22.62,
Norte,E3,5:00:00,1336,0.01,1801.33,21.75,
Norte,E3,5:00:00,1340,0.04,1801.35,29.01,
Norte,E3,5:00:00,5010,0.03,1801.32,25.87,
Norte,E3,5:00:00,5011,0.06,1801.21,26.0,
Norte,E3,5:00:00,5019,0.06,1801.22,32.04,
Norte,E3,5:00:00,5086,0.07,1801.24,32.53,
Norte,E3,5:00:00,5087,0.01,1801.24,32.58,
Norte,E3,5:00:00,5108,0.0,1801.2,25.92,
Norte,E3,5:00:00,5112,0.03,1801.39,21.6,
Norte,E3,5:00:00,5148,0.0,1801.24,32.26,
Norte,E3,5:00:00,5193,0.0,1801.23,31.38,
Norte,E3,5:00:00,5204,0.15,1801.16,25.44,
Norte,E3,5:00:00,5241,0.0,1801.32,19.69,
Norte,E3,5:00:00,5264,0.03,1801.24,32.54,
Norte,E3,5:00:00,5289,0.01,1801.22,29.74,
Norte,E3,5:00:00,5291,0.02,1801.28,29.8,
Norte,E3,5:00:00,5311,0.14,1801.23,32.48,
Norte,E3,5:00:00,5312,0.01,1801.23,32.62,
Norte,E3,5:00:00,5313,0.01,1801.23,32.42,
Norte,E3,5:00:00,5314,0.02,1801.2,25.85,
Norte,E3,5:00:00,5342,0.03,1801.32,25.77,
Norte,E3,5:00:00,5343,0.14,1801.41,20.93,
Norte,E3,5:00:00,5344,0.15,1801.4,25.86,
Norte,E3,5:00:00,5345,0.15,1801.4,26.02,
Norte,E3,5:00:00,5478,0.0,1801.39,21.61,
Norte,E3,5:00:00,5484,0.01,1801.32,19.16,
Norte,E3,5:00:00,5493,0.01,1801.26,30.78,
Norte,E3,5:00:00,5494,0.01,1801.26,30.85,
Norte,E3,5:00:00,5495,0.11,1801.23,32.76,
Norte,E3,5:00:00,5506,0.02,1801.32,22.84,
Norte,E3,5:00:00,5523,0.0,1801.23,29.22,
Norte,E3,5:00:00,5533,0.03,1801.35,20.81,
Norte,E3,5:00:00,5537,0.04,1801.23,29.48,
Norte,E3,5:00:00,5538,0.07,1801.23,29.8,
Norte,E3,5:00:00,5603,0.05,1801.25,31.03,
Norte,E3,5:00:00,5604,0.07,1801.24,30.59,
Norte,E3,5:00:00,5613,0.07,1801.25,32.44,
Norte,E3,5:00:00,5614,0.03,1801.26,32.53,
Norte,E3,5:00:00,5620,0.05,1801.22,32.37,
Norte,E3,5:00:00,5621,0.04,1801.22,32.31,
Norte,E3,5:00:00,5678,0.06,1801.23,29.91,
Norte,E3,5:00:00,5685,0.02,1801.26,25.72,
Norte,E3,5:00:00,5709,0.17,1801.41,20.94,
Norte,E3,5:00:00,5744,0.06,1801.27,32.19,
Norte,E3,5:00:00,5746,0.09,1801.33,24.48,
Norte,E3,5:00:00,5747,0.05,1801.3,25.97,
Norte,E3,5:00:00,5748,0.06,1801.49,21.23,
Norte,E3,5:00:00,5749,0.06,1801.57,21.42,
Norte,E3,5:00:00,5750,0.04,1801.63,21.3,
Norte,E3,5:00:00,5760,0.04,1801.7,21.06,
Norte,E3,5:00:00,5761,0.03,1801.65,21.42,
Norte,E3,5:00:00,5762,0.01,1801.77,20.53,
Norte,E3,5:00:00,5763,0.03,1801.75,20.75,
Norte,E3,5:00:00,10020,0.05,1801.24,33.3,
Norte,E3,5:00:00,10059,0.04,1801.23,29.74,
Norte,E3,5:00:00,10061,0.0,1801.35,20.64,
Norte,E3,5:00:00,10062,0.0,1801.38,20.56,
Norte,E3,5:00:00,10063,0.0,1801.42,20.83,
Norte,E3,5:00:00,10082,0.09,1801.33,20.59,
Norte,E3,6:00:00,346,0.05,1801.08,33.38,
Norte,E3,6:00:00,347,0.1,1801.08,33.56,
Norte,E3,6:00:00,348,0.15,1801.08,33.57,
Norte,E3,6:00:00,349,0.07,1801.08,32.25,
Norte,E3,6:00:00,350,0.03,1801.08,32.24,
Norte,E3,6:00:00,351,0.06,1801.08,33.83,
Norte,E3,6:00:00,352,0.16,1801.08,33.71,
Norte,E3,6:00:00,353,0.09,1801.08,33.62,
Norte,E3,6:00:00,354,0.15,1801.12,32.42,
Norte,E3,6:00:00,355,0.06,1801.13,32.35,
Norte,E3,6:00:00,356,0.11,1801.13,32.39,
Norte,E3,6:00:00,357,0.05,1801.13,32.61,
Norte,E3,6:00:00,358,0.03,1801.13,32.86,
Norte,E3,6:00:00,362,0.1,1801.1,32.4,
Norte,E3,6:00:00,363,0.05,1801.11,32.4,
Norte,E3,6:00:00,364,0.09,1801.11,32.4,
Norte,E3,6:00:00,368,0.05,1801.09,32.42,
Norte,E3,6:00:00,371,0.07,1801.09,32.4,
Norte,E3,6:00:00,400,0.07,1801.1,32.12,
Norte,E3,6:00:00,401,0.07,1801.1,32.14,
Norte,E3,6:00:00,404,0.03,1801.1,31.94,
Norte,E3,6:00:00,405,0.01,1801.1,31.89,
Norte,E3,6:00:00,1049,0.03,1801.08,29.68,
Norte,E3,6:00:00,1051,0.05,1801.08,29.57,
Norte,E3,6:00:00,1053,0.03,1801.08,29.57,
Norte,E3,6:00:00,1059,0.07,1801.08,29.34,
Norte,E3,6:00:00,1063,0.03,1801.08,29.07,
Norte,E3,6:00:00,1077,0.03,1801.09,29.54,
Norte,E3,6:00:00,1089,0.04,1801.08,29.69,
Norte,E3,6:00:00,1093,0.09,1801.08,29.24,
Norte,E3,6:00:00,1094,0.02,1801.08,29.0,
Norte,E3,6:00:00,1095,0.03,1801.08,29.49,
Norte,E3,6:00:00,1100,0.05,1801.08,30.1,
Norte,E3,6:00:00,1102,0.09,1801.08,30.05,
Norte,E3,6:00:00,1103,0.01,1801.09,31.04,
Norte,E3,6:00:00,1104,0.09,1801.08,30.08,
Norte,E3,6:00:00,1106,0.1,1801.08,30.02,
Norte,E3,6:00:00,1107,0.05,1801.09,30.29,
Norte,E3,6:00:00,1109,0.02,1801.08,30.27,
Norte,E3,6:00:00,1110,0.02,1801.09,29.92,
Norte,E3,6:00:00,1112,0.03,1801.09,29.94,
Norte,E3,6:00:00,1113,0.05,1801.09,29.68,
Norte,E3,6:00:00,1115,0.1,1801.09,29.67,
Norte,E3,6:00:00,1117,0.11,1801.09,29.72,
Norte,E3,6:00:00,1119,0.13,1801.08,30.3,
Norte,E3,6:00:00,1120,0.1,1801.09,29.88,
Norte,E3,6:00:00,1122,0.07,1801.09,31.18,
Norte,E3,6:00:00,1125,0.08,1801.09,31.12,
Norte,E3,6:00:00,1128,0.08,1801.09,31.37,
Norte,E3,6:00:00,1130,0.09,1801.09,31.19,
Norte,E3,6:00:00,1131,0.09,1801.09,31.34,
Norte,E3,6:00:00,1133,0.03,1801.08,32.36,
Norte,E3,6:00:00,1134,0.17,1801.13,32.46,
Norte,E3,6:00:00,1135,0.12,1801.09,32.55,
Norte,E3,6:00:00,1137,0.15,1801.13,32.4,
Norte,E3,6:00:00,1139,0.1,1801.13,32.38,
Norte,E3,6:00:00,1140,0.04,1801.13,32.43,
Norte,E3,6:00:00,1141,0.07,1801.08,31.34,
Norte,E3,6:00:00,1142,0.03,1801.11,31.31,
Norte,E3,6:00:00,1143,0.1,1801.11,32.16,
Norte,E3,6:00:00,1144,0.09,1801.08,32.31,
Norte,E3,6:00:00,1145,0.04,1801.11,32.25,
Norte,E3,6:00:00,1147,0.0,1801.1,32.4,
Norte,E3,6:00:00,1148,0.01,1801.1,32.41,
Norte,E3,6:00:00,1149,0.19,1801.16,31.05,
Norte,E3,6:00:00,1150,0.25,1801.1,30.82,
Norte,E3,6:00:00,1151,0.04,1801.23,27.0,
Norte,E3,6:00:00,1153,0.02,1801.17,28.57,
Norte,E3,6:00:00,1154,0.0,1801.17,29.02,
Norte,E3,6:00:00,1158,0.13,1801.17,29.23,
Norte,E3,6:00:00,1159,0.1,1801.16,31.6,
Norte,E3,6:00:00,1161,0.04,1801.16,30.67,
Norte,E3,6:00:00,1162,0.01,1801.14,32.08,
Norte,E3,6:00:00,1164,0.12,1801.13,32.15,
Norte,E3,6:00:00,1165,0.04,1801.14,32.27,
Norte,E3,6:00:00,1166,0.06,1801.14,31.82,
Norte,E3,6:00:00,1169,0.1,1801.13,32.43,
Norte,E3,6:00:00,1171,0.08,1801.11,32.43,
Norte,E3,6:00:00,1172,0.19,1801.11,33.48,
Norte,E3,6:00:00,1174,0.07,1801.11,33.28,
Norte,E3,6:00:00,1175,0.15,1801.12,31.78,
Norte,E3,6:00:00,1176,0.21,1801.12,33.27,
Norte,E3,6:00:00,1179,0.07,1801.13,32.79,
Norte,E3,6:00:00,1181,0.01,1801.11,33.27,
Norte,E3,6:00:00,1182,0.07,1801.13,32.52,
Norte,E3,6:00:00,1184,0.05,1801.18,24.74,
Norte,E3,6:00:00,1185,0.03,1801.17,26.44,
Norte,E3,6:00:00,1186,0.01,1801.17,25.76,
Norte,E3,6:00:00,1187,0.25,1801.14,25.43,
Norte,E3,6:00:00,1189,0.01,1801.06,24.97,
Norte,E3,6:00:00,1190,0.08,1801.05,25.92,
Norte,E3,6:00:00,1191,0.08,1801.12,29.0,
Norte,E3,6:00:00,1192,0.01,1801.12,27.1,
Norte,E3,6:00:00,1196,0.06,1801.0,26.78,
Norte,E3,6:00:00,1197,0.06,1801.0,27.25,
Norte,E3,6:00:00,1207,0.13,1801.01,25.22,
Norte,E3,6:00:00,1216,0.1,1801.0,18.97,
Norte,E3,6:00:00,1221,0.06,1801.2,19.64,
Norte,E3,6:00:00,1223,0.06,1801.2,19.42,
Norte,E3,6:00:00,1224,0.08,1801.2,23.02,
Norte,E3,6:00:00,1225,0.04,1801.16,24.46,
Norte,E3,6:00:00,1226,0.07,1801.2,23.25,
Norte,E3,6:00:00,1228,0.04,1801.19,22.57,
Norte,E3,6:00:00,1229,0.02,1801.19,22.27,
Norte,E3,6:00:00,1230,0.02,1801.19,22.22,
Norte,E3,6:00:00,1231,0.01,1801.19,22.3,
Norte,E3,6:00:00,1232,0.03,1801.19,21.76,
Norte,E3,6:00:00,1233,0.02,1801.19,21.73,
Norte,E3,6:00:00,1240,0.13,1801.21,21.04,
Norte,E3,6:00:00,1242,0.14,1801.2,22.2,
Norte,E3,6:00:00,1243,0.05,1801.19,22.96,
Norte,E3,6:00:00,1244,0.13,1801.16,24.49,
Norte,E3,6:00:00,1245,0.07,1801.16,25.57,
Norte,E3,6:00:00,1246,0.04,1801.14,25.74,
Norte,E3,6:00:00,1247,0.08,1801.14,25.5,
Norte,E3,6:00:00,1248,0.08,1801.14,25.21,
Norte,E3,6:00:00,1249,0.16,1801.18,23.6,
Norte,E3,6:00:00,1250,0.18,1801.2,22.51,
Norte,E3,6:00:00,1252,0.13,1801.23,21.14,
Norte,E3,6:00:00,1253,0.17,1801.19,23.58,
Norte,E3,6:00:00,1254,0.16,1801.23,21.93,
Norte,E3,6:00:00,1255,0.09,1801.27,21.7,
Norte,E3,6:00:00,1257,0.09,1801.27,21.08,
Norte,E3,6:00:00,1265,0.04,1801.33,20.74,
Norte,E3,6:00:00,1268,0.08,1801.32,20.82,
Norte,E3,6:00:00,1272,0.04,1801.29,21.46,
Norte,E3,6:00:00,1274,0.07,1801.29,21.49,
Norte,E3,6:00:00,1276,0.15,1801.25,22.44,
Norte,E3,6:00:00,1279,0.07,1801.23,23.72,
Norte,E3,6:00:00,1281,0.08,1801.23,24.09,
Norte,E3,6:00:00,1282,0.03,1801.23,25.56,
Norte,E3,6:00:00,1284,0.03,1801.1,30.86,
Norte,E3,6:00:00,1286,0.1,1801.24,22.65,
Norte,E3,6:00:00,1288,0.01,1801.24,24.68,
Norte,E3,6:00:00,1289,0.03,1801.24,23.01,
Norte,E3,6:00:00,1290,0.12,1801.24,23.09,
Norte,E3,6:00:00,1291,0.01,1801.24,20.85,
Norte,E3,6:00:00,1292,0.08,1801.24,21.08,
Norte,E3,6:00:00,1293,0.1,1801.25,21.74,
Norte,E3,6:00:00,1294,0.03,1801.25,21.59,
Norte,E3,6:00:00,1295,0.16,1801.27,20.78,
Norte,E3,6:00:00,1297,0.11,1801.27,20.39,
Norte,E3,6:00:00,1302,0.11,1801.26,19.86,
Norte,E3,6:00:00,1304,0.07,1801.26,19.86,
Norte,E3,6:00:00,1305,0.0,1801.26,19.87,
Norte,E3,6:00:00,1306,0.08,1801.26,19.87,
Norte,E3,6:00:00,1308,0.09,1801.25,20.39,
Norte,E3,6:00:00,1309,0.05,1801.25,28.28,
Norte,E3,6:00:00,1310,0.02,1801.25,24.43,
Norte,E3,6:00:00,1312,0.12,1801.15,29.23,
Norte,E3,6:00:00,1313,0.0,1801.15,29.45,
Norte,E3,6:00:00,1315,0.08,1801.15,29.41,
Norte,E3,6:00:00,1318,0.1,1801.08,29.35,
Norte,E3,6:00:00,1319,0.02,1801.08,29.0,
Norte,E3,6:00:00,1321,0.06,1801.25,21.28,
Norte,E3,6:00:00,1322,0.01,1801.25,22.05,
Norte,E3,6:00:00,1323,0.07,1801.25,21.84,
Norte,E3,6:00:00,1324,0.03,1801.26,20.41,
Norte,E3,6:00:00,1326,0.11,1801.25,20.06,
Norte,E3,6:00:00,1334,0.08,1801.24,21.96,
Norte,E3,6:00:00,1335,0.08,1801.21,22.5,
Norte,E3,6:00:00,1336,0.01,1801.21,21.63,
Norte,E3,6:00:00,1340,0.05,1801.24,28.9,
Norte,E3,6:00:00,5010,0.04,1801.2,25.75,
Norte,E3,6:00:00,5011,0.06,1801.06,25.85,
Norte,E3,6:00:00,5019,0.07,1801.08,31.9,
Norte,E3,6:00:00,5086,0.08,1801.1,32.39,
Norte,E3,6:00:00,5087,0.01,1801.1,32.44,
Norte,E3,6:00:00,5108,0.0,1801.05,25.77,
Norte,E3,6:00:00,5112,0.03,1801.29,21.5,
Norte,E3,6:00:00,5148,0.0,1801.1,32.12,
Norte,E3,6:00:00,5193,0.0,1801.09,31.24,
Norte,E3,6:00:00,5204,0.17,1801.0,25.28,
Norte,E3,6:00:00,5241,0.0,1801.2,19.57,
Norte,E3,6:00:00,5264,0.03,1801.1,32.4,
Norte,E3,6:00:00,5289,0.01,1801.08,29.6,
Norte,E3,6:00:00,5291,0.02,1801.15,29.67,
Norte,E3,6:00:00,5311,0.15,1801.08,32.33,
Norte,E3,6:00:00,5312,0.01,1801.08,32.47,
Norte,E3,6:00:00,5313,0.01,1801.08,32.27,
Norte,E3,6:00:00,5314,0.02,1801.06,25.71,
Norte,E3,6:00:00,5342,0.04,1801.2,25.65,
Norte,E3,6:00:00,5343,0.16,1801.32,20.84,
Norte,E3,6:00:00,5344,0.17,1801.31,25.77,
Norte,E3,6:00:00,5345,0.17,1801.31,25.93,
Norte,E3,6:00:00,5478,0.01,1801.29,21.51,
Norte,E3,6:00:00,5484,0.01,1801.2,19.04,
Norte,E3,6:00:00,5493,0.01,1801.13,30.65,
Norte,E3,6:00:00,5494,0.01,1801.13,30.72,
Norte,E3,6:00:00,5495,0.12,1801.08,32.61,
Norte,E3,6:00:00,5506,0.02,1801.2,22.72,
Norte,E3,6:00:00,5523,0.0,1801.09,29.08,
Norte,E3,6:00:00,5533,0.04,1801.24,20.7,
Norte,E3,6:00:00,5537,0.05,1801.09,29.34,
Norte,E3,6:00:00,5538,0.08,1801.09,29.66,
Norte,E3,6:00:00,5603,0.06,1801.11,30.89,
Norte,E3,6:00:00,5604,0.08,1801.1,30.45,
Norte,E3,6:00:00,5613,0.08,1801.11,32.3,
Norte,E3,6:00:00,5614,0.03,1801.13,32.4,
Norte,E3,6:00:00,5620,0.06,1801.08,32.23,
Norte,E3,6:00:00,5621,0.05,1801.08,32.17,
Norte,E3,6:00:00,5678,0.07,1801.08,29.76,
Norte,E3,6:00:00,5685,0.02,1801.12,25.58,
Norte,E3,6:00:00,5709,0.19,1801.32,20.85,
Norte,E3,6:00:00,5744,0.06,1801.13,32.05,
Norte,E3,6:00:00,5746,0.1,1801.21,24.36,
Norte,E3,6:00:00,5747,0.06,1801.18,25.85,
Norte,E3,6:00:00,5748,0.07,1801.41,21.15,
Norte,E3,6:00:00,5749,0.07,1801.51,21.36,
Norte,E3,6:00:00,5750,0.04,1801.59,21.26,
Norte,E3,6:00:00,5760,0.05,1801.68,21.04,
Norte,E3,6:00:00,5761,0.03,1801.61,21.38,
Norte,E3,6:00:00,5762,0.02,1801.77,20.53,
Norte,E3,6:00:00,5763,0.04,1801.74,20.74,
Norte,E3,6:00:00,10020,0.06,1801.1,33.16,
Norte,E3,6:00:00,10059,0.05,1801.08,29.59,
Norte,E3,6:00:00,10061,0.01,1801.24,20.53,
Norte,E3,6:00:00,10062,0.0,1801.27,20.45,
Norte,E3,6:00:00,10063,0.0,1801.33,20.74,
Norte,E3,6:00:00,10082,0.11,1801.21,20.47,
Norte,E3,7:00:00,346,0.05,1801.13,33.43,
Norte,E3,7:00:00,347,0.09,1801.13,33.61,
Norte,E3,7:00:00,348,0.14,1801.13,33.62,
Norte,E3,7:00:00,349,0.06,1801.13,32.3,
Norte,E3,7:00:00,350,0.03,1801.13,32.29,
Norte,E3,7:00:00,351,0.06,1801.13,33.88,
Norte,E3,7:00:00,352,0.15,1801.13,33.76,
Norte,E3,7:00:00,353,0.09,1801.13,33.67,
Norte,E3,7:00:00,354,0.15,1801.17,32.47,
Norte,E3,7:00:00,355,0.06,1801.17,32.39,
Norte,E3,7:00:00,356,0.1,1801.17,32.43,
Norte,E3,7:00:00,357,0.04,1801.17,32.65,
Norte,E3,7:00:00,358,0.02,1801.17,32.9,
Norte,E3,7:00:00,362,0.1,1801.15,32.45,
Norte,E3,7:00:00,363,0.05,1801.16,32.45,
Norte,E3,7:00:00,364,0.09,1801.16,32.45,
Norte,E3,7:00:00,368,0.04,1801.14,32.47,
Norte,E3,7:00:00,371,0.07,1801.14,32.45,
Norte,E3,7:00:00,400,0.07,1801.15,32.17,
Norte,E3,7:00:00,401,0.06,1801.15,32.19,
Norte,E3,7:00:00,404,0.03,1801.15,31.99,
Norte,E3,7:00:00,405,0.01,1801.15,31.94,
Norte,E3,7:00:00,1049,0.03,1801.13,29.73,
Norte,E3,7:00:00,1051,0.04,1801.13,29.62,
Norte,E3,7:00:00,1053,0.03,1801.13,29.62,
Norte,E3,7:00:00,1059,0.06,1801.13,29.39,
Norte,E3,7:00:00,1063,0.03,1801.13,29.12,
Norte,E3,7:00:00,1077,0.03,1801.14,29.59,
Norte,E3,7:00:00,1089,0.04,1801.13,29.74,
Norte,E3,7:00:00,1093,0.09,1801.13,29.29,
Norte,E3,7:00:00,1094,0.02,1801.13,29.05,
Norte,E3,7:00:00,1095,0.03,1801.13,29.54,
Norte,E3,7:00:00,1100,0.05,1801.14,30.16,
Norte,E3,7:00:00,1102,0.08,1801.14,30.11,
Norte,E3,7:00:00,1103,0.01,1801.14,31.09,
Norte,E3,7:00:00,1104,0.09,1801.13,30.13,
Norte,E3,7:00:00,1106,0.1,1801.13,30.07,
Norte,E3,7:00:00,1107,0.05,1801.14,30.34,
Norte,E3,7:00:00,1109,0.01,1801.14,30.33,
Norte,E3,7:00:00,1110,0.02,1801.14,29.97,
Norte,E3,7:00:00,1112,0.03,1801.14,29.99,
Norte,E3,7:00:00,1113,0.05,1801.14,29.73,
Norte,E3,7:00:00,1115,0.1,1801.14,29.72,
Norte,E3,7:00:00,1117,0.1,1801.14,29.77,
Norte,E3,7:00:00,1119,0.13,1801.14,30.36,
Norte,E3,7:00:00,1120,0.09,1801.14,29.93,
Norte,E3,7:00:00,1122,0.07,1801.14,31.23,
Norte,E3,7:00:00,1125,0.07,1801.14,31.17,
Norte,E3,7:00:00,1128,0.07,1801.14,31.42,
Norte,E3,7:00:00,1130,0.09,1801.14,31.24,
Norte,E3,7:00:00,1131,0.09,1801.14,31.39,
Norte,E3,7:00:00,1133,0.03,1801.14,32.42,
Norte,E3,7:00:00,1134,0.16,1801.18,32.51,
Norte,E3,7:00:00,1135,0.11,1801.14,32.6,
Norte,E3,7:00:00,1137,0.14,1801.18,32.45,
Norte,E3,7:00:00,1139,0.09,1801.17,32.42,
Norte,E3,7:00:00,1140,0.04,1801.17,32.47,
Norte,E3,7:00:00,1141,0.06,1801.13,31.39,
Norte,E3,7:00:00,1142,0.03,1801.16,31.36,
Norte,E3,7:00:00,1143,0.09,1801.16,32.21,
Norte,E3,7:00:00,1144,0.09,1801.14,32.37,
Norte,E3,7:00:00,1145,0.04,1801.16,32.3,
Norte,E3,7:00:00,1147,0.0,1801.15,32.45,
Norte,E3,7:00:00,1148,0.01,1801.15,32.46,
Norte,E3,7:00:00,1149,0.18,1801.2,31.09,
Norte,E3,7:00:00,1150,0.24,1801.15,30.87,
Norte,E3,7:00:00,1151,0.04,1801.27,27.04,
Norte,E3,7:00:00,1153,0.02,1801.22,28.62,
Norte,E3,7:00:00,1154,0.0,1801.22,29.07,
Norte,E3,7:00:00,1158,0.13,1801.22,29.28,
Norte,E3,7:00:00,1159,0.09,1801.2,31.64,
Norte,E3,7:00:00,1161,0.04,1801.2,30.71,
Norte,E3,7:00:00,1162,0.01,1801.18,32.12,
Norte,E3,7:00:00,1164,0.11,1801.18,32.2,
Norte,E3,7:00:00,1165,0.04,1801.18,32.31,
Norte,E3,7:00:00,1166,0.06,1801.19,31.87,
Norte,E3,7:00:00,1169,0.1,1801.18,32.48,
Norte,E3,7:00:00,1171,0.08,1801.16,32.48,
Norte,E3,7:00:00,1172,0.18,1801.16,33.53,
Norte,E3,7:00:00,1174,0.06,1801.16,33.33,
Norte,E3,7:00:00,1175,0.14,1801.17,31.83,
Norte,E3,7:00:00,1176,0.2,1801.17,33.32,
Norte,E3,7:00:00,1179,0.06,1801.17,32.83,
Norte,E3,7:00:00,1181,0.01,1801.16,33.32,
Norte,E3,7:00:00,1182,0.07,1801.18,32.57,
Norte,E3,7:00:00,1184,0.04,1801.23,24.79,
Norte,E3,7:00:00,1185,0.03,1801.22,26.49,
Norte,E3,7:00:00,1186,0.01,1801.22,25.81,
Norte,E3,7:00:00,1187,0.24,1801.18,25.47,
Norte,E3,7:00:00,1189,0.01,1801.11,25.02,
Norte,E3,7:00:00,1190,0.07,1801.1,25.98,
Norte,E3,7:00:00,1191,0.07,1801.17,29.05,
Norte,E3,7:00:00,1192,0.01,1801.17,27.15,
Norte,E3,7:00:00,1196,0.06,1801.06,26.84,
Norte,E3,7:00:00,1197,0.05,1801.06,27.31,
Norte,E3,7:00:00,1207,0.13,1801.06,25.27,
Norte,E3,7:00:00,1216,0.1,1801.06,19.03,
Norte,E3,7:00:00,1221,0.05,1801.25,19.69,
Norte,E3,7:00:00,1223,0.06,1801.25,19.47,
Norte,E3,7:00:00,1224,0.08,1801.24,23.06,
Norte,E3,7:00:00,1225,0.04,1801.21,24.51,
Norte,E3,7:00:00,1226,0.07,1801.24,23.29,
Norte,E3,7:00:00,1228,0.04,1801.24,22.62,
Norte,E3,7:00:00,1229,0.02,1801.24,22.32,
Norte,E3,7:00:00,1230,0.02,1801.24,22.27,
Norte,E3,7:00:00,1231,0.01,1801.24,22.35,
Norte,E3,7:00:00,1232,0.03,1801.24,21.81,
Norte,E3,7:00:00,1233,0.01,1801.24,21.78,
Norte,E3,7:00:00,1240,0.13,1801.25,21.08,
Norte,E3,7:00:00,1242,0.13,1801.24,22.24,
Norte,E3,7:00:00,1243,0.05,1801.23,23.0,
Norte,E3,7:00:00,1244,0.13,1801.21,24.54,
Norte,E3,7:00:00,1245,0.07,1801.21,25.62,
Norte,E3,7:00:00,1246,0.04,1801.19,25.79,
Norte,E3,7:00:00,1247,0.08,1801.19,25.55,
Norte,E3,7:00:00,1248,0.08,1801.19,25.26,
Norte,E3,7:00:00,1249,0.16,1801.23,23.65,
Norte,E3,7:00:00,1250,0.17,1801.25,22.56,
Norte,E3,7:00:00,1252,0.12,1801.27,21.18,
Norte,E3,7:00:00,1253,0.16,1801.23,23.62,
Norte,E3,7:00:00,1254,0.16,1801.27,21.97,
Norte,E3,7:00:00,1255,0.09,1801.3,21.73,
Norte,E3,7:00:00,1257,0.09,1801.31,21.12,
Norte,E3,7:00:00,1265,0.04,1801.36,20.77,
Norte,E3,7:00:00,1268,0.07,1801.36,20.86,
Norte,E3,7:00:00,1272,0.04,1801.32,21.49,
Norte,E3,7:00:00,1274,0.07,1801.33,21.53,
Norte,E3,7:00:00,1276,0.15,1801.29,22.48,
Norte,E3,7:00:00,1279,0.06,1801.27,23.76,
Norte,E3,7:00:00,1281,0.07,1801.27,24.13,
Norte,E3,7:00:00,1282,0.03,1801.27,25.6,
Norte,E3,7:00:00,1284,0.03,1801.15,30.91,
Norte,E3,7:00:00,1286,0.09,1801.28,22.69,
Norte,E3,7:00:00,1288,0.01,1801.28,24.72,
Norte,E3,7:00:00,1289,0.03,1801.28,23.05,
Norte,E3,7:00:00,1290,0.11,1801.28,23.13,
Norte,E3,7:00:00,1291,0.01,1801.28,20.89,
Norte,E3,7:00:00,1292,0.07,1801.28,21.12,
Norte,E3,7:00:00,1293,0.09,1801.28,21.77,
Norte,E3,7:00:00,1294,0.03,1801.29,21.63,
Norte,E3,7:00:00,1295,0.15,1801.3,20.81,
Norte,E3,7:00:00,1297,0.11,1801.31,20.43,
Norte,E3,7:00:00,1302,0.1,1801.3,19.9,
Norte,E3,7:00:00,1304,0.06,1801.3,19.9,
Norte,E3,7:00:00,1305,0.0,1801.3,19.91,
Norte,E3,7:00:00,1306,0.08,1801.3,19.91,
Norte,E3,7:00:00,1308,0.09,1801.29,20.43,
Norte,E3,7:00:00,1309,0.05,1801.29,28.32,
Norte,E3,7:00:00,1310,0.02,1801.29,24.47,
Norte,E3,7:00:00,1312,0.12,1801.19,29.27,
Norte,E3,7:00:00,1313,0.0,1801.19,29.49,
Norte,E3,7:00:00,1315,0.08,1801.19,29.45,
Norte,E3,7:00:00,1318,0.09,1801.13,29.4,
Norte,E3,7:00:00,1319,0.02,1801.13,29.05,
Norte,E3,7:00:00,1321,0.06,1801.29,21.32,
Norte,E3,7:00:00,1322,0.01,1801.29,22.09,
Norte,E3,7:00:00,1323,0.07,1801.29,21.88,
Norte,E3,7:00:00,1324,0.03,1801.3,20.45,
Norte,E3,7:00:00,1326,0.1,1801.29,20.1,
Norte,E3,7:00:00,1334,0.07,1801.28,22.0,
Norte,E3,7:00:00,1335,0.08,1801.25,22.54,
Norte,E3,7:00:00,1336,0.01,1801.25,21.67,
Norte,E3,7:00:00,1340,0.05,1801.28,28.94,
Norte,E3,7:00:00,5010,0.04,1801.25,25.8,
Norte,E3,7:00:00,5011,0.06,1801.11,25.9,
Norte,E3,7:00:00,5019,0.07,1801.13,31.95,
Norte,E3,7:00:00,5086,0.08,1801.15,32.44,
Norte,E3,7:00:00,5087,0.01,1801.15,32.49,
Norte,E3,7:00:00,5108,0.0,1801.11,25.83,
Norte,E3,7:00:00,5112,0.03,1801.32,21.53,
Norte,E3,7:00:00,5148,0.0,1801.15,32.17,
Norte,E3,7:00:00,5193,0.0,1801.14,31.29,
Norte,E3,7:00:00,5204,0.16,1801.06,25.34,
Norte,E3,7:00:00,5241,0.0,1801.25,19.62,
Norte,E3,7:00:00,5264,0.03,1801.15,32.45,
Norte,E3,7:00:00,5289,0.01,1801.13,29.65,
Norte,E3,7:00:00,5291,0.02,1801.19,29.71,
Norte,E3,7:00:00,5311,0.15,1801.14,32.39,
Norte,E3,7:00:00,5312,0.01,1801.14,32.53,
Norte,E3,7:00:00,5313,0.01,1801.14,32.33,
Norte,E3,7:00:00,5314,0.02,1801.11,25.76,
Norte,E3,7:00:00,5342,0.04,1801.25,25.7,
Norte,E3,7:00:00,5343,0.16,1801.35,20.87,
Norte,E3,7:00:00,5344,0.16,1801.34,25.8,
Norte,E3,7:00:00,5345,0.16,1801.34,25.96,
Norte,E3,7:00:00,5478,0.01,1801.32,21.54,
Norte,E3,7:00:00,5484,0.01,1801.25,19.09,
Norte,E3,7:00:00,5493,0.01,1801.17,30.69,
Norte,E3,7:00:00,5494,0.01,1801.18,30.77,
Norte,E3,7:00:00,5495,0.12,1801.14,32.67,
Norte,E3,7:00:00,5506,0.02,1801.24,22.76,
Norte,E3,7:00:00,5523,0.0,1801.14,29.13,
Norte,E3,7:00:00,5533,0.03,1801.28,20.74,
Norte,E3,7:00:00,5537,0.04,1801.14,29.39,
Norte,E3,7:00:00,5538,0.08,1801.14,29.71,
Norte,E3,7:00:00,5603,0.05,1801.16,30.94,
Norte,E3,7:00:00,5604,0.08,1801.15,30.5,
Norte,E3,7:00:00,5613,0.08,1801.16,32.35,
Norte,E3,7:00:00,5614,0.03,1801.18,32.45,
Norte,E3,7:00:00,5620,0.05,1801.13,32.28,
Norte,E3,7:00:00,5621,0.04,1801.13,32.22,
Norte,E3,7:00:00,5678,0.07,1801.13,29.81,
Norte,E3,7:00:00,5685,0.02,1801.17,25.63,
Norte,E3,7:00:00,5709,0.18,1801.35,20.88,
Norte,E3,7:00:00,5744,0.06,1801.18,32.1,
Norte,E3,7:00:00,5746,0.09,1801.26,24.41,
Norte,E3,7:00:00,5747,0.06,1801.22,25.89,
Norte,E3,7:00:00,5748,0.07,1801.44,21.18,
Norte,E3,7:00:00,5749,0.07,1801.53,21.38,
Norte,E3,7:00:00,5750,0.04,1801.61,21.28,
Norte,E3,7:00:00,5760,0.05,1801.68,21.04,
Norte,E3,7:00:00,5761,0.03,1801.63,21.4,
Norte,E3,7:00:00,5762,0.02,1801.77,20.53,
Norte,E3,7:00:00,5763,0.03,1801.74,20.74,
Norte,E3,7:00:00,10020,0.05,1801.15,33.21,
Norte,E3,7:00:00,10059,0.05,1801.13,29.64,
Norte,E3,7:00:00,10061,0.01,1801.28,20.57,
Norte,E3,7:00:00,10062,0.0,1801.31,20.49,
Norte,E3,7:00:00,10063,0.0,1801.36,20.77,
Norte,E3,7:00:00,10082,0.1,1801.25,20.51,
Norte,E3,8:00:00,346,0.05,1801.06,33.36,
Norte,E3,8:00:00,347,0.1,1801.06,33.54,
Norte,E3,8:00:00,348,0.15,1801.06,33.55,
Norte,E3,8:00:00,349,0.07,1801.06,32.23,
Norte,E3,8:00:00,350,0.03,1801.06,32.22,
Norte,E3,8:00:00,351,0.06,1801.07,33.82,
Norte,E3,8:00:00,352,0.16,1801.07,33.7,
Norte,E3,8:00:00,353,0.09,1801.07,33.61,
Norte,E3,8:00:00,354,0.16,1801.1,32.4,
Norte,E3,8:00:00,355,0.06,1801.11,32.33,
Norte,E3,8:00:00,356,0.11,1801.11,32.37,
Norte,E3,8:00:00,357,0.05,1801.11,32.59,
Norte,E3,8:00:00,358,0.03,1801.11,32.84,
Norte,E3,8:00:00,362,0.1,1801.09,32.39,
Norte,E3,8:00:00,363,0.05,1801.09,32.38,
Norte,E3,8:00:00,364,0.09,1801.09,32.38,
Norte,E3,8:00:00,368,0.05,1801.07,32.4,
Norte,E3,8:00:00,371,0.07,1801.07,32.38,
Norte,E3,8:00:00,400,0.08,1801.08,32.1,
Norte,E3,8:00:00,401,0.07,1801.08,32.12,
Norte,E3,8:00:00,404,0.03,1801.08,31.92,
Norte,E3,8:00:00,405,0.01,1801.08,31.87,
Norte,E3,8:00:00,1049,0.03,1801.07,29.67,
Norte,E3,8:00:00,1051,0.05,1801.07,29.56,
Norte,E3,8:00:00,1053,0.03,1801.07,29.56,
Norte,E3,8:00:00,1059,0.07,1801.07,29.33,
Norte,E3,8:00:00,1063,0.03,1801.07,29.06,
Norte,E3,8:00:00,1077,0.03,1801.07,29.52,
Norte,E3,8:00:00,1089,0.04,1801.06,29.67,
Norte,E3,8:00:00,1093,0.09,1801.06,29.22,
Norte,E3,8:00:00,1094,0.02,1801.06,28.98,
Norte,E3,8:00:00,1095,0.03,1801.07,29.48,
Norte,E3,8:00:00,1100,0.05,1801.07,30.09,
Norte,E3,8:00:00,1102,0.09,1801.07,30.04,
Norte,E3,8:00:00,1103,0.01,1801.07,31.02,
Norte,E3,8:00:00,1104,0.09,1801.07,30.07,
Norte,E3,8:00:00,1106,0.1,1801.07,30.01,
Norte,E3,8:00:00,1107,0.05,1801.07,30.27,
Norte,E3,8:00:00,1109,0.02,1801.07,30.26,
Norte,E3,8:00:00,1110,0.02,1801.07,29.9,
Norte,E3,8:00:00,1112,0.03,1801.07,29.92,
Norte,E3,8:00:00,1113,0.05,1801.07,29.66,
Norte,E3,8:00:00,1115,0.1,1801.07,29.65,
Norte,E3,8:00:00,1117,0.11,1801.07,29.7,
Norte,E3,8:00:00,1119,0.13,1801.07,30.29,
Norte,E3,8:00:00,1120,0.1,1801.07,29.86,
Norte,E3,8:00:00,1122,0.07,1801.07,31.16,
Norte,E3,8:00:00,1125,0.08,1801.07,31.1,
Norte,E3,8:00:00,1128,0.08,1801.07,31.35,
Norte,E3,8:00:00,1130,0.09,1801.07,31.17,
Norte,E3,8:00:00,1131,0.1,1801.07,31.32,
Norte,E3,8:00:00,1133,0.03,1801.07,32.35,
Norte,E3,8:00:00,1134,0.17,1801.12,32.45,
Norte,E3,8:00:00,1135,0.12,1801.07,32.53,
Norte,E3,8:00:00,1137,0.15,1801.11,32.38,
Norte,E3,8:00:00,1139,0.1,1801.11,32.36,
Norte,E3,8:00:00,1140,0.04,1801.11,32.41,
Norte,E3,8:00:00,1141,0.07,1801.07,31.33,
Norte,E3,8:00:00,1142,0.03,1801.09,31.29,
Norte,E3,8:00:00,1143,0.1,1801.09,32.14,
Norte,E3,8:00:00,1144,0.09,1801.07,32.3,
Norte,E3,8:00:00,1145,0.04,1801.1,32.24,
Norte,E3,8:00:00,1147,0.0,1801.08,32.38,
Norte,E3,8:00:00,1148,0.01,1801.09,32.4,
Norte,E3,8:00:00,1149,0.19,1801.14,31.03,
Norte,E3,8:00:00,1150,0.26,1801.09,30.81,
Norte,E3,8:00:00,1151,0.04,1801.22,26.99,
Norte,E3,8:00:00,1153,0.02,1801.16,28.56,
Norte,E3,8:00:00,1154,0.0,1801.16,29.01,
Norte,E3,8:00:00,1158,0.13,1801.16,29.22,
Norte,E3,8:00:00,1159,0.1,1801.14,31.58,
Norte,E3,8:00:00,1161,0.05,1801.14,30.65,
Norte,E3,8:00:00,1162,0.01,1801.12,32.06,
Norte,E3,8:00:00,1164,0.12,1801.12,32.14,
Norte,E3,8:00:00,1165,0.04,1801.12,32.25,
Norte,E3,8:00:00,1166,0.07,1801.13,31.8,
Norte,E3,8:00:00,1169,0.1,1801.11,32.41,
Norte,E3,8:00:00,1171,0.08,1801.1,32.42,
Norte,E3,8:00:00,1172,0.19,1801.1,33.47,
Norte,E3,8:00:00,1174,0.07,1801.1,33.27,
Norte,E3,8:00:00,1175,0.15,1801.11,31.77,
Norte,E3,8:00:00,1176,0.21,1801.11,33.26,
Norte,E3,8:00:00,1179,0.07,1801.11,32.77,
Norte,E3,8:00:00,1181,0.01,1801.1,33.26,
Norte,E3,8:00:00,1182,0.07,1801.12,32.51,
Norte,E3,8:00:00,1184,0.05,1801.17,24.73,
Norte,E3,8:00:00,1185,0.03,1801.16,26.43,
Norte,E3,8:00:00,1186,0.01,1801.16,25.75,
Norte,E3,8:00:00,1187,0.26,1801.12,25.41,
Norte,E3,8:00:00,1189,0.01,1801.04,24.95,
Norte,E3,8:00:00,1190,0.08,1801.03,25.9,
Norte,E3,8:00:00,1191,0.08,1801.11,28.99,
Norte,E3,8:00:00,1192,0.01,1801.11,27.09,
Norte,E3,8:00:00,1196,0.06,1800.98,26.76,
Norte,E3,8:00:00,1197,0.06,1800.99,27.24,
Norte,E3,8:00:00,1207,0.14,1800.99,25.2,
Norte,E3,8:00:00,1216,0.1,1800.98,18.95,
Norte,E3,8:00:00,1221,0.06,1801.19,19.63,
Norte,E3,8:00:00,1223,0.06,1801.19,19.41,
Norte,E3,8:00:00,1224,0.09,1801.18,23.0,
Norte,E3,8:00:00,1225,0.04,1801.15,24.45,
Norte,E3,8:00:00,1226,0.08,1801.18,23.23,
Norte,E3,8:00:00,1228,0.04,1801.18,22.56,
Norte,E3,8:00:00,1229,0.02,1801.18,22.26,
Norte,E3,8:00:00,1230,0.02,1801.18,22.21,
Norte,E3,8:00:00,1231,0.01,1801.18,22.29,
Norte,E3,8:00:00,1232,0.03,1801.18,21.75,
Norte,E3,8:00:00,1233,0.02,1801.18,21.72,
Norte,E3,8:00:00,1240,0.14,1801.2,21.03,
Norte,E3,8:00:00,1242,0.14,1801.18,22.18,
Norte,E3,8:00:00,1243,0.05,1801.18,22.95,
Norte,E3,8:00:00,1244,0.13,1801.15,24.48,
Norte,E3,8:00:00,1245,0.07,1801.15,25.56,
Norte,E3,8:00:00,1246,0.04,1801.13,25.73,
Norte,E3,8:00:00,1247,0.08,1801.13,25.49,
Norte,E3,8:00:00,1248,0.08,1801.13,25.2,
Norte,E3,8:00:00,1249,0.17,1801.17,23.59,
Norte,E3,8:00:00,1250,0.18,1801.19,22.5,
Norte,E3,8:00:00,1252,0.13,1801.21,21.12,
Norte,E3,8:00:00,1253,0.17,1801.17,23.56,
Norte,E3,8:00:00,1254,0.16,1801.21,21.91,
Norte,E3,8:00:00,1255,0.09,1801.25,21.68,
Norte,E3,8:00:00,1257,0.1,1801.26,21.07,
Norte,E3,8:00:00,1265,0.04,1801.32,20.73,
Norte,E3,8:00:00,1268,0.08,1801.31,20.81,
Norte,E3,8:00:00,1272,0.04,1801.28,21.45,
Norte,E3,8:00:00,1274,0.07,1801.28,21.48,
Norte,E3,8:00:00,1276,0.16,1801.24,22.43,
Norte,E3,8:00:00,1279,0.07,1801.22,23.71,
Norte,E3,8:00:00,1281,0.08,1801.22,24.08,
Norte,E3,8:00:00,1282,0.03,1801.22,25.55,
Norte,E3,8:00:00,1284,0.03,1801.09,30.85,
Norte,E3,8:00:00,1286,0.1,1801.23,22.64,
Norte,E3,8:00:00,1288,0.01,1801.23,24.67,
Norte,E3,8:00:00,1289,0.03,1801.23,23.0,
Norte,E3,8:00:00,1290,0.12,1801.23,23.08,
Norte,E3,8:00:00,1291,0.01,1801.23,20.84,
Norte,E3,8:00:00,1292,0.08,1801.23,21.07,
Norte,E3,8:00:00,1293,0.1,1801.23,21.72,
Norte,E3,8:00:00,1294,0.03,1801.24,21.58,
Norte,E3,8:00:00,1295,0.16,1801.25,20.76,
Norte,E3,8:00:00,1297,0.11,1801.26,20.38,
Norte,E3,8:00:00,1302,0.11,1801.24,19.84,
Norte,E3,8:00:00,1304,0.07,1801.24,19.84,
Norte,E3,8:00:00,1305,0.0,1801.24,19.85,
Norte,E3,8:00:00,1306,0.08,1801.24,19.85,
Norte,E3,8:00:00,1308,0.1,1801.24,20.38,
Norte,E3,8:00:00,1309,0.05,1801.24,28.27,
Norte,E3,8:00:00,1310,0.02,1801.23,24.41,
Norte,E3,8:00:00,1312,0.12,1801.13,29.21,
Norte,E3,8:00:00,1313,0.0,1801.13,29.43,
Norte,E3,8:00:00,1315,0.08,1801.13,29.39,
Norte,E3,8:00:00,1318,0.1,1801.06,29.33,
Norte,E3,8:00:00,1319,0.02,1801.06,28.98,
Norte,E3,8:00:00,1321,0.06,1801.23,21.26,
Norte,E3,8:00:00,1322,0.01,1801.23,22.03,
Norte,E3,8:00:00,1323,0.07,1801.23,21.82,
Norte,E3,8:00:00,1324,0.03,1801.24,20.39,
Norte,E3,8:00:00,1326,0.11,1801.23,20.04,
Norte,E3,8:00:00,1334,0.08,1801.22,21.94,
Norte,E3,8:00:00,1335,0.09,1801.2,22.49,
Norte,E3,8:00:00,1336,0.01,1801.2,21.62,
Norte,E3,8:00:00,1340,0.05,1801.22,28.88,
Norte,E3,8:00:00,5010,0.04,1801.19,25.74,
Norte,E3,8:00:00,5011,0.06,1801.04,25.83,
Norte,E3,8:00:00,5019,0.07,1801.06,31.88,
Norte,E3,8:00:00,5086,0.08,1801.08,32.37,
Norte,E3,8:00:00,5087,0.01,1801.08,32.42,
Norte,E3,8:00:00,5108,0.0,1801.04,25.76,
Norte,E3,8:00:00,5112,0.03,1801.27,21.48,
Norte,E3,8:00:00,5148,0.0,1801.08,32.1,
Norte,E3,8:00:00,5193,0.0,1801.07,31.22,
Norte,E3,8:00:00,5204,0.17,1800.99,25.27,
Norte,E3,8:00:00,5241,0.0,1801.19,19.56,
Norte,E3,8:00:00,5264,0.03,1801.09,32.39,
Norte,E3,8:00:00,5289,0.01,1801.06,29.58,
Norte,E3,8:00:00,5291,0.02,1801.13,29.65,
Norte,E3,8:00:00,5311,0.16,1801.07,32.32,
Norte,E3,8:00:00,5312,0.01,1801.07,32.46,
Norte,E3,8:00:00,5313,0.01,1801.07,32.26,
Norte,E3,8:00:00,5314,0.02,1801.04,25.69,
Norte,E3,8:00:00,5342,0.04,1801.19,25.64,
Norte,E3,8:00:00,5343,0.16,1801.31,20.83,
Norte,E3,8:00:00,5344,0.17,1801.3,25.76,
Norte,E3,8:00:00,5345,0.17,1801.3,25.92,
Norte,E3,8:00:00,5478,0.01,1801.27,21.49,
Norte,E3,8:00:00,5484,0.01,1801.19,19.03,
Norte,E3,8:00:00,5493,0.01,1801.11,30.63,
Norte,E3,8:00:00,5494,0.01,1801.12,30.71,
Norte,E3,8:00:00,5495,0.12,1801.07,32.6,
Norte,E3,8:00:00,5506,0.02,1801.18,22.7,
Norte,E3,8:00:00,5523,0.0,1801.07,29.06,
Norte,E3,8:00:00,5533,0.04,1801.23,20.69,
Norte,E3,8:00:00,5537,0.05,1801.07,29.32,
Norte,E3,8:00:00,5538,0.08,1801.07,29.64,
Norte,E3,8:00:00,5603,0.06,1801.09,30.87,
Norte,E3,8:00:00,5604,0.09,1801.08,30.43,
Norte,E3,8:00:00,5613,0.08,1801.1,32.29,
Norte,E3,8:00:00,5614,0.03,1801.11,32.38,
Norte,E3,8:00:00,5620,0.06,1801.06,32.21,
Norte,E3,8:00:00,5621,0.05,1801.06,32.15,
Norte,E3,8:00:00,5678,0.07,1801.07,29.75,
Norte,E3,8:00:00,5685,0.02,1801.11,25.57,
Norte,E3,8:00:00,5709,0.19,1801.31,20.84,
Norte,E3,8:00:00,5744,0.06,1801.12,32.04,
Norte,E3,8:00:00,5746,0.1,1801.2,24.35,
Norte,E3,8:00:00,5747,0.06,1801.17,25.84,
Norte,E3,8:00:00,5748,0.07,1801.4,21.14,
Norte,E3,8:00:00,5749,0.07,1801.5,21.35,
Norte,E3,8:00:00,5750,0.04,1801.59,21.26,
Norte,E3,8:00:00,5760,0.05,1801.67,21.03,
Norte,E3,8:00:00,5761,0.03,1801.61,21.38,
Norte,E3,8:00:00,5762,0.02,1801.77,20.53,
Norte,E3,8:00:00,5763,0.04,1801.74,20.74,
Norte,E3,8:00:00,10020,0.06,1801.09,33.15,
Norte,E3,8:00:00,10059,0.05,1801.07,29.58,
Norte,E3,8:00:00,10061,0.01,1801.23,20.52,
Norte,E3,8:00:00,10062,0.0,1801.26,20.44,
Norte,E3,8:00:00,10063,0.0,1801.32,20.73,
Norte,E3,8:00:00,10082,0.11,1801.19,20.45,
Norte,E3,9:00:00,346,0.06,1800.99,33.29,
Norte,E3,9:00:00,347,0.1,1800.99,33.47,
Norte,E3,9:00:00,348,0.16,1800.99,33.48,
Norte,E3,9:00:00,349,0.07,1800.99,32.16,
Norte,E3,9:00:00,350,0.04,1800.99,32.15,
Norte,E3,9:00:00,351,0.07,1800.99,33.74,
Norte,E3,9:00:00,352,0.17,1800.99,33.62,
Norte,E3,9:00:00,353,0.1,1800.99,33.53,
Norte,E3,9:00:00,354,0.16,1801.04,32.34,
Norte,E3,9:00:00,355,0.06,1801.04,32.26,
Norte,E3,9:00:00,356,0.11,1801.04,32.3,
Norte,E3,9:00:00,357,0.05,1801.04,32.52,
Norte,E3,9:00:00,358,0.03,1801.04,32.77,
Norte,E3,9:00:00,362,0.11,1801.02,32.32,
Norte,E3,9:00:00,363,0.05,1801.02,32.31,
Norte,E3,9:00:00,364,0.1,1801.02,32.31,
Norte,E3,9:00:00,368,0.05,1801.0,32.33,
Norte,E3,9:00:00,371,0.07,1801.0,32.31,
Norte,E3,9:00:00,400,0.08,1801.01,32.03,
Norte,E3,9:00:00,401,0.07,1801.01,32.05,
Norte,E3,9:00:00,404,0.03,1801.01,31.85,
Norte,E3,9:00:00,405,0.01,1801.01,31.8,
Norte,E3,9:00:00,1049,0.04,1801.0,29.6,
Norte,E3,9:00:00,1051,0.05,1801.0,29.49,
Norte,E3,9:00:00,1053,0.03,1800.99,29.49,
Norte,E3,9:00:00,1059,0.07,1801.0,29.26,
Norte,E3,9:00:00,1063,0.03,1801.0,28.99,
Norte,E3,9:00:00,1077,0.04,1801.0,29.45,
Norte,E3,9:00:00,1089,0.05,1800.99,29.6,
Norte,E3,9:00:00,1093,0.1,1800.99,29.15,
Norte,E3,9:00:00,1094,0.02,1800.99,28.91,
Norte,E3,9:00:00,1095,0.03,1801.0,29.41,
Norte,E3,9:00:00,1100,0.06,1801.0,30.02,
Norte,E3,9:00:00,1102,0.09,1801.0,29.97,
Norte,E3,9:00:00,1103,0.01,1801.0,30.95,
Norte,E3,9:00:00,1104,0.1,1801.0,30.0,
Norte,E3,9:00:00,1106,0.11,1801.0,29.94,
Norte,E3,9:00:00,1107,0.05,1801.0,30.2,
Norte,E3,9:00:00,1109,0.02,1801.0,30.19,
Norte,E3,9:00:00,1110,0.02,1801.0,29.83,
Norte,E3,9:00:00,1112,0.03,1801.0,29.85,
Norte,E3,9:00:00,1113,0.05,1801.0,29.59,
Norte,E3,9:00:00,1115,0.11,1801.0,29.58,
Norte,E3,9:00:00,1117,0.11,1801.0,29.63,
Norte,E3,9:00:00,1119,0.14,1801.0,30.22,
Norte,E3,9:00:00,1120,0.1,1801.0,29.79,
Norte,E3,9:00:00,1122,0.07,1801.0,31.09,
Norte,E3,9:00:00,1125,0.08,1801.0,31.03,
Norte,E3,9:00:00,1128,0.08,1801.0,31.28,
Norte,E3,9:00:00,1130,0.09,1801.0,31.1,
Norte,E3,9:00:00,1131,0.1,1801.0,31.25,
Norte,E3,9:00:00,1133,0.03,1801.0,32.28,
Norte,E3,9:00:00,1134,0.18,1801.05,32.38,
Norte,E3,9:00:00,1135,0.12,1801.0,32.46,
Norte,E3,9:00:00,1137,0.16,1801.05,32.32,
Norte,E3,9:00:00,1139,0.1,1801.04,32.29,
Norte,E3,9:00:00,1140,0.04,1801.04,32.34,
Norte,E3,9:00:00,1141,0.07,1800.99,31.25,
Norte,E3,9:00:00,1142,0.03,1801.03,31.23,
Norte,E3,9:00:00,1143,0.1,1801.03,32.08,
Norte,E3,9:00:00,1144,0.1,1801.0,32.23,
Norte,E3,9:00:00,1145,0.04,1801.03,32.17,
Norte,E3,9:00:00,1147,0.0,1801.01,32.31,
Norte,E3,9:00:00,1148,0.01,1801.02,32.33,
Norte,E3,9:00:00,1149,0.2,1801.08,30.97,
Norte,E3,9:00:00,1150,0.27,1801.02,30.74,
Norte,E3,9:00:00,1151,0.05,1801.16,26.93,
Norte,E3,9:00:00,1153,0.02,1801.09,28.49,
Norte,E3,9:00:00,1154,0.01,1801.09,28.94,
Norte,E3,9:00:00,1158,0.14,1801.09,29.15,
Norte,E3,9:00:00,1159,0.1,1801.08,31.52,
Norte,E3,9:00:00,1161,0.05,1801.08,30.59,
Norte,E3,9:00:00,1162,0.01,1801.05,31.99,
Norte,E3,9:00:00,1164,0.13,1801.05,32.07,
Norte,E3,9:00:00,1165,0.04,1801.06,32.19,
Norte,E3,9:00:00,1166,0.07,1801.06,31.74,
Norte,E3,9:00:00,1169,0.11,1801.05,32.35,
Norte,E3,9:00:00,1171,0.08,1801.03,32.35,
Norte,E3,9:00:00,1172,0.2,1801.03,33.4,
Norte,E3,9:00:00,1174,0.07,1801.03,33.2,
Norte,E3,9:00:00,1175,0.16,1801.04,31.7,
Norte,E3,9:00:00,1176,0.22,1801.04,33.19,
Norte,E3,9:00:00,1179,0.07,1801.04,32.7,
Norte,E3,9:00:00,1181,0.02,1801.03,33.19,
Norte,E3,9:00:00,1182,0.07,1801.05,32.44,
Norte,E3,9:00:00,1184,0.05,1801.11,24.67,
Norte,E3,9:00:00,1185,0.03,1801.09,26.36,
Norte,E3,9:00:00,1186,0.01,1801.09,25.68,
Norte,E3,9:00:00,1187,0.27,1801.06,25.35,
Norte,E3,9:00:00,1189,0.01,1800.96,24.87,
Norte,E3,9:00:00,1190,0.08,1800.96,25.83,
Norte,E3,9:00:00,1191,0.08,1801.04,28.92,
Norte,E3,9:00:00,1192,0.01,1801.04,27.02,
Norte,E3,9:00:00,1196,0.07,1800.91,26.69,
Norte,E3,9:00:00,1197,0.06,1800.91,27.16,
Norte,E3,9:00:00,1207,0.14,1800.91,25.12,
Norte,E3,9:00:00,1216,0.11,1800.9,18.87,
Norte,E3,9:00:00,1221,0.06,1801.13,19.57,
Norte,E3,9:00:00,1223,0.06,1801.13,19.35,
Norte,E3,9:00:00,1224,0.09,1801.12,22.94,
Norte,E3,9:00:00,1225,0.04,1801.08,24.38,
Norte,E3,9:00:00,1226,0.08,1801.12,23.17,
Norte,E3,9:00:00,1228,0.04,1801.12,22.5,
Norte,E3,9:00:00,1229,0.02,1801.12,22.2,
Norte,E3,9:00:00,1230,0.02,1801.12,22.15,
Norte,E3,9:00:00,1231,0.01,1801.12,22.23,
Norte,E3,9:00:00,1232,0.03,1801.12,21.69,
Norte,E3,9:00:00,1233,0.02,1801.12,21.66,
Norte,E3,9:00:00,1240,0.14,1801.14,20.97,
Norte,E3,9:00:00,1242,0.14,1801.12,22.12,
Norte,E3,9:00:00,1243,0.05,1801.12,22.89,
Norte,E3,9:00:00,1244,0.14,1801.09,24.42,
Norte,E3,9:00:00,1245,0.08,1801.08,25.49,
Norte,E3,9:00:00,1246,0.04,1801.06,25.66,
Norte,E3,9:00:00,1247,0.09,1801.06,25.42,
Norte,E3,9:00:00,1248,0.08,1801.06,25.13,
Norte,E3,9:00:00,1249,0.18,1801.11,23.53,
Norte,E3,9:00:00,1250,0.19,1801.13,22.44,
Norte,E3,9:00:00,1252,0.14,1801.16,21.07,
Norte,E3,9:00:00,1253,0.18,1801.11,23.5,
Norte,E3,9:00:00,1254,0.17,1801.16,21.86,
Norte,E3,9:00:00,1255,0.1,1801.2,21.63,
Norte,E3,9:00:00,1257,0.1,1801.21,21.02,
Norte,E3,9:00:00,1265,0.04,1801.27,20.68,
Norte,E3,9:00:00,1268,0.08,1801.26,20.76,
Norte,E3,9:00:00,1272,0.04,1801.23,21.4,
Norte,E3,9:00:00,1274,0.07,1801.23,21.43,
Norte,E3,9:00:00,1276,0.16,1801.19,22.38,
Norte,E3,9:00:00,1279,0.07,1801.16,23.65,
Norte,E3,9:00:00,1281,0.08,1801.16,24.02,
Norte,E3,9:00:00,1282,0.03,1801.16,25.49,
Norte,E3,9:00:00,1284,0.04,1801.02,30.78,
Norte,E3,9:00:00,1286,0.1,1801.17,22.58,
Norte,E3,9:00:00,1288,0.01,1801.17,24.61,
Norte,E3,9:00:00,1289,0.03,1801.17,22.94,
Norte,E3,9:00:00,1290,0.12,1801.17,23.02,
Norte,E3,9:00:00,1291,0.01,1801.17,20.78,
Norte,E3,9:00:00,1292,0.08,1801.17,21.01,
Norte,E3,9:00:00,1293,0.1,1801.18,21.67,
Norte,E3,9:00:00,1294,0.03,1801.19,21.53,
Norte,E3,9:00:00,1295,0.17,1801.2,20.71,
Norte,E3,9:00:00,1297,0.12,1801.21,20.33,
Norte,E3,9:00:00,1302,0.12,1801.19,19.79,
Norte,E3,9:00:00,1304,0.07,1801.19,19.79,
Norte,E3,9:00:00,1305,0.0,1801.19,19.8,
Norte,E3,9:00:00,1306,0.08,1801.19,19.8,
Norte,E3,9:00:00,1308,0.1,1801.18,20.32,
Norte,E3,9:00:00,1309,0.05,1801.18,28.21,
Norte,E3,9:00:00,1310,0.02,1801.18,24.36,
Norte,E3,9:00:00,1312,0.13,1801.07,29.15,
Norte,E3,9:00:00,1313,0.0,1801.07,29.37,
Norte,E3,9:00:00,1315,0.08,1801.07,29.33,
Norte,E3,9:00:00,1318,0.1,1800.99,29.26,
Norte,E3,9:00:00,1319,0.02,1800.99,28.91,
Norte,E3,9:00:00,1321,0.06,1801.18,21.21,
Norte,E3,9:00:00,1322,0.01,1801.18,21.98,
Norte,E3,9:00:00,1323,0.07,1801.18,21.77,
Norte,E3,9:00:00,1324,0.03,1801.19,20.34,
Norte,E3,9:00:00,1326,0.11,1801.18,19.99,
Norte,E3,9:00:00,1334,0.08,1801.17,21.89,
Norte,E3,9:00:00,1335,0.09,1801.14,22.43,
Norte,E3,9:00:00,1336,0.01,1801.14,21.56,
Norte,E3,9:00:00,1340,0.05,1801.17,28.83,
Norte,E3,9:00:00,5010,0.04,1801.13,25.68,
Norte,E3,9:00:00,5011,0.07,1800.97,25.76,
Norte,E3,9:00:00,5019,0.07,1800.99,31.81,
Norte,E3,9:00:00,5086,0.09,1801.01,32.3,
Norte,E3,9:00:00,5087,0.01,1801.02,32.36,
Norte,E3,9:00:00,5108,0.0,1800.96,25.68,
Norte,E3,9:00:00,5112,0.03,1801.22,21.43,
Norte,E3,9:00:00,5148,0.0,1801.01,32.03,
Norte,E3,9:00:00,5193,0.0,1801.0,31.15,
Norte,E3,9:00:00,5204,0.18,1800.91,25.19,
Norte,E3,9:00:00,5241,0.0,1801.13,19.5,
Norte,E3,9:00:00,5264,0.03,1801.02,32.32,
Norte,E3,9:00:00,5289,0.01,1800.99,29.51,
Norte,E3,9:00:00,5291,0.02,1801.07,29.59,
Norte,E3,9:00:00,5311,0.16,1801.0,32.25,
Norte,E3,9:00:00,5312,0.01,1801.0,32.39,
Norte,E3,9:00:00,5313,0.01,1801.0,32.19,
Norte,E3,9:00:00,5314,0.02,1800.96,25.61,
Norte,E3,9:00:00,5342,0.04,1801.13,25.58,
Norte,E3,9:00:00,5343,0.17,1801.26,20.78,
Norte,E3,9:00:00,5344,0.18,1801.25,25.71,
Norte,E3,9:00:00,5345,0.18,1801.25,25.87,
Norte,E3,9:00:00,5478,0.01,1801.22,21.44,
Norte,E3,9:00:00,5484,0.01,1801.13,18.97,
Norte,E3,9:00:00,5493,0.02,1801.04,30.56,
Norte,E3,9:00:00,5494,0.02,1801.05,30.64,
Norte,E3,9:00:00,5495,0.13,1801.0,32.53,
Norte,E3,9:00:00,5506,0.02,1801.12,22.64,
Norte,E3,9:00:00,5523,0.0,1801.0,28.99,
Norte,E3,9:00:00,5533,0.04,1801.17,20.63,
Norte,E3,9:00:00,5537,0.05,1801.0,29.25,
Norte,E3,9:00:00,5538,0.09,1801.0,29.57,
Norte,E3,9:00:00,5603,0.06,1801.03,30.81,
Norte,E3,9:00:00,5604,0.09,1801.01,30.36,
Norte,E3,9:00:00,5613,0.09,1801.03,32.22,
Norte,E3,9:00:00,5614,0.04,1801.05,32.32,
Norte,E3,9:00:00,5620,0.06,1800.99,32.14,
Norte,E3,9:00:00,5621,0.05,1800.99,32.08,
Norte,E3,9:00:00,5678,0.08,1801.0,29.68,
Norte,E3,9:00:00,5685,0.02,1801.04,25.5,
Norte,E3,9:00:00,5709,0.2,1801.26,20.79,
Norte,E3,9:00:00,5744,0.07,1801.05,31.97,
Norte,E3,9:00:00,5746,0.1,1801.14,24.29,
Norte,E3,9:00:00,5747,0.06,1801.1,25.77,
Norte,E3,9:00:00,5748,0.08,1801.36,21.1,
Norte,E3,9:00:00,5749,0.08,1801.48,21.33,
Norte,E3,9:00:00,5750,0.04,1801.57,21.24,
Norte,E3,9:00:00,5760,0.05,1801.66,21.02,
Norte,E3,9:00:00,5761,0.04,1801.59,21.36,
Norte,E3,9:00:00,5762,0.02,1801.76,20.52,
Norte,E3,9:00:00,5763,0.04,1801.73,20.73,
Norte,E3,9:00:00,10020,0.06,1801.02,33.08,
Norte,E3,9:00:00,10059,0.05,1800.99,29.5,
Norte,E3,9:00:00,10061,0.01,1801.17,20.46,
Norte,E3,9:00:00,10062,0.0,1801.21,20.39,
Norte,E3,9:00:00,10063,0.0,1801.27,20.68,
Norte,E3,9:00:00,10082,0.11,1801.14,20.4,
Norte,E3,10:00:00,346,0.05,1801.06,33.36,
Norte,E3,10:00:00,347,0.1,1801.06,33.54,
Norte,E3,10:00:00,348,0.15,1801.06,33.55,
Norte,E3,10:00:00,349,0.07,1801.06,32.23,
Norte,E3,10:00:00,350,0.03,1801.06,32.22,
Norte,E3,10:00:00,351,0.06,1801.07,33.82,
Norte,E3,10:00:00,352,0.16,1801.07,33.7,
Norte,E3,10:00:00,353,0.09,1801.07,33.61,
Norte,E3,10:00:00,354,0.16,1801.1,32.4,
Norte,E3,10:00:00,355,0.06,1801.11,32.33,
Norte,E3,10:00:00,356,0.11,1801.11,32.37,
Norte,E3,10:00:00,357,0.05,1801.11,32.59,
Norte,E3,10:00:00,358,0.03,1801.11,32.84,
Norte,E3,10:00:00,362,0.1,1801.09,32.39,
Norte,E3,10:00:00,363,0.05,1801.09,32.38,
Norte,E3,10:00:00,364,0.09,1801.09,32.38,
Norte,E3,10:00:00,368,0.05,1801.07,32.4,
Norte,E3,10:00:00,371,0.07,1801.07,32.38,
Norte,E3,10:00:00,400,0.08,1801.08,32.1,
Norte,E3,10:00:00,401,0.07,1801.08,32.12,
Norte,E3,10:00:00,404,0.03,1801.08,31.92,
Norte,E3,10:00:00,405,0.01,1801.08,31.87,
Norte,E3,10:00:00,1049,0.03,1801.07,29.67,
Norte,E3,10:00:00,1051,0.05,1801.07,29.56,
Norte,E3,10:00:00,1053,0.03,1801.07,29.56,
Norte,E3,10:00:00,1059,0.07,1801.07,29.33,
Norte,E3,10:00:00,1063,0.03,1801.07,29.06,
Norte,E3,10:00:00,1077,0.03,1801.07,29.52,
Norte,E3,10:00:00,1089,0.04,1801.06,29.67,
Norte,E3,10:00:00,1093,0.09,1801.06,29.22,
Norte,E3,10:00:00,1094,0.02,1801.06,28.98,
Norte,E3,10:00:00,1095,0.03,1801.07,29.48,
Norte,E3,10:00:00,1100,0.05,1801.07,30.09,
Norte,E3,10:00:00,1102,0.09,1801.07,30.04,
Norte,E3,10:00:00,1103,0.01,1801.07,31.02,
Norte,E3,10:00:00,1104,0.09,1801.07,30.07,
Norte,E3,10:00:00,1106,0.1,1801.07,30.01,
Norte,E3,10:00:00,1107,0.05,1801.07,30.27,
Norte,E3,10:00:00,1109,0.02,1801.07,30.26,
Norte,E3,10:00:00,1110,0.02,1801.07,29.9,
Norte,E3,10:00:00,1112,0.03,1801.07,29.92,
Norte,E3,10:00:00,1113,0.05,1801.07,29.66,
Norte,E3,10:00:00,1115,0.1,1801.07,29.65,
Norte,E3,10:00:00,1117,0.11,1801.07,29.7,
Norte,E3,10:00:00,1119,0.13,1801.07,30.29,
Norte,E3,10:00:00,1120,0.1,1801.07,29.86,
Norte,E3,10:00:00,1122,0.07,1801.07,31.16,
Norte,E3,10:00:00,1125,0.08,1801.07,31.1,
Norte,E3,10:00:00,1128,0.08,1801.07,31.35,
Norte,E3,10:00:00,1130,0.09,1801.07,31.17,
Norte,E3,10:00:00,1131,0.1,1801.07,31.32,
Norte,E3,10:00:00,1133,0.03,1801.07,32.35,
Norte,E3,10:00:00,1134,0.17,1801.12,32.45,
Norte,E3,10:00:00,1135,0.12,1801.07,32.53,
Norte,E3,10:00:00,1137,0.15,1801.11,32.38,
Norte,E3,10:00:00,1139,0.1,1801.11,32.36,
Norte,E3,10:00:00,1140,0.04,1801.11,32.41,
Norte,E3,10:00:00,1141,0.07,1801.07,31.33,
Norte,E3,10:00:00,1142,0.03,1801.09,31.29,
Norte,E3,10:00:00,1143,0.1,1801.09,32.14,
Norte,E3,10:00:00,1144,0.09,1801.07,32.3,
Norte,E3,10:00:00,1145,0.04,1801.1,32.24,
Norte,E3,10:00:00,1147,0.0,1801.08,32.38,
Norte,E3,10:00:00,1148,0.01,1801.09,32.4,
Norte,E3,10:00:00,1149,0.19,1801.14,31.03,
Norte,E3,10:00:00,1150,0.26,1801.09,30.81,
Norte,E3,10:00:00,1151,0.04,1801.22,26.99,
Norte,E3,10:00:00,1153,0.02,1801.16,28.56,
Norte,E3,10:00:00,1154,0.0,1801.16,29.01,
Norte,E3,10:00:00,1158,0.13,1801.16,29.22,
Norte,E3,10:00:00,1159,0.1,1801.14,31.58,
Norte,E3,10:00:00,1161,0.05,1801.14,30.65,
Norte,E3,10:00:00,1162,0.01,1801.12,32.06,
Norte,E3,10:00:00,1164,0.12,1801.12,32.14,
Norte,E3,10:00:00,1165,0.04,1801.12,32.25,
Norte,E3,10:00:00,1166,0.07,1801.13,31.8,
Norte,E3,10:00:00,1169,0.1,1801.11,32.41,
Norte,E3,10:00:00,1171,0.08,1801.1,32.42,
Norte,E3,10:00:00,1172,0.19,1801.1,33.47,
Norte,E3,10:00:00,1174,0.07,1801.1,33.27,
Norte,E3,10:00:00,1175,0.15,1801.11,31.77,
Norte,E3,10:00:00,1176,0.21,1801.11,33.26,
Norte,E3,10:00:00,1179,0.07,1801.11,32.77,
Norte,E3,10:00:00,1181,0.01,1801.1,33.26,
Norte,E3,10:00:00,1182,0.07,1801.12,32.51,
Norte,E3,10:00:00,1184,0.05,1801.17,24.73,
Norte,E3,10:00:00,1185,0.03,1801.16,26.43,
Norte,E3,10:00:00,1186,0.01,1801.16,25.75,
Norte,E3,10:00:00,1187,0.26,1801.12,25.41,
Norte,E3,10:00:00,1189,0.01,1801.04,24.95,
Norte,E3,10:00:00,1190,0.08,1801.03,25.9,
Norte,E3,10:00:00,1191,0.08,1801.11,28.99,
Norte,E3,10:00:00,1192,0.01,1801.11,27.09,
Norte,E3,10:00:00,1196,0.06,1800.98,26.76,
Norte,E3,10:00:00,1197,0.06,1800.99,27.24,
Norte,E3,10:00:00,1207,0.14,1800.99,25.2,
Norte,E3,10:00:00,1216,0.1,1800.98,18.95,
Norte,E3,10:00:00,1221,0.06,1801.19,19.63,
Norte,E3,10:00:00,1223,0.06,1801.19,19.41,
Norte,E3,10:00:00,1224,0.09,1801.18,23.0,
Norte,E3,10:00:00,1225,0.04,1801.15,24.45,
Norte,E3,10:00:00,1226,0.08,1801.18,23.23,
Norte,E3,10:00:00,1228,0.04,1801.18,22.56,
Norte,E3,10:00:00,1229,0.02,1801.18,22.26,
Norte,E3,10:00:00,1230,0.02,1801.18,22.21,
Norte,E3,10:00:00,1231,0.01,1801.18,22.29,
Norte,E3,10:00:00,1232,0.03,1801.18,21.75,
Norte,E3,10:00:00,1233,0.02,1801.18,21.72,
Norte,E3,10:00:00,1240,0.14,1801.2,21.03,
Norte,E3,10:00:00,1242,0.14,1801.18,22.18,
Norte,E3,10:00:00,1243,0.05,1801.18,22.95,
Norte,E3,10:00:00,1244,0.13,1801.15,24.48,
Norte,E3,10:00:00,1245,0.07,1801.15,25.56,
Norte,E3,10:00:00,1246,0.04,1801.13,25.73,
Norte,E3,10:00:00,1247,0.08,1801.13,25.49,
Norte,E3,10:00:00,1248,0.08,1801.13,25.2,
Norte,E3,10:00:00,1249,0.17,1801.17,23.59,
Norte,E3,10:00:00,1250,0.18,1801.19,22.5,
Norte,E3,10:00:00,1252,0.13,1801.21,21.12,
Norte,E3,10:00:00,1253,0.17,1801.17,23.56,
Norte,E3,10:00:00,1254,0.16,1801.21,21.91,
Norte,E3,10:00:00,1255,0.09,1801.25,21.68,
Norte,E3,10:00:00,1257,0.1,1801.26,21.07,
Norte,E3,10:00:00,1265,0.04,1801.32,20.73,
Norte,E3,10:00:00,1268,0.08,1801.31,20.81,
Norte,E3,10:00:00,1272,0.04,1801.28,21.45,
Norte,E3,10:00:00,1274,0.07,1801.28,21.48,
Norte,E3,10:00:00,1276,0.16,1801.24,22.43,
Norte,E3,10:00:00,1279,0.07,1801.22,23.71,
Norte,E3,10:00:00,1281,0.08,1801.22,24.08,
Norte,E3,10:00:00,1282,0.03,1801.22,25.55,
Norte,E3,10:00:00,1284,0.03,1801.09,30.85,
Norte,E3,10:00:00,1286,0.1,1801.23,22.64,
Norte,E3,10:00:00,1288,0.01,1801.23,24.67,
Norte,E3,10:00:00,1289,0.03,1801.23,23.0,
Norte,E3,10:00:00,1290,0.12,1801.23,23.08,
Norte,E3,10:00:00,1291,0.01,1801.23,20.84,
Norte,E3,10:00:00,1292,0.08,1801.23,21.07,
Norte,E3,10:00:00,1293,0.1,1801.23,21.72,
Norte,E3,10:00:00,1294,0.03,1801.24,21.58,
Norte,E3,10:00:00,1295,0.16,1801.25,20.76,
Norte,E3,10:00:00,1297,0.11,1801.26,20.38,
Norte,E3,10:00:00,1302,0.11,1801.24,19.84,
Norte,E3,10:00:00,1304,0.07,1801.24,19.84,
Norte,E3,10:00:00,1305,0.0,1801.24,19.85,
Norte,E3,10:00:00,1306,0.08,1801.24,19.85,
Norte,E3,10:00:00,1308,0.1,1801.24,20.38,
Norte,E3,10:00:00,1309,0.05,1801.24,28.27,
Norte,E3,10:00:00,1310,0.02,1801.23,24.41,
Norte,E3,10:00:00,1312,0.12,1801.13,29.21,
Norte,E3,10:00:00,1313,0.0,1801.13,29.43,
Norte,E3,10:00:00,1315,0.08,1801.13,29.39,
Norte,E3,10:00:00,1318,0.1,1801.06,29.33,
Norte,E3,10:00:00,1319,0.02,1801.06,28.98,
Norte,E3,10:00:00,1321,0.06,1801.23,21.26,
Norte,E3,10:00:00,1322,0.01,1801.23,22.03,
Norte,E3,10:00:00,1323,0.07,1801.23,21.82,
Norte,E3,10:00:00,1324,0.03,1801.24,20.39,
Norte,E3,10:00:00,1326,0.11,1801.23,20.04,
Norte,E3,10:00:00,1334,0.08,1801.22,21.94,
Norte,E3,10:00:00,1335,0.09,1801.2,22.49,
Norte,E3,10:00:00,1336,0.01,1801.2,21.62,
Norte,E3,10:00:00,1340,0.05,1801.22,28.88,
Norte,E3,10:00:00,5010,0.04,1801.19,25.74,
Norte,E3,10:00:00,5011,0.06,1801.04,25.83,
Norte,E3,10:00:00,5019,0.07,1801.06,31.88,
Norte,E3,10:00:00,5086,0.08,1801.08,32.37,
Norte,E3,10:00:00,5087,0.01,1801.08,32.42,
Norte,E3,10:00:00,5108,0.0,1801.04,25.76,
Norte,E3,10:00:00,5112,0.03,1801.27,21.48,
Norte,E3,10:00:00,5148,0.0,1801.08,32.1,
Norte,E3,10:00:00,5193,0.0,1801.07,31.22,
Norte,E3,10:00:00,5204,0.17,1800.99,25.27,
Norte,E3,10:00:00,5241,0.0,1801.19,19.56,
Norte,E3,10:00:00,5264,0.03,1801.09,32.39,
Norte,E3,10:00:00,5289,0.01,1801.06,29.58,
Norte,E3,10:00:00,5291,0.02,1801.13,29.65,
Norte,E3,10:00:00,5311,0.16,1801.07,32.32,
Norte,E3,10:00:00,5312,0.01,1801.07,32.46,
Norte,E3,10:00:00,5313,0.01,1801.07,32.26,
Norte,E3,10:00:00,5314,0.02,1801.04,25.69,
Norte,E3,10:00:00,5342,0.04,1801.19,25.64,
Norte,E3,10:00:00,5343,0.16,1801.31,20.83,
Norte,E3,10:00:00,5344,0.17,1801.3,25.76,
Norte,E3,10:00:00,5345,0.17,1801.3,25.92,
Norte,E3,10:00:00,5478,0.01,1801.27,21.49,
Norte,E3,10:00:00,5484,0.01,1801.19,19.03,
Norte,E3,10:00:00,5493,0.01,1801.11,30.63,
Norte,E3,10:00:00,5494,0.01,1801.12,30.71,
Norte,E3,10:00:00,5495,0.12,1801.07,32.6,
Norte,E3,10:00:00,5506,0.02,1801.18,22.7,
Norte,E3,10:00:00,5523,0.0,1801.07,29.06,
Norte,E3,10:00:00,5533,0.04,1801.23,20.69,
Norte,E3,10:00:00,5537,0.05,1801.07,29.32,
Norte,E3,10:00:00,5538,0.08,1801.07,29.64,
Norte,E3,10:00:00,5603,0.06,1801.09,30.87,
Norte,E3,10:00:00,5604,0.09,1801.08,30.43,
Norte,E3,10:00:00,5613,0.08,1801.1,32.29,
Norte,E3,10:00:00,5614,0.03,1801.11,32.38,
Norte,E3,10:00:00,5620,0.06,1801.06,32.21,
Norte,E3,10:00:00,5621,0.05,1801.06,32.15,
Norte,E3,10:00:00,5678,0.07,1801.07,29.75,
Norte,E3,10:00:00,5685,0.02,1801.11,25.57,
Norte,E3,10:00:00,5709,0.19,1801.31,20.84,
Norte,E3,10:00:00,5744,0.06,1801.12,32.04,
Norte,E3,10:00:00,5746,0.1,1801.2,24.35,
Norte,E3,10:00:00,5747,0.06,1801.17,25.84,
Norte,E3,10:00:00,5748,0.07,1801.4,21.14,
Norte,E3,10:00:00,5749,0.07,1801.5,21.35,
Norte,E3,10:00:00,5750,0.04,1801.59,21.26,
Norte,E3,10:00:00,5760,0.05,1801.67,21.03,
Norte,E3,10:00:00,5761,0.03,1801.61,21.38,
Norte,E3,10:00:00,5762,0.02,1801.77,20.53,
Norte,E3,10:00:00,5763,0.04,1801.74,20.74,
Norte,E3,10:00:00,10020,0.06,1801.09,33.15,
Norte,E3,10:00:00,10059,0.05,1801.07,29.58,
Norte,E3,10:00:00,10061,0.01,1801.23,20.52,
Norte,E3,10:00:00,10062,0.0,1801.26,20.44,
Norte,E3,10:00:00,10063,0.0,1801.32,20.73,
Norte,E3,10:00:00,10082,0.11,1801.19,20.45,
Norte,E3,11:00:00,346,0.05,1801.13,33.43,
Norte,E3,11:00:00,347,0.09,1801.13,33.61,
Norte,E3,11:00:00,348,0.14,1801.13,33.62,
Norte,E3,11:00:00,349,0.06,1801.13,32.3,
Norte,E3,11:00:00,350,0.03,1801.13,32.29,
Norte,E3,11:00:00,351,0.06,1801.13,33.88,
Norte,E3,11:00:00,352,0.15,1801.13,33.76,
Norte,E3,11:00:00,353,0.09,1801.13,33.67,
Norte,E3,11:00:00,354,0.15,1801.17,32.47,
Norte,E3,11:00:00,355,0.06,1801.17,32.39,
Norte,E3,11:00:00,356,0.1,1801.17,32.43,
Norte,E3,11:00:00,357,0.04,1801.17,32.65,
Norte,E3,11:00:00,358,0.02,1801.17,32.9,
Norte,E3,11:00:00,362,0.1,1801.15,32.45,
Norte,E3,11:00:00,363,0.05,1801.16,32.45,
Norte,E3,11:00:00,364,0.09,1801.16,32.45,
Norte,E3,11:00:00,368,0.04,1801.14,32.47,
Norte,E3,11:00:00,371,0.07,1801.14,32.45,
Norte,E3,11:00:00,400,0.07,1801.15,32.17,
Norte,E3,11:00:00,401,0.06,1801.15,32.19,
Norte,E3,11:00:00,404,0.03,1801.15,31.99,
Norte,E3,11:00:00,405,0.01,1801.15,31.94,
Norte,E3,11:00:00,1049,0.03,1801.13,29.73,
Norte,E3,11:00:00,1051,0.04,1801.13,29.62,
Norte,E3,11:00:00,1053,0.03,1801.13,29.62,
Norte,E3,11:00:00,1059,0.06,1801.13,29.39,
Norte,E3,11:00:00,1063,0.03,1801.13,29.12,
Norte,E3,11:00:00,1077,0.03,1801.14,29.59,
Norte,E3,11:00:00,1089,0.04,1801.13,29.74,
Norte,E3,11:00:00,1093,0.09,1801.13,29.29,
Norte,E3,11:00:00,1094,0.02,1801.13,29.05,
Norte,E3,11:00:00,1095,0.03,1801.13,29.54,
Norte,E3,11:00:00,1100,0.05,1801.14,30.16,
Norte,E3,11:00:00,1102,0.08,1801.14,30.11,
Norte,E3,11:00:00,1103,0.01,1801.14,31.09,
Norte,E3,11:00:00,1104,0.09,1801.13,30.13,
Norte,E3,11:00:00,1106,0.1,1801.13,30.07,
Norte,E3,11:00:00,1107,0.05,1801.14,30.34,
Norte,E3,11:00:00,1109,0.01,1801.14,30.33,
Norte,E3,11:00:00,1110,0.02,1801.14,29.97,
Norte,E3,11:00:00,1112,0.03,1801.14,29.99,
Norte,E3,11:00:00,1113,0.05,1801.14,29.73,
Norte,E3,11:00:00,1115,0.1,1801.14,29.72,
Norte,E3,11:00:00,1117,0.1,1801.14,29.77,
Norte,E3,11:00:00,1119,0.13,1801.14,30.36,
Norte,E3,11:00:00,1120,0.09,1801.14,29.93,
Norte,E3,11:00:00,1122,0.07,1801.14,31.23,
Norte,E3,11:00:00,1125,0.07,1801.14,31.17,
Norte,E3,11:00:00,1128,0.07,1801.14,31.42,
Norte,E3,11:00:00,1130,0.09,1801.14,31.24,
Norte,E3,11:00:00,1131,0.09,1801.14,31.39,
Norte,E3,11:00:00,1133,0.03,1801.14,32.42,
Norte,E3,11:00:00,1134,0.16,1801.18,32.51,
Norte,E3,11:00:00,1135,0.11,1801.14,32.6,
Norte,E3,11:00:00,1137,0.14,1801.18,32.45,
Norte,E3,11:00:00,1139,0.09,1801.17,32.42,
Norte,E3,11:00:00,1140,0.04,1801.17,32.47,
Norte,E3,11:00:00,1141,0.06,1801.13,31.39,
Norte,E3,11:00:00,1142,0.03,1801.16,31.36,
Norte,E3,11:00:00,1143,0.09,1801.16,32.21,
Norte,E3,11:00:00,1144,0.09,1801.14,32.37,
Norte,E3,11:00:00,1145,0.04,1801.16,32.3,
Norte,E3,11:00:00,1147,0.0,1801.15,32.45,
Norte,E3,11:00:00,1148,0.01,1801.15,32.46,
Norte,E3,11:00:00,1149,0.18,1801.2,31.09,
Norte,E3,11:00:00,1150,0.24,1801.15,30.87,
Norte,E3,11:00:00,1151,0.04,1801.27,27.04,
Norte,E3,11:00:00,1153,0.02,1801.22,28.62,
Norte,E3,11:00:00,1154,0.0,1801.22,29.07,
Norte,E3,11:00:00,1158,0.13,1801.22,29.28,
Norte,E3,11:00:00,1159,0.09,1801.2,31.64,
Norte,E3,11:00:00,1161,0.04,1801.2,30.71,
Norte,E3,11:00:00,1162,0.01,1801.18,32.12,
Norte,E3,11:00:00,1164,0.11,1801.18,32.2,
Norte,E3,11:00:00,1165,0.04,1801.18,32.31,
Norte,E3,11:00:00,1166,0.06,1801.19,31.87,
Norte,E3,11:00:00,1169,0.1,1801.18,32.48,
Norte,E3,11:00:00,1171,0.08,1801.16,32.48,
Norte,E3,11:00:00,1172,0.18,1801.16,33.53,
Norte,E3,11:00:00,1174,0.06,1801.16,33.33,
Norte,E3,11:00:00,1175,0.14,1801.17,31.83,
Norte,E3,11:00:00,1176,0.2,1801.17,33.32,
Norte,E3,11:00:00,1179,0.06,1801.17,32.83,
Norte,E3,11:00:00,1181,0.01,1801.16,33.32,
Norte,E3,11:00:00,1182,0.07,1801.18,32.57,
Norte,E3,11:00:00,1184,0.04,1801.23,24.79,
Norte,E3,11:00:00,1185,0.03,1801.22,26.49,
Norte,E3,11:00:00,1186,0.01,1801.22,25.81,
Norte,E3,11:00:00,1187,0.24,1801.18,25.47,
Norte,E3,11:00:00,1189,0.01,1801.11,25.02,
Norte,E3,11:00:00,1190,0.07,1801.1,25.98,
Norte,E3,11:00:00,1191,0.07,1801.17,29.05,
Norte,E3,11:00:00,1192,0.01,1801.17,27.15,
Norte,E3,11:00:00,1196,0.06,1801.06,26.84,
Norte,E3,11:00:00,1197,0.05,1801.06,27.31,
Norte,E3,11:00:00,1207,0.13,1801.06,25.27,
Norte,E3,11:00:00,1216,0.1,1801.06,19.03,
Norte,E3,11:00:00,1221,0.05,1801.25,19.69,
Norte,E3,11:00:00,1223,0.06,1801.25,19.47,
Norte,E3,11:00:00,1224,0.08,1801.24,23.06,
Norte,E3,11:00:00,1225,0.04,1801.21,24.51,
Norte,E3,11:00:00,1226,0.07,1801.24,23.29,
Norte,E3,11:00:00,1228,0.04,1801.24,22.62,
Norte,E3,11:00:00,1229,0.02,1801.24,22.32,
Norte,E3,11:00:00,1230,0.02,1801.24,22.27,
Norte,E3,11:00:00,1231,0.01,1801.24,22.35,
Norte,E3,11:00:00,1232,0.03,1801.24,21.81,
Norte,E3,11:00:00,1233,0.01,1801.24,21.78,
Norte,E3,11:00:00,1240,0.13,1801.25,21.08,
Norte,E3,11:00:00,1242,0.13,1801.24,22.24,
Norte,E3,11:00:00,1243,0.05,1801.23,23.0,
Norte,E3,11:00:00,1244,0.13,1801.21,24.54,
Norte,E3,11:00:00,1245,0.07,1801.21,25.62,
Norte,E3,11:00:00,1246,0.04,1801.19,25.79,
Norte,E3,11:00:00,1247,0.08,1801.19,25.55,
Norte,E3,11:00:00,1248,0.08,1801.19,25.26,
Norte,E3,11:00:00,1249,0.16,1801.23,23.65,
Norte,E3,11:00:00,1250,0.17,1801.25,22.56,
Norte,E3,11:00:00,1252,0.12,1801.27,21.18,
Norte,E3,11:00:00,1253,0.16,1801.23,23.62,
Norte,E3,11:00:00,1254,0.16,1801.27,21.97,
Norte,E3,11:00:00,1255,0.09,1801.3,21.73,
Norte,E3,11:00:00,1257,0.09,1801.31,21.12,
Norte,E3,11:00:00,1265,0.04,1801.36,20.77,
Norte,E3,11:00:00,1268,0.07,1801.36,20.86,
Norte,E3,11:00:00,1272,0.04,1801.32,21.49,
Norte,E3,11:00:00,1274,0.07,1801.33,21.53,
Norte,E3,11:00:00,1276,0.15,1801.29,22.48,
Norte,E3,11:00:00,1279,0.06,1801.27,23.76,
Norte,E3,11:00:00,1281,0.07,1801.27,24.13,
Norte,E3,11:00:00,1282,0.03,1801.27,25.6,
Norte,E3,11:00:00,1284,0.03,1801.15,30.91,
Norte,E3,11:00:00,1286,0.09,1801.28,22.69,
Norte,E3,11:00:00,1288,0.01,1801.28,24.72,
Norte,E3,11:00:00,1289,0.03,1801.28,23.05,
Norte,E3,11:00:00,1290,0.11,1801.28,23.13,
Norte,E3,11:00:00,1291,0.01,1801.28,20.89,
Norte,E3,11:00:00,1292,0.07,1801.28,21.12,
Norte,E3,11:00:00,1293,0.09,1801.28,21.77,
Norte,E3,11:00:00,1294,0.03,1801.29,21.63,
Norte,E3,11:00:00,1295,0.15,1801.3,20.81,
Norte,E3,11:00:00,1297,0.11,1801.31,20.43,
Norte,E3,11:00:00,1302,0.1,1801.3,19.9,
Norte,E3,11:00:00,1304,0.06,1801.3,19.9,
Norte,E3,11:00:00,1305,0.0,1801.3,19.91,
Norte,E3,11:00:00,1306,0.08,1801.3,19.91,
Norte,E3,11:00:00,1308,0.09,1801.29,20.43,
Norte,E3,11:00:00,1309,0.05,1801.29,28.32,
Norte,E3,11:00:00,1310,0.02,1801.29,24.47,
Norte,E3,11:00:00,1312,0.12,1801.19,29.27,
Norte,E3,11:00:00,1313,0.0,1801.19,29.49,
Norte,E3,11:00:00,1315,0.08,1801.19,29.45,
Norte,E3,11:00:00,1318,0.09,1801.13,29.4,
Norte,E3,11:00:00,1319,0.02,1801.13,29.05,
Norte,E3,11:00:00,1321,0.06,1801.29,21.32,
Norte,E3,11:00:00,1322,0.01,1801.29,22.09,
Norte,E3,11:00:00,1323,0.07,1801.29,21.88,
Norte,E3,11:00:00,1324,0.03,1801.3,20.45,
Norte,E3,11:00:00,1326,0.1,1801.29,20.1,
Norte,E3,11:00:00,1334,0.07,1801.28,22.0,
Norte,E3,11:00:00,1335,0.08,1801.25,22.54,
Norte,E3,11:00:00,1336,0.01,1801.25,21.67,
Norte,E3,11:00:00,1340,0.05,1801.28,28.94,
Norte,E3,11:00:00,5010,0.04,1801.25,25.8,
Norte,E3,11:00:00,5011,0.06,1801.11,25.9,
Norte,E3,11:00:00,5019,0.07,1801.13,31.95,
Norte,E3,11:00:00,5086,0.08,1801.15,32.44,
Norte,E3,11:00:00,5087,0.01,1801.15,32.49,
Norte,E3,11:00:00,5108,0.0,1801.11,25.83,
Norte,E3,11:00:00,5112,0.03,1801.32,21.53,
Norte,E3,11:00:00,5148,0.0,1801.15,32.17,
Norte,E3,11:00:00,5193,0.0,1801.14,31.29,
Norte,E3,11:00:00,5204,0.16,1801.06,25.34,
Norte,E3,11:00:00,5241,0.0,1801.25,19.62,
Norte,E3,11:00:00,5264,0.03,1801.15,32.45,
Norte,E3,11:00:00,5289,0.01,1801.13,29.65,
Norte,E3,11:00:00,5291,0.02,1801.19,29.71,
Norte,E3,11:00:00,5311,0.15,1801.14,32.39,
Norte,E3,11:00:00,5312,0.01,1801.14,32.53,
Norte,E3,11:00:00,5313,0.01,1801.14,32.33,
Norte,E3,11:00:00,5314,0.02,1801.11,25.76,
Norte,E3,11:00:00,5342,0.04,1801.25,25.7,
Norte,E3,11:00:00,5343,0.16,1801.35,20.87,
Norte,E3,11:00:00,5344,0.16,1801.34,25.8,
Norte,E3,11:00:00,5345,0.16,1801.34,25.96,
Norte,E3,11:00:00,5478,0.01,1801.32,21.54,
Norte,E3,11:00:00,5484,0.01,1801.25,19.09,
Norte,E3,11:00:00,5493,0.01,1801.17,30.69,
Norte,E3,11:00:00,5494,0.01,1801.18,30.77,
Norte,E3,11:00:00,5495,0.12,1801.14,32.67,
Norte,E3,11:00:00,5506,0.02,1801.24,22.76,
Norte,E3,11:00:00,5523,0.0,1801.14,29.13,
Norte,E3,11:00:00,5533,0.03,1801.28,20.74,
Norte,E3,11:00:00,5537,0.04,1801.14,29.39,
Norte,E3,11:00:00,5538,0.08,1801.14,29.71,
Norte,E3,11:00:00,5603,0.05,1801.16,30.94,
Norte,E3,11:00:00,5604,0.08,1801.15,30.5,
Norte,E3,11:00:00,5613,0.08,1801.16,32.35,
Norte,E3,11:00:00,5614,0.03,1801.18,32.45,
Norte,E3,11:00:00,5620,0.05,1801.13,32.28,
Norte,E3,11:00:00,5621,0.04,1801.13,32.22,
Norte,E3,11:00:00,5678,0.07,1801.13,29.81,
Norte,E3,11:00:00,5685,0.02,1801.17,25.63,
Norte,E3,11:00:00,5709,0.18,1801.35,20.88,
Norte,E3,11:00:00,5744,0.06,1801.18,32.1,
Norte,E3,11:00:00,5746,0.09,1801.26,24.41,
Norte,E3,11:00:00,5747,0.06,1801.22,25.89,
Norte,E3,11:00:00,5748,0.07,1801.44,21.18,
Norte,E3,11:00:00,5749,0.07,1801.53,21.38,
Norte,E3,11:00:00,5750,0.04,1801.61,21.28,
Norte,E3,11:00:00,5760,0.05,1801.68,21.04,
Norte,E3,11:00:00,5761,0.03,1801.63,21.4,
Norte,E3,11:00:00,5762,0.02,1801.77,20.53,
Norte,E3,11:00:00,5763,0.03,1801.74,20.74,
Norte,E3,11:00:00,10020,0.05,1801.15,33.21,
Norte,E3,11:00:00,10059,0.05,1801.13,29.64,
Norte,E3,11:00:00,10061,0.01,1801.28,20.57,
Norte,E3,11:00:00,10062,0.0,1801.31,20.49,
Norte,E3,11:00:00,10063,0.0,1801.36,20.77,
Norte,E3,11:00:00,10082,0.1,1801.25,20.51,
Norte,E3,12:00:00,346,0.05,1801.19,33.49,
Norte,E3,12:00:00,347,0.09,1801.19,33.67,
Norte,E3,12:00:00,348,0.13,1801.19,33.68,
Norte,E3,12:00:00,349,0.06,1801.2,32.37,
Norte,E3,12:00:00,350,0.03,1801.2,32.36,
Norte,E3,12:00:00,351,0.06,1801.2,33.95,
Norte,E3,12:00:00,352,0.14,1801.2,33.83,
Norte,E3,12:00:00,353,0.08,1801.2,33.74,
Norte,E3,12:00:00,354,0.14,1801.23,32.53,
Norte,E3,12:00:00,355,0.05,1801.23,32.45,
Norte,E3,12:00:00,356,0.1,1801.23,32.49,
Norte,E3,12:00:00,357,0.04,1801.23,32.71,
Norte,E3,12:00:00,358,0.02,1801.23,32.96,
Norte,E3,12:00:00,362,0.09,1801.22,32.52,
Norte,E3,12:00:00,363,0.04,1801.22,32.51,
Norte,E3,12:00:00,364,0.08,1801.22,32.51,
Norte,E3,12:00:00,368,0.04,1801.2,32.53,
Norte,E3,12:00:00,371,0.06,1801.2,32.51,
Norte,E3,12:00:00,400,0.07,1801.21,32.23,
Norte,E3,12:00:00,401,0.06,1801.21,32.25,
Norte,E3,12:00:00,404,0.03,1801.21,32.05,
Norte,E3,12:00:00,405,0.01,1801.21,32.0,
Norte,E3,12:00:00,1049,0.03,1801.2,29.8,
Norte,E3,12:00:00,1051,0.04,1801.2,29.69,
Norte,E3,12:00:00,1053,0.03,1801.2,29.69,
Norte,E3,12:00:00,1059,0.06,1801.2,29.46,
Norte,E3,12:00:00,1063,0.03,1801.2,29.19,
Norte,E3,12:00:00,1077,0.03,1801.2,29.65,
Norte,E3,12:00:00,1089,0.04,1801.2,29.81,
Norte,E3,12:00:00,1093,0.08,1801.2,29.36,
Norte,E3,12:00:00,1094,0.02,1801.2,29.12,
Norte,E3,12:00:00,1095,0.02,1801.2,29.61,
Norte,E3,12:00:00,1100,0.05,1801.2,30.22,
Norte,E3,12:00:00,1102,0.08,1801.2,30.17,
Norte,E3,12:00:00,1103,0.01,1801.2,31.15,
Norte,E3,12:00:00,1104,0.08,1801.2,30.2,
Norte,E3,12:00:00,1106,0.09,1801.2,30.14,
Norte,E3,12:00:00,1107,0.04,1801.2,30.4,
Norte,E3,12:00:00,1109,0.01,1801.2,30.39,
Norte,E3,12:00:00,1110,0.02,1801.2,30.03,
Norte,E3,12:00:00,1112,0.02,1801.2,30.05,
Norte,E3,12:00:00,1113,0.04,1801.2,29.79,
Norte,E3,12:00:00,1115,0.09,1801.2,29.78,
Norte,E3,12:00:00,1117,0.1,1801.2,29.83,
Norte,E3,12:00:00,1119,0.12,1801.2,30.42,
Norte,E3,12:00:00,1120,0.09,1801.2,29.99,
Norte,E3,12:00:00,1122,0.06,1801.2,31.29,
Norte,E3,12:00:00,1125,0.07,1801.2,31.23,
Norte,E3,12:00:00,1128,0.07,1801.2,31.48,
Norte,E3,12:00:00,1130,0.08,1801.2,31.3,
Norte,E3,12:00:00,1131,0.09,1801.2,31.45,
Norte,E3,12:00:00,1133,0.03,1801.2,32.48,
Norte,E3,12:00:00,1134,0.15,1801.24,32.57,
Norte,E3,12:00:00,1135,0.1,1801.2,32.66,
Norte,E3,12:00:00,1137,0.14,1801.24,32.51,
Norte,E3,12:00:00,1139,0.09,1801.24,32.49,
Norte,E3,12:00:00,1140,0.03,1801.24,32.54,
Norte,E3,12:00:00,1141,0.06,1801.2,31.46,
Norte,E3,12:00:00,1142,0.03,1801.22,31.42,
Norte,E3,12:00:00,1143,0.09,1801.22,32.27,
Norte,E3,12:00:00,1144,0.08,1801.2,32.43,
Norte,E3,12:00:00,1145,0.04,1801.22,32.36,
Norte,E3,12:00:00,1147,0.0,1801.21,32.51,
Norte,E3,12:00:00,1148,0.0,1801.22,32.53,
Norte,E3,12:00:00,1149,0.17,1801.26,31.15,
Norte,E3,12:00:00,1150,0.23,1801.22,30.94,
Norte,E3,12:00:00,1151,0.04,1801.32,27.09,
Norte,E3,12:00:00,1153,0.02,1801.27,28.67,
Norte,E3,12:00:00,1154,0.0,1801.27,29.12,
Norte,E3,12:00:00,1158,0.12,1801.27,29.33,
Norte,E3,12:00:00,1159,0.09,1801.26,31.7,
Norte,E3,12:00:00,1161,0.04,1801.26,30.77,
Norte,E3,12:00:00,1162,0.01,1801.24,32.18,
Norte,E3,12:00:00,1164,0.11,1801.24,32.26,
Norte,E3,12:00:00,1165,0.04,1801.24,32.37,
Norte,E3,12:00:00,1166,0.06,1801.25,31.93,
Norte,E3,12:00:00,1169,0.09,1801.24,32.54,
Norte,E3,12:00:00,1171,0.07,1801.22,32.54,
Norte,E3,12:00:00,1172,0.17,1801.22,33.59,
Norte,E3,12:00:00,1174,0.06,1801.22,33.39,
Norte,E3,12:00:00,1175,0.13,1801.23,31.89,
Norte,E3,12:00:00,1176,0.19,1801.23,33.38,
Norte,E3,12:00:00,1179,0.06,1801.24,32.9,
Norte,E3,12:00:00,1181,0.01,1801.22,33.38,
Norte,E3,12:00:00,1182,0.06,1801.24,32.63,
Norte,E3,12:00:00,1184,0.04,1801.28,24.84,
Norte,E3,12:00:00,1185,0.03,1801.27,26.54,
Norte,E3,12:00:00,1186,0.01,1801.27,25.86,
Norte,E3,12:00:00,1187,0.23,1801.24,25.53,
Norte,E3,12:00:00,1189,0.01,1801.18,25.09,
Norte,E3,12:00:00,1190,0.07,1801.17,26.04,
Norte,E3,12:00:00,1191,0.07,1801.23,29.11,
Norte,E3,12:00:00,1192,0.01,1801.23,27.21,
Norte,E3,12:00:00,1196,0.06,1801.13,26.91,
Norte,E3,12:00:00,1197,0.05,1801.13,27.38,
Norte,E3,12:00:00,1207,0.12,1801.13,25.34,
Norte,E3,12:00:00,1216,0.09,1801.13,19.1,
Norte,E3,12:00:00,1221,0.05,1801.3,19.74,
Norte,E3,12:00:00,1223,0.05,1801.3,19.52,
Norte,E3,12:00:00,1224,0.08,1801.29,23.11,
Norte,E3,12:00:00,1225,0.04,1801.26,24.56,
Norte,E3,12:00:00,1226,0.07,1801.29,23.34,
Norte,E3,12:00:00,1228,0.04,1801.29,22.67,
Norte,E3,12:00:00,1229,0.02,1801.29,22.37,
Norte,E3,12:00:00,1230,0.01,1801.29,22.32,
Norte,E3,12:00:00,1231,0.01,1801.29,22.4,
Norte,E3,12:00:00,1232,0.02,1801.29,21.86,
Norte,E3,12:00:00,1233,0.01,1801.29,21.83,
Norte,E3,12:00:00,1240,0.12,1801.31,21.14,
Norte,E3,12:00:00,1242,0.12,1801.29,22.29,
Norte,E3,12:00:00,1243,0.04,1801.29,23.06,
Norte,E3,12:00:00,1244,0.12,1801.27,24.6,
Norte,E3,12:00:00,1245,0.06,1801.27,25.68,
Norte,E3,12:00:00,1246,0.04,1801.25,25.85,
Norte,E3,12:00:00,1247,0.08,1801.25,25.61,
Norte,E3,12:00:00,1248,0.07,1801.25,25.32,
Norte,E3,12:00:00,1249,0.15,1801.28,23.7,
Norte,E3,12:00:00,1250,0.16,1801.3,22.61,
Norte,E3,12:00:00,1252,0.12,1801.32,21.23,
Norte,E3,12:00:00,1253,0.15,1801.28,23.67,
Norte,E3,12:00:00,1254,0.15,1801.32,22.02,
Norte,E3,12:00:00,1255,0.08,1801.35,21.78,
Norte,E3,12:00:00,1257,0.09,1801.36,21.17,
Norte,E3,12:00:00,1265,0.03,1801.4,20.81,
Norte,E3,12:00:00,1268,0.07,1801.4,20.9,
Norte,E3,12:00:00,1272,0.03,1801.37,21.54,
Norte,E3,12:00:00,1274,0.06,1801.37,21.57,
Norte,E3,12:00:00,1276,0.14,1801.34,22.53,
Norte,E3,12:00:00,1279,0.06,1801.32,23.81,
Norte,E3,12:00:00,1281,0.07,1801.32,24.18,
Norte,E3,12:00:00,1282,0.03,1801.32,25.65,
Norte,E3,12:00:00,1284,0.03,1801.22,30.98,
Norte,E3,12:00:00,1286,0.09,1801.33,22.74,
Norte,E3,12:00:00,1288,0.01,1801.33,24.77,
Norte,E3,12:00:00,1289,0.02,1801.33,23.1,
Norte,E3,12:00:00,1290,0.11,1801.33,23.18,
Norte,E3,12:00:00,1291,0.01,1801.33,20.94,
Norte,E3,12:00:00,1292,0.07,1801.33,21.17,
Norte,E3,12:00:00,1293,0.09,1801.33,21.82,
Norte,E3,12:00:00,1294,0.02,1801.34,21.68,
Norte,E3,12:00:00,1295,0.14,1801.35,20.86,
Norte,E3,12:00:00,1297,0.1,1801.36,20.48,
Norte,E3,12:00:00,1302,0.1,1801.34,19.94,
Norte,E3,12:00:00,1304,0.06,1801.34,19.94,
Norte,E3,12:00:00,1305,0.0,1801.34,19.95,
Norte,E3,12:00:00,1306,0.07,1801.34,19.95,
Norte,E3,12:00:00,1308,0.09,1801.34,20.48,
Norte,E3,12:00:00,1309,0.04,1801.34,28.37,
Norte,E3,12:00:00,1310,0.02,1801.34,24.52,
Norte,E3,12:00:00,1312,0.11,1801.25,29.33,
Norte,E3,12:00:00,1313,0.0,1801.25,29.55,
Norte,E3,12:00:00,1315,0.07,1801.25,29.51,
Norte,E3,12:00:00,1318,0.09,1801.2,29.47,
Norte,E3,12:00:00,1319,0.02,1801.2,29.12,
Norte,E3,12:00:00,1321,0.05,1801.34,21.37,
Norte,E3,12:00:00,1322,0.01,1801.34,22.14,
Norte,E3,12:00:00,1323,0.06,1801.34,21.93,
Norte,E3,12:00:00,1324,0.03,1801.34,20.49,
Norte,E3,12:00:00,1326,0.1,1801.34,20.15,
Norte,E3,12:00:00,1334,0.07,1801.33,22.05,
Norte,E3,12:00:00,1335,0.08,1801.31,22.6,
Norte,E3,12:00:00,1336,0.01,1801.31,21.73,
Norte,E3,12:00:00,1340,0.04,1801.33,28.99,
Norte,E3,12:00:00,5010,0.03,1801.3,25.85,
Norte,E3,12:00:00,5011,0.06,1801.18,25.97,
Norte,E3,12:00:00,5019,0.06,1801.2,32.02,
Norte,E3,12:00:00,5086,0.08,1801.21,32.5,
Norte,E3,12:00:00,5087,0.01,1801.21,32.55,
Norte,E3,12:00:00,5108,0.0,1801.17,25.89,
Norte,E3,12:00:00,5112,0.03,1801.37,21.58,
Norte,E3,12:00:00,5148,0.0,1801.21,32.23,
Norte,E3,12:00:00,5193,0.0,1801.2,31.35,
Norte,E3,12:00:00,5204,0.15,1801.13,25.41,
Norte,E3,12:00:00,5241,0.0,1801.3,19.67,
Norte,E3,12:00:00,5264,0.03,1801.22,32.52,
Norte,E3,12:00:00,5289,0.01,1801.2,29.72,
Norte,E3,12:00:00,5291,0.02,1801.25,29.77,
Norte,E3,12:00:00,5311,0.14,1801.2,32.45,
Norte,E3,12:00:00,5312,0.01,1801.2,32.59,
Norte,E3,12:00:00,5313,0.01,1801.2,32.39,
Norte,E3,12:00:00,5314,0.02,1801.18,25.83,
Norte,E3,12:00:00,5342,0.04,1801.3,25.75,
Norte,E3,12:00:00,5343,0.15,1801.4,20.92,
Norte,E3,12:00:00,5344,0.15,1801.39,25.85,
Norte,E3,12:00:00,5345,0.15,1801.39,26.01,
Norte,E3,12:00:00,5478,0.0,1801.37,21.59,
Norte,E3,12:00:00,5484,0.01,1801.3,19.14,
Norte,E3,12:00:00,5493,0.01,1801.24,30.76,
Norte,E3,12:00:00,5494,0.01,1801.24,30.83,
Norte,E3,12:00:00,5495,0.11,1801.2,32.73,
Norte,E3,12:00:00,5506,0.02,1801.29,22.81,
Norte,E3,12:00:00,5523,0.0,1801.2,29.19,
Norte,E3,12:00:00,5533,0.03,1801.33,20.79,
Norte,E3,12:00:00,5537,0.04,1801.2,29.45,
Norte,E3,12:00:00,5538,0.07,1801.2,29.77,
Norte,E3,12:00:00,5603,0.05,1801.22,31.0,
Norte,E3,12:00:00,5604,0.08,1801.21,30.56,
Norte,E3,12:00:00,5613,0.08,1801.22,32.41,
Norte,E3,12:00:00,5614,0.03,1801.24,32.51,
Norte,E3,12:00:00,5620,0.05,1801.2,32.35,
Norte,E3,12:00:00,5621,0.04,1801.2,32.29,
Norte,E3,12:00:00,5678,0.07,1801.2,29.88,
Norte,E3,12:00:00,5685,0.02,1801.23,25.69,
Norte,E3,12:00:00,5709,0.17,1801.4,20.93,
Norte,E3,12:00:00,5744,0.06,1801.24,32.16,
Norte,E3,12:00:00,5746,0.09,1801.31,24.46,
Norte,E3,12:00:00,5747,0.05,1801.28,25.95,
Norte,E3,12:00:00,5748,0.07,1801.47,21.21,
Norte,E3,12:00:00,5749,0.07,1801.55,21.4,
Norte,E3,12:00:00,5750,0.04,1801.62,21.29,
Norte,E3,12:00:00,5760,0.04,1801.69,21.05,
Norte,E3,12:00:00,5761,0.03,1801.64,21.41,
Norte,E3,12:00:00,5762,0.01,1801.77,20.53,
Norte,E3,12:00:00,5763,0.03,1801.74,20.74,
Norte,E3,12:00:00,10020,0.05,1801.22,33.28,
Norte,E3,12:00:00,10059,0.04,1801.2,29.71,
Norte,E3,12:00:00,10061,0.0,1801.33,20.62,
Norte,E3,12:00:00,10062,0.0,1801.36,20.54,
Norte,E3,12:00:00,10063,0.0,1801.4,20.81,
Norte,E3,12:00:00,10082,0.1,1801.3,20.56,
Norte,E3,13:00:00,346,0.05,1801.19,33.49,
Norte,E3,13:00:00,347,0.09,1801.19,33.67,
Norte,E3,13:00:00,348,0.13,1801.19,33.68,
Norte,E3,13:00:00,349,0.06,1801.2,32.37,
Norte,E3,13:00:00,350,0.03,1801.2,32.36,
Norte,E3,13:00:00,351,0.06,1801.2,33.95,
Norte,E3,13:00:00,352,0.14,1801.2,33.83,
Norte,E3,13:00:00,353,0.08,1801.2,33.74,
Norte,E3,13:00:00,354,0.14,1801.23,32.53,
Norte,E3,13:00:00,355,0.05,1801.23,32.45,
Norte,E3,13:00:00,356,0.1,1801.23,32.49,
Norte,E3,13:00:00,357,0.04,1801.23,32.71,
Norte,E3,13:00:00,358,0.02,1801.23,32.96,
Norte,E3,13:00:00,362,0.09,1801.22,32.52,
Norte,E3,13:00:00,363,0.04,1801.22,32.51,
Norte,E3,13:00:00,364,0.08,1801.22,32.51,
Norte,E3,13:00:00,368,0.04,1801.2,32.53,
Norte,E3,13:00:00,371,0.06,1801.2,32.51,
Norte,E3,13:00:00,400,0.07,1801.21,32.23,
Norte,E3,13:00:00,401,0.06,1801.21,32.25,
Norte,E3,13:00:00,404,0.03,1801.21,32.05,
Norte,E3,13:00:00,405,0.01,1801.21,32.0,
Norte,E3,13:00:00,1049,0.03,1801.2,29.8,
Norte,E3,13:00:00,1051,0.04,1801.2,29.69,
Norte,E3,13:00:00,1053,0.03,1801.2,29.69,
Norte,E3,13:00:00,1059,0.06,1801.2,29.46,
Norte,E3,13:00:00,1063,0.03,1801.2,29.19,
Norte,E3,13:00:00,1077,0.03,1801.2,29.65,
Norte,E3,13:00:00,1089,0.04,1801.2,29.81,
Norte,E3,13:00:00,1093,0.08,1801.2,29.36,
Norte,E3,13:00:00,1094,0.02,1801.2,29.12,
Norte,E3,13:00:00,1095,0.02,1801.2,29.61,
Norte,E3,13:00:00,1100,0.05,1801.2,30.22,
Norte,E3,13:00:00,1102,0.08,1801.2,30.17,
Norte,E3,13:00:00,1103,0.01,1801.2,31.15,
Norte,E3,13:00:00,1104,0.08,1801.2,30.2,
Norte,E3,13:00:00,1106,0.09,1801.2,30.14,
Norte,E3,13:00:00,1107,0.04,1801.2,30.4,
Norte,E3,13:00:00,1109,0.01,1801.2,30.39,
Norte,E3,13:00:00,1110,0.02,1801.2,30.03,
Norte,E3,13:00:00,1112,0.02,1801.2,30.05,
Norte,E3,13:00:00,1113,0.04,1801.2,29.79,
Norte,E3,13:00:00,1115,0.09,1801.2,29.78,
Norte,E3,13:00:00,1117,0.1,1801.2,29.83,
Norte,E3,13:00:00,1119,0.12,1801.2,30.42,
Norte,E3,13:00:00,1120,0.09,1801.2,29.99,
Norte,E3,13:00:00,1122,0.06,1801.2,31.29,
Norte,E3,13:00:00,1125,0.07,1801.2,31.23,
Norte,E3,13:00:00,1128,0.07,1801.2,31.48,
Norte,E3,13:00:00,1130,0.08,1801.2,31.3,
Norte,E3,13:00:00,1131,0.09,1801.2,31.45,
Norte,E3,13:00:00,1133,0.03,1801.2,32.48,
Norte,E3,13:00:00,1134,0.15,1801.24,32.57,
Norte,E3,13:00:00,1135,0.1,1801.2,32.66,
Norte,E3,13:00:00,1137,0.14,1801.24,32.51,
Norte,E3,13:00:00,1139,0.09,1801.24,32.49,
Norte,E3,13:00:00,1140,0.03,1801.24,32.54,
Norte,E3,13:00:00,1141,0.06,1801.2,31.46,
Norte,E3,13:00:00,1142,0.03,1801.22,31.42,
Norte,E3,13:00:00,1143,0.09,1801.22,32.27,
Norte,E3,13:00:00,1144,0.08,1801.2,32.43,
Norte,E3,13:00:00,1145,0.04,1801.22,32.36,
Norte,E3,13:00:00,1147,0.0,1801.21,32.51,
Norte,E3,13:00:00,1148,0.0,1801.22,32.53,
Norte,E3,13:00:00,1149,0.17,1801.26,31.15,
Norte,E3,13:00:00,1150,0.23,1801.22,30.94,
Norte,E3,13:00:00,1151,0.04,1801.32,27.09,
Norte,E3,13:00:00,1153,0.02,1801.27,28.67,
Norte,E3,13:00:00,1154,0.0,1801.27,29.12,
Norte,E3,13:00:00,1158,0.12,1801.27,29.33,
Norte,E3,13:00:00,1159,0.09,1801.26,31.7,
Norte,E3,13:00:00,1161,0.04,1801.26,30.77,
Norte,E3,13:00:00,1162,0.01,1801.24,32.18,
Norte,E3,13:00:00,1164,0.11,1801.24,32.26,
Norte,E3,13:00:00,1165,0.04,1801.24,32.37,
Norte,E3,13:00:00,1166,0.06,1801.25,31.93,
Norte,E3,13:00:00,1169,0.09,1801.24,32.54,
Norte,E3,13:00:00,1171,0.07,1801.22,32.54,
Norte,E3,13:00:00,1172,0.17,1801.22,33.59,
Norte,E3,13:00:00,1174,0.06,1801.22,33.39,
Norte,E3,13:00:00,1175,0.13,1801.23,31.89,
Norte,E3,13:00:00,1176,0.19,1801.23,33.38,
Norte,E3,13:00:00,1179,0.06,1801.24,32.9,
Norte,E3,13:00:00,1181,0.01,1801.22,33.38,
Norte,E3,13:00:00,1182,0.06,1801.24,32.63,
Norte,E3,13:00:00,1184,0.04,1801.28,24.84,
Norte,E3,13:00:00,1185,0.03,1801.27,26.54,
Norte,E3,13:00:00,1186,0.01,1801.27,25.86,
Norte,E3,13:00:00,1187,0.23,1801.24,25.53,
Norte,E3,13:00:00,1189,0.01,1801.18,25.09,
Norte,E3,13:00:00,1190,0.07,1801.17,26.04,
Norte,E3,13:00:00,1191,0.07,1801.23,29.11,
Norte,E3,13:00:00,1192,0.01,1801.23,27.21,
Norte,E3,13:00:00,1196,0.06,1801.13,26.91,
Norte,E3,13:00:00,1197,0.05,1801.13,27.38,
Norte,E3,13:00:00,1207,0.12,1801.13,25.34,
Norte,E3,13:00:00,1216,0.09,1801.13,19.1,
Norte,E3,13:00:00,1221,0.05,1801.3,19.74,
Norte,E3,13:00:00,1223,0.05,1801.3,19.52,
Norte,E3,13:00:00,1224,0.08,1801.29,23.11,
Norte,E3,13:00:00,1225,0.04,1801.26,24.56,
Norte,E3,13:00:00,1226,0.07,1801.29,23.34,
Norte,E3,13:00:00,1228,0.04,1801.29,22.67,
Norte,E3,13:00:00,1229,0.02,1801.29,22.37,
Norte,E3,13:00:00,1230,0.01,1801.29,22.32,
Norte,E3,13:00:00,1231,0.01,1801.29,22.4,
Norte,E3,13:00:00,1232,0.02,1801.29,21.86,
Norte,E3,13:00:00,1233,0.01,1801.29,21.83,
Norte,E3,13:00:00,1240,0.12,1801.31,21.14,
Norte,E3,13:00:00,1242,0.12,1801.29,22.29,
Norte,E3,13:00:00,1243,0.04,1801.29,23.06,
Norte,E3,13:00:00,1244,0.12,1801.27,24.6,
Norte,E3,13:00:00,1245,0.06,1801.27,25.68,
Norte,E3,13:00:00,1246,0.04,1801.25,25.85,
Norte,E3,13:00:00,1247,0.08,1801.25,25.61,
Norte,E3,13:00:00,1248,0.07,1801.25,25.32,
Norte,E3,13:00:00,1249,0.15,1801.28,23.7,
Norte,E3,13:00:00,1250,0.16,1801.3,22.61,
Norte,E3,13:00:00,1252,0.12,1801.32,21.23,
Norte,E3,13:00:00,1253,0.15,1801.28,23.67,
Norte,E3,13:00:00,1254,0.15,1801.32,22.02,
Norte,E3,13:00:00,1255,0.08,1801.35,21.78,
Norte,E3,13:00:00,1257,0.09,1801.36,21.17,
Norte,E3,13:00:00,1265,0.03,1801.4,20.81,
Norte,E3,13:00:00,1268,0.07,1801.4,20.9,
Norte,E3,13:00:00,1272,0.03,1801.37,21.54,
Norte,E3,13:00:00,1274,0.06,1801.37,21.57,
Norte,E3,13:00:00,1276,0.14,1801.34,22.53,
Norte,E3,13:00:00,1279,0.06,1801.32,23.81,
Norte,E3,13:00:00,1281,0.07,1801.32,24.18,
Norte,E3,13:00:00,1282,0.03,1801.32,25.65,
Norte,E3,13:00:00,1284,0.03,1801.22,30.98,
Norte,E3,13:00:00,1286,0.09,1801.33,22.74,
Norte,E3,13:00:00,1288,0.01,1801.33,24.77,
Norte,E3,13:00:00,1289,0.02,1801.33,23.1,
Norte,E3,13:00:00,1290,0.11,1801.33,23.18,
Norte,E3,13:00:00,1291,0.01,1801.33,20.94,
Norte,E3,13:00:00,1292,0.07,1801.33,21.17,
Norte,E3,13:00:00,1293,0.09,1801.33,21.82,
Norte,E3,13:00:00,1294,0.02,1801.34,21.68,
Norte,E3,13:00:00,1295,0.14,1801.35,20.86,
Norte,E3,13:00:00,1297,0.1,1801.36,20.48,
Norte,E3,13:00:00,1302,0.1,1801.34,19.94,
Norte,E3,13:00:00,1304,0.06,1801.34,19.94,
Norte,E3,13:00:00,1305,0.0,1801.34,19.95,
Norte,E3,13:00:00,1306,0.07,1801.34,19.95,
Norte,E3,13:00:00,1308,0.09,1801.34,20.48,
Norte,E3,13:00:00,1309,0.04,1801.34,28.37,
Norte,E3,13:00:00,1310,0.02,1801.34,24.52,
Norte,E3,13:00:00,1312,0.11,1801.25,29.33,
Norte,E3,13:00:00,1313,0.0,1801.25,29.55,
Norte,E3,13:00:00,1315,0.07,1801.25,29.51,
Norte,E3,13:00:00,1318,0.09,1801.2,29.47,
Norte,E3,13:00:00,1319,0.02,1801.2,29.12,
Norte,E3,13:00:00,1321,0.05,1801.34,21.37,
Norte,E3,13:00:00,1322,0.01,1801.34,22.14,
Norte,E3,13:00:00,1323,0.06,1801.34,21.93,
Norte,E3,13:00:00,1324,0.03,1801.34,20.49,
Norte,E3,13:00:00,1326,0.1,1801.34,20.15,
Norte,E3,13:00:00,1334,0.07,1801.33,22.05,
Norte,E3,13:00:00,1335,0.08,1801.31,22.6,
Norte,E3,13:00:00,1336,0.01,1801.31,21.73,
Norte,E3,13:00:00,1340,0.04,1801.33,28.99,
Norte,E3,13:00:00,5010,0.03,1801.3,25.85,
Norte,E3,13:00:00,5011,0.06,1801.18,25.97,
Norte,E3,13:00:00,5019,0.06,1801.2,32.02,
Norte,E3,13:00:00,5086,0.08,1801.21,32.5,
Norte,E3,13:00:00,5087,0.01,1801.21,32.55,
Norte,E3,13:00:00,5108,0.0,1801.17,25.89,
Norte,E3,13:00:00,5112,0.03,1801.37,21.58,
Norte,E3,13:00:00,5148,0.0,1801.21,32.23,
Norte,E3,13:00:00,5193,0.0,1801.2,31.35,
Norte,E3,13:00:00,5204,0.15,1801.13,25.41,
Norte,E3,13:00:00,5241,0.0,1801.3,19.67,
Norte,E3,13:00:00,5264,0.03,1801.22,32.52,
Norte,E3,13:00:00,5289,0.01,1801.2,29.72,
Norte,E3,13:00:00,5291,0.02,1801.25,29.77,
Norte,E3,13:00:00,5311,0.14,1801.2,32.45,
Norte,E3,13:00:00,5312,0.01,1801.2,32.59,
Norte,E3,13:00:00,5313,0.01,1801.2,32.39,
Norte,E3,13:00:00,5314,0.02,1801.18,25.83,
Norte,E3,13:00:00,5342,0.04,1801.3,25.75,
Norte,E3,13:00:00,5343,0.15,1801.4,20.92,
Norte,E3,13:00:00,5344,0.15,1801.39,25.85,
Norte,E3,13:00:00,5345,0.15,1801.39,26.01,
Norte,E3,13:00:00,5478,0.0,1801.37,21.59,
Norte,E3,13:00:00,5484,0.01,1801.3,19.14,
Norte,E3,13:00:00,5493,0.01,1801.24,30.76,
Norte,E3,13:00:00,5494,0.01,1801.24,30.83,
Norte,E3,13:00:00,5495,0.11,1801.2,32.73,
Norte,E3,13:00:00,5506,0.02,1801.29,22.81,
Norte,E3,13:00:00,5523,0.0,1801.2,29.19,
Norte,E3,13:00:00,5533,0.03,1801.33,20.79,
Norte,E3,13:00:00,5537,0.04,1801.2,29.45,
Norte,E3,13:00:00,5538,0.07,1801.2,29.77,
Norte,E3,13:00:00,5603,0.05,1801.22,31.0,
Norte,E3,13:00:00,5604,0.08,1801.21,30.56,
Norte,E3,13:00:00,5613,0.08,1801.22,32.41,
Norte,E3,13:00:00,5614,0.03,1801.24,32.51,
Norte,E3,13:00:00,5620,0.05,1801.2,32.35,
Norte,E3,13:00:00,5621,0.04,1801.2,32.29,
Norte,E3,13:00:00,5678,0.07,1801.2,29.88,
Norte,E3,13:00:00,5685,0.02,1801.23,25.69,
Norte,E3,13:00:00,5709,0.17,1801.4,20.93,
Norte,E3,13:00:00,5744,0.06,1801.24,32.16,
Norte,E3,13:00:00,5746,0.09,1801.31,24.46,
Norte,E3,13:00:00,5747,0.05,1801.28,25.95,
Norte,E3,13:00:00,5748,0.07,1801.47,21.21,
Norte,E3,13:00:00,5749,0.07,1801.55,21.4,
Norte,E3,13:00:00,5750,0.04,1801.62,21.29,
Norte,E3,13:00:00,5760,0.04,1801.69,21.05,
Norte,E3,13:00:00,5761,0.03,1801.64,21.41,
Norte,E3,13:00:00,5762,0.01,1801.77,20.53,
Norte,E3,13:00:00,5763,0.03,1801.74,20.74,
Norte,E3,13:00:00,10020,0.05,1801.22,33.28,
Norte,E3,13:00:00,10059,0.04,1801.2,29.71,
Norte,E3,13:00:00,10061,0.0,1801.33,20.62,
Norte,E3,13:00:00,10062,0.0,1801.36,20.54,
Norte,E3,13:00:00,10063,0.0,1801.4,20.81,
Norte,E3,13:00:00,10082,0.1,1801.3,20.56,
Norte,E3,14:00:00,346,0.05,1801.26,33.56,
Norte,E3,14:00:00,347,0.08,1801.26,33.74,
Norte,E3,14:00:00,348,0.13,1801.26,33.75,
Norte,E3,14:00:00,349,0.06,1801.26,32.43,
Norte,E3,14:00:00,350,0.03,1801.26,32.42,
Norte,E3,14:00:00,351,0.05,1801.26,34.01,
Norte,E3,14:00:00,352,0.13,1801.26,33.89,
Norte,E3,14:00:00,353,0.08,1801.26,33.8,
Norte,E3,14:00:00,354,0.13,1801.29,32.59,
Norte,E3,14:00:00,355,0.05,1801.29,32.51,
Norte,E3,14:00:00,356,0.09,1801.29,32.55,
Norte,E3,14:00:00,357,0.04,1801.29,32.77,
Norte,E3,14:00:00,358,0.02,1801.29,33.02,
Norte,E3,14:00:00,362,0.09,1801.28,32.58,
Norte,E3,14:00:00,363,0.04,1801.28,32.57,
Norte,E3,14:00:00,364,0.08,1801.28,32.57,
Norte,E3,14:00:00,368,0.04,1801.26,32.59,
Norte,E3,14:00:00,371,0.06,1801.26,32.57,
Norte,E3,14:00:00,400,0.06,1801.27,32.29,
Norte,E3,14:00:00,401,0.06,1801.27,32.31,
Norte,E3,14:00:00,404,0.02,1801.27,32.11,
Norte,E3,14:00:00,405,0.01,1801.27,32.06,
Norte,E3,14:00:00,1049,0.03,1801.26,29.86,
Norte,E3,14:00:00,1051,0.04,1801.26,29.75,
Norte,E3,14:00:00,1053,0.03,1801.26,29.75,
Norte,E3,14:00:00,1059,0.06,1801.26,29.52,
Norte,E3,14:00:00,1063,0.03,1801.26,29.25,
Norte,E3,14:00:00,1077,0.03,1801.26,29.71,
Norte,E3,14:00:00,1089,0.04,1801.26,29.87,
Norte,E3,14:00:00,1093,0.08,1801.26,29.42,
Norte,E3,14:00:00,1094,0.02,1801.26,29.18,
Norte,E3,14:00:00,1095,0.02,1801.26,29.67,
Norte,E3,14:00:00,1100,0.04,1801.26,30.28,
Norte,E3,14:00:00,1102,0.07,1801.26,30.23,
Norte,E3,14:00:00,1103,0.01,1801.26,31.21,
Norte,E3,14:00:00,1104,0.08,1801.26,30.26,
Norte,E3,14:00:00,1106,0.09,1801.26,30.2,
Norte,E3,14:00:00,1107,0.04,1801.26,30.46,
Norte,E3,14:00:00,1109,0.01,1801.26,30.45,
Norte,E3,14:00:00,1110,0.01,1801.26,30.09,
Norte,E3,14:00:00,1112,0.02,1801.26,30.11,
Norte,E3,14:00:00,1113,0.04,1801.26,29.85,
Norte,E3,14:00:00,1115,0.09,1801.26,29.84,
Norte,E3,14:00:00,1117,0.09,1801.26,29.89,
Norte,E3,14:00:00,1119,0.11,1801.26,30.48,
Norte,E3,14:00:00,1120,0.08,1801.26,30.05,
Norte,E3,14:00:00,1122,0.06,1801.26,31.35,
Norte,E3,14:00:00,1125,0.07,1801.26,31.29,
Norte,E3,14:00:00,1128,0.07,1801.26,31.54,
Norte,E3,14:00:00,1130,0.08,1801.26,31.36,
Norte,E3,14:00:00,1131,0.08,1801.26,31.51,
Norte,E3,14:00:00,1133,0.03,1801.26,32.54,
Norte,E3,14:00:00,1134,0.14,1801.3,32.63,
Norte,E3,14:00:00,1135,0.1,1801.26,32.72,
Norte,E3,14:00:00,1137,0.13,1801.29,32.56,
Norte,E3,14:00:00,1139,0.08,1801.29,32.54,
Norte,E3,14:00:00,1140,0.03,1801.29,32.59,
Norte,E3,14:00:00,1141,0.06,1801.26,31.52,
Norte,E3,14:00:00,1142,0.03,1801.28,31.48,
Norte,E3,14:00:00,1143,0.08,1801.28,32.33,
Norte,E3,14:00:00,1144,0.08,1801.26,32.49,
Norte,E3,14:00:00,1145,0.03,1801.28,32.42,
Norte,E3,14:00:00,1147,0.0,1801.27,32.57,
Norte,E3,14:00:00,1148,0.0,1801.28,32.59,
Norte,E3,14:00:00,1149,0.16,1801.32,31.21,
Norte,E3,14:00:00,1150,0.22,1801.28,31.0,
Norte,E3,14:00:00,1151,0.04,1801.37,27.14,
Norte,E3,14:00:00,1153,0.02,1801.33,28.73,
Norte,E3,14:00:00,1154,0.0,1801.33,29.18,
Norte,E3,14:00:00,1158,0.11,1801.33,29.39,
Norte,E3,14:00:00,1159,0.08,1801.31,31.75,
Norte,E3,14:00:00,1161,0.04,1801.31,30.82,
Norte,E3,14:00:00,1162,0.01,1801.3,32.24,
Norte,E3,14:00:00,1164,0.1,1801.3,32.32,
Norte,E3,14:00:00,1165,0.03,1801.3,32.43,
Norte,E3,14:00:00,1166,0.06,1801.3,31.98,
Norte,E3,14:00:00,1169,0.09,1801.3,32.6,
Norte,E3,14:00:00,1171,0.07,1801.28,32.6,
Norte,E3,14:00:00,1172,0.16,1801.28,33.65,
Norte,E3,14:00:00,1174,0.06,1801.28,33.45,
Norte,E3,14:00:00,1175,0.12,1801.29,31.95,
Norte,E3,14:00:00,1176,0.18,1801.29,33.44,
Norte,E3,14:00:00,1179,0.06,1801.29,32.95,
Norte,E3,14:00:00,1181,0.01,1801.28,33.44,
Norte,E3,14:00:00,1182,0.06,1801.3,32.69,
Norte,E3,14:00:00,1184,0.04,1801.34,24.9,
Norte,E3,14:00:00,1185,0.02,1801.33,26.6,
Norte,E3,14:00:00,1186,0.01,1801.33,25.92,
Norte,E3,14:00:00,1187,0.21,1801.3,25.59,
Norte,E3,14:00:00,1189,0.01,1801.24,25.15,
Norte,E3,14:00:00,1190,0.07,1801.24,26.11,
Norte,E3,14:00:00,1191,0.06,1801.29,29.17,
Norte,E3,14:00:00,1192,0.01,1801.29,27.27,
Norte,E3,14:00:00,1196,0.05,1801.2,26.98,
Norte,E3,14:00:00,1197,0.05,1801.2,27.45,
Norte,E3,14:00:00,1207,0.11,1801.2,25.41,
Norte,E3,14:00:00,1216,0.09,1801.2,19.17,
Norte,E3,14:00:00,1221,0.05,1801.35,19.79,
Norte,E3,14:00:00,1223,0.05,1801.35,19.57,
Norte,E3,14:00:00,1224,0.07,1801.35,23.17,
Norte,E3,14:00:00,1225,0.03,1801.32,24.62,
Norte,E3,14:00:00,1226,0.06,1801.34,23.39,
Norte,E3,14:00:00,1228,0.03,1801.34,22.72,
Norte,E3,14:00:00,1229,0.02,1801.34,22.42,
Norte,E3,14:00:00,1230,0.01,1801.34,22.37,
Norte,E3,14:00:00,1231,0.01,1801.34,22.45,
Norte,E3,14:00:00,1232,0.02,1801.34,21.91,
Norte,E3,14:00:00,1233,0.01,1801.34,21.88,
Norte,E3,14:00:00,1240,0.11,1801.36,21.19,
Norte,E3,14:00:00,1242,0.12,1801.35,22.35,
Norte,E3,14:00:00,1243,0.04,1801.34,23.11,
Norte,E3,14:00:00,1244,0.11,1801.32,24.65,
Norte,E3,14:00:00,1245,0.06,1801.32,25.73,
Norte,E3,14:00:00,1246,0.03,1801.31,25.91,
Norte,E3,14:00:00,1247,0.07,1801.31,25.67,
Norte,E3,14:00:00,1248,0.07,1801.3,25.37,
Norte,E3,14:00:00,1249,0.14,1801.34,23.76,
Norte,E3,14:00:00,1250,0.15,1801.35,22.66,
Norte,E3,14:00:00,1252,0.11,1801.37,21.28,
Norte,E3,14:00:00,1253,0.14,1801.34,23.73,
Norte,E3,14:00:00,1254,0.14,1801.37,22.07,
Norte,E3,14:00:00,1255,0.08,1801.4,21.83,
Norte,E3,14:00:00,1257,0.08,1801.4,21.21,
Norte,E3,14:00:00,1265,0.03,1801.44,20.85,
Norte,E3,14:00:00,1268,0.07,1801.44,20.94,
Norte,E3,14:00:00,1272,0.03,1801.41,21.58,
Norte,E3,14:00:00,1274,0.06,1801.42,21.62,
Norte,E3,14:00:00,1276,0.13,1801.39,22.58,
Norte,E3,14:00:00,1279,0.06,1801.37,23.86,
Norte,E3,14:00:00,1281,0.07,1801.37,24.23,
Norte,E3,14:00:00,1282,0.03,1801.37,25.7,
Norte,E3,14:00:00,1284,0.03,1801.28,31.04,
Norte,E3,14:00:00,1286,0.08,1801.38,22.79,
Norte,E3,14:00:00,1288,0.01,1801.38,24.82,
Norte,E3,14:00:00,1289,0.02,1801.38,23.15,
Norte,E3,14:00:00,1290,0.1,1801.38,23.23,
Norte,E3,14:00:00,1291,0.01,1801.38,20.99,
Norte,E3,14:00:00,1292,0.06,1801.38,21.22,
Norte,E3,14:00:00,1293,0.08,1801.38,21.87,
Norte,E3,14:00:00,1294,0.02,1801.39,21.73,
Norte,E3,14:00:00,1295,0.13,1801.4,20.91,
Norte,E3,14:00:00,1297,0.1,1801.4,20.52,
Norte,E3,14:00:00,1302,0.09,1801.39,19.99,
Norte,E3,14:00:00,1304,0.06,1801.39,19.99,
Norte,E3,14:00:00,1305,0.0,1801.39,20.0,
Norte,E3,14:00:00,1306,0.07,1801.39,20.0,
Norte,E3,14:00:00,1308,0.08,1801.39,20.53,
Norte,E3,14:00:00,1309,0.04,1801.39,28.42,
Norte,E3,14:00:00,1310,0.02,1801.38,24.56,
Norte,E3,14:00:00,1312,0.1,1801.31,29.39,
Norte,E3,14:00:00,1313,0.0,1801.31,29.61,
Norte,E3,14:00:00,1315,0.07,1801.31,29.57,
Norte,E3,14:00:00,1318,0.08,1801.26,29.53,
Norte,E3,14:00:00,1319,0.02,1801.26,29.18,
Norte,E3,14:00:00,1321,0.05,1801.38,21.41,
Norte,E3,14:00:00,1322,0.01,1801.38,22.18,
Norte,E3,14:00:00,1323,0.06,1801.38,21.97,
Norte,E3,14:00:00,1324,0.03,1801.39,20.54,
Norte,E3,14:00:00,1326,0.09,1801.38,20.19,
Norte,E3,14:00:00,1334,0.06,1801.38,22.1,
Norte,E3,14:00:00,1335,0.07,1801.36,22.65,
Norte,E3,14:00:00,1336,0.01,1801.36,21.78,
Norte,E3,14:00:00,1340,0.04,1801.38,29.04,
Norte,E3,14:00:00,5010,0.03,1801.35,25.9,
Norte,E3,14:00:00,5011,0.05,1801.24,26.03,
Norte,E3,14:00:00,5019,0.06,1801.26,32.08,
Norte,E3,14:00:00,5086,0.07,1801.27,32.56,
Norte,E3,14:00:00,5087,0.01,1801.27,32.61,
Norte,E3,14:00:00,5108,0.0,1801.24,25.96,
Norte,E3,14:00:00,5112,0.03,1801.41,21.62,
Norte,E3,14:00:00,5148,0.0,1801.27,32.29,
Norte,E3,14:00:00,5193,0.0,1801.26,31.41,
Norte,E3,14:00:00,5204,0.14,1801.2,25.48,
Norte,E3,14:00:00,5241,0.0,1801.35,19.72,
Norte,E3,14:00:00,5264,0.02,1801.28,32.58,
Norte,E3,14:00:00,5289,0.01,1801.26,29.78,
Norte,E3,14:00:00,5291,0.02,1801.31,29.83,
Norte,E3,14:00:00,5311,0.13,1801.26,32.51,
Norte,E3,14:00:00,5312,0.01,1801.26,32.65,
Norte,E3,14:00:00,5313,0.01,1801.26,32.45,
Norte,E3,14:00:00,5314,0.02,1801.24,25.89,
Norte,E3,14:00:00,5342,0.03,1801.35,25.8,
Norte,E3,14:00:00,5343,0.14,1801.44,20.96,
Norte,E3,14:00:00,5344,0.14,1801.43,25.89,
Norte,E3,14:00:00,5345,0.14,1801.43,26.05,
Norte,E3,14:00:00,5478,0.0,1801.41,21.63,
Norte,E3,14:00:00,5484,0.01,1801.35,19.19,
Norte,E3,14:00:00,5493,0.01,1801.29,30.81,
Norte,E3,14:00:00,5494,0.01,1801.3,30.89,
Norte,E3,14:00:00,5495,0.1,1801.26,32.79,
Norte,E3,14:00:00,5506,0.02,1801.34,22.86,
Norte,E3,14:00:00,5523,0.0,1801.26,29.25,
Norte,E3,14:00:00,5533,0.03,1801.38,20.84,
Norte,E3,14:00:00,5537,0.04,1801.26,29.51,
Norte,E3,14:00:00,5538,0.07,1801.26,29.83,
Norte,E3,14:00:00,5603,0.05,1801.28,31.06,
Norte,E3,14:00:00,5604,0.07,1801.27,30.62,
Norte,E3,14:00:00,5613,0.07,1801.28,32.47,
Norte,E3,14:00:00,5614,0.03,1801.3,32.57,
Norte,E3,14:00:00,5620,0.05,1801.26,32.41,
Norte,E3,14:00:00,5621,0.04,1801.26,32.35,
Norte,E3,14:00:00,5678,0.06,1801.26,29.94,
Norte,E3,14:00:00,5685,0.02,1801.29,25.75,
Norte,E3,14:00:00,5709,0.16,1801.44,20.97,
Norte,E3,14:00:00,5744,0.05,1801.3,32.22,
Norte,E3,14:00:00,5746,0.08,1801.36,24.51,
Norte,E3,14:00:00,5747,0.05,1801.33,26.0,
Norte,E3,14:00:00,5748,0.06,1801.5,21.24,
Norte,E3,14:00:00,5749,0.06,1801.58,21.43,
Norte,E3,14:00:00,5750,0.04,1801.64,21.31,
Norte,E3,14:00:00,5760,0.04,1801.7,21.06,
Norte,E3,14:00:00,5761,0.03,1801.66,21.43,
Norte,E3,14:00:00,5762,0.01,1801.77,20.53,
Norte,E3,14:00:00,5763,0.03,1801.75,20.75,
Norte,E3,14:00:00,10020,0.05,1801.28,33.34,
Norte,E3,14:00:00,10059,0.04,1801.26,29.77,
Norte,E3,14:00:00,10061,0.0,1801.38,20.67,
Norte,E3,14:00:00,10062,0.0,1801.4,20.58,
Norte,E3,14:00:00,10063,0.0,1801.44,20.85,
Norte,E3,14:00:00,10082,0.09,1801.35,20.61,
Norte,E3,15:00:00,346,0.05,1801.26,33.56,
Norte,E3,15:00:00,347,0.08,1801.26,33.74,
Norte,E3,15:00:00,348,0.13,1801.26,33.75,
Norte,E3,15:00:00,349,0.06,1801.26,32.43,
Norte,E3,15:00:00,350,0.03,1801.26,32.42,
Norte,E3,15:00:00,351,0.05,1801.26,34.01,
Norte,E3,15:00:00,352,0.13,1801.26,33.89,
Norte,E3,15:00:00,353,0.08,1801.26,33.8,
Norte,E3,15:00:00,354,0.13,1801.29,32.59,
Norte,E3,15:00:00,355,0.05,1801.29,32.51,
Norte,E3,15:00:00,356,0.09,1801.29,32.55,
Norte,E3,15:00:00,357,0.04,1801.29,32.77,
Norte,E3,15:00:00,358,0.02,1801.29,33.02,
Norte,E3,15:00:00,362,0.09,1801.28,32.58,
Norte,E3,15:00:00,363,0.04,1801.28,32.57,
Norte,E3,15:00:00,364,0.08,1801.28,32.57,
Norte,E3,15:00:00,368,0.04,1801.26,32.59,
Norte,E3,15:00:00,371,0.06,1801.26,32.57,
Norte,E3,15:00:00,400,0.06,1801.27,32.29,
Norte,E3,15:00:00,401,0.06,1801.27,32.31,
Norte,E3,15:00:00,404,0.02,1801.27,32.11,
Norte,E3,15:00:00,405,0.01,1801.27,32.06,
Norte,E3,15:00:00,1049,0.03,1801.26,29.86,
Norte,E3,15:00:00,1051,0.04,1801.26,29.75,
Norte,E3,15:00:00,1053,0.03,1801.26,29.75,
Norte,E3,15:00:00,1059,0.06,1801.26,29.52,
Norte,E3,15:00:00,1063,0.03,1801.26,29.25,
Norte,E3,15:00:00,1077,0.03,1801.26,29.71,
Norte,E3,15:00:00,1089,0.04,1801.26,29.87,
Norte,E3,15:00:00,1093,0.08,1801.26,29.42,
Norte,E3,15:00:00,1094,0.02,1801.26,29.18,
Norte,E3,15:00:00,1095,0.02,1801.26,29.67,
Norte,E3,15:00:00,1100,0.04,1801.26,30.28,
Norte,E3,15:00:00,1102,0.07,1801.26,30.23,
Norte,E3,15:00:00,1103,0.01,1801.26,31.21,
Norte,E3,15:00:00,1104,0.08,1801.26,30.26,
Norte,E3,15:00:00,1106,0.09,1801.26,30.2,
Norte,E3,15:00:00,1107,0.04,1801.26,30.46,
Norte,E3,15:00:00,1109,0.01,1801.26,30.45,
Norte,E3,15:00:00,1110,0.01,1801.26,30.09,
Norte,E3,15:00:00,1112,0.02,1801.26,30.11,
Norte,E3,15:00:00,1113,0.04,1801.26,29.85,
Norte,E3,15:00:00,1115,0.09,1801.26,29.84,
Norte,E3,15:00:00,1117,0.09,1801.26,29.89,
Norte,E3,15:00:00,1119,0.11,1801.26,30.48,
Norte,E3,15:00:00,1120,0.08,1801.26,30.05,
Norte,E3,15:00:00,1122,0.06,1801.26,31.35,
Norte,E3,15:00:00,1125,0.07,1801.26,31.29,
Norte,E3,15:00:00,1128,0.07,1801.26,31.54,
Norte,E3,15:00:00,1130,0.08,1801.26,31.36,
Norte,E3,15:00:00,1131,0.08,1801.26,31.51,
Norte,E3,15:00:00,1133,0.03,1801.26,32.54,
Norte,E3,15:00:00,1134,0.14,1801.3,32.63,
Norte,E3,15:00:00,1135,0.1,1801.26,32.72,
Norte,E3,15:00:00,1137,0.13,1801.29,32.56,
Norte,E3,15:00:00,1139,0.08,1801.29,32.54,
Norte,E3,15:00:00,1140,0.03,1801.29,32.59,
Norte,E3,15:00:00,1141,0.06,1801.26,31.52,
Norte,E3,15:00:00,1142,0.03,1801.28,31.48,
Norte,E3,15:00:00,1143,0.08,1801.28,32.33,
Norte,E3,15:00:00,1144,0.08,1801.26,32.49,
Norte,E3,15:00:00,1145,0.03,1801.28,32.42,
Norte,E3,15:00:00,1147,0.0,1801.27,32.57,
Norte,E3,15:00:00,1148,0.0,1801.28,32.59,
Norte,E3,15:00:00,1149,0.16,1801.32,31.21,
Norte,E3,15:00:00,1150,0.22,1801.28,31.0,
Norte,E3,15:00:00,1151,0.04,1801.37,27.14,
Norte,E3,15:00:00,1153,0.02,1801.33,28.73,
Norte,E3,15:00:00,1154,0.0,1801.33,29.18,
Norte,E3,15:00:00,1158,0.11,1801.33,29.39,
Norte,E3,15:00:00,1159,0.08,1801.31,31.75,
Norte,E3,15:00:00,1161,0.04,1801.31,30.82,
Norte,E3,15:00:00,1162,0.01,1801.3,32.24,
Norte,E3,15:00:00,1164,0.1,1801.3,32.32,
Norte,E3,15:00:00,1165,0.03,1801.3,32.43,
Norte,E3,15:00:00,1166,0.06,1801.3,31.98,
Norte,E3,15:00:00,1169,0.09,1801.3,32.6,
Norte,E3,15:00:00,1171,0.07,1801.28,32.6,
Norte,E3,15:00:00,1172,0.16,1801.28,33.65,
Norte,E3,15:00:00,1174,0.06,1801.28,33.45,
Norte,E3,15:00:00,1175,0.12,1801.29,31.95,
Norte,E3,15:00:00,1176,0.18,1801.29,33.44,
Norte,E3,15:00:00,1179,0.06,1801.29,32.95,
Norte,E3,15:00:00,1181,0.01,1801.28,33.44,
Norte,E3,15:00:00,1182,0.06,1801.3,32.69,
Norte,E3,15:00:00,1184,0.04,1801.34,24.9,
Norte,E3,15:00:00,1185,0.02,1801.33,26.6,
Norte,E3,15:00:00,1186,0.01,1801.33,25.92,
Norte,E3,15:00:00,1187,0.21,1801.3,25.59,
Norte,E3,15:00:00,1189,0.01,1801.24,25.15,
Norte,E3,15:00:00,1190,0.07,1801.24,26.11,
Norte,E3,15:00:00,1191,0.06,1801.29,29.17,
Norte,E3,15:00:00,1192,0.01,1801.29,27.27,
Norte,E3,15:00:00,1196,0.05,1801.2,26.98,
Norte,E3,15:00:00,1197,0.05,1801.2,27.45,
Norte,E3,15:00:00,1207,0.11,1801.2,25.41,
Norte,E3,15:00:00,1216,0.09,1801.2,19.17,
Norte,E3,15:00:00,1221,0.05,1801.35,19.79,
Norte,E3,15:00:00,1223,0.05,1801.35,19.57,
Norte,E3,15:00:00,1224,0.07,1801.35,23.17,
Norte,E3,15:00:00,1225,0.03,1801.32,24.62,
Norte,E3,15:00:00,1226,0.06,1801.34,23.39,
Norte,E3,15:00:00,1228,0.03,1801.34,22.72,
Norte,E3,15:00:00,1229,0.02,1801.34,22.42,
Norte,E3,15:00:00,1230,0.01,1801.34,22.37,
Norte,E3,15:00:00,1231,0.01,1801.34,22.45,
Norte,E3,15:00:00,1232,0.02,1801.34,21.91,
Norte,E3,15:00:00,1233,0.01,1801.34,21.88,
Norte,E3,15:00:00,1240,0.11,1801.36,21.19,
Norte,E3,15:00:00,1242,0.12,1801.35,22.35,
Norte,E3,15:00:00,1243,0.04,1801.34,23.11,
Norte,E3,15:00:00,1244,0.11,1801.32,24.65,
Norte,E3,15:00:00,1245,0.06,1801.32,25.73,
Norte,E3,15:00:00,1246,0.03,1801.31,25.91,
Norte,E3,15:00:00,1247,0.07,1801.31,25.67,
Norte,E3,15:00:00,1248,0.07,1801.3,25.37,
Norte,E3,15:00:00,1249,0.14,1801.34,23.76,
Norte,E3,15:00:00,1250,0.15,1801.35,22.66,
Norte,E3,15:00:00,1252,0.11,1801.37,21.28,
Norte,E3,15:00:00,1253,0.14,1801.34,23.73,
Norte,E3,15:00:00,1254,0.14,1801.37,22.07,
Norte,E3,15:00:00,1255,0.08,1801.4,21.83,
Norte,E3,15:00:00,1257,0.08,1801.4,21.21,
Norte,E3,15:00:00,1265,0.03,1801.44,20.85,
Norte,E3,15:00:00,1268,0.07,1801.44,20.94,
Norte,E3,15:00:00,1272,0.03,1801.41,21.58,
Norte,E3,15:00:00,1274,0.06,1801.42,21.62,
Norte,E3,15:00:00,1276,0.13,1801.39,22.58,
Norte,E3,15:00:00,1279,0.06,1801.37,23.86,
Norte,E3,15:00:00,1281,0.07,1801.37,24.23,
Norte,E3,15:00:00,1282,0.03,1801.37,25.7,
Norte,E3,15:00:00,1284,0.03,1801.28,31.04,
Norte,E3,15:00:00,1286,0.08,1801.38,22.79,
Norte,E3,15:00:00,1288,0.01,1801.38,24.82,
Norte,E3,15:00:00,1289,0.02,1801.38,23.15,
Norte,E3,15:00:00,1290,0.1,1801.38,23.23,
Norte,E3,15:00:00,1291,0.01,1801.38,20.99,
Norte,E3,15:00:00,1292,0.06,1801.38,21.22,
Norte,E3,15:00:00,1293,0.08,1801.38,21.87,
Norte,E3,15:00:00,1294,0.02,1801.39,21.73,
Norte,E3,15:00:00,1295,0.13,1801.4,20.91,
Norte,E3,15:00:00,1297,0.1,1801.4,20.52,
Norte,E3,15:00:00,1302,0.09,1801.39,19.99,
Norte,E3,15:00:00,1304,0.06,1801.39,19.99,
Norte,E3,15:00:00,1305,0.0,1801.39,20.0,
Norte,E3,15:00:00,1306,0.07,1801.39,20.0,
Norte,E3,15:00:00,1308,0.08,1801.39,20.53,
Norte,E3,15:00:00,1309,0.04,1801.39,28.42,
Norte,E3,15:00:00,1310,0.02,1801.38,24.56,
Norte,E3,15:00:00,1312,0.1,1801.31,29.39,
Norte,E3,15:00:00,1313,0.0,1801.31,29.61,
Norte,E3,15:00:00,1315,0.07,1801.31,29.57,
Norte,E3,15:00:00,1318,0.08,1801.26,29.53,
Norte,E3,15:00:00,1319,0.02,1801.26,29.18,
Norte,E3,15:00:00,1321,0.05,1801.38,21.41,
Norte,E3,15:00:00,1322,0.01,1801.38,22.18,
Norte,E3,15:00:00,1323,0.06,1801.38,21.97,
Norte,E3,15:00:00,1324,0.03,1801.39,20.54,
Norte,E3,15:00:00,1326,0.09,1801.38,20.19,
Norte,E3,15:00:00,1334,0.06,1801.38,22.1,
Norte,E3,15:00:00,1335,0.07,1801.36,22.65,
Norte,E3,15:00:00,1336,0.01,1801.36,21.78,
Norte,E3,15:00:00,1340,0.04,1801.38,29.04,
Norte,E3,15:00:00,5010,0.03,1801.35,25.9,
Norte,E3,15:00:00,5011,0.05,1801.24,26.03,
Norte,E3,15:00:00,5019,0.06,1801.26,32.08,
Norte,E3,15:00:00,5086,0.07,1801.27,32.56,
Norte,E3,15:00:00,5087,0.01,1801.27,32.61,
Norte,E3,15:00:00,5108,0.0,1801.24,25.96,
Norte,E3,15:00:00,5112,0.03,1801.41,21.62,
Norte,E3,15:00:00,5148,0.0,1801.27,32.29,
Norte,E3,15:00:00,5193,0.0,1801.26,31.41,
Norte,E3,15:00:00,5204,0.14,1801.2,25.48,
Norte,E3,15:00:00,5241,0.0,1801.35,19.72,
Norte,E3,15:00:00,5264,0.02,1801.28,32.58,
Norte,E3,15:00:00,5289,0.01,1801.26,29.78,
Norte,E3,15:00:00,5291,0.02,1801.31,29.83,
Norte,E3,15:00:00,5311,0.13,1801.26,32.51,
Norte,E3,15:00:00,5312,0.01,1801.26,32.65,
Norte,E3,15:00:00,5313,0.01,1801.26,32.45,
Norte,E3,15:00:00,5314,0.02,1801.24,25.89,
Norte,E3,15:00:00,5342,0.03,1801.35,25.8,
Norte,E3,15:00:00,5343,0.14,1801.44,20.96,
Norte,E3,15:00:00,5344,0.14,1801.43,25.89,
Norte,E3,15:00:00,5345,0.14,1801.43,26.05,
Norte,E3,15:00:00,5478,0.0,1801.41,21.63,
Norte,E3,15:00:00,5484,0.01,1801.35,19.19,
Norte,E3,15:00:00,5493,0.01,1801.29,30.81,
Norte,E3,15:00:00,5494,0.01,1801.3,30.89,
Norte,E3,15:00:00,5495,0.1,1801.26,32.79,
Norte,E3,15:00:00,5506,0.02,1801.34,22.86,
Norte,E3,15:00:00,5523,0.0,1801.26,29.25,
Norte,E3,15:00:00,5533,0.03,1801.38,20.84,
Norte,E3,15:00:00,5537,0.04,1801.26,29.51,
Norte,E3,15:00:00,5538,0.07,1801.26,29.83,
Norte,E3,15:00:00,5603,0.05,1801.28,31.06,
Norte,E3,15:00:00,5604,0.07,1801.27,30.62,
Norte,E3,15:00:00,5613,0.07,1801.28,32.47,
Norte,E3,15:00:00,5614,0.03,1801.3,32.57,
Norte,E3,15:00:00,5620,0.05,1801.26,32.41,
Norte,E3,15:00:00,5621,0.04,1801.26,32.35,
Norte,E3,15:00:00,5678,0.06,1801.26,29.94,
Norte,E3,15:00:00,5685,0.02,1801.29,25.75,
Norte,E3,15:00:00,5709,0.16,1801.44,20.97,
Norte,E3,15:00:00,5744,0.05,1801.3,32.22,
Norte,E3,15:00:00,5746,0.08,1801.36,24.51,
Norte,E3,15:00:00,5747,0.05,1801.33,26.0,
Norte,E3,15:00:00,5748,0.06,1801.5,21.24,
Norte,E3,15:00:00,5749,0.06,1801.58,21.43,
Norte,E3,15:00:00,5750,0.04,1801.64,21.31,
Norte,E3,15:00:00,5760,0.04,1801.7,21.06,
Norte,E3,15:00:00,5761,0.03,1801.66,21.43,
Norte,E3,15:00:00,5762,0.01,1801.77,20.53,
Norte,E3,15:00:00,5763,0.03,1801.75,20.75,
Norte,E3,15:00:00,10020,0.05,1801.28,33.34,
Norte,E3,15:00:00,10059,0.04,1801.26,29.77,
Norte,E3,15:00:00,10061,0.0,1801.38,20.67,
Norte,E3,15:00:00,10062,0.0,1801.4,20.58,
Norte,E3,15:00:00,10063,0.0,1801.44,20.85,
Norte,E3,15:00:00,10082,0.09,1801.35,20.61,
Norte,E3,16:00:00,346,0.04,1801.32,33.62,
Norte,E3,16:00:00,347,0.08,1801.32,33.8,
Norte,E3,16:00:00,348,0.12,1801.32,33.81,
Norte,E3,16:00:00,349,0.05,1801.32,32.49,
Norte,E3,16:00:00,350,0.03,1801.32,32.48,
Norte,E3,16:00:00,351,0.05,1801.32,34.07,
Norte,E3,16:00:00,352,0.12,1801.32,33.95,
Norte,E3,16:00:00,353,0.07,1801.32,33.86,
Norte,E3,16:00:00,354,0.12,1801.34,32.64,
Norte,E3,16:00:00,355,0.05,1801.35,32.57,
Norte,E3,16:00:00,356,0.09,1801.35,32.61,
Norte,E3,16:00:00,357,0.04,1801.35,32.83,
Norte,E3,16:00:00,358,0.02,1801.35,33.08,
Norte,E3,16:00:00,362,0.08,1801.33,32.63,
Norte,E3,16:00:00,363,0.04,1801.34,32.63,
Norte,E3,16:00:00,364,0.07,1801.34,32.63,
Norte,E3,16:00:00,368,0.04,1801.32,32.65,
Norte,E3,16:00:00,371,0.05,1801.32,32.63,
Norte,E3,16:00:00,400,0.06,1801.33,32.35,
Norte,E3,16:00:00,401,0.05,1801.33,32.37,
Norte,E3,16:00:00,404,0.02,1801.33,32.17,
Norte,E3,16:00:00,405,0.01,1801.33,32.12,
Norte,E3,16:00:00,1049,0.03,1801.32,29.92,
Norte,E3,16:00:00,1051,0.04,1801.32,29.81,
Norte,E3,16:00:00,1053,0.02,1801.32,29.81,
Norte,E3,16:00:00,1059,0.05,1801.32,29.58,
Norte,E3,16:00:00,1063,0.02,1801.32,29.31,
Norte,E3,16:00:00,1077,0.03,1801.32,29.77,
Norte,E3,16:00:00,1089,0.03,1801.32,29.93,
Norte,E3,16:00:00,1093,0.07,1801.32,29.48,
Norte,E3,16:00:00,1094,0.02,1801.32,29.24,
Norte,E3,16:00:00,1095,0.02,1801.32,29.73,
Norte,E3,16:00:00,1100,0.04,1801.32,30.34,
Norte,E3,16:00:00,1102,0.07,1801.32,30.29,
Norte,E3,16:00:00,1103,0.01,1801.32,31.27,
Norte,E3,16:00:00,1104,0.07,1801.32,30.32,
Norte,E3,16:00:00,1106,0.08,1801.32,30.26,
Norte,E3,16:00:00,1107,0.04,1801.32,30.52,
Norte,E3,16:00:00,1109,0.01,1801.32,30.51,
Norte,E3,16:00:00,1110,0.01,1801.32,30.15,
Norte,E3,16:00:00,1112,0.02,1801.32,30.17,
Norte,E3,16:00:00,1113,0.04,1801.32,29.91,
Norte,E3,16:00:00,1115,0.08,1801.32,29.9,
Norte,E3,16:00:00,1117,0.09,1801.32,29.95,
Norte,E3,16:00:00,1119,0.11,1801.32,30.54,
Norte,E3,16:00:00,1120,0.08,1801.32,30.11,
Norte,E3,16:00:00,1122,0.06,1801.32,31.41,
Norte,E3,16:00:00,1125,0.06,1801.32,31.35,
Norte,E3,16:00:00,1128,0.06,1801.32,31.6,
Norte,E3,16:00:00,1130,0.07,1801.32,31.42,
Norte,E3,16:00:00,1131,0.08,1801.32,31.57,
Norte,E3,16:00:00,1133,0.02,1801.32,32.6,
Norte,E3,16:00:00,1134,0.13,1801.35,32.68,
Norte,E3,16:00:00,1135,0.09,1801.32,32.78,
Norte,E3,16:00:00,1137,0.12,1801.35,32.62,
Norte,E3,16:00:00,1139,0.08,1801.35,32.6,
Norte,E3,16:00:00,1140,0.03,1801.35,32.65,
Norte,E3,16:00:00,1141,0.05,1801.32,31.58,
Norte,E3,16:00:00,1142,0.02,1801.34,31.54,
Norte,E3,16:00:00,1143,0.08,1801.34,32.39,
Norte,E3,16:00:00,1144,0.07,1801.32,32.55,
Norte,E3,16:00:00,1145,0.03,1801.34,32.48,
Norte,E3,16:00:00,1147,0.0,1801.33,32.63,
Norte,E3,16:00:00,1148,0.0,1801.33,32.64,
Norte,E3,16:00:00,1149,0.15,1801.37,31.26,
Norte,E3,16:00:00,1150,0.2,1801.33,31.05,
Norte,E3,16:00:00,1151,0.03,1801.42,27.19,
Norte,E3,16:00:00,1153,0.01,1801.38,28.78,
Norte,E3,16:00:00,1154,0.0,1801.38,29.23,
Norte,E3,16:00:00,1158,0.11,1801.38,29.44,
Norte,E3,16:00:00,1159,0.08,1801.37,31.81,
Norte,E3,16:00:00,1161,0.04,1801.37,30.88,
Norte,E3,16:00:00,1162,0.01,1801.35,32.29,
Norte,E3,16:00:00,1164,0.09,1801.35,32.37,
Norte,E3,16:00:00,1165,0.03,1801.35,32.48,
Norte,E3,16:00:00,1166,0.05,1801.36,32.04,
Norte,E3,16:00:00,1169,0.08,1801.35,32.65,
Norte,E3,16:00:00,1171,0.06,1801.34,32.66,
Norte,E3,16:00:00,1172,0.15,1801.34,33.71,
Norte,E3,16:00:00,1174,0.05,1801.34,33.51,
Norte,E3,16:00:00,1175,0.12,1801.35,32.01,
Norte,E3,16:00:00,1176,0.16,1801.35,33.5,
Norte,E3,16:00:00,1179,0.05,1801.35,33.01,
Norte,E3,16:00:00,1181,0.01,1801.34,33.5,
Norte,E3,16:00:00,1182,0.06,1801.35,32.74,
Norte,E3,16:00:00,1184,0.04,1801.39,24.95,
Norte,E3,16:00:00,1185,0.02,1801.38,26.65,
Norte,E3,16:00:00,1186,0.01,1801.38,25.97,
Norte,E3,16:00:00,1187,0.2,1801.36,25.65,
Norte,E3,16:00:00,1189,0.01,1801.3,25.21,
Norte,E3,16:00:00,1190,0.06,1801.3,26.17,
Norte,E3,16:00:00,1191,0.06,1801.34,29.22,
Norte,E3,16:00:00,1192,0.01,1801.34,27.32,
Norte,E3,16:00:00,1196,0.05,1801.27,27.05,
Norte,E3,16:00:00,1197,0.04,1801.27,27.52,
Norte,E3,16:00:00,1207,0.11,1801.27,25.48,
Norte,E3,16:00:00,1216,0.08,1801.27,19.24,
Norte,E3,16:00:00,1221,0.05,1801.4,19.84,
Norte,E3,16:00:00,1223,0.05,1801.4,19.62,
Norte,E3,16:00:00,1224,0.07,1801.4,23.22,
Norte,E3,16:00:00,1225,0.03,1801.37,24.67,
Norte,E3,16:00:00,1226,0.06,1801.39,23.44,
Norte,E3,16:00:00,1228,0.03,1801.39,22.77,
Norte,E3,16:00:00,1229,0.01,1801.39,22.47,
Norte,E3,16:00:00,1230,0.01,1801.39,22.42,
Norte,E3,16:00:00,1231,0.01,1801.39,22.5,
Norte,E3,16:00:00,1232,0.02,1801.39,21.96,
Norte,E3,16:00:00,1233,0.01,1801.39,21.93,
Norte,E3,16:00:00,1240,0.11,1801.41,21.24,
Norte,E3,16:00:00,1242,0.11,1801.39,22.39,
Norte,E3,16:00:00,1243,0.04,1801.39,23.16,
Norte,E3,16:00:00,1244,0.11,1801.37,24.7,
Norte,E3,16:00:00,1245,0.06,1801.37,25.78,
Norte,E3,16:00:00,1246,0.03,1801.36,25.96,
Norte,E3,16:00:00,1247,0.07,1801.36,25.72,
Norte,E3,16:00:00,1248,0.06,1801.36,25.43,
Norte,E3,16:00:00,1249,0.13,1801.39,23.81,
Norte,E3,16:00:00,1250,0.14,1801.4,22.71,
Norte,E3,16:00:00,1252,0.1,1801.42,21.33,
Norte,E3,16:00:00,1253,0.14,1801.39,23.78,
Norte,E3,16:00:00,1254,0.13,1801.41,22.11,
Norte,E3,16:00:00,1255,0.07,1801.44,21.87,
Norte,E3,16:00:00,1257,0.08,1801.44,21.25,
Norte,E3,16:00:00,1265,0.03,1801.48,20.89,
Norte,E3,16:00:00,1268,0.06,1801.48,20.98,
Norte,E3,16:00:00,1272,0.03,1801.45,21.62,
Norte,E3,16:00:00,1274,0.06,1801.46,21.66,
Norte,E3,16:00:00,1276,0.12,1801.43,22.62,
Norte,E3,16:00:00,1279,0.05,1801.42,23.91,
Norte,E3,16:00:00,1281,0.06,1801.42,24.28,
Norte,E3,16:00:00,1282,0.02,1801.42,25.75,
Norte,E3,16:00:00,1284,0.03,1801.33,31.09,
Norte,E3,16:00:00,1286,0.08,1801.42,22.83,
Norte,E3,16:00:00,1288,0.01,1801.42,24.86,
Norte,E3,16:00:00,1289,0.02,1801.42,23.19,
Norte,E3,16:00:00,1290,0.09,1801.42,23.27,
Norte,E3,16:00:00,1291,0.01,1801.42,21.03,
Norte,E3,16:00:00,1292,0.06,1801.42,21.26,
Norte,E3,16:00:00,1293,0.08,1801.43,21.92,
Norte,E3,16:00:00,1294,0.02,1801.43,21.77,
Norte,E3,16:00:00,1295,0.12,1801.44,20.95,
Norte,E3,16:00:00,1297,0.09,1801.44,20.56,
Norte,E3,16:00:00,1302,0.09,1801.43,20.03,
Norte,E3,16:00:00,1304,0.05,1801.43,20.03,
Norte,E3,16:00:00,1305,0.0,1801.43,20.04,
Norte,E3,16:00:00,1306,0.06,1801.43,20.04,
Norte,E3,16:00:00,1308,0.08,1801.43,20.57,
Norte,E3,16:00:00,1309,0.04,1801.43,28.46,
Norte,E3,16:00:00,1310,0.02,1801.43,24.61,
Norte,E3,16:00:00,1312,0.1,1801.36,29.44,
Norte,E3,16:00:00,1313,0.0,1801.36,29.66,
Norte,E3,16:00:00,1315,0.06,1801.36,29.62,
Norte,E3,16:00:00,1318,0.08,1801.32,29.59,
Norte,E3,16:00:00,1319,0.02,1801.32,29.24,
Norte,E3,16:00:00,1321,0.05,1801.43,21.46,
Norte,E3,16:00:00,1322,0.01,1801.43,22.23,
Norte,E3,16:00:00,1323,0.06,1801.43,22.02,
Norte,E3,16:00:00,1324,0.02,1801.43,20.58,
Norte,E3,16:00:00,1326,0.08,1801.43,20.24,
Norte,E3,16:00:00,1334,0.06,1801.42,22.14,
Norte,E3,16:00:00,1335,0.07,1801.4,22.69,
Norte,E3,16:00:00,1336,0.01,1801.4,21.82,
Norte,E3,16:00:00,1340,0.04,1801.42,29.08,
Norte,E3,16:00:00,5010,0.03,1801.4,25.95,
Norte,E3,16:00:00,5011,0.05,1801.3,26.09,
Norte,E3,16:00:00,5019,0.05,1801.32,32.14,
Norte,E3,16:00:00,5086,0.07,1801.33,32.62,
Norte,E3,16:00:00,5087,0.01,1801.33,32.67,
Norte,E3,16:00:00,5108,0.0,1801.3,26.02,
Norte,E3,16:00:00,5112,0.02,1801.45,21.66,
Norte,E3,16:00:00,5148,0.0,1801.33,32.35,
Norte,E3,16:00:00,5193,0.0,1801.32,31.47,
Norte,E3,16:00:00,5204,0.14,1801.27,25.55,
Norte,E3,16:00:00,5241,0.0,1801.4,19.77,
Norte,E3,16:00:00,5264,0.02,1801.33,32.63,
Norte,E3,16:00:00,5289,0.01,1801.32,29.84,
Norte,E3,16:00:00,5291,0.02,1801.36,29.88,
Norte,E3,16:00:00,5311,0.12,1801.32,32.57,
Norte,E3,16:00:00,5312,0.01,1801.32,32.71,
Norte,E3,16:00:00,5313,0.01,1801.32,32.51,
Norte,E3,16:00:00,5314,0.01,1801.3,25.95,
Norte,E3,16:00:00,5342,0.03,1801.4,25.85,
Norte,E3,16:00:00,5343,0.13,1801.47,20.99,
Norte,E3,16:00:00,5344,0.13,1801.47,25.93,
Norte,E3,16:00:00,5345,0.13,1801.47,26.09,
Norte,E3,16:00:00,5478,0.0,1801.45,21.67,
Norte,E3,16:00:00,5484,0.01,1801.4,19.24,
Norte,E3,16:00:00,5493,0.01,1801.35,30.87,
Norte,E3,16:00:00,5494,0.01,1801.35,30.94,
Norte,E3,16:00:00,5495,0.1,1801.32,32.85,
Norte,E3,16:00:00,5506,0.02,1801.39,22.91,
Norte,E3,16:00:00,5523,0.0,1801.32,29.31,
Norte,E3,16:00:00,5533,0.03,1801.42,20.88,
Norte,E3,16:00:00,5537,0.04,1801.32,29.57,
Norte,E3,16:00:00,5538,0.06,1801.32,29.89,
Norte,E3,16:00:00,5603,0.05,1801.34,31.12,
Norte,E3,16:00:00,5604,0.07,1801.33,30.68,
Norte,E3,16:00:00,5613,0.07,1801.34,32.53,
Norte,E3,16:00:00,5614,0.03,1801.35,32.62,
Norte,E3,16:00:00,5620,0.04,1801.32,32.47,
Norte,E3,16:00:00,5621,0.04,1801.32,32.41,
Norte,E3,16:00:00,5678,0.06,1801.32,30.0,
Norte,E3,16:00:00,5685,0.02,1801.34,25.8,
Norte,E3,16:00:00,5709,0.15,1801.48,21.01,
Norte,E3,16:00:00,5744,0.05,1801.35,32.27,
Norte,E3,16:00:00,5746,0.08,1801.41,24.56,
Norte,E3,16:00:00,5747,0.05,1801.38,26.05,
Norte,E3,16:00:00,5748,0.06,1801.53,21.27,
Norte,E3,16:00:00,5749,0.06,1801.6,21.45,
Norte,E3,16:00:00,5750,0.03,1801.66,21.33,
Norte,E3,16:00:00,5760,0.04,1801.71,21.07,
Norte,E3,16:00:00,5761,0.03,1801.67,21.44,
Norte,E3,16:00:00,5762,0.01,1801.77,20.53,
Norte,E3,16:00:00,5763,0.03,1801.75,20.75,
Norte,E3,16:00:00,10020,0.04,1801.33,33.39,
Norte,E3,16:00:00,10059,0.04,1801.32,29.83,
Norte,E3,16:00:00,10061,0.0,1801.42,20.71,
Norte,E3,16:00:00,10062,0.0,1801.44,20.62,
Norte,E3,16:00:00,10063,0.0,1801.48,20.89,
Norte,E3,16:00:00,10082,0.08,1801.4,20.66,
Norte,E3,17:00:00,346,0.04,1801.32,33.62,
Norte,E3,17:00:00,347,0.08,1801.32,33.8,
Norte,E3,17:00:00,348,0.12,1801.32,33.81,
Norte,E3,17:00:00,349,0.05,1801.32,32.49,
Norte,E3,17:00:00,350,0.03,1801.32,32.48,
Norte,E3,17:00:00,351,0.05,1801.32,34.07,
Norte,E3,17:00:00,352,0.12,1801.32,33.95,
Norte,E3,17:00:00,353,0.07,1801.32,33.86,
Norte,E3,17:00:00,354,0.12,1801.34,32.64,
Norte,E3,17:00:00,355,0.05,1801.35,32.57,
Norte,E3,17:00:00,356,0.09,1801.35,32.61,
Norte,E3,17:00:00,357,0.04,1801.35,32.83,
Norte,E3,17:00:00,358,0.02,1801.35,33.08,
Norte,E3,17:00:00,362,0.08,1801.33,32.63,
Norte,E3,17:00:00,363,0.04,1801.34,32.63,
Norte,E3,17:00:00,364,0.07,1801.34,32.63,
Norte,E3,17:00:00,368,0.04,1801.32,32.65,
Norte,E3,17:00:00,371,0.05,1801.32,32.63,
Norte,E3,17:00:00,400,0.06,1801.33,32.35,
Norte,E3,17:00:00,401,0.05,1801.33,32.37,
Norte,E3,17:00:00,404,0.02,1801.33,32.17,
Norte,E3,17:00:00,405,0.01,1801.33,32.12,
Norte,E3,17:00:00,1049,0.03,1801.32,29.92,
Norte,E3,17:00:00,1051,0.04,1801.32,29.81,
Norte,E3,17:00:00,1053,0.02,1801.32,29.81,
Norte,E3,17:00:00,1059,0.05,1801.32,29.58,
Norte,E3,17:00:00,1063,0.02,1801.32,29.31,
Norte,E3,17:00:00,1077,0.03,1801.32,29.77,
Norte,E3,17:00:00,1089,0.03,1801.32,29.93,
Norte,E3,17:00:00,1093,0.07,1801.32,29.48,
Norte,E3,17:00:00,1094,0.02,1801.32,29.24,
Norte,E3,17:00:00,1095,0.02,1801.32,29.73,
Norte,E3,17:00:00,1100,0.04,1801.32,30.34,
Norte,E3,17:00:00,1102,0.07,1801.32,30.29,
Norte,E3,17:00:00,1103,0.01,1801.32,31.27,
Norte,E3,17:00:00,1104,0.07,1801.32,30.32,
Norte,E3,17:00:00,1106,0.08,1801.32,30.26,
Norte,E3,17:00:00,1107,0.04,1801.32,30.52,
Norte,E3,17:00:00,1109,0.01,1801.32,30.51,
Norte,E3,17:00:00,1110,0.01,1801.32,30.15,
Norte,E3,17:00:00,1112,0.02,1801.32,30.17,
Norte,E3,17:00:00,1113,0.04,1801.32,29.91,
Norte,E3,17:00:00,1115,0.08,1801.32,29.9,
Norte,E3,17:00:00,1117,0.09,1801.32,29.95,
Norte,E3,17:00:00,1119,0.11,1801.32,30.54,
Norte,E3,17:00:00,1120,0.08,1801.32,30.11,
Norte,E3,17:00:00,1122,0.06,1801.32,31.41,
Norte,E3,17:00:00,1125,0.06,1801.32,31.35,
Norte,E3,17:00:00,1128,0.06,1801.32,31.6,
Norte,E3,17:00:00,1130,0.07,1801.32,31.42,
Norte,E3,17:00:00,1131,0.08,1801.32,31.57,
Norte,E3,17:00:00,1133,0.02,1801.32,32.6,
Norte,E3,17:00:00,1134,0.13,1801.35,32.68,
Norte,E3,17:00:00,1135,0.09,1801.32,32.78,
Norte,E3,17:00:00,1137,0.12,1801.35,32.62,
Norte,E3,17:00:00,1139,0.08,1801.35,32.6,
Norte,E3,17:00:00,1140,0.03,1801.35,32.65,
Norte,E3,17:00:00,1141,0.05,1801.32,31.58,
Norte,E3,17:00:00,1142,0.02,1801.34,31.54,
Norte,E3,17:00:00,1143,0.08,1801.34,32.39,
Norte,E3,17:00:00,1144,0.07,1801.32,32.55,
Norte,E3,17:00:00,1145,0.03,1801.34,32.48,
Norte,E3,17:00:00,1147,0.0,1801.33,32.63,
Norte,E3,17:00:00,1148,0.0,1801.33,32.64,
Norte,E3,17:00:00,1149,0.15,1801.37,31.26,
Norte,E3,17:00:00,1150,0.2,1801.33,31.05,
Norte,E3,17:00:00,1151,0.03,1801.42,27.19,
Norte,E3,17:00:00,1153,0.01,1801.38,28.78,
Norte,E3,17:00:00,1154,0.0,1801.38,29.23,
Norte,E3,17:00:00,1158,0.11,1801.38,29.44,
Norte,E3,17:00:00,1159,0.08,1801.37,31.81,
Norte,E3,17:00:00,1161,0.04,1801.37,30.88,
Norte,E3,17:00:00,1162,0.01,1801.35,32.29,
Norte,E3,17:00:00,1164,0.09,1801.35,32.37,
Norte,E3,17:00:00,1165,0.03,1801.35,32.48,
Norte,E3,17:00:00,1166,0.05,1801.36,32.04,
Norte,E3,17:00:00,1169,0.08,1801.35,32.65,
Norte,E3,17:00:00,1171,0.06,1801.34,32.66,
Norte,E3,17:00:00,1172,0.15,1801.34,33.71,
Norte,E3,17:00:00,1174,0.05,1801.34,33.51,
Norte,E3,17:00:00,1175,0.12,1801.35,32.01,
Norte,E3,17:00:00,1176,0.16,1801.35,33.5,
Norte,E3,17:00:00,1179,0.05,1801.35,33.01,
Norte,E3,17:00:00,1181,0.01,1801.34,33.5,
Norte,E3,17:00:00,1182,0.06,1801.35,32.74,
Norte,E3,17:00:00,1184,0.04,1801.39,24.95,
Norte,E3,17:00:00,1185,0.02,1801.38,26.65,
Norte,E3,17:00:00,1186,0.01,1801.38,25.97,
Norte,E3,17:00:00,1187,0.2,1801.36,25.65,
Norte,E3,17:00:00,1189,0.01,1801.3,25.21,
Norte,E3,17:00:00,1190,0.06,1801.3,26.17,
Norte,E3,17:00:00,1191,0.06,1801.34,29.22,
Norte,E3,17:00:00,1192,0.01,1801.34,27.32,
Norte,E3,17:00:00,1196,0.05,1801.27,27.05,
Norte,E3,17:00:00,1197,0.04,1801.27,27.52,
Norte,E3,17:00:00,1207,0.11,1801.27,25.48,
Norte,E3,17:00:00,1216,0.08,1801.27,19.24,
Norte,E3,17:00:00,1221,0.05,1801.4,19.84,
Norte,E3,17:00:00,1223,0.05,1801.4,19.62,
Norte,E3,17:00:00,1224,0.07,1801.4,23.22,
Norte,E3,17:00:00,1225,0.03,1801.37,24.67,
Norte,E3,17:00:00,1226,0.06,1801.39,23.44,
Norte,E3,17:00:00,1228,0.03,1801.39,22.77,
Norte,E3,17:00:00,1229,0.01,1801.39,22.47,
Norte,E3,17:00:00,1230,0.01,1801.39,22.42,
Norte,E3,17:00:00,1231,0.01,1801.39,22.5,
Norte,E3,17:00:00,1232,0.02,1801.39,21.96,
Norte,E3,17:00:00,1233,0.01,1801.39,21.93,
Norte,E3,17:00:00,1240,0.11,1801.41,21.24,
Norte,E3,17:00:00,1242,0.11,1801.39,22.39,
Norte,E3,17:00:00,1243,0.04,1801.39,23.16,
Norte,E3,17:00:00,1244,0.11,1801.37,24.7,
Norte,E3,17:00:00,1245,0.06,1801.37,25.78,
Norte,E3,17:00:00,1246,0.03,1801.36,25.96,
Norte,E3,17:00:00,1247,0.07,1801.36,25.72,
Norte,E3,17:00:00,1248,0.06,1801.36,25.43,
Norte,E3,17:00:00,1249,0.13,1801.39,23.81,
Norte,E3,17:00:00,1250,0.14,1801.4,22.71,
Norte,E3,17:00:00,1252,0.1,1801.42,21.33,
Norte,E3,17:00:00,1253,0.14,1801.39,23.78,
Norte,E3,17:00:00,1254,0.13,1801.41,22.11,
Norte,E3,17:00:00,1255,0.07,1801.44,21.87,
Norte,E3,17:00:00,1257,0.08,1801.44,21.25,
Norte,E3,17:00:00,1265,0.03,1801.48,20.89,
Norte,E3,17:00:00,1268,0.06,1801.48,20.98,
Norte,E3,17:00:00,1272,0.03,1801.45,21.62,
Norte,E3,17:00:00,1274,0.06,1801.46,21.66,
Norte,E3,17:00:00,1276,0.12,1801.43,22.62,
Norte,E3,17:00:00,1279,0.05,1801.42,23.91,
Norte,E3,17:00:00,1281,0.06,1801.42,24.28,
Norte,E3,17:00:00,1282,0.02,1801.42,25.75,
Norte,E3,17:00:00,1284,0.03,1801.33,31.09,
Norte,E3,17:00:00,1286,0.08,1801.42,22.83,
Norte,E3,17:00:00,1288,0.01,1801.42,24.86,
Norte,E3,17:00:00,1289,0.02,1801.42,23.19,
Norte,E3,17:00:00,1290,0.09,1801.42,23.27,
Norte,E3,17:00:00,1291,0.01,1801.42,21.03,
Norte,E3,17:00:00,1292,0.06,1801.42,21.26,
Norte,E3,17:00:00,1293,0.08,1801.43,21.92,
Norte,E3,17:00:00,1294,0.02,1801.43,21.77,
Norte,E3,17:00:00,1295,0.12,1801.44,20.95,
Norte,E3,17:00:00,1297,0.09,1801.44,20.56,
Norte,E3,17:00:00,1302,0.09,1801.43,20.03,
Norte,E3,17:00:00,1304,0.05,1801.43,20.03,
Norte,E3,17:00:00,1305,0.0,1801.43,20.04,
Norte,E3,17:00:00,1306,0.06,1801.43,20.04,
Norte,E3,17:00:00,1308,0.08,1801.43,20.57,
Norte,E3,17:00:00,1309,0.04,1801.43,28.46,
Norte,E3,17:00:00,1310,0.02,1801.43,24.61,
Norte,E3,17:00:00,1312,0.1,1801.36,29.44,
Norte,E3,17:00:00,1313,0.0,1801.36,29.66,
Norte,E3,17:00:00,1315,0.06,1801.36,29.62,
Norte,E3,17:00:00,1318,0.08,1801.32,29.59,
Norte,E3,17:00:00,1319,0.02,1801.32,29.24,
Norte,E3,17:00:00,1321,0.05,1801.43,21.46,
Norte,E3,17:00:00,1322,0.01,1801.43,22.23,
Norte,E3,17:00:00,1323,0.06,1801.43,22.02,
Norte,E3,17:00:00,1324,0.02,1801.43,20.58,
Norte,E3,17:00:00,1326,0.08,1801.43,20.24,
Norte,E3,17:00:00,1334,0.06,1801.42,22.14,
Norte,E3,17:00:00,1335,0.07,1801.4,22.69,
Norte,E3,17:00:00,1336,0.01,1801.4,21.82,
Norte,E3,17:00:00,1340,0.04,1801.42,29.08,
Norte,E3,17:00:00,5010,0.03,1801.4,25.95,
Norte,E3,17:00:00,5011,0.05,1801.3,26.09,
Norte,E3,17:00:00,5019,0.05,1801.32,32.14,
Norte,E3,17:00:00,5086,0.07,1801.33,32.62,
Norte,E3,17:00:00,5087,0.01,1801.33,32.67,
Norte,E3,17:00:00,5108,0.0,1801.3,26.02,
Norte,E3,17:00:00,5112,0.02,1801.45,21.66,
Norte,E3,17:00:00,5148,0.0,1801.33,32.35,
Norte,E3,17:00:00,5193,0.0,1801.32,31.47,
Norte,E3,17:00:00,5204,0.14,1801.27,25.55,
Norte,E3,17:00:00,5241,0.0,1801.4,19.77,
Norte,E3,17:00:00,5264,0.02,1801.33,32.63,
Norte,E3,17:00:00,5289,0.01,1801.32,29.84,
Norte,E3,17:00:00,5291,0.02,1801.36,29.88,
Norte,E3,17:00:00,5311,0.12,1801.32,32.57,
Norte,E3,17:00:00,5312,0.01,1801.32,32.71,
Norte,E3,17:00:00,5313,0.01,1801.32,32.51,
Norte,E3,17:00:00,5314,0.01,1801.3,25.95,
Norte,E3,17:00:00,5342,0.03,1801.4,25.85,
Norte,E3,17:00:00,5343,0.13,1801.47,20.99,
Norte,E3,17:00:00,5344,0.13,1801.47,25.93,
Norte,E3,17:00:00,5345,0.13,1801.47,26.09,
Norte,E3,17:00:00,5478,0.0,1801.45,21.67,
Norte,E3,17:00:00,5484,0.01,1801.4,19.24,
Norte,E3,17:00:00,5493,0.01,1801.35,30.87,
Norte,E3,17:00:00,5494,0.01,1801.35,30.94,
Norte,E3,17:00:00,5495,0.1,1801.32,32.85,
Norte,E3,17:00:00,5506,0.02,1801.39,22.91,
Norte,E3,17:00:00,5523,0.0,1801.32,29.31,
Norte,E3,17:00:00,5533,0.03,1801.42,20.88,
Norte,E3,17:00:00,5537,0.04,1801.32,29.57,
Norte,E3,17:00:00,5538,0.06,1801.32,29.89,
Norte,E3,17:00:00,5603,0.05,1801.34,31.12,
Norte,E3,17:00:00,5604,0.07,1801.33,30.68,
Norte,E3,17:00:00,5613,0.07,1801.34,32.53,
Norte,E3,17:00:00,5614,0.03,1801.35,32.62,
Norte,E3,17:00:00,5620,0.04,1801.32,32.47,
Norte,E3,17:00:00,5621,0.04,1801.32,32.41,
Norte,E3,17:00:00,5678,0.06,1801.32,30.0,
Norte,E3,17:00:00,5685,0.02,1801.34,25.8,
Norte,E3,17:00:00,5709,0.15,1801.48,21.01,
Norte,E3,17:00:00,5744,0.05,1801.35,32.27,
Norte,E3,17:00:00,5746,0.08,1801.41,24.56,
Norte,E3,17:00:00,5747,0.05,1801.38,26.05,
Norte,E3,17:00:00,5748,0.06,1801.53,21.27,
Norte,E3,17:00:00,5749,0.06,1801.6,21.45,
Norte,E3,17:00:00,5750,0.03,1801.66,21.33,
Norte,E3,17:00:00,5760,0.04,1801.71,21.07,
Norte,E3,17:00:00,5761,0.03,1801.67,21.44,
Norte,E3,17:00:00,5762,0.01,1801.77,20.53,
Norte,E3,17:00:00,5763,0.03,1801.75,20.75,
Norte,E3,17:00:00,10020,0.04,1801.33,33.39,
Norte,E3,17:00:00,10059,0.04,1801.32,29.83,
Norte,E3,17:00:00,10061,0.0,1801.42,20.71,
Norte,E3,17:00:00,10062,0.0,1801.44,20.62,
Norte,E3,17:00:00,10063,0.0,1801.48,20.89,
Norte,E3,17:00:00,10082,0.08,1801.4,20.66,
Norte,E3,18:00:00,346,0.04,1801.37,33.67,
Norte,E3,18:00:00,347,0.07,1801.37,33.85,
Norte,E3,18:00:00,348,0.11,1801.37,33.86,
Norte,E3,18:00:00,349,0.05,1801.37,32.54,
Norte,E3,18:00:00,350,0.02,1801.37,32.53,
Norte,E3,18:00:00,351,0.05,1801.37,34.12,
Norte,E3,18:00:00,352,0.12,1801.37,34.0,
Norte,E3,18:00:00,353,0.07,1801.37,33.91,
Norte,E3,18:00:00,354,0.11,1801.4,32.7,
Norte,E3,18:00:00,355,0.04,1801.4,32.62,
Norte,E3,18:00:00,356,0.08,1801.4,32.66,
Norte,E3,18:00:00,357,0.03,1801.4,32.88,
Norte,E3,18:00:00,358,0.02,1801.4,33.13,
Norte,E3,18:00:00,362,0.08,1801.39,32.69,
Norte,E3,18:00:00,363,0.04,1801.39,32.68,
Norte,E3,18:00:00,364,0.07,1801.39,32.68,
Norte,E3,18:00:00,368,0.03,1801.38,32.71,
Norte,E3,18:00:00,371,0.05,1801.38,32.69,
Norte,E3,18:00:00,400,0.06,1801.38,32.4,
Norte,E3,18:00:00,401,0.05,1801.38,32.42,
Norte,E3,18:00:00,404,0.02,1801.38,32.22,
Norte,E3,18:00:00,405,0.01,1801.38,32.17,
Norte,E3,18:00:00,1049,0.03,1801.37,29.97,
Norte,E3,18:00:00,1051,0.03,1801.37,29.86,
Norte,E3,18:00:00,1053,0.02,1801.37,29.86,
Norte,E3,18:00:00,1059,0.05,1801.37,29.63,
Norte,E3,18:00:00,1063,0.02,1801.37,29.36,
Norte,E3,18:00:00,1077,0.02,1801.38,29.83,
Norte,E3,18:00:00,1089,0.03,1801.37,29.98,
Norte,E3,18:00:00,1093,0.07,1801.37,29.53,
Norte,E3,18:00:00,1094,0.02,1801.37,29.29,
Norte,E3,18:00:00,1095,0.02,1801.37,29.78,
Norte,E3,18:00:00,1100,0.04,1801.38,30.4,
Norte,E3,18:00:00,1102,0.07,1801.38,30.35,
Norte,E3,18:00:00,1103,0.01,1801.38,31.33,
Norte,E3,18:00:00,1104,0.07,1801.37,30.37,
Norte,E3,18:00:00,1106,0.08,1801.37,30.31,
Norte,E3,18:00:00,1107,0.04,1801.38,30.58,
Norte,E3,18:00:00,1109,0.01,1801.38,30.57,
Norte,E3,18:00:00,1110,0.01,1801.38,30.21,
Norte,E3,18:00:00,1112,0.02,1801.38,30.23,
Norte,E3,18:00:00,1113,0.04,1801.38,29.97,
Norte,E3,18:00:00,1115,0.08,1801.38,29.96,
Norte,E3,18:00:00,1117,0.08,1801.38,30.01,
Norte,E3,18:00:00,1119,0.1,1801.38,30.6,
Norte,E3,18:00:00,1120,0.07,1801.38,30.17,
Norte,E3,18:00:00,1122,0.05,1801.38,31.47,
Norte,E3,18:00:00,1125,0.06,1801.38,31.41,
Norte,E3,18:00:00,1128,0.06,1801.38,31.66,
Norte,E3,18:00:00,1130,0.07,1801.38,31.48,
Norte,E3,18:00:00,1131,0.07,1801.38,31.63,
Norte,E3,18:00:00,1133,0.02,1801.38,32.66,
Norte,E3,18:00:00,1134,0.12,1801.4,32.73,
Norte,E3,18:00:00,1135,0.09,1801.38,32.84,
Norte,E3,18:00:00,1137,0.11,1801.4,32.67,
Norte,E3,18:00:00,1139,0.07,1801.4,32.65,
Norte,E3,18:00:00,1140,0.03,1801.4,32.7,
Norte,E3,18:00:00,1141,0.05,1801.37,31.63,
Norte,E3,18:00:00,1142,0.02,1801.39,31.59,
Norte,E3,18:00:00,1143,0.07,1801.39,32.44,
Norte,E3,18:00:00,1144,0.07,1801.38,32.61,
Norte,E3,18:00:00,1145,0.03,1801.39,32.53,
Norte,E3,18:00:00,1147,0.0,1801.38,32.68,
Norte,E3,18:00:00,1148,0.0,1801.39,32.7,
Norte,E3,18:00:00,1149,0.14,1801.42,31.31,
Norte,E3,18:00:00,1150,0.19,1801.39,31.11,
Norte,E3,18:00:00,1151,0.03,1801.46,27.23,
Norte,E3,18:00:00,1153,0.01,1801.43,28.83,
Norte,E3,18:00:00,1154,0.0,1801.43,29.28,
Norte,E3,18:00:00,1158,0.1,1801.43,29.49,
Norte,E3,18:00:00,1159,0.07,1801.42,31.86,
Norte,E3,18:00:00,1161,0.03,1801.42,30.93,
Norte,E3,18:00:00,1162,0.01,1801.41,32.35,
Norte,E3,18:00:00,1164,0.09,1801.4,32.42,
Norte,E3,18:00:00,1165,0.03,1801.41,32.54,
Norte,E3,18:00:00,1166,0.05,1801.41,32.09,
Norte,E3,18:00:00,1169,0.08,1801.4,32.7,
Norte,E3,18:00:00,1171,0.06,1801.39,32.71,
Norte,E3,18:00:00,1172,0.14,1801.39,33.76,
Norte,E3,18:00:00,1174,0.05,1801.39,33.56,
Norte,E3,18:00:00,1175,0.11,1801.4,32.06,
Norte,E3,18:00:00,1176,0.15,1801.4,33.55,
Norte,E3,18:00:00,1179,0.05,1801.4,33.06,
Norte,E3,18:00:00,1181,0.01,1801.39,33.55,
Norte,E3,18:00:00,1182,0.05,1801.4,32.79,
Norte,E3,18:00:00,1184,0.03,1801.43,24.99,
Norte,E3,18:00:00,1185,0.02,1801.43,26.7,
Norte,E3,18:00:00,1186,0.01,1801.43,26.02,
Norte,E3,18:00:00,1187,0.19,1801.41,25.7,
Norte,E3,18:00:00,1189,0.01,1801.36,25.27,
Norte,E3,18:00:00,1190,0.06,1801.36,26.23,
Norte,E3,18:00:00,1191,0.06,1801.4,29.28,
Norte,E3,18:00:00,1192,0.01,1801.4,27.38,
Norte,E3,18:00:00,1196,0.05,1801.33,27.11,
Norte,E3,18:00:00,1197,0.04,1801.33,27.58,
Norte,E3,18:00:00,1207,0.1,1801.33,25.54,
Norte,E3,18:00:00,1216,0.08,1801.33,19.3,
Norte,E3,18:00:00,1221,0.04,1801.44,19.88,
Norte,E3,18:00:00,1223,0.04,1801.44,19.66,
Norte,E3,18:00:00,1224,0.06,1801.44,23.26,
Norte,E3,18:00:00,1225,0.03,1801.42,24.72,
Norte,E3,18:00:00,1226,0.06,1801.44,23.49,
Norte,E3,18:00:00,1228,0.03,1801.44,22.82,
Norte,E3,18:00:00,1229,0.01,1801.44,22.52,
Norte,E3,18:00:00,1230,0.01,1801.44,22.47,
Norte,E3,18:00:00,1231,0.01,1801.44,22.55,
Norte,E3,18:00:00,1232,0.02,1801.44,22.01,
Norte,E3,18:00:00,1233,0.01,1801.44,21.98,
Norte,E3,18:00:00,1240,0.1,1801.45,21.28,
Norte,E3,18:00:00,1242,0.1,1801.44,22.44,
Norte,E3,18:00:00,1243,0.04,1801.44,23.21,
Norte,E3,18:00:00,1244,0.1,1801.42,24.75,
Norte,E3,18:00:00,1245,0.05,1801.42,25.83,
Norte,E3,18:00:00,1246,0.03,1801.41,26.01,
Norte,E3,18:00:00,1247,0.06,1801.41,25.77,
Norte,E3,18:00:00,1248,0.06,1801.41,25.48,
Norte,E3,18:00:00,1249,0.12,1801.43,23.85,
Norte,E3,18:00:00,1250,0.13,1801.45,22.76,
Norte,E3,18:00:00,1252,0.1,1801.46,21.37,
Norte,E3,18:00:00,1253,0.13,1801.43,23.82,
Norte,E3,18:00:00,1254,0.12,1801.46,22.16,
Norte,E3,18:00:00,1255,0.07,1801.48,21.91,
Norte,E3,18:00:00,1257,0.07,1801.48,21.29,
Norte,E3,18:00:00,1265,0.03,1801.52,20.93,
Norte,E3,18:00:00,1268,0.06,1801.51,21.01,
Norte,E3,18:00:00,1272,0.03,1801.49,21.66,
Norte,E3,18:00:00,1274,0.05,1801.49,21.69,
Norte,E3,18:00:00,1276,0.11,1801.47,22.66,
Norte,E3,18:00:00,1279,0.05,1801.46,23.95,
Norte,E3,18:00:00,1281,0.06,1801.46,24.32,
Norte,E3,18:00:00,1282,0.02,1801.46,25.79,
Norte,E3,18:00:00,1284,0.03,1801.39,31.15,
Norte,E3,18:00:00,1286,0.07,1801.47,22.88,
Norte,E3,18:00:00,1288,0.01,1801.47,24.91,
Norte,E3,18:00:00,1289,0.02,1801.47,23.24,
Norte,E3,18:00:00,1290,0.09,1801.47,23.32,
Norte,E3,18:00:00,1291,0.01,1801.47,21.08,
Norte,E3,18:00:00,1292,0.06,1801.47,21.31,
Norte,E3,18:00:00,1293,0.07,1801.47,21.96,
Norte,E3,18:00:00,1294,0.02,1801.47,21.81,
Norte,E3,18:00:00,1295,0.12,1801.48,20.99,
Norte,E3,18:00:00,1297,0.08,1801.49,20.61,
Norte,E3,18:00:00,1302,0.08,1801.48,20.08,
Norte,E3,18:00:00,1304,0.05,1801.48,20.08,
Norte,E3,18:00:00,1305,0.0,1801.48,20.09,
Norte,E3,18:00:00,1306,0.06,1801.48,20.09,
Norte,E3,18:00:00,1308,0.07,1801.47,20.61,
Norte,E3,18:00:00,1309,0.04,1801.47,28.5,
Norte,E3,18:00:00,1310,0.02,1801.47,24.65,
Norte,E3,18:00:00,1312,0.09,1801.41,29.49,
Norte,E3,18:00:00,1313,0.0,1801.41,29.71,
Norte,E3,18:00:00,1315,0.06,1801.41,29.67,
Norte,E3,18:00:00,1318,0.07,1801.37,29.64,
Norte,E3,18:00:00,1319,0.01,1801.37,29.29,
Norte,E3,18:00:00,1321,0.04,1801.47,21.5,
Norte,E3,18:00:00,1322,0.0,1801.47,22.27,
Norte,E3,18:00:00,1323,0.05,1801.47,22.06,
Norte,E3,18:00:00,1324,0.02,1801.48,20.63,
Norte,E3,18:00:00,1326,0.08,1801.47,20.28,
Norte,E3,18:00:00,1334,0.06,1801.46,22.18,
Norte,E3,18:00:00,1335,0.06,1801.45,22.74,
Norte,E3,18:00:00,1336,0.01,1801.45,21.87,
Norte,E3,18:00:00,1340,0.04,1801.46,29.12,
Norte,E3,18:00:00,5010,0.03,1801.44,25.99,
Norte,E3,18:00:00,5011,0.05,1801.36,26.15,
Norte,E3,18:00:00,5019,0.05,1801.37,32.19,
Norte,E3,18:00:00,5086,0.06,1801.38,32.67,
Norte,E3,18:00:00,5087,0.01,1801.39,32.73,
Norte,E3,18:00:00,5108,0.0,1801.36,26.08,
Norte,E3,18:00:00,5112,0.02,1801.49,21.7,
Norte,E3,18:00:00,5148,0.0,1801.38,32.4,
Norte,E3,18:00:00,5193,0.0,1801.38,31.53,
Norte,E3,18:00:00,5204,0.13,1801.33,25.61,
Norte,E3,18:00:00,5241,0.0,1801.44,19.81,
Norte,E3,18:00:00,5264,0.02,1801.39,32.69,
Norte,E3,18:00:00,5289,0.01,1801.37,29.89,
Norte,E3,18:00:00,5291,0.02,1801.41,29.93,
Norte,E3,18:00:00,5311,0.11,1801.38,32.63,
Norte,E3,18:00:00,5312,0.0,1801.38,32.77,
Norte,E3,18:00:00,5313,0.01,1801.38,32.57,
Norte,E3,18:00:00,5314,0.01,1801.36,26.01,
Norte,E3,18:00:00,5342,0.03,1801.45,25.9,
Norte,E3,18:00:00,5343,0.12,1801.51,21.03,
Norte,E3,18:00:00,5344,0.12,1801.5,25.96,
Norte,E3,18:00:00,5345,0.12,1801.5,26.12,
Norte,E3,18:00:00,5478,0.0,1801.49,21.71,
Norte,E3,18:00:00,5484,0.01,1801.44,19.28,
Norte,E3,18:00:00,5493,0.01,1801.4,30.92,
Norte,E3,18:00:00,5494,0.01,1801.4,30.99,
Norte,E3,18:00:00,5495,0.09,1801.38,32.91,
Norte,E3,18:00:00,5506,0.01,1801.44,22.96,
Norte,E3,18:00:00,5523,0.0,1801.38,29.37,
Norte,E3,18:00:00,5533,0.03,1801.47,20.93,
Norte,E3,18:00:00,5537,0.03,1801.38,29.63,
Norte,E3,18:00:00,5538,0.06,1801.38,29.95,
Norte,E3,18:00:00,5603,0.04,1801.39,31.17,
Norte,E3,18:00:00,5604,0.06,1801.38,30.73,
Norte,E3,18:00:00,5613,0.06,1801.39,32.58,
Norte,E3,18:00:00,5614,0.02,1801.4,32.67,
Norte,E3,18:00:00,5620,0.04,1801.37,32.52,
Norte,E3,18:00:00,5621,0.03,1801.37,32.46,
Norte,E3,18:00:00,5678,0.05,1801.38,30.05,
Norte,E3,18:00:00,5685,0.02,1801.4,25.86,
Norte,E3,18:00:00,5709,0.14,1801.51,21.04,
Norte,E3,18:00:00,5744,0.05,1801.4,32.32,
Norte,E3,18:00:00,5746,0.07,1801.45,24.6,
Norte,E3,18:00:00,5747,0.04,1801.43,26.1,
Norte,E3,18:00:00,5748,0.05,1801.56,21.3,
Norte,E3,18:00:00,5749,0.05,1801.62,21.47,
Norte,E3,18:00:00,5750,0.03,1801.67,21.34,
Norte,E3,18:00:00,5760,0.04,1801.72,21.08,
Norte,E3,18:00:00,5761,0.03,1801.68,21.45,
Norte,E3,18:00:00,5762,0.01,1801.77,20.53,
Norte,E3,18:00:00,5763,0.03,1801.76,20.76,
Norte,E3,18:00:00,10020,0.04,1801.39,33.45,
Norte,E3,18:00:00,10059,0.04,1801.37,29.88,
Norte,E3,18:00:00,10061,0.0,1801.47,20.76,
Norte,E3,18:00:00,10062,0.0,1801.49,20.67,
Norte,E3,18:00:00,10063,0.0,1801.52,20.93,
Norte,E3,18:00:00,10082,0.08,1801.45,20.71,
Norte,E3,19:00:00,346,0.04,1801.37,33.67,
Norte,E3,19:00:00,347,0.07,1801.37,33.85,
Norte,E3,19:00:00,348,0.11,1801.37,33.86,
Norte,E3,19:00:00,349,0.05,1801.37,32.54,
Norte,E3,19:00:00,350,0.02,1801.37,32.53,
Norte,E3,19:00:00,351,0.05,1801.37,34.12,
Norte,E3,19:00:00,352,0.12,1801.37,34.0,
Norte,E3,19:00:00,353,0.07,1801.37,33.91,
Norte,E3,19:00:00,354,0.11,1801.4,32.7,
Norte,E3,19:00:00,355,0.04,1801.4,32.62,
Norte,E3,19:00:00,356,0.08,1801.4,32.66,
Norte,E3,19:00:00,357,0.03,1801.4,32.88,
Norte,E3,19:00:00,358,0.02,1801.4,33.13,
Norte,E3,19:00:00,362,0.08,1801.39,32.69,
Norte,E3,19:00:00,363,0.04,1801.39,32.68,
Norte,E3,19:00:00,364,0.07,1801.39,32.68,
Norte,E3,19:00:00,368,0.03,1801.38,32.71,
Norte,E3,19:00:00,371,0.05,1801.38,32.69,
Norte,E3,19:00:00,400,0.06,1801.38,32.4,
Norte,E3,19:00:00,401,0.05,1801.38,32.42,
Norte,E3,19:00:00,404,0.02,1801.38,32.22,
Norte,E3,19:00:00,405,0.01,1801.38,32.17,
Norte,E3,19:00:00,1049,0.03,1801.37,29.97,
Norte,E3,19:00:00,1051,0.03,1801.37,29.86,
Norte,E3,19:00:00,1053,0.02,1801.37,29.86,
Norte,E3,19:00:00,1059,0.05,1801.37,29.63,
Norte,E3,19:00:00,1063,0.02,1801.37,29.36,
Norte,E3,19:00:00,1077,0.02,1801.38,29.83,
Norte,E3,19:00:00,1089,0.03,1801.37,29.98,
Norte,E3,19:00:00,1093,0.07,1801.37,29.53,
Norte,E3,19:00:00,1094,0.02,1801.37,29.29,
Norte,E3,19:00:00,1095,0.02,1801.37,29.78,
Norte,E3,19:00:00,1100,0.04,1801.38,30.4,
Norte,E3,19:00:00,1102,0.07,1801.38,30.35,
Norte,E3,19:00:00,1103,0.01,1801.38,31.33,
Norte,E3,19:00:00,1104,0.07,1801.37,30.37,
Norte,E3,19:00:00,1106,0.08,1801.37,30.31,
Norte,E3,19:00:00,1107,0.04,1801.38,30.58,
Norte,E3,19:00:00,1109,0.01,1801.38,30.57,
Norte,E3,19:00:00,1110,0.01,1801.38,30.21,
Norte,E3,19:00:00,1112,0.02,1801.38,30.23,
Norte,E3,19:00:00,1113,0.04,1801.38,29.97,
Norte,E3,19:00:00,1115,0.08,1801.38,29.96,
Norte,E3,19:00:00,1117,0.08,1801.38,30.01,
Norte,E3,19:00:00,1119,0.1,1801.38,30.6,
Norte,E3,19:00:00,1120,0.07,1801.38,30.17,
Norte,E3,19:00:00,1122,0.05,1801.38,31.47,
Norte,E3,19:00:00,1125,0.06,1801.38,31.41,
Norte,E3,19:00:00,1128,0.06,1801.38,31.66,
Norte,E3,19:00:00,1130,0.07,1801.38,31.48,
Norte,E3,19:00:00,1131,0.07,1801.38,31.63,
Norte,E3,19:00:00,1133,0.02,1801.38,32.66,
Norte,E3,19:00:00,1134,0.12,1801.4,32.73,
Norte,E3,19:00:00,1135,0.09,1801.38,32.84,
Norte,E3,19:00:00,1137,0.11,1801.4,32.67,
Norte,E3,19:00:00,1139,0.07,1801.4,32.65,
Norte,E3,19:00:00,1140,0.03,1801.4,32.7,
Norte,E3,19:00:00,1141,0.05,1801.37,31.63,
Norte,E3,19:00:00,1142,0.02,1801.39,31.59,
Norte,E3,19:00:00,1143,0.07,1801.39,32.44,
Norte,E3,19:00:00,1144,0.07,1801.38,32.61,
Norte,E3,19:00:00,1145,0.03,1801.39,32.53,
Norte,E3,19:00:00,1147,0.0,1801.38,32.68,
Norte,E3,19:00:00,1148,0.0,1801.39,32.7,
Norte,E3,19:00:00,1149,0.14,1801.42,31.31,
Norte,E3,19:00:00,1150,0.19,1801.39,31.11,
Norte,E3,19:00:00,1151,0.03,1801.46,27.23,
Norte,E3,19:00:00,1153,0.01,1801.43,28.83,
Norte,E3,19:00:00,1154,0.0,1801.43,29.28,
Norte,E3,19:00:00,1158,0.1,1801.43,29.49,
Norte,E3,19:00:00,1159,0.07,1801.42,31.86,
Norte,E3,19:00:00,1161,0.03,1801.42,30.93,
Norte,E3,19:00:00,1162,0.01,1801.41,32.35,
Norte,E3,19:00:00,1164,0.09,1801.4,32.42,
Norte,E3,19:00:00,1165,0.03,1801.41,32.54,
Norte,E3,19:00:00,1166,0.05,1801.41,32.09,
Norte,E3,19:00:00,1169,0.08,1801.4,32.7,
Norte,E3,19:00:00,1171,0.06,1801.39,32.71,
Norte,E3,19:00:00,1172,0.14,1801.39,33.76,
Norte,E3,19:00:00,1174,0.05,1801.39,33.56,
Norte,E3,19:00:00,1175,0.11,1801.4,32.06,
Norte,E3,19:00:00,1176,0.15,1801.4,33.55,
Norte,E3,19:00:00,1179,0.05,1801.4,33.06,
Norte,E3,19:00:00,1181,0.01,1801.39,33.55,
Norte,E3,19:00:00,1182,0.05,1801.4,32.79,
Norte,E3,19:00:00,1184,0.03,1801.43,24.99,
Norte,E3,19:00:00,1185,0.02,1801.43,26.7,
Norte,E3,19:00:00,1186,0.01,1801.43,26.02,
Norte,E3,19:00:00,1187,0.19,1801.41,25.7,
Norte,E3,19:00:00,1189,0.01,1801.36,25.27,
Norte,E3,19:00:00,1190,0.06,1801.36,26.23,
Norte,E3,19:00:00,1191,0.06,1801.4,29.28,
Norte,E3,19:00:00,1192,0.01,1801.4,27.38,
Norte,E3,19:00:00,1196,0.05,1801.33,27.11,
Norte,E3,19:00:00,1197,0.04,1801.33,27.58,
Norte,E3,19:00:00,1207,0.1,1801.33,25.54,
Norte,E3,19:00:00,1216,0.08,1801.33,19.3,
Norte,E3,19:00:00,1221,0.04,1801.44,19.88,
Norte,E3,19:00:00,1223,0.04,1801.44,19.66,
Norte,E3,19:00:00,1224,0.06,1801.44,23.26,
Norte,E3,19:00:00,1225,0.03,1801.42,24.72,
Norte,E3,19:00:00,1226,0.06,1801.44,23.49,
Norte,E3,19:00:00,1228,0.03,1801.44,22.82,
Norte,E3,19:00:00,1229,0.01,1801.44,22.52,
Norte,E3,19:00:00,1230,0.01,1801.44,22.47,
Norte,E3,19:00:00,1231,0.01,1801.44,22.55,
Norte,E3,19:00:00,1232,0.02,1801.44,22.01,
Norte,E3,19:00:00,1233,0.01,1801.44,21.98,
Norte,E3,19:00:00,1240,0.1,1801.45,21.28,
Norte,E3,19:00:00,1242,0.1,1801.44,22.44,
Norte,E3,19:00:00,1243,0.04,1801.44,23.21,
Norte,E3,19:00:00,1244,0.1,1801.42,24.75,
Norte,E3,19:00:00,1245,0.05,1801.42,25.83,
Norte,E3,19:00:00,1246,0.03,1801.41,26.01,
Norte,E3,19:00:00,1247,0.06,1801.41,25.77,
Norte,E3,19:00:00,1248,0.06,1801.41,25.48,
Norte,E3,19:00:00,1249,0.12,1801.43,23.85,
Norte,E3,19:00:00,1250,0.13,1801.45,22.76,
Norte,E3,19:00:00,1252,0.1,1801.46,21.37,
Norte,E3,19:00:00,1253,0.13,1801.43,23.82,
Norte,E3,19:00:00,1254,0.12,1801.46,22.16,
Norte,E3,19:00:00,1255,0.07,1801.48,21.91,
Norte,E3,19:00:00,1257,0.07,1801.48,21.29,
Norte,E3,19:00:00,1265,0.03,1801.52,20.93,
Norte,E3,19:00:00,1268,0.06,1801.51,21.01,
Norte,E3,19:00:00,1272,0.03,1801.49,21.66,
Norte,E3,19:00:00,1274,0.05,1801.49,21.69,
Norte,E3,19:00:00,1276,0.11,1801.47,22.66,
Norte,E3,19:00:00,1279,0.05,1801.46,23.95,
Norte,E3,19:00:00,1281,0.06,1801.46,24.32,
Norte,E3,19:00:00,1282,0.02,1801.46,25.79,
Norte,E3,19:00:00,1284,0.03,1801.39,31.15,
Norte,E3,19:00:00,1286,0.07,1801.47,22.88,
Norte,E3,19:00:00,1288,0.01,1801.47,24.91,
Norte,E3,19:00:00,1289,0.02,1801.47,23.24,
Norte,E3,19:00:00,1290,0.09,1801.47,23.32,
Norte,E3,19:00:00,1291,0.01,1801.47,21.08,
Norte,E3,19:00:00,1292,0.06,1801.47,21.31,
Norte,E3,19:00:00,1293,0.07,1801.47,21.96,
Norte,E3,19:00:00,1294,0.02,1801.47,21.81,
Norte,E3,19:00:00,1295,0.12,1801.48,20.99,
Norte,E3,19:00:00,1297,0.08,1801.49,20.61,
Norte,E3,19:00:00,1302,0.08,1801.48,20.08,
Norte,E3,19:00:00,1304,0.05,1801.48,20.08,
Norte,E3,19:00:00,1305,0.0,1801.48,20.09,
Norte,E3,19:00:00,1306,0.06,1801.48,20.09,
Norte,E3,19:00:00,1308,0.07,1801.47,20.61,
Norte,E3,19:00:00,1309,0.04,1801.47,28.5,
Norte,E3,19:00:00,1310,0.02,1801.47,24.65,
Norte,E3,19:00:00,1312,0.09,1801.41,29.49,
Norte,E3,19:00:00,1313,0.0,1801.41,29.71,
Norte,E3,19:00:00,1315,0.06,1801.41,29.67,
Norte,E3,19:00:00,1318,0.07,1801.37,29.64,
Norte,E3,19:00:00,1319,0.01,1801.37,29.29,
Norte,E3,19:00:00,1321,0.04,1801.47,21.5,
Norte,E3,19:00:00,1322,0.0,1801.47,22.27,
Norte,E3,19:00:00,1323,0.05,1801.47,22.06,
Norte,E3,19:00:00,1324,0.02,1801.48,20.63,
Norte,E3,19:00:00,1326,0.08,1801.47,20.28,
Norte,E3,19:00:00,1334,0.06,1801.46,22.18,
Norte,E3,19:00:00,1335,0.06,1801.45,22.74,
Norte,E3,19:00:00,1336,0.01,1801.45,21.87,
Norte,E3,19:00:00,1340,0.04,1801.46,29.12,
Norte,E3,19:00:00,5010,0.03,1801.44,25.99,
Norte,E3,19:00:00,5011,0.05,1801.36,26.15,
Norte,E3,19:00:00,5019,0.05,1801.37,32.19,
Norte,E3,19:00:00,5086,0.06,1801.38,32.67,
Norte,E3,19:00:00,5087,0.01,1801.39,32.73,
Norte,E3,19:00:00,5108,0.0,1801.36,26.08,
Norte,E3,19:00:00,5112,0.02,1801.49,21.7,
Norte,E3,19:00:00,5148,0.0,1801.38,32.4,
Norte,E3,19:00:00,5193,0.0,1801.38,31.53,
Norte,E3,19:00:00,5204,0.13,1801.33,25.61,
Norte,E3,19:00:00,5241,0.0,1801.44,19.81,
Norte,E3,19:00:00,5264,0.02,1801.39,32.69,
Norte,E3,19:00:00,5289,0.01,1801.37,29.89,
Norte,E3,19:00:00,5291,0.02,1801.41,29.93,
Norte,E3,19:00:00,5311,0.11,1801.38,32.63,
Norte,E3,19:00:00,5312,0.0,1801.38,32.77,
Norte,E3,19:00:00,5313,0.01,1801.38,32.57,
Norte,E3,19:00:00,5314,0.01,1801.36,26.01,
Norte,E3,19:00:00,5342,0.03,1801.45,25.9,
Norte,E3,19:00:00,5343,0.12,1801.51,21.03,
Norte,E3,19:00:00,5344,0.12,1801.5,25.96,
Norte,E3,19:00:00,5345,0.12,1801.5,26.12,
Norte,E3,19:00:00,5478,0.0,1801.49,21.71,
Norte,E3,19:00:00,5484,0.01,1801.44,19.28,
Norte,E3,19:00:00,5493,0.01,1801.4,30.92,
Norte,E3,19:00:00,5494,0.01,1801.4,30.99,
Norte,E3,19:00:00,5495,0.09,1801.38,32.91,
Norte,E3,19:00:00,5506,0.01,1801.44,22.96,
Norte,E3,19:00:00,5523,0.0,1801.38,29.37,
Norte,E3,19:00:00,5533,0.03,1801.47,20.93,
Norte,E3,19:00:00,5537,0.03,1801.38,29.63,
Norte,E3,19:00:00,5538,0.06,1801.38,29.95,
Norte,E3,19:00:00,5603,0.04,1801.39,31.17,
Norte,E3,19:00:00,5604,0.06,1801.38,30.73,
Norte,E3,19:00:00,5613,0.06,1801.39,32.58,
Norte,E3,19:00:00,5614,0.02,1801.4,32.67,
Norte,E3,19:00:00,5620,0.04,1801.37,32.52,
Norte,E3,19:00:00,5621,0.03,1801.37,32.46,
Norte,E3,19:00:00,5678,0.05,1801.38,30.05,
Norte,E3,19:00:00,5685,0.02,1801.4,25.86,
Norte,E3,19:00:00,5709,0.14,1801.51,21.04,
Norte,E3,19:00:00,5744,0.05,1801.4,32.32,
Norte,E3,19:00:00,5746,0.07,1801.45,24.6,
Norte,E3,19:00:00,5747,0.04,1801.43,26.1,
Norte,E3,19:00:00,5748,0.05,1801.56,21.3,
Norte,E3,19:00:00,5749,0.05,1801.62,21.47,
Norte,E3,19:00:00,5750,0.03,1801.67,21.34,
Norte,E3,19:00:00,5760,0.04,1801.72,21.08,
Norte,E3,19:00:00,5761,0.03,1801.68,21.45,
Norte,E3,19:00:00,5762,0.01,1801.77,20.53,
Norte,E3,19:00:00,5763,0.03,1801.76,20.76,
Norte,E3,19:00:00,10020,0.04,1801.39,33.45,
Norte,E3,19:00:00,10059,0.04,1801.37,29.88,
Norte,E3,19:00:00,10061,0.0,1801.47,20.76,
Norte,E3,19:00:00,10062,0.0,1801.49,20.67,
Norte,E3,19:00:00,10063,0.0,1801.52,20.93,
Norte,E3,19:00:00,10082,0.08,1801.45,20.71,
Norte,E3,20:00:00,346,0.04,1801.37,33.67,
Norte,E3,20:00:00,347,0.07,1801.37,33.85,
Norte,E3,20:00:00,348,0.11,1801.37,33.86,
Norte,E3,20:00:00,349,0.05,1801.37,32.54,
Norte,E3,20:00:00,350,0.02,1801.37,32.53,
Norte,E3,20:00:00,351,0.05,1801.37,34.12,
Norte,E3,20:00:00,352,0.12,1801.37,34.0,
Norte,E3,20:00:00,353,0.07,1801.37,33.91,
Norte,E3,20:00:00,354,0.11,1801.4,32.7,
Norte,E3,20:00:00,355,0.04,1801.4,32.62,
Norte,E3,20:00:00,356,0.08,1801.4,32.66,
Norte,E3,20:00:00,357,0.03,1801.4,32.88,
Norte,E3,20:00:00,358,0.02,1801.4,33.13,
Norte,E3,20:00:00,362,0.08,1801.39,32.69,
Norte,E3,20:00:00,363,0.04,1801.39,32.68,
Norte,E3,20:00:00,364,0.07,1801.39,32.68,
Norte,E3,20:00:00,368,0.03,1801.38,32.71,
Norte,E3,20:00:00,371,0.05,1801.38,32.69,
Norte,E3,20:00:00,400,0.06,1801.38,32.4,
Norte,E3,20:00:00,401,0.05,1801.38,32.42,
Norte,E3,20:00:00,404,0.02,1801.38,32.22,
Norte,E3,20:00:00,405,0.01,1801.38,32.17,
Norte,E3,20:00:00,1049,0.03,1801.37,29.97,
Norte,E3,20:00:00,1051,0.03,1801.37,29.86,
Norte,E3,20:00:00,1053,0.02,1801.37,29.86,
Norte,E3,20:00:00,1059,0.05,1801.37,29.63,
Norte,E3,20:00:00,1063,0.02,1801.37,29.36,
Norte,E3,20:00:00,1077,0.02,1801.38,29.83,
Norte,E3,20:00:00,1089,0.03,1801.37,29.98,
Norte,E3,20:00:00,1093,0.07,1801.37,29.53,
Norte,E3,20:00:00,1094,0.02,1801.37,29.29,
Norte,E3,20:00:00,1095,0.02,1801.37,29.78,
Norte,E3,20:00:00,1100,0.04,1801.38,30.4,
Norte,E3,20:00:00,1102,0.07,1801.38,30.35,
Norte,E3,20:00:00,1103,0.01,1801.38,31.33,
Norte,E3,20:00:00,1104,0.07,1801.37,30.37,
Norte,E3,20:00:00,1106,0.08,1801.37,30.31,
Norte,E3,20:00:00,1107,0.04,1801.38,30.58,
Norte,E3,20:00:00,1109,0.01,1801.38,30.57,
Norte,E3,20:00:00,1110,0.01,1801.38,30.21,
Norte,E3,20:00:00,1112,0.02,1801.38,30.23,
Norte,E3,20:00:00,1113,0.04,1801.38,29.97,
Norte,E3,20:00:00,1115,0.08,1801.38,29.96,
Norte,E3,20:00:00,1117,0.08,1801.38,30.01,
Norte,E3,20:00:00,1119,0.1,1801.38,30.6,
Norte,E3,20:00:00,1120,0.07,1801.38,30.17,
Norte,E3,20:00:00,1122,0.05,1801.38,31.47,
Norte,E3,20:00:00,1125,0.06,1801.38,31.41,
Norte,E3,20:00:00,1128,0.06,1801.38,31.66,
Norte,E3,20:00:00,1130,0.07,1801.38,31.48,
Norte,E3,20:00:00,1131,0.07,1801.38,31.63,
Norte,E3,20:00:00,1133,0.02,1801.38,32.66,
Norte,E3,20:00:00,1134,0.12,1801.4,32.73,
Norte,E3,20:00:00,1135,0.09,1801.38,32.84,
Norte,E3,20:00:00,1137,0.11,1801.4,32.67,
Norte,E3,20:00:00,1139,0.07,1801.4,32.65,
Norte,E3,20:00:00,1140,0.03,1801.4,32.7,
Norte,E3,20:00:00,1141,0.05,1801.37,31.63,
Norte,E3,20:00:00,1142,0.02,1801.39,31.59,
Norte,E3,20:00:00,1143,0.07,1801.39,32.44,
Norte,E3,20:00:00,1144,0.07,1801.38,32.61,
Norte,E3,20:00:00,1145,0.03,1801.39,32.53,
Norte,E3,20:00:00,1147,0.0,1801.38,32.68,
Norte,E3,20:00:00,1148,0.0,1801.39,32.7,
Norte,E3,20:00:00,1149,0.14,1801.42,31.31,
Norte,E3,20:00:00,1150,0.19,1801.39,31.11,
Norte,E3,20:00:00,1151,0.03,1801.46,27.23,
Norte,E3,20:00:00,1153,0.01,1801.43,28.83,
Norte,E3,20:00:00,1154,0.0,1801.43,29.28,
Norte,E3,20:00:00,1158,0.1,1801.43,29.49,
Norte,E3,20:00:00,1159,0.07,1801.42,31.86,
Norte,E3,20:00:00,1161,0.03,1801.42,30.93,
Norte,E3,20:00:00,1162,0.01,1801.41,32.35,
Norte,E3,20:00:00,1164,0.09,1801.4,32.42,
Norte,E3,20:00:00,1165,0.03,1801.41,32.54,
Norte,E3,20:00:00,1166,0.05,1801.41,32.09,
Norte,E3,20:00:00,1169,0.08,1801.4,32.7,
Norte,E3,20:00:00,1171,0.06,1801.39,32.71,
Norte,E3,20:00:00,1172,0.14,1801.39,33.76,
Norte,E3,20:00:00,1174,0.05,1801.39,33.56,
Norte,E3,20:00:00,1175,0.11,1801.4,32.06,
Norte,E3,20:00:00,1176,0.15,1801.4,33.55,
Norte,E3,20:00:00,1179,0.05,1801.4,33.06,
Norte,E3,20:00:00,1181,0.01,1801.39,33.55,
Norte,E3,20:00:00,1182,0.05,1801.4,32.79,
Norte,E3,20:00:00,1184,0.03,1801.43,24.99,
Norte,E3,20:00:00,1185,0.02,1801.43,26.7,
Norte,E3,20:00:00,1186,0.01,1801.43,26.02,
Norte,E3,20:00:00,1187,0.19,1801.41,25.7,
Norte,E3,20:00:00,1189,0.01,1801.36,25.27,
Norte,E3,20:00:00,1190,0.06,1801.36,26.23,
Norte,E3,20:00:00,1191,0.06,1801.4,29.28,
Norte,E3,20:00:00,1192,0.01,1801.4,27.38,
Norte,E3,20:00:00,1196,0.05,1801.33,27.11,
Norte,E3,20:00:00,1197,0.04,1801.33,27.58,
Norte,E3,20:00:00,1207,0.1,1801.33,25.54,
Norte,E3,20:00:00,1216,0.08,1801.33,19.3,
Norte,E3,20:00:00,1221,0.04,1801.44,19.88,
Norte,E3,20:00:00,1223,0.04,1801.44,19.66,
Norte,E3,20:00:00,1224,0.06,1801.44,23.26,
Norte,E3,20:00:00,1225,0.03,1801.42,24.72,
Norte,E3,20:00:00,1226,0.06,1801.44,23.49,
Norte,E3,20:00:00,1228,0.03,1801.44,22.82,
Norte,E3,20:00:00,1229,0.01,1801.44,22.52,
Norte,E3,20:00:00,1230,0.01,1801.44,22.47,
Norte,E3,20:00:00,1231,0.01,1801.44,22.55,
Norte,E3,20:00:00,1232,0.02,1801.44,22.01,
Norte,E3,20:00:00,1233,0.01,1801.44,21.98,
Norte,E3,20:00:00,1240,0.1,1801.45,21.28,
Norte,E3,20:00:00,1242,0.1,1801.44,22.44,
Norte,E3,20:00:00,1243,0.04,1801.44,23.21,
Norte,E3,20:00:00,1244,0.1,1801.42,24.75,
Norte,E3,20:00:00,1245,0.05,1801.42,25.83,
Norte,E3,20:00:00,1246,0.03,1801.41,26.01,
Norte,E3,20:00:00,1247,0.06,1801.41,25.77,
Norte,E3,20:00:00,1248,0.06,1801.41,25.48,
Norte,E3,20:00:00,1249,0.12,1801.43,23.85,
Norte,E3,20:00:00,1250,0.13,1801.45,22.76,
Norte,E3,20:00:00,1252,0.1,1801.46,21.37,
Norte,E3,20:00:00,1253,0.13,1801.43,23.82,
Norte,E3,20:00:00,1254,0.12,1801.46,22.16,
Norte,E3,20:00:00,1255,0.07,1801.48,21.91,
Norte,E3,20:00:00,1257,0.07,1801.48,21.29,
Norte,E3,20:00:00,1265,0.03,1801.52,20.93,
Norte,E3,20:00:00,1268,0.06,1801.51,21.01,
Norte,E3,20:00:00,1272,0.03,1801.49,21.66,
Norte,E3,20:00:00,1274,0.05,1801.49,21.69,
Norte,E3,20:00:00,1276,0.11,1801.47,22.66,
Norte,E3,20:00:00,1279,0.05,1801.46,23.95,
Norte,E3,20:00:00,1281,0.06,1801.46,24.32,
Norte,E3,20:00:00,1282,0.02,1801.46,25.79,
Norte,E3,20:00:00,1284,0.03,1801.39,31.15,
Norte,E3,20:00:00,1286,0.07,1801.47,22.88,
Norte,E3,20:00:00,1288,0.01,1801.47,24.91,
Norte,E3,20:00:00,1289,0.02,1801.47,23.24,
Norte,E3,20:00:00,1290,0.09,1801.47,23.32,
Norte,E3,20:00:00,1291,0.01,1801.47,21.08,
Norte,E3,20:00:00,1292,0.06,1801.47,21.31,
Norte,E3,20:00:00,1293,0.07,1801.47,21.96,
Norte,E3,20:00:00,1294,0.02,1801.47,21.81,
Norte,E3,20:00:00,1295,0.12,1801.48,20.99,
Norte,E3,20:00:00,1297,0.08,1801.49,20.61,
Norte,E3,20:00:00,1302,0.08,1801.48,20.08,
Norte,E3,20:00:00,1304,0.05,1801.48,20.08,
Norte,E3,20:00:00,1305,0.0,1801.48,20.09,
Norte,E3,20:00:00,1306,0.06,1801.48,20.09,
Norte,E3,20:00:00,1308,0.07,1801.47,20.61,
Norte,E3,20:00:00,1309,0.04,1801.47,28.5,
Norte,E3,20:00:00,1310,0.02,1801.47,24.65,
Norte,E3,20:00:00,1312,0.09,1801.41,29.49,
Norte,E3,20:00:00,1313,0.0,1801.41,29.71,
Norte,E3,20:00:00,1315,0.06,1801.41,29.67,
Norte,E3,20:00:00,1318,0.07,1801.37,29.64,
Norte,E3,20:00:00,1319,0.01,1801.37,29.29,
Norte,E3,20:00:00,1321,0.04,1801.47,21.5,
Norte,E3,20:00:00,1322,0.0,1801.47,22.27,
Norte,E3,20:00:00,1323,0.05,1801.47,22.06,
Norte,E3,20:00:00,1324,0.02,1801.48,20.63,
Norte,E3,20:00:00,1326,0.08,1801.47,20.28,
Norte,E3,20:00:00,1334,0.06,1801.46,22.18,
Norte,E3,20:00:00,1335,0.06,1801.45,22.74,
Norte,E3,20:00:00,1336,0.01,1801.45,21.87,
Norte,E3,20:00:00,1340,0.04,1801.46,29.12,
Norte,E3,20:00:00,5010,0.03,1801.44,25.99,
Norte,E3,20:00:00,5011,0.05,1801.36,26.15,
Norte,E3,20:00:00,5019,0.05,1801.37,32.19,
Norte,E3,20:00:00,5086,0.06,1801.38,32.67,
Norte,E3,20:00:00,5087,0.01,1801.39,32.73,
Norte,E3,20:00:00,5108,0.0,1801.36,26.08,
Norte,E3,20:00:00,5112,0.02,1801.49,21.7,
Norte,E3,20:00:00,5148,0.0,1801.38,32.4,
Norte,E3,20:00:00,5193,0.0,1801.38,31.53,
Norte,E3,20:00:00,5204,0.13,1801.33,25.61,
Norte,E3,20:00:00,5241,0.0,1801.44,19.81,
Norte,E3,20:00:00,5264,0.02,1801.39,32.69,
Norte,E3,20:00:00,5289,0.01,1801.37,29.89,
Norte,E3,20:00:00,5291,0.02,1801.41,29.93,
Norte,E3,20:00:00,5311,0.11,1801.38,32.63,
Norte,E3,20:00:00,5312,0.0,1801.38,32.77,
Norte,E3,20:00:00,5313,0.01,1801.38,32.57,
Norte,E3,20:00:00,5314,0.01,1801.36,26.01,
Norte,E3,20:00:00,5342,0.03,1801.45,25.9,
Norte,E3,20:00:00,5343,0.12,1801.51,21.03,
Norte,E3,20:00:00,5344,0.12,1801.5,25.96,
Norte,E3,20:00:00,5345,0.12,1801.5,26.12,
Norte,E3,20:00:00,5478,0.0,1801.49,21.71,
Norte,E3,20:00:00,5484,0.01,1801.44,19.28,
Norte,E3,20:00:00,5493,0.01,1801.4,30.92,
Norte,E3,20:00:00,5494,0.01,1801.4,30.99,
Norte,E3,20:00:00,5495,0.09,1801.38,32.91,
Norte,E3,20:00:00,5506,0.01,1801.44,22.96,
Norte,E3,20:00:00,5523,0.0,1801.38,29.37,
Norte,E3,20:00:00,5533,0.03,1801.47,20.93,
Norte,E3,20:00:00,5537,0.03,1801.38,29.63,
Norte,E3,20:00:00,5538,0.06,1801.38,29.95,
Norte,E3,20:00:00,5603,0.04,1801.39,31.17,
Norte,E3,20:00:00,5604,0.06,1801.38,30.73,
Norte,E3,20:00:00,5613,0.06,1801.39,32.58,
Norte,E3,20:00:00,5614,0.02,1801.4,32.67,
Norte,E3,20:00:00,5620,0.04,1801.37,32.52,
Norte,E3,20:00:00,5621,0.03,1801.37,32.46,
Norte,E3,20:00:00,5678,0.05,1801.38,30.05,
Norte,E3,20:00:00,5685,0.02,1801.4,25.86,
Norte,E3,20:00:00,5709,0.14,1801.51,21.04,
Norte,E3,20:00:00,5744,0.05,1801.4,32.32,
Norte,E3,20:00:00,5746,0.07,1801.45,24.6,
Norte,E3,20:00:00,5747,0.04,1801.43,26.1,
Norte,E3,20:00:00,5748,0.05,1801.56,21.3,
Norte,E3,20:00:00,5749,0.05,1801.62,21.47,
Norte,E3,20:00:00,5750,0.03,1801.67,21.34,
Norte,E3,20:00:00,5760,0.04,1801.72,21.08,
Norte,E3,20:00:00,5761,0.03,1801.68,21.45,
Norte,E3,20:00:00,5762,0.01,1801.77,20.53,
Norte,E3,20:00:00,5763,0.03,1801.76,20.76,
Norte,E3,20:00:00,10020,0.04,1801.39,33.45,
Norte,E3,20:00:00,10059,0.04,1801.37,29.88,
Norte,E3,20:00:00,10061,0.0,1801.47,20.76,
Norte,E3,20:00:00,10062,0.0,1801.49,20.67,
Norte,E3,20:00:00,10063,0.0,1801.52,20.93,
Norte,E3,20:00:00,10082,0.08,1801.45,20.71,
Norte,E3,21:00:00,346,0.04,1801.28,33.58,
Norte,E3,21:00:00,347,0.08,1801.28,33.76,
Norte,E3,21:00:00,348,0.12,1801.28,33.77,
Norte,E3,21:00:00,349,0.06,1801.28,32.45,
Norte,E3,21:00:00,350,0.03,1801.28,32.44,
Norte,E3,21:00:00,351,0.05,1801.28,34.03,
Norte,E3,21:00:00,352,0.13,1801.28,33.91,
Norte,E3,21:00:00,353,0.08,1801.28,33.82,
Norte,E3,21:00:00,354,0.13,1801.31,32.61,
Norte,E3,21:00:00,355,0.05,1801.31,32.53,
Norte,E3,21:00:00,356,0.09,1801.31,32.57,
Norte,E3,21:00:00,357,0.04,1801.31,32.79,
Norte,E3,21:00:00,358,0.02,1801.31,33.04,
Norte,E3,21:00:00,362,0.08,1801.3,32.6,
Norte,E3,21:00:00,363,0.04,1801.3,32.59,
Norte,E3,21:00:00,364,0.08,1801.3,32.59,
Norte,E3,21:00:00,368,0.04,1801.28,32.61,
Norte,E3,21:00:00,371,0.06,1801.28,32.59,
Norte,E3,21:00:00,400,0.06,1801.29,32.31,
Norte,E3,21:00:00,401,0.06,1801.29,32.33,
Norte,E3,21:00:00,404,0.02,1801.29,32.13,
Norte,E3,21:00:00,405,0.01,1801.29,32.08,
Norte,E3,21:00:00,1049,0.03,1801.28,29.88,
Norte,E3,21:00:00,1051,0.04,1801.28,29.77,
Norte,E3,21:00:00,1053,0.02,1801.28,29.77,
Norte,E3,21:00:00,1059,0.06,1801.28,29.54,
Norte,E3,21:00:00,1063,0.03,1801.28,29.27,
Norte,E3,21:00:00,1077,0.03,1801.28,29.73,
Norte,E3,21:00:00,1089,0.04,1801.28,29.89,
Norte,E3,21:00:00,1093,0.08,1801.28,29.44,
Norte,E3,21:00:00,1094,0.02,1801.28,29.2,
Norte,E3,21:00:00,1095,0.02,1801.28,29.69,
Norte,E3,21:00:00,1100,0.04,1801.28,30.3,
Norte,E3,21:00:00,1102,0.07,1801.28,30.25,
Norte,E3,21:00:00,1103,0.01,1801.28,31.23,
Norte,E3,21:00:00,1104,0.08,1801.28,30.28,
Norte,E3,21:00:00,1106,0.09,1801.28,30.22,
Norte,E3,21:00:00,1107,0.04,1801.28,30.48,
Norte,E3,21:00:00,1109,0.01,1801.28,30.47,
Norte,E3,21:00:00,1110,0.01,1801.28,30.11,
Norte,E3,21:00:00,1112,0.02,1801.28,30.13,
Norte,E3,21:00:00,1113,0.04,1801.28,29.87,
Norte,E3,21:00:00,1115,0.08,1801.28,29.86,
Norte,E3,21:00:00,1117,0.09,1801.28,29.91,
Norte,E3,21:00:00,1119,0.11,1801.28,30.5,
Norte,E3,21:00:00,1120,0.08,1801.28,30.07,
Norte,E3,21:00:00,1122,0.06,1801.28,31.37,
Norte,E3,21:00:00,1125,0.06,1801.28,31.31,
Norte,E3,21:00:00,1128,0.07,1801.28,31.56,
Norte,E3,21:00:00,1130,0.07,1801.28,31.38,
Norte,E3,21:00:00,1131,0.08,1801.28,31.53,
Norte,E3,21:00:00,1133,0.03,1801.28,32.56,
Norte,E3,21:00:00,1134,0.14,1801.32,32.65,
Norte,E3,21:00:00,1135,0.1,1801.28,32.74,
Norte,E3,21:00:00,1137,0.13,1801.31,32.58,
Norte,E3,21:00:00,1139,0.08,1801.31,32.56,
Norte,E3,21:00:00,1140,0.03,1801.31,32.61,
Norte,E3,21:00:00,1141,0.05,1801.28,31.54,
Norte,E3,21:00:00,1142,0.03,1801.3,31.5,
Norte,E3,21:00:00,1143,0.08,1801.3,32.35,
Norte,E3,21:00:00,1144,0.08,1801.28,32.51,
Norte,E3,21:00:00,1145,0.03,1801.3,32.44,
Norte,E3,21:00:00,1147,0.0,1801.29,32.59,
Norte,E3,21:00:00,1148,0.0,1801.29,32.6,
Norte,E3,21:00:00,1149,0.16,1801.33,31.22,
Norte,E3,21:00:00,1150,0.21,1801.29,31.01,
Norte,E3,21:00:00,1151,0.04,1801.39,27.16,
Norte,E3,21:00:00,1153,0.01,1801.34,28.74,
Norte,E3,21:00:00,1154,0.0,1801.34,29.19,
Norte,E3,21:00:00,1158,0.11,1801.34,29.4,
Norte,E3,21:00:00,1159,0.08,1801.33,31.77,
Norte,E3,21:00:00,1161,0.04,1801.33,30.84,
Norte,E3,21:00:00,1162,0.01,1801.32,32.26,
Norte,E3,21:00:00,1164,0.1,1801.31,32.33,
Norte,E3,21:00:00,1165,0.03,1801.32,32.45,
Norte,E3,21:00:00,1166,0.05,1801.32,32.0,
Norte,E3,21:00:00,1169,0.09,1801.31,32.61,
Norte,E3,21:00:00,1171,0.07,1801.3,32.62,
Norte,E3,21:00:00,1172,0.16,1801.3,33.67,
Norte,E3,21:00:00,1174,0.06,1801.3,33.47,
Norte,E3,21:00:00,1175,0.12,1801.31,31.97,
Norte,E3,21:00:00,1176,0.17,1801.31,33.46,
Norte,E3,21:00:00,1179,0.06,1801.31,32.97,
Norte,E3,21:00:00,1181,0.01,1801.3,33.46,
Norte,E3,21:00:00,1182,0.06,1801.31,32.7,
Norte,E3,21:00:00,1184,0.04,1801.35,24.91,
Norte,E3,21:00:00,1185,0.02,1801.34,26.61,
Norte,E3,21:00:00,1186,0.01,1801.34,25.93,
Norte,E3,21:00:00,1187,0.21,1801.32,25.61,
Norte,E3,21:00:00,1189,0.01,1801.26,25.17,
Norte,E3,21:00:00,1190,0.06,1801.26,26.13,
Norte,E3,21:00:00,1191,0.06,1801.31,29.19,
Norte,E3,21:00:00,1192,0.01,1801.31,27.29,
Norte,E3,21:00:00,1196,0.05,1801.22,27.0,
Norte,E3,21:00:00,1197,0.05,1801.22,27.47,
Norte,E3,21:00:00,1207,0.11,1801.22,25.43,
Norte,E3,21:00:00,1216,0.08,1801.22,19.19,
Norte,E3,21:00:00,1221,0.05,1801.37,19.81,
Norte,E3,21:00:00,1223,0.05,1801.37,19.59,
Norte,E3,21:00:00,1224,0.07,1801.36,23.18,
Norte,E3,21:00:00,1225,0.03,1801.34,24.64,
Norte,E3,21:00:00,1226,0.06,1801.36,23.41,
Norte,E3,21:00:00,1228,0.03,1801.36,22.74,
Norte,E3,21:00:00,1229,0.01,1801.36,22.44,
Norte,E3,21:00:00,1230,0.01,1801.36,22.39,
Norte,E3,21:00:00,1231,0.01,1801.36,22.47,
Norte,E3,21:00:00,1232,0.02,1801.36,21.93,
Norte,E3,21:00:00,1233,0.01,1801.36,21.9,
Norte,E3,21:00:00,1240,0.11,1801.37,21.2,
Norte,E3,21:00:00,1242,0.11,1801.36,22.36,
Norte,E3,21:00:00,1243,0.04,1801.36,23.13,
Norte,E3,21:00:00,1244,0.11,1801.34,24.67,
Norte,E3,21:00:00,1245,0.06,1801.34,25.75,
Norte,E3,21:00:00,1246,0.03,1801.32,25.92,
Norte,E3,21:00:00,1247,0.07,1801.32,25.68,
Norte,E3,21:00:00,1248,0.07,1801.32,25.39,
Norte,E3,21:00:00,1249,0.14,1801.35,23.77,
Norte,E3,21:00:00,1250,0.15,1801.37,22.68,
Norte,E3,21:00:00,1252,0.11,1801.38,21.29,
Norte,E3,21:00:00,1253,0.14,1801.35,23.74,
Norte,E3,21:00:00,1254,0.14,1801.38,22.08,
Norte,E3,21:00:00,1255,0.08,1801.41,21.84,
Norte,E3,21:00:00,1257,0.08,1801.41,21.22,
Norte,E3,21:00:00,1265,0.03,1801.46,20.87,
Norte,E3,21:00:00,1268,0.07,1801.45,20.95,
Norte,E3,21:00:00,1272,0.03,1801.43,21.6,
Norte,E3,21:00:00,1274,0.06,1801.43,21.63,
Norte,E3,21:00:00,1276,0.13,1801.4,22.59,
Norte,E3,21:00:00,1279,0.06,1801.39,23.88,
Norte,E3,21:00:00,1281,0.07,1801.39,24.25,
Norte,E3,21:00:00,1282,0.03,1801.39,25.72,
Norte,E3,21:00:00,1284,0.03,1801.29,31.05,
Norte,E3,21:00:00,1286,0.08,1801.39,22.8,
Norte,E3,21:00:00,1288,0.01,1801.39,24.83,
Norte,E3,21:00:00,1289,0.02,1801.39,23.16,
Norte,E3,21:00:00,1290,0.1,1801.39,23.24,
Norte,E3,21:00:00,1291,0.01,1801.39,21.0,
Norte,E3,21:00:00,1292,0.06,1801.39,21.23,
Norte,E3,21:00:00,1293,0.08,1801.4,21.89,
Norte,E3,21:00:00,1294,0.02,1801.4,21.74,
Norte,E3,21:00:00,1295,0.13,1801.41,20.92,
Norte,E3,21:00:00,1297,0.09,1801.42,20.54,
Norte,E3,21:00:00,1302,0.09,1801.41,20.01,
Norte,E3,21:00:00,1304,0.06,1801.41,20.01,
Norte,E3,21:00:00,1305,0.0,1801.41,20.02,
Norte,E3,21:00:00,1306,0.07,1801.41,20.02,
Norte,E3,21:00:00,1308,0.08,1801.4,20.54,
Norte,E3,21:00:00,1309,0.04,1801.4,28.43,
Norte,E3,21:00:00,1310,0.02,1801.4,24.58,
Norte,E3,21:00:00,1312,0.1,1801.32,29.4,
Norte,E3,21:00:00,1313,0.0,1801.33,29.63,
Norte,E3,21:00:00,1315,0.07,1801.33,29.59,
Norte,E3,21:00:00,1318,0.08,1801.28,29.55,
Norte,E3,21:00:00,1319,0.02,1801.28,29.2,
Norte,E3,21:00:00,1321,0.05,1801.4,21.43,
Norte,E3,21:00:00,1322,0.01,1801.4,22.2,
Norte,E3,21:00:00,1323,0.06,1801.4,21.99,
Norte,E3,21:00:00,1324,0.03,1801.41,20.56,
Norte,E3,21:00:00,1326,0.09,1801.4,20.21,
Norte,E3,21:00:00,1334,0.06,1801.39,22.11,
Norte,E3,21:00:00,1335,0.07,1801.37,22.66,
Norte,E3,21:00:00,1336,0.01,1801.37,21.79,
Norte,E3,21:00:00,1340,0.04,1801.39,29.05,
Norte,E3,21:00:00,5010,0.03,1801.37,25.92,
Norte,E3,21:00:00,5011,0.05,1801.26,26.05,
Norte,E3,21:00:00,5019,0.06,1801.28,32.1,
Norte,E3,21:00:00,5086,0.07,1801.29,32.58,
Norte,E3,21:00:00,5087,0.01,1801.29,32.63,
Norte,E3,21:00:00,5108,0.0,1801.26,25.98,
Norte,E3,21:00:00,5112,0.02,1801.43,21.64,
Norte,E3,21:00:00,5148,0.0,1801.29,32.31,
Norte,E3,21:00:00,5193,0.0,1801.28,31.43,
Norte,E3,21:00:00,5204,0.14,1801.22,25.5,
Norte,E3,21:00:00,5241,0.0,1801.37,19.74,
Norte,E3,21:00:00,5264,0.02,1801.29,32.59,
Norte,E3,21:00:00,5289,0.01,1801.28,29.8,
Norte,E3,21:00:00,5291,0.02,1801.33,29.85,
Norte,E3,21:00:00,5311,0.13,1801.28,32.53,
Norte,E3,21:00:00,5312,0.01,1801.28,32.67,
Norte,E3,21:00:00,5313,0.01,1801.28,32.47,
Norte,E3,21:00:00,5314,0.01,1801.26,25.91,
Norte,E3,21:00:00,5342,0.03,1801.37,25.82,
Norte,E3,21:00:00,5343,0.14,1801.45,20.97,
Norte,E3,21:00:00,5344,0.14,1801.44,25.9,
Norte,E3,21:00:00,5345,0.14,1801.44,26.06,
Norte,E3,21:00:00,5478,0.0,1801.43,21.65,
Norte,E3,21:00:00,5484,0.01,1801.37,19.21,
Norte,E3,21:00:00,5493,0.01,1801.31,30.83,
Norte,E3,21:00:00,5494,0.01,1801.31,30.9,
Norte,E3,21:00:00,5495,0.1,1801.28,32.81,
Norte,E3,21:00:00,5506,0.02,1801.36,22.88,
Norte,E3,21:00:00,5523,0.0,1801.28,29.27,
Norte,E3,21:00:00,5533,0.03,1801.39,20.85,
Norte,E3,21:00:00,5537,0.04,1801.28,29.53,
Norte,E3,21:00:00,5538,0.07,1801.28,29.85,
Norte,E3,21:00:00,5603,0.05,1801.3,31.08,
Norte,E3,21:00:00,5604,0.07,1801.29,30.64,
Norte,E3,21:00:00,5613,0.07,1801.3,32.49,
Norte,E3,21:00:00,5614,0.03,1801.31,32.58,
Norte,E3,21:00:00,5620,0.05,1801.28,32.43,
Norte,E3,21:00:00,5621,0.04,1801.28,32.37,
Norte,E3,21:00:00,5678,0.06,1801.28,29.96,
Norte,E3,21:00:00,5685,0.02,1801.31,25.77,
Norte,E3,21:00:00,5709,0.16,1801.45,20.98,
Norte,E3,21:00:00,5744,0.05,1801.32,32.24,
Norte,E3,21:00:00,5746,0.08,1801.37,24.52,
Norte,E3,21:00:00,5747,0.05,1801.35,26.02,
Norte,E3,21:00:00,5748,0.06,1801.51,21.25,
Norte,E3,21:00:00,5749,0.06,1801.59,21.44,
Norte,E3,21:00:00,5750,0.03,1801.65,21.32,
Norte,E3,21:00:00,5760,0.04,1801.71,21.07,
Norte,E3,21:00:00,5761,0.03,1801.66,21.43,
Norte,E3,21:00:00,5762,0.01,1801.77,20.53,
Norte,E3,21:00:00,5763,0.03,1801.75,20.75,
Norte,E3,21:00:00,10020,0.05,1801.3,33.36,
Norte,E3,21:00:00,10059,0.04,1801.28,29.79,
Norte,E3,21:00:00,10061,0.0,1801.39,20.68,
Norte,E3,21:00:00,10062,0.0,1801.42,20.6,
Norte,E3,21:00:00,10063,0.0,1801.46,20.87,
Norte,E3,21:00:00,10082,0.09,1801.37,20.63,
Norte,E3,22:00:00,346,0.04,1801.36,33.66,
Norte,E3,22:00:00,347,0.07,1801.36,33.84,
Norte,E3,22:00:00,348,0.11,1801.36,33.85,
Norte,E3,22:00:00,349,0.05,1801.36,32.53,
Norte,E3,22:00:00,350,0.03,1801.36,32.52,
Norte,E3,22:00:00,351,0.05,1801.36,34.11,
Norte,E3,22:00:00,352,0.12,1801.36,33.99,
Norte,E3,22:00:00,353,0.07,1801.36,33.9,
Norte,E3,22:00:00,354,0.12,1801.39,32.69,
Norte,E3,22:00:00,355,0.05,1801.39,32.61,
Norte,E3,22:00:00,356,0.08,1801.39,32.65,
Norte,E3,22:00:00,357,0.03,1801.39,32.87,
Norte,E3,22:00:00,358,0.02,1801.39,33.12,
Norte,E3,22:00:00,362,0.08,1801.38,32.68,
Norte,E3,22:00:00,363,0.04,1801.38,32.67,
Norte,E3,22:00:00,364,0.07,1801.38,32.67,
Norte,E3,22:00:00,368,0.03,1801.37,32.7,
Norte,E3,22:00:00,371,0.05,1801.37,32.68,
Norte,E3,22:00:00,400,0.06,1801.37,32.39,
Norte,E3,22:00:00,401,0.05,1801.37,32.41,
Norte,E3,22:00:00,404,0.02,1801.37,32.21,
Norte,E3,22:00:00,405,0.01,1801.37,32.16,
Norte,E3,22:00:00,1049,0.03,1801.36,29.96,
Norte,E3,22:00:00,1051,0.03,1801.36,29.85,
Norte,E3,22:00:00,1053,0.02,1801.36,29.85,
Norte,E3,22:00:00,1059,0.05,1801.36,29.62,
Norte,E3,22:00:00,1063,0.02,1801.36,29.35,
Norte,E3,22:00:00,1077,0.03,1801.37,29.82,
Norte,E3,22:00:00,1089,0.03,1801.36,29.97,
Norte,E3,22:00:00,1093,0.07,1801.36,29.52,
Norte,E3,22:00:00,1094,0.02,1801.36,29.28,
Norte,E3,22:00:00,1095,0.02,1801.36,29.77,
Norte,E3,22:00:00,1100,0.04,1801.36,30.38,
Norte,E3,22:00:00,1102,0.07,1801.36,30.33,
Norte,E3,22:00:00,1103,0.01,1801.37,31.32,
Norte,E3,22:00:00,1104,0.07,1801.36,30.36,
Norte,E3,22:00:00,1106,0.08,1801.36,30.3,
Norte,E3,22:00:00,1107,0.04,1801.37,30.57,
Norte,E3,22:00:00,1109,0.01,1801.36,30.55,
Norte,E3,22:00:00,1110,0.01,1801.37,30.2,
Norte,E3,22:00:00,1112,0.02,1801.37,30.22,
Norte,E3,22:00:00,1113,0.04,1801.37,29.96,
Norte,E3,22:00:00,1115,0.08,1801.37,29.95,
Norte,E3,22:00:00,1117,0.08,1801.37,30.0,
Norte,E3,22:00:00,1119,0.1,1801.36,30.58,
Norte,E3,22:00:00,1120,0.07,1801.37,30.16,
Norte,E3,22:00:00,1122,0.05,1801.37,31.46,
Norte,E3,22:00:00,1125,0.06,1801.37,31.4,
Norte,E3,22:00:00,1128,0.06,1801.37,31.65,
Norte,E3,22:00:00,1130,0.07,1801.37,31.47,
Norte,E3,22:00:00,1131,0.07,1801.37,31.62,
Norte,E3,22:00:00,1133,0.02,1801.36,32.64,
Norte,E3,22:00:00,1134,0.13,1801.39,32.72,
Norte,E3,22:00:00,1135,0.09,1801.37,32.83,
Norte,E3,22:00:00,1137,0.11,1801.39,32.66,
Norte,E3,22:00:00,1139,0.07,1801.39,32.64,
Norte,E3,22:00:00,1140,0.03,1801.39,32.69,
Norte,E3,22:00:00,1141,0.05,1801.36,31.62,
Norte,E3,22:00:00,1142,0.02,1801.38,31.58,
Norte,E3,22:00:00,1143,0.07,1801.38,32.43,
Norte,E3,22:00:00,1144,0.07,1801.36,32.59,
Norte,E3,22:00:00,1145,0.03,1801.38,32.52,
Norte,E3,22:00:00,1147,0.0,1801.37,32.67,
Norte,E3,22:00:00,1148,0.0,1801.38,32.69,
Norte,E3,22:00:00,1149,0.14,1801.41,31.3,
Norte,E3,22:00:00,1150,0.19,1801.38,31.1,
Norte,E3,22:00:00,1151,0.03,1801.45,27.22,
Norte,E3,22:00:00,1153,0.01,1801.42,28.82,
Norte,E3,22:00:00,1154,0.0,1801.42,29.27,
Norte,E3,22:00:00,1158,0.1,1801.42,29.48,
Norte,E3,22:00:00,1159,0.07,1801.41,31.85,
Norte,E3,22:00:00,1161,0.03,1801.41,30.92,
Norte,E3,22:00:00,1162,0.01,1801.4,32.34,
Norte,E3,22:00:00,1164,0.09,1801.39,32.41,
Norte,E3,22:00:00,1165,0.03,1801.4,32.53,
Norte,E3,22:00:00,1166,0.05,1801.4,32.08,
Norte,E3,22:00:00,1169,0.08,1801.39,32.69,
Norte,E3,22:00:00,1171,0.06,1801.38,32.7,
Norte,E3,22:00:00,1172,0.14,1801.38,33.75,
Norte,E3,22:00:00,1174,0.05,1801.38,33.55,
Norte,E3,22:00:00,1175,0.11,1801.39,32.05,
Norte,E3,22:00:00,1176,0.16,1801.39,33.54,
Norte,E3,22:00:00,1179,0.05,1801.39,33.05,
Norte,E3,22:00:00,1181,0.01,1801.38,33.54,
Norte,E3,22:00:00,1182,0.05,1801.39,32.78,
Norte,E3,22:00:00,1184,0.03,1801.42,24.98,
Norte,E3,22:00:00,1185,0.02,1801.42,26.69,
Norte,E3,22:00:00,1186,0.01,1801.42,26.01,
Norte,E3,22:00:00,1187,0.19,1801.4,25.69,
Norte,E3,22:00:00,1189,0.01,1801.35,25.26,
Norte,E3,22:00:00,1190,0.06,1801.34,26.21,
Norte,E3,22:00:00,1191,0.06,1801.39,29.27,
Norte,E3,22:00:00,1192,0.01,1801.39,27.37,
Norte,E3,22:00:00,1196,0.05,1801.32,27.1,
Norte,E3,22:00:00,1197,0.04,1801.32,27.57,
Norte,E3,22:00:00,1207,0.1,1801.32,25.53,
Norte,E3,22:00:00,1216,0.08,1801.32,19.29,
Norte,E3,22:00:00,1221,0.04,1801.44,19.88,
Norte,E3,22:00:00,1223,0.04,1801.44,19.66,
Norte,E3,22:00:00,1224,0.06,1801.43,23.25,
Norte,E3,22:00:00,1225,0.03,1801.41,24.71,
Norte,E3,22:00:00,1226,0.06,1801.43,23.48,
Norte,E3,22:00:00,1228,0.03,1801.43,22.81,
Norte,E3,22:00:00,1229,0.01,1801.43,22.51,
Norte,E3,22:00:00,1230,0.01,1801.43,22.46,
Norte,E3,22:00:00,1231,0.01,1801.43,22.54,
Norte,E3,22:00:00,1232,0.02,1801.43,22.0,
Norte,E3,22:00:00,1233,0.01,1801.43,21.97,
Norte,E3,22:00:00,1240,0.1,1801.44,21.27,
Norte,E3,22:00:00,1242,0.1,1801.43,22.43,
Norte,E3,22:00:00,1243,0.04,1801.43,23.2,
Norte,E3,22:00:00,1244,0.1,1801.41,24.74,
Norte,E3,22:00:00,1245,0.05,1801.41,25.82,
Norte,E3,22:00:00,1246,0.03,1801.4,26.0,
Norte,E3,22:00:00,1247,0.06,1801.4,25.76,
Norte,E3,22:00:00,1248,0.06,1801.4,25.47,
Norte,E3,22:00:00,1249,0.12,1801.42,23.84,
Norte,E3,22:00:00,1250,0.13,1801.44,22.75,
Norte,E3,22:00:00,1252,0.1,1801.45,21.36,
Norte,E3,22:00:00,1253,0.13,1801.43,23.82,
Norte,E3,22:00:00,1254,0.12,1801.45,22.15,
Norte,E3,22:00:00,1255,0.07,1801.47,21.9,
Norte,E3,22:00:00,1257,0.07,1801.48,21.29,
Norte,E3,22:00:00,1265,0.03,1801.51,20.92,
Norte,E3,22:00:00,1268,0.06,1801.51,21.01,
Norte,E3,22:00:00,1272,0.03,1801.49,21.66,
Norte,E3,22:00:00,1274,0.05,1801.49,21.69,
Norte,E3,22:00:00,1276,0.12,1801.47,22.66,
Norte,E3,22:00:00,1279,0.05,1801.45,23.94,
Norte,E3,22:00:00,1281,0.06,1801.45,24.31,
Norte,E3,22:00:00,1282,0.02,1801.45,25.78,
Norte,E3,22:00:00,1284,0.03,1801.38,31.14,
Norte,E3,22:00:00,1286,0.07,1801.46,22.87,
Norte,E3,22:00:00,1288,0.01,1801.46,24.9,
Norte,E3,22:00:00,1289,0.02,1801.46,23.23,
Norte,E3,22:00:00,1290,0.09,1801.46,23.31,
Norte,E3,22:00:00,1291,0.01,1801.46,21.07,
Norte,E3,22:00:00,1292,0.06,1801.46,21.3,
Norte,E3,22:00:00,1293,0.07,1801.46,21.95,
Norte,E3,22:00:00,1294,0.02,1801.47,21.81,
Norte,E3,22:00:00,1295,0.12,1801.47,20.98,
Norte,E3,22:00:00,1297,0.09,1801.48,20.6,
Norte,E3,22:00:00,1302,0.08,1801.47,20.07,
Norte,E3,22:00:00,1304,0.05,1801.47,20.07,
Norte,E3,22:00:00,1305,0.0,1801.47,20.08,
Norte,E3,22:00:00,1306,0.06,1801.47,20.08,
Norte,E3,22:00:00,1308,0.07,1801.46,20.6,
Norte,E3,22:00:00,1309,0.04,1801.46,28.49,
Norte,E3,22:00:00,1310,0.02,1801.46,24.64,
Norte,E3,22:00:00,1312,0.09,1801.4,29.48,
Norte,E3,22:00:00,1313,0.0,1801.4,29.7,
Norte,E3,22:00:00,1315,0.06,1801.4,29.66,
Norte,E3,22:00:00,1318,0.07,1801.36,29.63,
Norte,E3,22:00:00,1319,0.02,1801.36,29.28,
Norte,E3,22:00:00,1321,0.04,1801.46,21.49,
Norte,E3,22:00:00,1322,0.0,1801.46,22.26,
Norte,E3,22:00:00,1323,0.05,1801.46,22.05,
Norte,E3,22:00:00,1324,0.02,1801.47,20.62,
Norte,E3,22:00:00,1326,0.08,1801.46,20.27,
Norte,E3,22:00:00,1334,0.06,1801.46,22.18,
Norte,E3,22:00:00,1335,0.06,1801.44,22.73,
Norte,E3,22:00:00,1336,0.01,1801.44,21.86,
Norte,E3,22:00:00,1340,0.04,1801.46,29.12,
Norte,E3,22:00:00,5010,0.03,1801.44,25.99,
Norte,E3,22:00:00,5011,0.05,1801.35,26.14,
Norte,E3,22:00:00,5019,0.05,1801.36,32.18,
Norte,E3,22:00:00,5086,0.06,1801.37,32.66,
Norte,E3,22:00:00,5087,0.01,1801.37,32.71,
Norte,E3,22:00:00,5108,0.0,1801.35,26.07,
Norte,E3,22:00:00,5112,0.02,1801.49,21.7,
Norte,E3,22:00:00,5148,0.0,1801.37,32.39,
Norte,E3,22:00:00,5193,0.0,1801.37,31.52,
Norte,E3,22:00:00,5204,0.13,1801.32,25.6,
Norte,E3,22:00:00,5241,0.0,1801.44,19.81,
Norte,E3,22:00:00,5264,0.02,1801.38,32.68,
Norte,E3,22:00:00,5289,0.01,1801.36,29.88,
Norte,E3,22:00:00,5291,0.02,1801.4,29.92,
Norte,E3,22:00:00,5311,0.12,1801.36,32.61,
Norte,E3,22:00:00,5312,0.0,1801.36,32.75,
Norte,E3,22:00:00,5313,0.01,1801.36,32.55,
Norte,E3,22:00:00,5314,0.01,1801.35,26.0,
Norte,E3,22:00:00,5342,0.03,1801.44,25.89,
Norte,E3,22:00:00,5343,0.12,1801.5,21.02,
Norte,E3,22:00:00,5344,0.13,1801.5,25.96,
Norte,E3,22:00:00,5345,0.13,1801.5,26.12,
Norte,E3,22:00:00,5478,0.0,1801.49,21.71,
Norte,E3,22:00:00,5484,0.01,1801.44,19.28,
Norte,E3,22:00:00,5493,0.01,1801.39,30.91,
Norte,E3,22:00:00,5494,0.01,1801.39,30.98,
Norte,E3,22:00:00,5495,0.09,1801.36,32.89,
Norte,E3,22:00:00,5506,0.02,1801.43,22.95,
Norte,E3,22:00:00,5523,0.0,1801.37,29.36,
Norte,E3,22:00:00,5533,0.03,1801.46,20.92,
Norte,E3,22:00:00,5537,0.04,1801.37,29.62,
Norte,E3,22:00:00,5538,0.06,1801.37,29.94,
Norte,E3,22:00:00,5603,0.04,1801.38,31.16,
Norte,E3,22:00:00,5604,0.06,1801.37,30.72,
Norte,E3,22:00:00,5613,0.06,1801.38,32.57,
Norte,E3,22:00:00,5614,0.03,1801.39,32.66,
Norte,E3,22:00:00,5620,0.04,1801.36,32.51,
Norte,E3,22:00:00,5621,0.03,1801.36,32.45,
Norte,E3,22:00:00,5678,0.06,1801.36,30.04,
Norte,E3,22:00:00,5685,0.02,1801.39,25.85,
Norte,E3,22:00:00,5709,0.14,1801.5,21.03,
Norte,E3,22:00:00,5744,0.05,1801.39,32.31,
Norte,E3,22:00:00,5746,0.07,1801.44,24.59,
Norte,E3,22:00:00,5747,0.04,1801.42,26.09,
Norte,E3,22:00:00,5748,0.06,1801.56,21.3,
Norte,E3,22:00:00,5749,0.06,1801.62,21.47,
Norte,E3,22:00:00,5750,0.03,1801.67,21.34,
Norte,E3,22:00:00,5760,0.04,1801.72,21.08,
Norte,E3,22:00:00,5761,0.03,1801.68,21.45,
Norte,E3,22:00:00,5762,0.01,1801.77,20.53,
Norte,E3,22:00:00,5763,0.03,1801.75,20.75,
Norte,E3,22:00:00,10020,0.04,1801.38,33.44,
Norte,E3,22:00:00,10059,0.04,1801.36,29.87,
Norte,E3,22:00:00,10061,0.0,1801.46,20.75,
Norte,E3,22:00:00,10062,0.0,1801.48,20.66,
Norte,E3,22:00:00,10063,0.0,1801.51,20.92,
Norte,E3,22:00:00,10082,0.08,1801.44,20.7,
Norte,E3,23:00:00,346,0.04,1801.42,33.72,
Norte,E3,23:00:00,347,0.07,1801.42,33.9,
Norte,E3,23:00:00,348,0.1,1801.42,33.91,
Norte,E3,23:00:00,349,0.05,1801.42,32.59,
Norte,E3,23:00:00,350,0.02,1801.42,32.58,
Norte,E3,23:00:00,351,0.04,1801.43,34.18,
Norte,E3,23:00:00,352,0.11,1801.43,34.06,
Norte,E3,23:00:00,353,0.06,1801.43,33.97,
Norte,E3,23:00:00,354,0.11,1801.44,32.74,
Norte,E3,23:00:00,355,0.04,1801.45,32.67,
Norte,E3,23:00:00,356,0.07,1801.45,32.71,
Norte,E3,23:00:00,357,0.03,1801.45,32.93,
Norte,E3,23:00:00,358,0.02,1801.45,33.18,
Norte,E3,23:00:00,362,0.07,1801.44,32.74,
Norte,E3,23:00:00,363,0.03,1801.44,32.73,
Norte,E3,23:00:00,364,0.07,1801.44,32.73,
Norte,E3,23:00:00,368,0.03,1801.43,32.76,
Norte,E3,23:00:00,371,0.05,1801.43,32.74,
Norte,E3,23:00:00,400,0.05,1801.43,32.45,
Norte,E3,23:00:00,401,0.05,1801.43,32.47,
Norte,E3,23:00:00,404,0.02,1801.43,32.27,
Norte,E3,23:00:00,405,0.01,1801.43,32.22,
Norte,E3,23:00:00,1049,0.02,1801.43,30.03,
Norte,E3,23:00:00,1051,0.03,1801.43,29.92,
Norte,E3,23:00:00,1053,0.02,1801.43,29.92,
Norte,E3,23:00:00,1059,0.05,1801.43,29.69,
Norte,E3,23:00:00,1063,0.02,1801.43,29.42,
Norte,E3,23:00:00,1077,0.02,1801.43,29.88,
Norte,E3,23:00:00,1089,0.03,1801.42,30.03,
Norte,E3,23:00:00,1093,0.06,1801.42,29.58,
Norte,E3,23:00:00,1094,0.02,1801.42,29.34,
Norte,E3,23:00:00,1095,0.02,1801.43,29.84,
Norte,E3,23:00:00,1100,0.04,1801.43,30.45,
Norte,E3,23:00:00,1102,0.06,1801.43,30.4,
Norte,E3,23:00:00,1103,0.01,1801.43,31.38,
Norte,E3,23:00:00,1104,0.06,1801.43,30.43,
Norte,E3,23:00:00,1106,0.07,1801.43,30.37,
Norte,E3,23:00:00,1107,0.03,1801.43,30.63,
Norte,E3,23:00:00,1109,0.01,1801.43,30.62,
Norte,E3,23:00:00,1110,0.01,1801.43,30.26,
Norte,E3,23:00:00,1112,0.02,1801.43,30.28,
Norte,E3,23:00:00,1113,0.03,1801.43,30.02,
Norte,E3,23:00:00,1115,0.07,1801.43,30.01,
Norte,E3,23:00:00,1117,0.07,1801.43,30.06,
Norte,E3,23:00:00,1119,0.09,1801.43,30.65,
Norte,E3,23:00:00,1120,0.07,1801.43,30.22,
Norte,E3,23:00:00,1122,0.05,1801.43,31.52,
Norte,E3,23:00:00,1125,0.05,1801.43,31.46,
Norte,E3,23:00:00,1128,0.05,1801.43,31.71,
Norte,E3,23:00:00,1130,0.06,1801.43,31.53,
Norte,E3,23:00:00,1131,0.07,1801.43,31.68,
Norte,E3,23:00:00,1133,0.02,1801.43,32.71,
Norte,E3,23:00:00,1134,0.12,1801.45,32.78,
Norte,E3,23:00:00,1135,0.08,1801.43,32.89,
Norte,E3,23:00:00,1137,0.1,1801.45,32.72,
Norte,E3,23:00:00,1139,0.07,1801.45,32.7,
Norte,E3,23:00:00,1140,0.03,1801.45,32.75,
Norte,E3,23:00:00,1141,0.05,1801.43,31.69,
Norte,E3,23:00:00,1142,0.02,1801.44,31.64,
Norte,E3,23:00:00,1143,0.07,1801.44,32.49,
Norte,E3,23:00:00,1144,0.06,1801.43,32.66,
Norte,E3,23:00:00,1145,0.03,1801.44,32.58,
Norte,E3,23:00:00,1147,0.0,1801.43,32.73,
Norte,E3,23:00:00,1148,0.0,1801.44,32.75,
Norte,E3,23:00:00,1149,0.13,1801.46,31.35,
Norte,E3,23:00:00,1150,0.18,1801.44,31.16,
Norte,E3,23:00:00,1151,0.03,1801.5,27.27,
Norte,E3,23:00:00,1153,0.01,1801.47,28.87,
Norte,E3,23:00:00,1154,0.0,1801.47,29.32,
Norte,E3,23:00:00,1158,0.09,1801.47,29.53,
Norte,E3,23:00:00,1159,0.07,1801.46,31.9,
Norte,E3,23:00:00,1161,0.03,1801.46,30.97,
Norte,E3,23:00:00,1162,0.0,1801.45,32.39,
Norte,E3,23:00:00,1164,0.08,1801.45,32.47,
Norte,E3,23:00:00,1165,0.03,1801.45,32.58,
Norte,E3,23:00:00,1166,0.04,1801.45,32.13,
Norte,E3,23:00:00,1169,0.07,1801.45,32.75,
Norte,E3,23:00:00,1171,0.06,1801.44,32.76,
Norte,E3,23:00:00,1172,0.13,1801.44,33.81,
Norte,E3,23:00:00,1174,0.05,1801.44,33.61,
Norte,E3,23:00:00,1175,0.1,1801.45,32.11,
Norte,E3,23:00:00,1176,0.14,1801.45,33.6,
Norte,E3,23:00:00,1179,0.05,1801.45,33.11,
Norte,E3,23:00:00,1181,0.01,1801.44,33.6,
Norte,E3,23:00:00,1182,0.05,1801.45,32.84,
Norte,E3,23:00:00,1184,0.03,1801.48,25.04,
Norte,E3,23:00:00,1185,0.02,1801.47,26.74,
Norte,E3,23:00:00,1186,0.01,1801.47,26.06,
Norte,E3,23:00:00,1187,0.17,1801.45,25.74,
Norte,E3,23:00:00,1189,0.01,1801.41,25.32,
Norte,E3,23:00:00,1190,0.05,1801.41,26.28,
Norte,E3,23:00:00,1191,0.05,1801.45,29.33,
Norte,E3,23:00:00,1192,0.01,1801.45,27.43,
Norte,E3,23:00:00,1196,0.04,1801.39,27.17,
Norte,E3,23:00:00,1197,0.04,1801.39,27.64,
Norte,E3,23:00:00,1207,0.09,1801.39,25.6,
Norte,E3,23:00:00,1216,0.07,1801.38,19.35,
Norte,E3,23:00:00,1221,0.04,1801.49,19.93,
Norte,E3,23:00:00,1223,0.04,1801.49,19.71,
Norte,E3,23:00:00,1224,0.06,1801.48,23.3,
Norte,E3,23:00:00,1225,0.03,1801.47,24.77,
Norte,E3,23:00:00,1226,0.05,1801.48,23.53,
Norte,E3,23:00:00,1228,0.03,1801.48,22.86,
Norte,E3,23:00:00,1229,0.01,1801.48,22.56,
Norte,E3,23:00:00,1230,0.01,1801.48,22.51,
Norte,E3,23:00:00,1231,0.01,1801.48,22.59,
Norte,E3,23:00:00,1232,0.02,1801.48,22.05,
Norte,E3,23:00:00,1233,0.01,1801.48,22.02,
Norte,E3,23:00:00,1240,0.09,1801.49,21.32,
Norte,E3,23:00:00,1242,0.09,1801.48,22.48,
Norte,E3,23:00:00,1243,0.03,1801.48,23.25,
Norte,E3,23:00:00,1244,0.09,1801.47,24.8,
Norte,E3,23:00:00,1245,0.05,1801.47,25.88,
Norte,E3,23:00:00,1246,0.03,1801.46,26.06,
Norte,E3,23:00:00,1247,0.06,1801.46,25.82,
Norte,E3,23:00:00,1248,0.05,1801.46,25.53,
Norte,E3,23:00:00,1249,0.11,1801.48,23.9,
Norte,E3,23:00:00,1250,0.12,1801.49,22.8,
Norte,E3,23:00:00,1252,0.09,1801.5,21.41,
Norte,E3,23:00:00,1253,0.12,1801.48,23.87,
Norte,E3,23:00:00,1254,0.11,1801.5,22.2,
Norte,E3,23:00:00,1255,0.06,1801.52,21.95,
Norte,E3,23:00:00,1257,0.07,1801.52,21.33,
Norte,E3,23:00:00,1265,0.03,1801.55,20.96,
Norte,E3,23:00:00,1268,0.05,1801.55,21.05,
Norte,E3,23:00:00,1272,0.03,1801.53,21.7,
Norte,E3,23:00:00,1274,0.05,1801.53,21.73,
Norte,E3,23:00:00,1276,0.11,1801.51,22.7,
Norte,E3,23:00:00,1279,0.05,1801.5,23.99,
Norte,E3,23:00:00,1281,0.05,1801.5,24.36,
Norte,E3,23:00:00,1282,0.02,1801.5,25.83,
Norte,E3,23:00:00,1284,0.02,1801.44,31.2,
Norte,E3,23:00:00,1286,0.07,1801.5,22.91,
Norte,E3,23:00:00,1288,0.01,1801.5,24.94,
Norte,E3,23:00:00,1289,0.02,1801.5,23.27,
Norte,E3,23:00:00,1290,0.08,1801.5,23.35,
Norte,E3,23:00:00,1291,0.01,1801.51,21.12,
Norte,E3,23:00:00,1292,0.05,1801.51,21.35,
Norte,E3,23:00:00,1293,0.07,1801.51,22.0,
Norte,E3,23:00:00,1294,0.02,1801.51,21.85,
Norte,E3,23:00:00,1295,0.11,1801.52,21.03,
Norte,E3,23:00:00,1297,0.08,1801.52,20.64,
Norte,E3,23:00:00,1302,0.08,1801.51,20.11,
Norte,E3,23:00:00,1304,0.05,1801.51,20.11,
Norte,E3,23:00:00,1305,0.0,1801.51,20.12,
Norte,E3,23:00:00,1306,0.05,1801.51,20.12,
Norte,E3,23:00:00,1308,0.07,1801.51,20.65,
Norte,E3,23:00:00,1309,0.03,1801.51,28.54,
Norte,E3,23:00:00,1310,0.02,1801.51,24.69,
Norte,E3,23:00:00,1312,0.08,1801.46,29.54,
Norte,E3,23:00:00,1313,0.0,1801.46,29.76,
Norte,E3,23:00:00,1315,0.05,1801.46,29.72,
Norte,E3,23:00:00,1318,0.07,1801.42,29.69,
Norte,E3,23:00:00,1319,0.01,1801.42,29.34,
Norte,E3,23:00:00,1321,0.04,1801.51,21.54,
Norte,E3,23:00:00,1322,0.0,1801.51,22.31,
Norte,E3,23:00:00,1323,0.05,1801.51,22.1,
Norte,E3,23:00:00,1324,0.02,1801.51,20.66,
Norte,E3,23:00:00,1326,0.07,1801.51,20.32,
Norte,E3,23:00:00,1334,0.05,1801.5,22.22,
Norte,E3,23:00:00,1335,0.06,1801.49,22.78,
Norte,E3,23:00:00,1336,0.01,1801.49,21.91,
Norte,E3,23:00:00,1340,0.03,1801.5,29.16,
Norte,E3,23:00:00,5010,0.03,1801.49,26.04,
Norte,E3,23:00:00,5011,0.04,1801.41,26.2,
Norte,E3,23:00:00,5019,0.05,1801.42,32.24,
Norte,E3,23:00:00,5086,0.06,1801.43,32.72,
Norte,E3,23:00:00,5087,0.01,1801.43,32.77,
Norte,E3,23:00:00,5108,0.0,1801.41,26.13,
Norte,E3,23:00:00,5112,0.02,1801.53,21.74,
Norte,E3,23:00:00,5148,0.0,1801.43,32.45,
Norte,E3,23:00:00,5193,0.0,1801.43,31.58,
Norte,E3,23:00:00,5204,0.12,1801.39,25.67,
Norte,E3,23:00:00,5241,0.0,1801.49,19.86,
Norte,E3,23:00:00,5264,0.02,1801.44,32.74,
Norte,E3,23:00:00,5289,0.01,1801.42,29.94,
Norte,E3,23:00:00,5291,0.01,1801.46,29.98,
Norte,E3,23:00:00,5311,0.11,1801.43,32.68,
Norte,E3,23:00:00,5312,0.0,1801.43,32.82,
Norte,E3,23:00:00,5313,0.01,1801.43,32.62,
Norte,E3,23:00:00,5314,0.01,1801.41,26.06,
Norte,E3,23:00:00,5342,0.03,1801.49,25.94,
Norte,E3,23:00:00,5343,0.11,1801.55,21.07,
Norte,E3,23:00:00,5344,0.11,1801.54,26.0,
Norte,E3,23:00:00,5345,0.11,1801.54,26.16,
Norte,E3,23:00:00,5478,0.0,1801.53,21.75,
Norte,E3,23:00:00,5484,0.0,1801.49,19.33,
Norte,E3,23:00:00,5493,0.01,1801.45,30.97,
Norte,E3,23:00:00,5494,0.01,1801.45,31.04,
Norte,E3,23:00:00,5495,0.08,1801.43,32.96,
Norte,E3,23:00:00,5506,0.01,1801.48,23.0,
Norte,E3,23:00:00,5523,0.0,1801.43,29.42,
Norte,E3,23:00:00,5533,0.02,1801.51,20.97,
Norte,E3,23:00:00,5537,0.03,1801.43,29.68,
Norte,E3,23:00:00,5538,0.06,1801.43,30.0,
Norte,E3,23:00:00,5603,0.04,1801.44,31.22,
Norte,E3,23:00:00,5604,0.06,1801.43,30.78,
Norte,E3,23:00:00,5613,0.06,1801.44,32.63,
Norte,E3,23:00:00,5614,0.02,1801.45,32.72,
Norte,E3,23:00:00,5620,0.04,1801.42,32.57,
Norte,E3,23:00:00,5621,0.03,1801.42,32.51,
Norte,E3,23:00:00,5678,0.05,1801.43,30.11,
Norte,E3,23:00:00,5685,0.02,1801.45,25.91,
Norte,E3,23:00:00,5709,0.13,1801.55,21.08,
Norte,E3,23:00:00,5744,0.04,1801.45,32.37,
Norte,E3,23:00:00,5746,0.07,1801.49,24.64,
Norte,E3,23:00:00,5747,0.04,1801.47,26.14,
Norte,E3,23:00:00,5748,0.05,1801.59,21.33,
Norte,E3,23:00:00,5749,0.05,1801.64,21.49,
Norte,E3,23:00:00,5750,0.03,1801.68,21.35,
Norte,E3,23:00:00,5760,0.03,1801.73,21.09,
Norte,E3,23:00:00,5761,0.02,1801.69,21.46,
Norte,E3,23:00:00,5762,0.01,1801.77,20.53,
Norte,E3,23:00:00,5763,0.02,1801.76,20.76,
Norte,E3,23:00:00,10020,0.04,1801.44,33.5,
Norte,E3,23:00:00,10059,0.03,1801.43,29.94,
Norte,E3,23:00:00,10061,0.0,1801.51,20.8,
Norte,E3,23:00:00,10062,0.0,1801.52,20.7,
Norte,E3,23:00:00,10063,0.0,1801.55,20.96,
Norte,E3,23:00:00,10082,0.07,1801.49,20.75,
Norte,E3,24:00:00,346,0.03,1801.47,33.77,
Norte,E3,24:00:00,347,0.06,1801.47,33.95,
Norte,E3,24:00:00,348,0.1,1801.47,33.96,
Norte,E3,24:00:00,349,0.04,1801.47,32.64,
Norte,E3,24:00:00,350,0.02,1801.47,32.63,
Norte,E3,24:00:00,351,0.04,1801.47,34.22,
Norte,E3,24:00:00,352,0.1,1801.47,34.1,
Norte,E3,24:00:00,353,0.06,1801.47,34.01,
Norte,E3,24:00:00,354,0.1,1801.49,32.79,
Norte,E3,24:00:00,355,0.04,1801.49,32.71,
Norte,E3,24:00:00,356,0.07,1801.49,32.75,
Norte,E3,24:00:00,357,0.03,1801.49,32.97,
Norte,E3,24:00:00,358,0.02,1801.49,33.22,
Norte,E3,24:00:00,362,0.07,1801.48,32.78,
Norte,E3,24:00:00,363,0.03,1801.48,32.77,
Norte,E3,24:00:00,364,0.06,1801.48,32.77,
Norte,E3,24:00:00,368,0.03,1801.47,32.8,
Norte,E3,24:00:00,371,0.04,1801.47,32.78,
Norte,E3,24:00:00,400,0.05,1801.48,32.5,
Norte,E3,24:00:00,401,0.04,1801.48,32.52,
Norte,E3,24:00:00,404,0.02,1801.48,32.32,
Norte,E3,24:00:00,405,0.01,1801.48,32.27,
Norte,E3,24:00:00,1049,0.02,1801.47,30.07,
Norte,E3,24:00:00,1051,0.03,1801.47,29.96,
Norte,E3,24:00:00,1053,0.02,1801.47,29.96,
Norte,E3,24:00:00,1059,0.04,1801.47,29.73,
Norte,E3,24:00:00,1063,0.02,1801.47,29.46,
Norte,E3,24:00:00,1077,0.02,1801.47,29.92,
Norte,E3,24:00:00,1089,0.03,1801.47,30.08,
Norte,E3,24:00:00,1093,0.06,1801.47,29.63,
Norte,E3,24:00:00,1094,0.01,1801.47,29.39,
Norte,E3,24:00:00,1095,0.02,1801.47,29.88,
Norte,E3,24:00:00,1100,0.03,1801.47,30.49,
Norte,E3,24:00:00,1102,0.06,1801.47,30.44,
Norte,E3,24:00:00,1103,0.0,1801.47,31.42,
Norte,E3,24:00:00,1104,0.06,1801.47,30.47,
Norte,E3,24:00:00,1106,0.07,1801.47,30.41,
Norte,E3,24:00:00,1107,0.03,1801.47,30.67,
Norte,E3,24:00:00,1109,0.01,1801.47,30.66,
Norte,E3,24:00:00,1110,0.01,1801.47,30.3,
Norte,E3,24:00:00,1112,0.02,1801.47,30.32,
Norte,E3,24:00:00,1113,0.03,1801.47,30.06,
Norte,E3,24:00:00,1115,0.07,1801.47,30.05,
Norte,E3,24:00:00,1117,0.07,1801.47,30.1,
Norte,E3,24:00:00,1119,0.09,1801.47,30.69,
Norte,E3,24:00:00,1120,0.06,1801.47,30.26,
Norte,E3,24:00:00,1122,0.04,1801.47,31.56,
Norte,E3,24:00:00,1125,0.05,1801.47,31.5,
Norte,E3,24:00:00,1128,0.05,1801.47,31.75,
Norte,E3,24:00:00,1130,0.06,1801.47,31.57,
Norte,E3,24:00:00,1131,0.06,1801.47,31.72,
Norte,E3,24:00:00,1133,0.02,1801.47,32.75,
Norte,E3,24:00:00,1134,0.11,1801.49,32.82,
Norte,E3,24:00:00,1135,0.07,1801.47,32.93,
Norte,E3,24:00:00,1137,0.1,1801.49,32.76,
Norte,E3,24:00:00,1139,0.06,1801.49,32.74,
Norte,E3,24:00:00,1140,0.02,1801.49,32.79,
Norte,E3,24:00:00,1141,0.04,1801.47,31.73,
Norte,E3,24:00:00,1142,0.02,1801.48,31.68,
Norte,E3,24:00:00,1143,0.06,1801.48,32.53,
Norte,E3,24:00:00,1144,0.06,1801.47,32.7,
Norte,E3,24:00:00,1145,0.03,1801.48,32.62,
Norte,E3,24:00:00,1147,0.0,1801.48,32.78,
Norte,E3,24:00:00,1148,0.0,1801.48,32.79,
Norte,E3,24:00:00,1149,0.12,1801.5,31.39,
Norte,E3,24:00:00,1150,0.16,1801.48,31.2,
Norte,E3,24:00:00,1151,0.03,1801.54,27.31,
Norte,E3,24:00:00,1153,0.01,1801.51,28.91,
Norte,E3,24:00:00,1154,0.0,1801.51,29.36,
Norte,E3,24:00:00,1158,0.09,1801.51,29.57,
Norte,E3,24:00:00,1159,0.06,1801.5,31.94,
Norte,E3,24:00:00,1161,0.03,1801.5,31.01,
Norte,E3,24:00:00,1162,0.0,1801.49,32.43,
Norte,E3,24:00:00,1164,0.08,1801.49,32.51,
Norte,E3,24:00:00,1165,0.03,1801.49,32.62,
Norte,E3,24:00:00,1166,0.04,1801.5,32.18,
Norte,E3,24:00:00,1169,0.07,1801.49,32.79,
Norte,E3,24:00:00,1171,0.05,1801.48,32.8,
Norte,E3,24:00:00,1172,0.12,1801.48,33.85,
Norte,E3,24:00:00,1174,0.04,1801.48,33.65,
Norte,E3,24:00:00,1175,0.09,1801.49,32.15,
Norte,E3,24:00:00,1176,0.13,1801.49,33.64,
Norte,E3,24:00:00,1179,0.04,1801.49,33.15,
Norte,E3,24:00:00,1181,0.01,1801.48,33.64,
Norte,E3,24:00:00,1182,0.05,1801.49,32.88,
Norte,E3,24:00:00,1184,0.03,1801.51,25.07,
Norte,E3,24:00:00,1185,0.02,1801.51,26.78,
Norte,E3,24:00:00,1186,0.01,1801.51,26.1,
Norte,E3,24:00:00,1187,0.16,1801.49,25.78,
Norte,E3,24:00:00,1189,0.01,1801.46,25.37,
Norte,E3,24:00:00,1190,0.05,1801.46,26.33,
Norte,E3,24:00:00,1191,0.05,1801.49,29.37,
Norte,E3,24:00:00,1192,0.01,1801.49,27.47,
Norte,E3,24:00:00,1196,0.04,1801.43,27.21,
Norte,E3,24:00:00,1197,0.04,1801.43,27.68,
Norte,E3,24:00:00,1207,0.09,1801.43,25.64,
Norte,E3,24:00:00,1216,0.07,1801.43,19.4,
Norte,E3,24:00:00,1221,0.04,1801.52,19.96,
Norte,E3,24:00:00,1223,0.04,1801.52,19.74,
Norte,E3,24:00:00,1224,0.05,1801.52,23.34,
Norte,E3,24:00:00,1225,0.03,1801.5,24.8,
Norte,E3,24:00:00,1226,0.05,1801.52,23.57,
Norte,E3,24:00:00,1228,0.03,1801.52,22.9,
Norte,E3,24:00:00,1229,0.01,1801.52,22.6,
Norte,E3,24:00:00,1230,0.01,1801.52,22.55,
Norte,E3,24:00:00,1231,0.01,1801.52,22.63,
Norte,E3,24:00:00,1232,0.02,1801.52,22.09,
Norte,E3,24:00:00,1233,0.01,1801.52,22.06,
Norte,E3,24:00:00,1240,0.09,1801.53,21.36,
Norte,E3,24:00:00,1242,0.09,1801.52,22.52,
Norte,E3,24:00:00,1243,0.03,1801.52,23.29,
Norte,E3,24:00:00,1244,0.09,1801.51,24.84,
Norte,E3,24:00:00,1245,0.05,1801.5,25.91,
Norte,E3,24:00:00,1246,0.03,1801.5,26.1,
Norte,E3,24:00:00,1247,0.05,1801.5,25.86,
Norte,E3,24:00:00,1248,0.05,1801.5,25.57,
Norte,E3,24:00:00,1249,0.11,1801.51,23.93,
Norte,E3,24:00:00,1250,0.11,1801.52,22.83,
Norte,E3,24:00:00,1252,0.08,1801.53,21.44,
Norte,E3,24:00:00,1253,0.11,1801.52,23.91,
Norte,E3,24:00:00,1254,0.1,1801.53,22.23,
Norte,E3,24:00:00,1255,0.06,1801.55,21.98,
Norte,E3,24:00:00,1257,0.06,1801.55,21.36,
Norte,E3,24:00:00,1265,0.02,1801.58,20.99,
Norte,E3,24:00:00,1268,0.05,1801.58,21.08,
Norte,E3,24:00:00,1272,0.02,1801.56,21.73,
Norte,E3,24:00:00,1274,0.05,1801.56,21.76,
Norte,E3,24:00:00,1276,0.1,1801.55,22.74,
Norte,E3,24:00:00,1279,0.04,1801.54,24.03,
Norte,E3,24:00:00,1281,0.05,1801.54,24.4,
Norte,E3,24:00:00,1282,0.02,1801.54,25.87,
Norte,E3,24:00:00,1284,0.02,1801.48,31.24,
Norte,E3,24:00:00,1286,0.06,1801.54,22.95,
Norte,E3,24:00:00,1288,0.01,1801.54,24.98,
Norte,E3,24:00:00,1289,0.02,1801.54,23.31,
Norte,E3,24:00:00,1290,0.08,1801.54,23.39,
Norte,E3,24:00:00,1291,0.0,1801.54,21.15,
Norte,E3,24:00:00,1292,0.05,1801.54,21.38,
Norte,E3,24:00:00,1293,0.06,1801.54,22.03,
Norte,E3,24:00:00,1294,0.02,1801.55,21.89,
Norte,E3,24:00:00,1295,0.1,1801.55,21.06,
Norte,E3,24:00:00,1297,0.07,1801.55,20.67,
Norte,E3,24:00:00,1302,0.07,1801.55,20.15,
Norte,E3,24:00:00,1304,0.04,1801.55,20.15,
Norte,E3,24:00:00,1305,0.0,1801.55,20.16,
Norte,E3,24:00:00,1306,0.05,1801.55,20.16,
Norte,E3,24:00:00,1308,0.06,1801.54,20.68,
Norte,E3,24:00:00,1309,0.03,1801.54,28.57,
Norte,E3,24:00:00,1310,0.01,1801.54,24.72,
Norte,E3,24:00:00,1312,0.08,1801.5,29.58,
Norte,E3,24:00:00,1313,0.0,1801.5,29.8,
Norte,E3,24:00:00,1315,0.05,1801.5,29.76,
Norte,E3,24:00:00,1318,0.06,1801.47,29.74,
Norte,E3,24:00:00,1319,0.01,1801.47,29.39,
Norte,E3,24:00:00,1321,0.04,1801.54,21.57,
Norte,E3,24:00:00,1322,0.0,1801.54,22.34,
Norte,E3,24:00:00,1323,0.05,1801.54,22.13,
Norte,E3,24:00:00,1324,0.02,1801.55,20.7,
Norte,E3,24:00:00,1326,0.07,1801.54,20.35,
Norte,E3,24:00:00,1334,0.05,1801.54,22.26,
Norte,E3,24:00:00,1335,0.05,1801.53,22.82,
Norte,E3,24:00:00,1336,0.01,1801.53,21.95,
Norte,E3,24:00:00,1340,0.03,1801.54,29.2,
Norte,E3,24:00:00,5010,0.02,1801.52,26.07,
Norte,E3,24:00:00,5011,0.04,1801.46,26.25,
Norte,E3,24:00:00,5019,0.04,1801.47,32.29,
Norte,E3,24:00:00,5086,0.05,1801.48,32.77,
Norte,E3,24:00:00,5087,0.0,1801.48,32.82,
Norte,E3,24:00:00,5108,0.0,1801.46,26.18,
Norte,E3,24:00:00,5112,0.02,1801.56,21.77,
Norte,E3,24:00:00,5148,0.0,1801.48,32.5,
Norte,E3,24:00:00,5193,0.0,1801.47,31.62,
Norte,E3,24:00:00,5204,0.11,1801.43,25.71,
Norte,E3,24:00:00,5241,0.0,1801.52,19.89,
Norte,E3,24:00:00,5264,0.02,1801.48,32.78,
Norte,E3,24:00:00,5289,0.01,1801.47,29.99,
Norte,E3,24:00:00,5291,0.01,1801.5,30.02,
Norte,E3,24:00:00,5311,0.1,1801.47,32.72,
Norte,E3,24:00:00,5312,0.0,1801.47,32.86,
Norte,E3,24:00:00,5313,0.0,1801.47,32.66,
Norte,E3,24:00:00,5314,0.01,1801.46,26.11,
Norte,E3,24:00:00,5342,0.03,1801.52,25.97,
Norte,E3,24:00:00,5343,0.11,1801.57,21.09,
Norte,E3,24:00:00,5344,0.11,1801.57,26.03,
Norte,E3,24:00:00,5345,0.11,1801.57,26.19,
Norte,E3,24:00:00,5478,0.0,1801.56,21.78,
Norte,E3,24:00:00,5484,0.0,1801.52,19.36,
Norte,E3,24:00:00,5493,0.01,1801.49,31.01,
Norte,E3,24:00:00,5494,0.01,1801.49,31.08,
Norte,E3,24:00:00,5495,0.08,1801.47,33.0,
Norte,E3,24:00:00,5506,0.01,1801.52,23.04,
Norte,E3,24:00:00,5523,0.0,1801.47,29.46,
Norte,E3,24:00:00,5533,0.02,1801.54,21.0,
Norte,E3,24:00:00,5537,0.03,1801.47,29.72,
Norte,E3,24:00:00,5538,0.05,1801.47,30.04,
Norte,E3,24:00:00,5603,0.04,1801.48,31.26,
Norte,E3,24:00:00,5604,0.05,1801.48,30.83,
Norte,E3,24:00:00,5613,0.05,1801.48,32.67,
Norte,E3,24:00:00,5614,0.02,1801.49,32.76,
Norte,E3,24:00:00,5620,0.04,1801.47,32.62,
Norte,E3,24:00:00,5621,0.03,1801.47,32.56,
Norte,E3,24:00:00,5678,0.05,1801.47,30.15,
Norte,E3,24:00:00,5685,0.02,1801.49,25.95,
Norte,E3,24:00:00,5709,0.12,1801.57,21.1,
Norte,E3,24:00:00,5744,0.04,1801.49,32.41,
Norte,E3,24:00:00,5746,0.06,1801.53,24.68,
Norte,E3,24:00:00,5747,0.04,1801.51,26.18,
Norte,E3,24:00:00,5748,0.05,1801.61,21.35,
Norte,E3,24:00:00,5749,0.05,1801.66,21.51,
Norte,E3,24:00:00,5750,0.03,1801.7,21.37,
Norte,E3,24:00:00,5760,0.03,1801.73,21.09,
Norte,E3,24:00:00,5761,0.02,1801.71,21.48,
Norte,E3,24:00:00,5762,0.01,1801.77,20.53,
Norte,E3,24:00:00,5763,0.02,1801.76,20.76,
Norte,E3,24:00:00,10020,0.04,1801.48,33.54,
Norte,E3,24:00:00,10059,0.03,1801.47,29.98,
Norte,E3,24:00:00,10061,0.0,1801.54,20.83,
Norte,E3,24:00:00,10062,0.0,1801.55,20.73,
Norte,E3,24:00:00,10063,0.0,1801.58,20.99,
Norte,E3,24:00:00,10082,0.07,1801.53,20.79,
