Sector,Escenario,Hora,IdNudo,Demanda,Altura,Presion,Calidad
Norte,E0,0:00:00,346,0.03,1801.47,33.77,
Norte,E0,0:00:00,347,0.06,1801.47,33.95,
Norte,E0,0:00:00,348,0.1,1801.47,33.96,
Norte,E0,0:00:00,349,0.04,1801.47,32.64,
Norte,E0,0:00:00,350,0.02,1801.47,32.63,
Norte,E0,0:00:00,351,0.04,1801.47,34.22,
Norte,E0,0:00:00,352,0.1,1801.47,34.1,
Norte,E0,0:00:00,353,0.06,1801.47,34.01,
Norte,E0,0:00:00,354,0.1,1801.49,32.79,
Norte,E0,0:00:00,355,0.04,1801.49,32.71,
Norte,E0,0:00:00,356,0.07,1801.49,32.75,
Norte,E0,0:00:00,357,0.03,1801.49,32.97,
Norte,E0,0:00:00,358,0.02,1801.49,33.22,
Norte,E0,0:00:00,362,0.07,1801.48,32.78,
Norte,E0,0:00:00,363,0.03,1801.48,32.77,
Norte,E0,0:00:00,364,0.06,1801.48,32.77,
Norte,E0,0:00:00,368,0.03,1801.47,32.8,
Norte,E0,0:00:00,371,0.04,1801.47,32.78,
Norte,E0,0:00:00,400,0.05,1801.48,32.5,
Norte,E0,0:00:00,401,0.04,1801.48,32.52,
Norte,E0,0:00:00,404,0.02,1801.48,32.32,
Norte,E0,0:00:00,405,0.01,1801.48,32.27,
Norte,E0,0:00:00,1049,0.02,1801.47,30.07,
Norte,E0,0:00:00,1051,0.03,1801.47,29.96,
Norte,E0,0:00:00,1053,0.02,1801.47,29.96,
Norte,E0,0:00:00,1059,0.04,1801.47,29.73,
Norte,E0,0:00:00,1063,0.02,1801.47,29.46,
Norte,E0,0:00:00,1077,0.02,1801.47,29.92,
Norte,E0,0:00:00,1089,0.03,1801.47,30.08,
Norte,E0,0:00:00,1093,0.06,1801.47,29.63,
Norte,E0,0:00:00,1094,0.01,1801.47,29.39,
Norte,E0,0:00:00,1095,0.02,1801.47,29.88,
Norte,E0,0:00:00,1100,0.03,1801.47,30.49,
Norte,E0,0:00:00,1102,0.06,1801.47,30.44,
Norte,E0,0:00:00,1103,0.0,1801.47,31.42,
Norte,E0,0:00:00,1104,0.06,1801.47,30.47,
Norte,E0,0:00:00,1106,0.07,1801.47,30.41,
Norte,E0,0:00:00,1107,0.03,1801.47,30.67,
Norte,E0,0:00:00,1109,0.01,1801.47,30.66,
Norte,E0,0:00:00,1110,0.01,1801.47,30.3,
Norte,E0,0:00:00,1112,0.02,1801.47,30.32,
Norte,E0,0:00:00,1113,0.03,1801.47,30.06,
Norte,E0,0:00:00,1115,0.07,1801.47,30.05,
Norte,E0,0:00:00,1117,0.07,1801.47,30.1,
Norte,E0,0:00:00,1119,0.09,1801.47,30.69,
Norte,E0,0:00:00,1120,0.06,1801.47,30.26,
Norte,E0,0:00:00,1122,0.04,1801.47,31.56,
Norte,E0,0:00:00,1125,0.05,1801.47,31.5,
Norte,E0,0:00:00,1128,0.05,1801.47,31.75,
Norte,E0,0:00:00,1130,0.06,1801.47,31.57,
Norte,E0,0:00:00,1131,0.06,1801.47,31.72,
Norte,E0,0:00:00,1133,0.02,1801.47,32.75,
Norte,E0,0:00:00,1134,0.11,1801.49,32.82,
Norte,E0,0:00:00,1135,0.07,1801.47,32.93,
Norte,E0,0:00:00,1137,0.1,1801.49,32.76,
Norte,E0,0:00:00,1139,0.06,1801.49,32.74,
Norte,E0,0:00:00,1140,0.02,1801.49,32.79,
Norte,E0,0:00:00,1141,0.04,1801.47,31.73,
Norte,E0,0:00:00,1142,0.02,1801.48,31.68,
Norte,E0,0:00:00,1143,0.06,1801.48,32.53,
Norte,E0,0:00:00,1144,0.06,1801.47,32.7,
Norte,E0,0:00:00,1145,0.03,1801.48,32.62,
Norte,E0,0:00:00,1147,0.0,1801.48,32.78,
Norte,E0,0:00:00,1148,0.0,1801.48,32.79,
Norte,E0,0:00:00,1149,0.12,1801.5,31.39,
Norte,E0,0:00:00,1150,0.16,1801.48,31.2,
Norte,E0,0:00:00,1151,0.03,1801.54,27.31,
Norte,E0,0:00:00,1153,0.01,1801.51,28.91,
Norte,E0,0:00:00,1154,0.0,1801.51,29.36,
Norte,E0,0:00:00,1158,0.09,1801.51,29.57,
Norte,E0,0:00:00,1159,0.06,1801.5,31.94,
Norte,E0,0:00:00,1161,0.03,1801.5,31.01,
Norte,E0,0:00:00,1162,0.0,1801.49,32.43,
Norte,E0,0:00:00,1164,0.08,1801.49,32.51,
Norte,E0,0:00:00,1165,0.03,1801.49,32.62,
Norte,E0,0:00:00,1166,0.04,1801.5,32.18,
Norte,E0,0:00:00,1169,0.07,1801.49,32.79,
Norte,E0,0:00:00,1171,0.05,1801.48,32.8,
Norte,E0,0:00:00,1172,0.12,1801.48,33.85,
Norte,E0,0:00:00,1174,0.04,1801.48,33.65,
Norte,E0,0:00:00,1175,0.09,1801.49,32.15,
Norte,E0,0:00:00,1176,0.13,1801.49,33.64,
Norte,E0,0:00:00,1179,0.04,1801.49,33.15,
Norte,E0,0:00:00,1181,0.01,1801.48,33.64,
Norte,E0,0:00:00,1182,0.05,1801.49,32.88,
Norte,E0,0:00:00,1184,0.03,1801.51,25.07,
Norte,E0,0:00:00,1185,0.02,1801.51,26.78,
Norte,E0,0:00:00,1186,0.01,1801.51,26.1,
Norte,E0,0:00:00,1187,0.16,1801.49,25.78,
Norte,E0,0:00:00,1189,0.01,1801.46,25.37,
Norte,E0,0:00:00,1190,0.05,1801.46,26.33,
Norte,E0,0:00:00,1191,0.05,1801.49,29.37,
Norte,E0,0:00:00,1192,0.01,1801.49,27.47,
Norte,E0,0:00:00,1196,0.04,1801.43,27.21,
Norte,E0,0:00:00,1197,0.04,1801.43,27.68,
Norte,E0,0:00:00,1207,0.09,1801.43,25.64,
Norte,E0,0:00:00,1216,0.07,1801.43,19.4,
Norte,E0,0:00:00,1221,0.04,1801.52,19.96,
Norte,E0,0:00:00,1223,0.04,1801.52,19.74,
Norte,E0,0:00:00,1224,0.05,1801.52,23.34,
Norte,E0,0:00:00,1225,0.03,1801.5,24.8,
Norte,E0,0:00:00,1226,0.05,1801.52,23.57,
Norte,E0,0:00:00,1228,0.03,1801.52,22.9,
Norte,E0,0:00:00,1229,0.01,1801.52,22.6,
Norte,E0,0:00:00,1230,0.01,1801.52,22.55,
Norte,E0,0:00:00,1231,0.01,1801.52,22.63,
Norte,E0,0:00:00,1232,0.02,1801.52,22.09,
Norte,E0,0:00:00,1233,0.01,1801.52,22.06,
Norte,E0,0:00:00,1240,0.09,1801.53,21.36,
Norte,E0,0:00:00,1242,0.09,1801.52,22.52,
Norte,E0,0:00:00,1243,0.03,1801.52,23.29,
Norte,E0,0:00:00,1244,0.09,1801.51,24.84,
Norte,E0,0:00:00,1245,0.05,1801.5,25.91,
Norte,E0,0:00:00,1246,0.03,1801.5,26.1,
Norte,E0,0:00:00,1247,0.05,1801.5,25.86,
Norte,E0,0:00:00,1248,0.05,1801.5,25.57,
Norte,E0,0:00:00,1249,0.11,1801.51,23.93,
Norte,E0,0:00:00,1250,0.11,1801.52,22.83,
Norte,E0,0:00:00,1252,0.08,1801.53,21.44,
Norte,E0,0:00:00,1253,0.11,1801.52,23.91,
Norte,E0,0:00:00,1254,0.1,1801.53,22.23,
Norte,E0,0:00:00,1255,0.06,1801.55,21.98,
Norte,E0,0:00:00,1257,0.06,1801.55,21.36,
Norte,E0,0:00:00,1265,0.02,1801.58,20.99,
Norte,E0,0:00:00,1268,0.05,1801.58,21.08,
Norte,E0,0:00:00,1272,0.02,1801.56,21.73,
Norte,E0,0:00:00,1274,0.05,1801.56,21.76,
Norte,E0,0:00:00,1276,0.1,1801.55,22.74,
Norte,E0,0:00:00,1279,0.04,1801.54,24.03,
Norte,E0,0:00:00,1281,0.05,1801.54,24.4,
Norte,E0,0:00:00,1282,0.02,1801.54,25.87,
Norte,E0,0:00:00,1284,0.02,1801.48,31.24,
Norte,E0,0:00:00,1286,0.06,1801.54,22.95,
Norte,E0,0:00:00,1288,0.01,1801.54,24.98,
Norte,E0,0:00:00,1289,0.02,1801.54,23.31,
Norte,E0,0:00:00,1290,0.08,1801.54,23.39,
Norte,E0,0:00:00,1291,0.0,1801.54,21.15,
Norte,E0,0:00:00,1292,0.05,1801.54,21.38,
Norte,E0,0:00:00,1293,0.06,1801.54,22.03,
Norte,E0,0:00:00,1294,0.02,1801.55,21.89,
Norte,E0,0:00:00,1295,0.1,1801.55,21.06,
Norte,E0,0:00:00,1297,0.07,1801.55,20.67,
Norte,E0,0:00:00,1302,0.07,1801.55,20.15,
Norte,E0,0:00:00,1304,0.04,1801.55,20.15,
Norte,E0,0:00:00,1305,0.0,1801.55,20.16,
Norte,E0,0:00:00,1306,0.05,1801.55,20.16,
Norte,E0,0:00:00,1308,0.06,1801.54,20.68,
Norte,E0,0:00:00,1309,0.03,1801.54,28.57,
Norte,E0,0:00:00,1310,0.01,1801.54,24.72,
Norte,E0,0:00:00,1312,0.08,1801.5,29.58,
Norte,E0,0:00:00,1313,0.0,1801.5,29.8,
Norte,E0,0:00:00,1315,0.05,1801.5,29.76,
Norte,E0,0:00:00,1318,0.06,1801.47,29.74,
Norte,E0,0:00:00,1319,0.01,1801.47,29.39,
Norte,E0,0:00:00,1321,0.04,1801.54,21.57,
Norte,E0,0:00:00,1322,0.0,1801.54,22.34,
Norte,E0,0:00:00,1323,0.05,1801.54,22.13,
Norte,E0,0:00:00,1324,0.02,1801.55,20.7,
Norte,E0,0:00:00,1326,0.07,1801.54,20.35,
Norte,E0,0:00:00,1334,0.05,1801.54,22.26,
Norte,E0,0:00:00,1335,0.05,1801.53,22.82,
Norte,E0,0:00:00,1336,0.01,1801.53,21.95,
Norte,E0,0:00:00,1340,0.03,1801.54,29.2,
Norte,E0,0:00:00,5010,0.02,1801.52,26.07,
Norte,E0,0:00:00,5011,0.04,1801.46,26.25,
Norte,E0,0:00:00,5019,0.04,1801.47,32.29,
Norte,E0,0:00:00,5086,0.05,1801.48,32.77,
Norte,E0,0:00:00,5087,0.0,1801.48,32.82,
Norte,E0,0:00:00,5108,0.0,1801.46,26.18,
Norte,E0,0:00:00,5112,0.02,1801.56,21.77,
Norte,E0,0:00:00,5148,0.0,1801.48,32.5,
Norte,E0,0:00:00,5193,0.0,1801.47,31.62,
Norte,E0,0:00:00,5204,0.11,1801.43,25.71,
Norte,E0,0:00:00,5241,0.0,1801.52,19.89,
Norte,E0,0:00:00,5264,0.02,1801.48,32.78,
Norte,E0,0:00:00,5289,0.01,1801.47,29.99,
Norte,E0,0:00:00,5291,0.01,1801.5,30.02,
Norte,E0,0:00:00,5311,0.1,1801.47,32.72,
Norte,E0,0:00:00,5312,0.0,1801.47,32.86,
Norte,E0,0:00:00,5313,0.0,1801.47,32.66,
Norte,E0,0:00:00,5314,0.01,1801.46,26.11,
Norte,E0,0:00:00,5342,0.03,1801.52,25.97,
Norte,E0,0:00:00,5343,0.11,1801.57,21.09,
Norte,E0,0:00:00,5344,0.11,1801.57,26.03,
Norte,E0,0:00:00,5345,0.11,1801.57,26.19,
Norte,E0,0:00:00,5478,0.0,1801.56,21.78,
Norte,E0,0:00:00,5484,0.0,1801.52,19.36,
Norte,E0,0:00:00,5493,0.01,1801.49,31.01,
Norte,E0,0:00:00,5494,0.01,1801.49,31.08,
Norte,E0,0:00:00,5495,0.08,1801.47,33.0,
Norte,E0,0:00:00,5506,0.01,1801.52,23.04,
Norte,E0,0:00:00,5523,0.0,1801.47,29.46,
Norte,E0,0:00:00,5533,0.02,1801.54,21.0,
Norte,E0,0:00:00,5537,0.03,1801.47,29.72,
Norte,E0,0:00:00,5538,0.05,1801.47,30.04,
Norte,E0,0:00:00,5603,0.04,1801.48,31.26,
Norte,E0,0:00:00,5604,0.05,1801.48,30.83,
Norte,E0,0:00:00,5613,0.05,1801.48,32.67,
Norte,E0,0:00:00,5614,0.02,1801.49,32.76,
Norte,E0,0:00:00,5620,0.04,1801.47,32.62,
Norte,E0,0:00:00,5621,0.03,1801.47,32.56,
Norte,E0,0:00:00,5678,0.05,1801.47,30.15,
Norte,E0,0:00:00,5685,0.02,1801.49,25.95,
Norte,E0,0:00:00,5709,0.12,1801.57,21.1,
Norte,E0,0:00:00,5744,0.04,1801.49,32.41,
Norte,E0,0:00:00,5746,0.06,1801.53,24.68,
Norte,E0,0:00:00,5747,0.04,1801.51,26.18,
Norte,E0,0:00:00,5748,0.05,1801.61,21.35,
Norte,E0,0:00:00,5749,0.05,1801.66,21.51,
Norte,E0,0:00:00,5750,0.03,1801.7,21.37,
Norte,E0,0:00:00,5760,0.03,1801.73,21.09,
Norte,E0,0:00:00,5761,0.02,1801.71,21.48,
Norte,E0,0:00:00,5762,0.01,1801.77,20.53,
Norte,E0,0:00:00,5763,0.02,1801.76,20.76,
Norte,E0,0:00:00,10020,0.04,1801.48,33.54,
Norte,E0,0:00:00,10059,0.03,1801.47,29.98,
Norte,E0,0:00:00,10061,0.0,1801.54,20.83,
Norte,E0,0:00:00,10062,0.0,1801.55,20.73,
Norte,E0,0:00:00,10063,0.0,1801.58,20.99,
Norte,E0,0:00:00,10082,0.07,1801.53,20.79,
Norte,E0,1:00:00,346,0.04,1801.46,33.76,
Norte,E0,1:00:00,347,0.06,1801.46,33.94,
Norte,E0,1:00:00,348,0.1,1801.46,33.95,
Norte,E0,1:00:00,349,0.04,1801.46,32.63,
Norte,E0,1:00:00,350,0.02,1801.46,32.62,
Norte,E0,1:00:00,351,0.04,1801.46,34.21,
Norte,E0,1:00:00,352,0.1,1801.46,34.09,
Norte,E0,1:00:00,353,0.06,1801.46,34.0,
Norte,E0,1:00:00,354,0.1,1801.48,32.78,
Norte,E0,1:00:00,355,0.04,1801.48,32.7,
Norte,E0,1:00:00,356,0.07,1801.48,32.74,
Norte,E0,1:00:00,357,0.03,1801.48,32.96,
Norte,E0,1:00:00,358,0.02,1801.48,33.21,
Norte,E0,1:00:00,362,0.07,1801.47,32.77,
Norte,E0,1:00:00,363,0.03,1801.47,32.76,
Norte,E0,1:00:00,364,0.06,1801.47,32.76,
Norte,E0,1:00:00,368,0.03,1801.46,32.79,
Norte,E0,1:00:00,371,0.05,1801.46,32.77,
Norte,E0,1:00:00,400,0.05,1801.47,32.49,
Norte,E0,1:00:00,401,0.04,1801.47,32.51,
Norte,E0,1:00:00,404,0.02,1801.47,32.31,
Norte,E0,1:00:00,405,0.01,1801.47,32.26,
Norte,E0,1:00:00,1049,0.02,1801.46,30.06,
Norte,E0,1:00:00,1051,0.03,1801.46,29.95,
Norte,E0,1:00:00,1053,0.02,1801.46,29.95,
Norte,E0,1:00:00,1059,0.04,1801.46,29.72,
Norte,E0,1:00:00,1063,0.02,1801.46,29.45,
Norte,E0,1:00:00,1077,0.02,1801.46,29.91,
Norte,E0,1:00:00,1089,0.03,1801.46,30.07,
Norte,E0,1:00:00,1093,0.06,1801.46,29.62,
Norte,E0,1:00:00,1094,0.01,1801.46,29.38,
Norte,E0,1:00:00,1095,0.02,1801.46,29.87,
Norte,E0,1:00:00,1100,0.03,1801.46,30.48,
Norte,E0,1:00:00,1102,0.06,1801.46,30.43,
Norte,E0,1:00:00,1103,0.0,1801.46,31.41,
Norte,E0,1:00:00,1104,0.06,1801.46,30.46,
Norte,E0,1:00:00,1106,0.07,1801.46,30.4,
Norte,E0,1:00:00,1107,0.03,1801.46,30.66,
Norte,E0,1:00:00,1109,0.01,1801.46,30.65,
Norte,E0,1:00:00,1110,0.01,1801.46,30.29,
Norte,E0,1:00:00,1112,0.02,1801.46,30.31,
Norte,E0,1:00:00,1113,0.03,1801.46,30.05,
Norte,E0,1:00:00,1115,0.07,1801.46,30.04,
Norte,E0,1:00:00,1117,0.07,1801.46,30.09,
Norte,E0,1:00:00,1119,0.09,1801.46,30.68,
Norte,E0,1:00:00,1120,0.06,1801.46,30.25,
Norte,E0,1:00:00,1122,0.05,1801.46,31.55,
Norte,E0,1:00:00,1125,0.05,1801.46,31.49,
Norte,E0,1:00:00,1128,0.05,1801.46,31.74,
Norte,E0,1:00:00,1130,0.06,1801.46,31.56,
Norte,E0,1:00:00,1131,0.06,1801.46,31.71,
Norte,E0,1:00:00,1133,0.02,1801.46,32.74,
Norte,E0,1:00:00,1134,0.11,1801.48,32.81,
Norte,E0,1:00:00,1135,0.08,1801.46,32.92,
Norte,E0,1:00:00,1137,0.1,1801.48,32.75,
Norte,E0,1:00:00,1139,0.06,1801.48,32.73,
Norte,E0,1:00:00,1140,0.02,1801.48,32.78,
Norte,E0,1:00:00,1141,0.04,1801.46,31.72,
Norte,E0,1:00:00,1142,0.02,1801.47,31.67,
Norte,E0,1:00:00,1143,0.06,1801.47,32.52,
Norte,E0,1:00:00,1144,0.06,1801.46,32.69,
Norte,E0,1:00:00,1145,0.03,1801.47,32.61,
Norte,E0,1:00:00,1147,0.0,1801.47,32.77,
Norte,E0,1:00:00,1148,0.0,1801.47,32.78,
Norte,E0,1:00:00,1149,0.12,1801.49,31.38,
Norte,E0,1:00:00,1150,0.17,1801.47,31.19,
Norte,E0,1:00:00,1151,0.03,1801.53,27.3,
Norte,E0,1:00:00,1153,0.01,1801.5,28.9,
Norte,E0,1:00:00,1154,0.0,1801.5,29.35,
Norte,E0,1:00:00,1158,0.09,1801.5,29.56,
Norte,E0,1:00:00,1159,0.06,1801.49,31.93,
Norte,E0,1:00:00,1161,0.03,1801.49,31.0,
Norte,E0,1:00:00,1162,0.0,1801.48,32.42,
Norte,E0,1:00:00,1164,0.08,1801.48,32.5,
Norte,E0,1:00:00,1165,0.03,1801.48,32.61,
Norte,E0,1:00:00,1166,0.04,1801.49,32.17,
Norte,E0,1:00:00,1169,0.07,1801.48,32.78,
Norte,E0,1:00:00,1171,0.05,1801.47,32.79,
Norte,E0,1:00:00,1172,0.13,1801.47,33.84,
Norte,E0,1:00:00,1174,0.04,1801.47,33.64,
Norte,E0,1:00:00,1175,0.1,1801.48,32.14,
Norte,E0,1:00:00,1176,0.14,1801.48,33.63,
Norte,E0,1:00:00,1179,0.04,1801.48,33.14,
Norte,E0,1:00:00,1181,0.01,1801.47,33.63,
Norte,E0,1:00:00,1182,0.05,1801.48,32.87,
Norte,E0,1:00:00,1184,0.03,1801.51,25.07,
Norte,E0,1:00:00,1185,0.02,1801.5,26.77,
Norte,E0,1:00:00,1186,0.01,1801.5,26.09,
Norte,E0,1:00:00,1187,0.17,1801.49,25.78,
Norte,E0,1:00:00,1189,0.01,1801.45,25.36,
Norte,E0,1:00:00,1190,0.05,1801.45,26.32,
Norte,E0,1:00:00,1191,0.05,1801.48,29.36,
Norte,E0,1:00:00,1192,0.01,1801.48,27.46,
Norte,E0,1:00:00,1196,0.04,1801.42,27.2,
Norte,E0,1:00:00,1197,0.04,1801.42,27.67,
Norte,E0,1:00:00,1207,0.09,1801.42,25.63,
Norte,E0,1:00:00,1216,0.07,1801.42,19.39,
Norte,E0,1:00:00,1221,0.04,1801.52,19.96,
Norte,E0,1:00:00,1223,0.04,1801.52,19.74,
Norte,E0,1:00:00,1224,0.06,1801.51,23.33,
Norte,E0,1:00:00,1225,0.03,1801.5,24.8,
Norte,E0,1:00:00,1226,0.05,1801.51,23.56,
Norte,E0,1:00:00,1228,0.03,1801.51,22.89,
Norte,E0,1:00:00,1229,0.01,1801.51,22.59,
Norte,E0,1:00:00,1230,0.01,1801.51,22.54,
Norte,E0,1:00:00,1231,0.01,1801.51,22.62,
Norte,E0,1:00:00,1232,0.02,1801.51,22.08,
Norte,E0,1:00:00,1233,0.01,1801.51,22.05,
Norte,E0,1:00:00,1240,0.09,1801.52,21.35,
Norte,E0,1:00:00,1242,0.09,1801.51,22.51,
Norte,E0,1:00:00,1243,0.03,1801.51,23.28,
Norte,E0,1:00:00,1244,0.09,1801.5,24.83,
Norte,E0,1:00:00,1245,0.05,1801.5,25.91,
Norte,E0,1:00:00,1246,0.03,1801.49,26.09,
Norte,E0,1:00:00,1247,0.06,1801.49,25.85,
Norte,E0,1:00:00,1248,0.05,1801.49,25.56,
Norte,E0,1:00:00,1249,0.11,1801.51,23.93,
Norte,E0,1:00:00,1250,0.12,1801.52,22.83,
Norte,E0,1:00:00,1252,0.08,1801.53,21.44,
Norte,E0,1:00:00,1253,0.11,1801.51,23.9,
Norte,E0,1:00:00,1254,0.11,1801.53,22.23,
Norte,E0,1:00:00,1255,0.06,1801.54,21.97,
Norte,E0,1:00:00,1257,0.06,1801.55,21.36,
Norte,E0,1:00:00,1265,0.02,1801.57,20.98,
Norte,E0,1:00:00,1268,0.05,1801.57,21.07,
Norte,E0,1:00:00,1272,0.02,1801.55,21.72,
Norte,E0,1:00:00,1274,0.05,1801.56,21.76,
Norte,E0,1:00:00,1276,0.1,1801.54,22.73,
Norte,E0,1:00:00,1279,0.04,1801.53,24.02,
Norte,E0,1:00:00,1281,0.05,1801.53,24.39,
Norte,E0,1:00:00,1282,0.02,1801.53,25.86,
Norte,E0,1:00:00,1284,0.02,1801.47,31.23,
Norte,E0,1:00:00,1286,0.06,1801.53,22.94,
Norte,E0,1:00:00,1288,0.01,1801.53,24.97,
Norte,E0,1:00:00,1289,0.02,1801.53,23.3,
Norte,E0,1:00:00,1290,0.08,1801.53,23.38,
Norte,E0,1:00:00,1291,0.0,1801.53,21.14,
Norte,E0,1:00:00,1292,0.05,1801.53,21.37,
Norte,E0,1:00:00,1293,0.06,1801.53,22.02,
Norte,E0,1:00:00,1294,0.02,1801.54,21.88,
Norte,E0,1:00:00,1295,0.1,1801.54,21.05,
Norte,E0,1:00:00,1297,0.07,1801.55,20.67,
Norte,E0,1:00:00,1302,0.07,1801.54,20.14,
Norte,E0,1:00:00,1304,0.04,1801.54,20.14,
Norte,E0,1:00:00,1305,0.0,1801.54,20.15,
Norte,E0,1:00:00,1306,0.05,1801.54,20.15,
Norte,E0,1:00:00,1308,0.06,1801.54,20.68,
Norte,E0,1:00:00,1309,0.03,1801.54,28.57,
Norte,E0,1:00:00,1310,0.01,1801.54,24.72,
Norte,E0,1:00:00,1312,0.08,1801.49,29.57,
Norte,E0,1:00:00,1313,0.0,1801.49,29.79,
Norte,E0,1:00:00,1315,0.05,1801.49,29.75,
Norte,E0,1:00:00,1318,0.06,1801.46,29.73,
Norte,E0,1:00:00,1319,0.01,1801.46,29.38,
Norte,E0,1:00:00,1321,0.04,1801.54,21.57,
Norte,E0,1:00:00,1322,0.0,1801.54,22.34,
Norte,E0,1:00:00,1323,0.05,1801.54,22.13,
Norte,E0,1:00:00,1324,0.02,1801.54,20.69,
Norte,E0,1:00:00,1326,0.07,1801.54,20.34,
Norte,E0,1:00:00,1334,0.05,1801.53,22.25,
Norte,E0,1:00:00,1335,0.06,1801.52,22.81,
Norte,E0,1:00:00,1336,0.01,1801.52,21.94,
Norte,E0,1:00:00,1340,0.03,1801.53,29.19,
Norte,E0,1:00:00,5010,0.02,1801.52,26.07,
Norte,E0,1:00:00,5011,0.04,1801.45,26.24,
Norte,E0,1:00:00,5019,0.04,1801.46,32.28,
Norte,E0,1:00:00,5086,0.05,1801.47,32.76,
Norte,E0,1:00:00,5087,0.0,1801.47,32.81,
Norte,E0,1:00:00,5108,0.0,1801.45,26.17,
Norte,E0,1:00:00,5112,0.02,1801.55,21.76,
Norte,E0,1:00:00,5148,0.0,1801.47,32.49,
Norte,E0,1:00:00,5193,0.0,1801.46,31.61,
Norte,E0,1:00:00,5204,0.11,1801.42,25.7,
Norte,E0,1:00:00,5241,0.0,1801.52,19.89,
Norte,E0,1:00:00,5264,0.02,1801.47,32.77,
Norte,E0,1:00:00,5289,0.01,1801.46,29.98,
Norte,E0,1:00:00,5291,0.01,1801.49,30.01,
Norte,E0,1:00:00,5311,0.1,1801.46,32.71,
Norte,E0,1:00:00,5312,0.0,1801.46,32.85,
Norte,E0,1:00:00,5313,0.0,1801.46,32.65,
Norte,E0,1:00:00,5314,0.01,1801.45,26.1,
Norte,E0,1:00:00,5342,0.03,1801.52,25.97,
Norte,E0,1:00:00,5343,0.11,1801.57,21.09,
Norte,E0,1:00:00,5344,0.11,1801.56,26.02,
Norte,E0,1:00:00,5345,0.11,1801.56,26.18,
Norte,E0,1:00:00,5478,0.0,1801.55,21.77,
Norte,E0,1:00:00,5484,0.0,1801.52,19.36,
Norte,E0,1:00:00,5493,0.01,1801.48,31.0,
Norte,E0,1:00:00,5494,0.01,1801.48,31.07,
Norte,E0,1:00:00,5495,0.08,1801.46,32.99,
Norte,E0,1:00:00,5506,0.01,1801.51,23.03,
Norte,E0,1:00:00,5523,0.0,1801.46,29.45,
Norte,E0,1:00:00,5533,0.02,1801.53,20.99,
Norte,E0,1:00:00,5537,0.03,1801.46,29.71,
Norte,E0,1:00:00,5538,0.05,1801.46,30.03,
Norte,E0,1:00:00,5603,0.04,1801.47,31.25,
Norte,E0,1:00:00,5604,0.06,1801.47,30.82,
Norte,E0,1:00:00,5613,0.05,1801.47,32.66,
Norte,E0,1:00:00,5614,0.02,1801.48,32.75,
Norte,E0,1:00:00,5620,0.04,1801.46,32.61,
Norte,E0,1:00:00,5621,0.03,1801.46,32.55,
Norte,E0,1:00:00,5678,0.05,1801.46,30.14,
Norte,E0,1:00:00,5685,0.02,1801.48,25.94,
Norte,E0,1:00:00,5709,0.12,1801.57,21.1,
Norte,E0,1:00:00,5744,0.04,1801.48,32.4,
Norte,E0,1:00:00,5746,0.06,1801.52,24.67,
Norte,E0,1:00:00,5747,0.04,1801.5,26.17,
Norte,E0,1:00:00,5748,0.05,1801.61,21.35,
Norte,E0,1:00:00,5749,0.05,1801.66,21.51,
Norte,E0,1:00:00,5750,0.03,1801.69,21.36,
Norte,E0,1:00:00,5760,0.03,1801.73,21.09,
Norte,E0,1:00:00,5761,0.02,1801.7,21.47,
Norte,E0,1:00:00,5762,0.01,1801.77,20.53,
Norte,E0,1:00:00,5763,0.02,1801.76,20.76,
Norte,E0,1:00:00,10020,0.04,1801.47,33.53,
Norte,E0,1:00:00,10059,0.03,1801.46,29.97,
Norte,E0,1:00:00,10061,0.0,1801.53,20.82,
Norte,E0,1:00:00,10062,0.0,1801.55,20.73,
Norte,E0,1:00:00,10063,0.0,1801.57,20.98,
Norte,E0,1:00:00,10082,0.07,1801.52,20.78,
Norte,E0,2:00:00,346,0.04,1801.44,33.74,
Norte,E0,2:00:00,347,0.06,1801.44,33.92,
Norte,E0,2:00:00,348,0.1,1801.44,33.93,
Norte,E0,2:00:00,349,0.05,1801.44,32.61,
Norte,E0,2:00:00,350,0.02,1801.44,32.6,
Norte,E0,2:00:00,351,0.04,1801.44,34.19,
Norte,E0,2:00:00,352,0.11,1801.44,34.07,
Norte,E0,2:00:00,353,0.06,1801.44,33.98,
Norte,E0,2:00:00,354,0.1,1801.46,32.76,
Norte,E0,2:00:00,355,0.04,1801.46,32.68,
Norte,E0,2:00:00,356,0.07,1801.46,32.72,
Norte,E0,2:00:00,357,0.03,1801.46,32.94,
Norte,E0,2:00:00,358,0.02,1801.46,33.19,
Norte,E0,2:00:00,362,0.07,1801.45,32.75,
Norte,E0,2:00:00,363,0.03,1801.46,32.75,
Norte,E0,2:00:00,364,0.06,1801.46,32.75,
Norte,E0,2:00:00,368,0.03,1801.45,32.78,
Norte,E0,2:00:00,371,0.05,1801.45,32.76,
Norte,E0,2:00:00,400,0.05,1801.45,32.47,
Norte,E0,2:00:00,401,0.05,1801.45,32.49,
Norte,E0,2:00:00,404,0.02,1801.45,32.29,
Norte,E0,2:00:00,405,0.01,1801.45,32.24,
Norte,E0,2:00:00,1049,0.02,1801.44,30.04,
Norte,E0,2:00:00,1051,0.03,1801.44,29.93,
Norte,E0,2:00:00,1053,0.02,1801.44,29.93,
Norte,E0,2:00:00,1059,0.05,1801.44,29.7,
Norte,E0,2:00:00,1063,0.02,1801.44,29.43,
Norte,E0,2:00:00,1077,0.02,1801.44,29.89,
Norte,E0,2:00:00,1089,0.03,1801.44,30.05,
Norte,E0,2:00:00,1093,0.06,1801.44,29.6,
Norte,E0,2:00:00,1094,0.01,1801.44,29.36,
Norte,E0,2:00:00,1095,0.02,1801.44,29.85,
Norte,E0,2:00:00,1100,0.04,1801.44,30.46,
Norte,E0,2:00:00,1102,0.06,1801.44,30.41,
Norte,E0,2:00:00,1103,0.01,1801.45,31.4,
Norte,E0,2:00:00,1104,0.06,1801.44,30.44,
Norte,E0,2:00:00,1106,0.07,1801.44,30.38,
Norte,E0,2:00:00,1107,0.03,1801.44,30.64,
Norte,E0,2:00:00,1109,0.01,1801.44,30.63,
Norte,E0,2:00:00,1110,0.01,1801.44,30.27,
Norte,E0,2:00:00,1112,0.02,1801.44,30.29,
Norte,E0,2:00:00,1113,0.03,1801.44,30.03,
Norte,E0,2:00:00,1115,0.07,1801.44,30.02,
Norte,E0,2:00:00,1117,0.07,1801.45,30.08,
Norte,E0,2:00:00,1119,0.09,1801.44,30.66,
Norte,E0,2:00:00,1120,0.07,1801.44,30.23,
Norte,E0,2:00:00,1122,0.05,1801.45,31.54,
Norte,E0,2:00:00,1125,0.05,1801.45,31.48,
Norte,E0,2:00:00,1128,0.05,1801.45,31.73,
Norte,E0,2:00:00,1130,0.06,1801.45,31.55,
Norte,E0,2:00:00,1131,0.06,1801.45,31.7,
Norte,E0,2:00:00,1133,0.02,1801.44,32.72,
Norte,E0,2:00:00,1134,0.11,1801.47,32.8,
Norte,E0,2:00:00,1135,0.08,1801.45,32.91,
Norte,E0,2:00:00,1137,0.1,1801.47,32.74,
Norte,E0,2:00:00,1139,0.06,1801.46,32.71,
Norte,E0,2:00:00,1140,0.03,1801.46,32.76,
Norte,E0,2:00:00,1141,0.04,1801.44,31.7,
Norte,E0,2:00:00,1142,0.02,1801.46,31.66,
Norte,E0,2:00:00,1143,0.07,1801.46,32.51,
Norte,E0,2:00:00,1144,0.06,1801.44,32.67,
Norte,E0,2:00:00,1145,0.03,1801.46,32.6,
Norte,E0,2:00:00,1147,0.0,1801.45,32.75,
Norte,E0,2:00:00,1148,0.0,1801.45,32.76,
Norte,E0,2:00:00,1149,0.13,1801.48,31.37,
Norte,E0,2:00:00,1150,0.17,1801.45,31.17,
Norte,E0,2:00:00,1151,0.03,1801.52,27.29,
Norte,E0,2:00:00,1153,0.01,1801.49,28.89,
Norte,E0,2:00:00,1154,0.0,1801.49,29.34,
Norte,E0,2:00:00,1158,0.09,1801.49,29.55,
Norte,E0,2:00:00,1159,0.06,1801.48,31.92,
Norte,E0,2:00:00,1161,0.03,1801.48,30.99,
Norte,E0,2:00:00,1162,0.0,1801.47,32.41,
Norte,E0,2:00:00,1164,0.08,1801.47,32.49,
Norte,E0,2:00:00,1165,0.03,1801.47,32.6,
Norte,E0,2:00:00,1166,0.04,1801.47,32.15,
Norte,E0,2:00:00,1169,0.07,1801.47,32.77,
Norte,E0,2:00:00,1171,0.05,1801.46,32.78,
Norte,E0,2:00:00,1172,0.13,1801.46,33.83,
Norte,E0,2:00:00,1174,0.04,1801.46,33.63,
Norte,E0,2:00:00,1175,0.1,1801.46,32.12,
Norte,E0,2:00:00,1176,0.14,1801.46,33.61,
Norte,E0,2:00:00,1179,0.05,1801.46,33.12,
Norte,E0,2:00:00,1181,0.01,1801.46,33.62,
Norte,E0,2:00:00,1182,0.05,1801.47,32.86,
Norte,E0,2:00:00,1184,0.03,1801.49,25.05,
Norte,E0,2:00:00,1185,0.02,1801.49,26.76,
Norte,E0,2:00:00,1186,0.01,1801.49,26.08,
Norte,E0,2:00:00,1187,0.17,1801.47,25.76,
Norte,E0,2:00:00,1189,0.01,1801.43,25.34,
Norte,E0,2:00:00,1190,0.05,1801.43,26.3,
Norte,E0,2:00:00,1191,0.05,1801.46,29.34,
Norte,E0,2:00:00,1192,0.01,1801.46,27.44,
Norte,E0,2:00:00,1196,0.04,1801.41,27.19,
Norte,E0,2:00:00,1197,0.04,1801.41,27.66,
Norte,E0,2:00:00,1207,0.09,1801.41,25.62,
Norte,E0,2:00:00,1216,0.07,1801.4,19.37,
Norte,E0,2:00:00,1221,0.04,1801.5,19.94,
Norte,E0,2:00:00,1223,0.04,1801.5,19.72,
Norte,E0,2:00:00,1224,0.06,1801.5,23.32,
Norte,E0,2:00:00,1225,0.03,1801.48,24.78,
Norte,E0,2:00:00,1226,0.05,1801.5,23.55,
Norte,E0,2:00:00,1228,0.03,1801.5,22.88,
Norte,E0,2:00:00,1229,0.01,1801.5,22.58,
Norte,E0,2:00:00,1230,0.01,1801.5,22.53,
Norte,E0,2:00:00,1231,0.01,1801.5,22.61,
Norte,E0,2:00:00,1232,0.02,1801.5,22.07,
Norte,E0,2:00:00,1233,0.01,1801.5,22.04,
Norte,E0,2:00:00,1240,0.09,1801.51,21.34,
Norte,E0,2:00:00,1242,0.09,1801.5,22.5,
Norte,E0,2:00:00,1243,0.03,1801.5,23.27,
Norte,E0,2:00:00,1244,0.09,1801.48,24.81,
Norte,E0,2:00:00,1245,0.05,1801.48,25.89,
Norte,E0,2:00:00,1246,0.03,1801.47,26.07,
Norte,E0,2:00:00,1247,0.06,1801.47,25.83,
Norte,E0,2:00:00,1248,0.05,1801.47,25.54,
Norte,E0,2:00:00,1249,0.11,1801.49,23.91,
Norte,E0,2:00:00,1250,0.12,1801.5,22.81,
Norte,E0,2:00:00,1252,0.09,1801.51,21.42,
Norte,E0,2:00:00,1253,0.11,1801.49,23.88,
Norte,E0,2:00:00,1254,0.11,1801.51,22.21,
Norte,E0,2:00:00,1255,0.06,1801.53,21.96,
Norte,E0,2:00:00,1257,0.06,1801.53,21.34,
Norte,E0,2:00:00,1265,0.02,1801.56,20.97,
Norte,E0,2:00:00,1268,0.05,1801.56,21.06,
Norte,E0,2:00:00,1272,0.03,1801.54,21.71,
Norte,E0,2:00:00,1274,0.05,1801.54,21.74,
Norte,E0,2:00:00,1276,0.1,1801.53,22.72,
Norte,E0,2:00:00,1279,0.05,1801.52,24.01,
Norte,E0,2:00:00,1281,0.05,1801.52,24.38,
Norte,E0,2:00:00,1282,0.02,1801.52,25.85,
Norte,E0,2:00:00,1284,0.02,1801.45,31.21,
Norte,E0,2:00:00,1286,0.06,1801.52,22.93,
Norte,E0,2:00:00,1288,0.01,1801.52,24.96,
Norte,E0,2:00:00,1289,0.02,1801.52,23.29,
Norte,E0,2:00:00,1290,0.08,1801.52,23.37,
Norte,E0,2:00:00,1291,0.0,1801.52,21.13,
Norte,E0,2:00:00,1292,0.05,1801.52,21.36,
Norte,E0,2:00:00,1293,0.07,1801.52,22.01,
Norte,E0,2:00:00,1294,0.02,1801.53,21.87,
Norte,E0,2:00:00,1295,0.11,1801.53,21.04,
Norte,E0,2:00:00,1297,0.08,1801.54,20.66,
Norte,E0,2:00:00,1302,0.07,1801.53,20.13,
Norte,E0,2:00:00,1304,0.05,1801.53,20.13,
Norte,E0,2:00:00,1305,0.0,1801.53,20.14,
Norte,E0,2:00:00,1306,0.05,1801.53,20.14,
Norte,E0,2:00:00,1308,0.06,1801.52,20.66,
Norte,E0,2:00:00,1309,0.03,1801.52,28.55,
Norte,E0,2:00:00,1310,0.02,1801.52,24.7,
Norte,E0,2:00:00,1312,0.08,1801.47,29.55,
Norte,E0,2:00:00,1313,0.0,1801.47,29.77,
Norte,E0,2:00:00,1315,0.05,1801.47,29.73,
Norte,E0,2:00:00,1318,0.06,1801.44,29.71,
Norte,E0,2:00:00,1319,0.01,1801.44,29.36,
Norte,E0,2:00:00,1321,0.04,1801.52,21.55,
Norte,E0,2:00:00,1322,0.0,1801.52,22.32,
Norte,E0,2:00:00,1323,0.05,1801.52,22.11,
Norte,E0,2:00:00,1324,0.02,1801.53,20.68,
Norte,E0,2:00:00,1326,0.07,1801.52,20.33,
Norte,E0,2:00:00,1334,0.05,1801.52,22.24,
Norte,E0,2:00:00,1335,0.06,1801.51,22.8,
Norte,E0,2:00:00,1336,0.01,1801.51,21.93,
Norte,E0,2:00:00,1340,0.03,1801.52,29.18,
Norte,E0,2:00:00,5010,0.02,1801.5,26.05,
Norte,E0,2:00:00,5011,0.04,1801.43,26.22,
Norte,E0,2:00:00,5019,0.05,1801.44,32.26,
Norte,E0,2:00:00,5086,0.06,1801.45,32.74,
Norte,E0,2:00:00,5087,0.01,1801.45,32.79,
Norte,E0,2:00:00,5108,0.0,1801.43,26.15,
Norte,E0,2:00:00,5112,0.02,1801.54,21.75,
Norte,E0,2:00:00,5148,0.0,1801.45,32.47,
Norte,E0,2:00:00,5193,0.0,1801.45,31.6,
Norte,E0,2:00:00,5204,0.11,1801.41,25.69,
Norte,E0,2:00:00,5241,0.0,1801.5,19.87,
Norte,E0,2:00:00,5264,0.02,1801.45,32.75,
Norte,E0,2:00:00,5289,0.01,1801.44,29.96,
Norte,E0,2:00:00,5291,0.01,1801.47,29.99,
Norte,E0,2:00:00,5311,0.1,1801.44,32.69,
Norte,E0,2:00:00,5312,0.0,1801.44,32.83,
Norte,E0,2:00:00,5313,0.0,1801.44,32.63,
Norte,E0,2:00:00,5314,0.01,1801.43,26.08,
Norte,E0,2:00:00,5342,0.03,1801.5,25.95,
Norte,E0,2:00:00,5343,0.11,1801.56,21.08,
Norte,E0,2:00:00,5344,0.11,1801.55,26.01,
Norte,E0,2:00:00,5345,0.11,1801.55,26.17,
Norte,E0,2:00:00,5478,0.0,1801.54,21.76,
Norte,E0,2:00:00,5484,0.0,1801.5,19.34,
Norte,E0,2:00:00,5493,0.01,1801.46,30.98,
Norte,E0,2:00:00,5494,0.01,1801.47,31.06,
Norte,E0,2:00:00,5495,0.08,1801.44,32.97,
Norte,E0,2:00:00,5506,0.01,1801.5,23.02,
Norte,E0,2:00:00,5523,0.0,1801.44,29.43,
Norte,E0,2:00:00,5533,0.02,1801.52,20.98,
Norte,E0,2:00:00,5537,0.03,1801.44,29.69,
Norte,E0,2:00:00,5538,0.05,1801.44,30.01,
Norte,E0,2:00:00,5603,0.04,1801.46,31.24,
Norte,E0,2:00:00,5604,0.06,1801.45,30.8,
Norte,E0,2:00:00,5613,0.06,1801.46,32.65,
Norte,E0,2:00:00,5614,0.02,1801.47,32.74,
Norte,E0,2:00:00,5620,0.04,1801.44,32.59,
Norte,E0,2:00:00,5621,0.03,1801.44,32.53,
Norte,E0,2:00:00,5678,0.05,1801.44,30.12,
Norte,E0,2:00:00,5685,0.02,1801.46,25.92,
Norte,E0,2:00:00,5709,0.13,1801.56,21.09,
Norte,E0,2:00:00,5744,0.04,1801.47,32.39,
Norte,E0,2:00:00,5746,0.07,1801.51,24.66,
Norte,E0,2:00:00,5747,0.04,1801.49,26.16,
Norte,E0,2:00:00,5748,0.05,1801.6,21.34,
Norte,E0,2:00:00,5749,0.05,1801.65,21.5,
Norte,E0,2:00:00,5750,0.03,1801.69,21.36,
Norte,E0,2:00:00,5760,0.03,1801.73,21.09,
Norte,E0,2:00:00,5761,0.02,1801.7,21.47,
Norte,E0,2:00:00,5762,0.01,1801.77,20.53,
Norte,E0,2:00:00,5763,0.02,1801.76,20.76,
Norte,E0,2:00:00,10020,0.04,1801.45,33.51,
Norte,E0,2:00:00,10059,0.03,1801.44,29.95,
Norte,E0,2:00:00,10061,0.0,1801.52,20.81,
Norte,E0,2:00:00,10062,0.0,1801.54,20.72,
Norte,E0,2:00:00,10063,0.0,1801.56,20.97,
Norte,E0,2:00:00,10082,0.07,1801.5,20.76,
Norte,E0,3:00:00,346,0.04,1801.44,33.74,
Norte,E0,3:00:00,347,0.07,1801.44,33.92,
Norte,E0,3:00:00,348,0.1,1801.44,33.93,
Norte,E0,3:00:00,349,0.05,1801.44,32.61,
Norte,E0,3:00:00,350,0.02,1801.44,32.6,
Norte,E0,3:00:00,351,0.04,1801.44,34.19,
Norte,E0,3:00:00,352,0.11,1801.44,34.07,
Norte,E0,3:00:00,353,0.06,1801.44,33.98,
Norte,E0,3:00:00,354,0.1,1801.46,32.76,
Norte,E0,3:00:00,355,0.04,1801.46,32.68,
Norte,E0,3:00:00,356,0.07,1801.46,32.72,
Norte,E0,3:00:00,357,0.03,1801.46,32.94,
Norte,E0,3:00:00,358,0.02,1801.46,33.19,
Norte,E0,3:00:00,362,0.07,1801.45,32.75,
Norte,E0,3:00:00,363,0.03,1801.45,32.74,
Norte,E0,3:00:00,364,0.06,1801.45,32.74,
Norte,E0,3:00:00,368,0.03,1801.44,32.77,
Norte,E0,3:00:00,371,0.05,1801.44,32.75,
Norte,E0,3:00:00,400,0.05,1801.45,32.47,
Norte,E0,3:00:00,401,0.05,1801.45,32.49,
Norte,E0,3:00:00,404,0.02,1801.45,32.29,
Norte,E0,3:00:00,405,0.01,1801.45,32.24,
Norte,E0,3:00:00,1049,0.02,1801.44,30.04,
Norte,E0,3:00:00,1051,0.03,1801.44,29.93,
Norte,E0,3:00:00,1053,0.02,1801.44,29.93,
Norte,E0,3:00:00,1059,0.05,1801.44,29.7,
Norte,E0,3:00:00,1063,0.02,1801.44,29.43,
Norte,E0,3:00:00,1077,0.02,1801.44,29.89,
Norte,E0,3:00:00,1089,0.03,1801.44,30.05,
Norte,E0,3:00:00,1093,0.06,1801.44,29.6,
Norte,E0,3:00:00,1094,0.01,1801.44,29.36,
Norte,E0,3:00:00,1095,0.02,1801.44,29.85,
Norte,E0,3:00:00,1100,0.04,1801.44,30.46,
Norte,E0,3:00:00,1102,0.06,1801.44,30.41,
Norte,E0,3:00:00,1103,0.01,1801.44,31.39,
Norte,E0,3:00:00,1104,0.06,1801.44,30.44,
Norte,E0,3:00:00,1106,0.07,1801.44,30.38,
Norte,E0,3:00:00,1107,0.03,1801.44,30.64,
Norte,E0,3:00:00,1109,0.01,1801.44,30.63,
Norte,E0,3:00:00,1110,0.01,1801.44,30.27,
Norte,E0,3:00:00,1112,0.02,1801.44,30.29,
Norte,E0,3:00:00,1113,0.03,1801.44,30.03,
Norte,E0,3:00:00,1115,0.07,1801.44,30.02,
Norte,E0,3:00:00,1117,0.07,1801.44,30.07,
Norte,E0,3:00:00,1119,0.09,1801.44,30.66,
Norte,E0,3:00:00,1120,0.07,1801.44,30.23,
Norte,E0,3:00:00,1122,0.05,1801.44,31.53,
Norte,E0,3:00:00,1125,0.05,1801.44,31.47,
Norte,E0,3:00:00,1128,0.05,1801.44,31.72,
Norte,E0,3:00:00,1130,0.06,1801.44,31.54,
Norte,E0,3:00:00,1131,0.06,1801.44,31.69,
Norte,E0,3:00:00,1133,0.02,1801.44,32.72,
Norte,E0,3:00:00,1134,0.11,1801.46,32.79,
Norte,E0,3:00:00,1135,0.08,1801.44,32.9,
Norte,E0,3:00:00,1137,0.1,1801.46,32.73,
Norte,E0,3:00:00,1139,0.06,1801.46,32.71,
Norte,E0,3:00:00,1140,0.03,1801.46,32.76,
Norte,E0,3:00:00,1141,0.04,1801.44,31.7,
Norte,E0,3:00:00,1142,0.02,1801.45,31.65,
Norte,E0,3:00:00,1143,0.07,1801.45,32.5,
Norte,E0,3:00:00,1144,0.06,1801.44,32.67,
Norte,E0,3:00:00,1145,0.03,1801.45,32.59,
Norte,E0,3:00:00,1147,0.0,1801.45,32.75,
Norte,E0,3:00:00,1148,0.0,1801.45,32.76,
Norte,E0,3:00:00,1149,0.13,1801.48,31.37,
Norte,E0,3:00:00,1150,0.17,1801.45,31.17,
Norte,E0,3:00:00,1151,0.03,1801.51,27.28,
Norte,E0,3:00:00,1153,0.01,1801.48,28.88,
Norte,E0,3:00:00,1154,0.0,1801.48,29.33,
Norte,E0,3:00:00,1158,0.09,1801.48,29.54,
Norte,E0,3:00:00,1159,0.06,1801.47,31.92,
Norte,E0,3:00:00,1161,0.03,1801.47,30.98,
Norte,E0,3:00:00,1162,0.0,1801.47,32.41,
Norte,E0,3:00:00,1164,0.08,1801.46,32.48,
Norte,E0,3:00:00,1165,0.03,1801.47,32.6,
Norte,E0,3:00:00,1166,0.04,1801.47,32.15,
Norte,E0,3:00:00,1169,0.07,1801.46,32.76,
Norte,E0,3:00:00,1171,0.05,1801.45,32.77,
Norte,E0,3:00:00,1172,0.13,1801.45,33.82,
Norte,E0,3:00:00,1174,0.04,1801.45,33.62,
Norte,E0,3:00:00,1175,0.1,1801.46,32.12,
Norte,E0,3:00:00,1176,0.14,1801.46,33.61,
Norte,E0,3:00:00,1179,0.05,1801.46,33.12,
Norte,E0,3:00:00,1181,0.01,1801.45,33.61,
Norte,E0,3:00:00,1182,0.05,1801.46,32.85,
Norte,E0,3:00:00,1184,0.03,1801.49,25.05,
Norte,E0,3:00:00,1185,0.02,1801.48,26.75,
Norte,E0,3:00:00,1186,0.01,1801.48,26.07,
Norte,E0,3:00:00,1187,0.17,1801.47,25.76,
Norte,E0,3:00:00,1189,0.01,1801.43,25.34,
Norte,E0,3:00:00,1190,0.05,1801.42,26.29,
Norte,E0,3:00:00,1191,0.05,1801.46,29.34,
Norte,E0,3:00:00,1192,0.01,1801.46,27.44,
Norte,E0,3:00:00,1196,0.04,1801.4,27.18,
Norte,E0,3:00:00,1197,0.04,1801.4,27.65,
Norte,E0,3:00:00,1207,0.09,1801.4,25.61,
Norte,E0,3:00:00,1216,0.07,1801.4,19.37,
Norte,E0,3:00:00,1221,0.04,1801.5,19.94,
Norte,E0,3:00:00,1223,0.04,1801.5,19.72,
Norte,E0,3:00:00,1224,0.06,1801.5,23.32,
Norte,E0,3:00:00,1225,0.03,1801.48,24.78,
Norte,E0,3:00:00,1226,0.05,1801.49,23.54,
Norte,E0,3:00:00,1228,0.03,1801.49,22.87,
Norte,E0,3:00:00,1229,0.01,1801.49,22.57,
Norte,E0,3:00:00,1230,0.01,1801.49,22.52,
Norte,E0,3:00:00,1231,0.01,1801.49,22.6,
Norte,E0,3:00:00,1232,0.02,1801.49,22.06,
Norte,E0,3:00:00,1233,0.01,1801.49,22.03,
Norte,E0,3:00:00,1240,0.09,1801.5,21.33,
Norte,E0,3:00:00,1242,0.09,1801.5,22.5,
Norte,E0,3:00:00,1243,0.03,1801.49,23.26,
Norte,E0,3:00:00,1244,0.09,1801.48,24.81,
Norte,E0,3:00:00,1245,0.05,1801.48,25.89,
Norte,E0,3:00:00,1246,0.03,1801.47,26.07,
Norte,E0,3:00:00,1247,0.06,1801.47,25.83,
Norte,E0,3:00:00,1248,0.05,1801.47,25.54,
Norte,E0,3:00:00,1249,0.11,1801.49,23.91,
Norte,E0,3:00:00,1250,0.12,1801.5,22.81,
Norte,E0,3:00:00,1252,0.09,1801.51,21.42,
Norte,E0,3:00:00,1253,0.12,1801.49,23.88,
Norte,E0,3:00:00,1254,0.11,1801.51,22.21,
Norte,E0,3:00:00,1255,0.06,1801.53,21.96,
Norte,E0,3:00:00,1257,0.06,1801.53,21.34,
Norte,E0,3:00:00,1265,0.03,1801.56,20.97,
Norte,E0,3:00:00,1268,0.05,1801.56,21.06,
Norte,E0,3:00:00,1272,0.03,1801.54,21.71,
Norte,E0,3:00:00,1274,0.05,1801.54,21.74,
Norte,E0,3:00:00,1276,0.1,1801.52,22.71,
Norte,E0,3:00:00,1279,0.05,1801.51,24.0,
Norte,E0,3:00:00,1281,0.05,1801.51,24.37,
Norte,E0,3:00:00,1282,0.02,1801.51,25.84,
Norte,E0,3:00:00,1284,0.02,1801.45,31.21,
Norte,E0,3:00:00,1286,0.06,1801.52,22.93,
Norte,E0,3:00:00,1288,0.01,1801.52,24.96,
Norte,E0,3:00:00,1289,0.02,1801.52,23.29,
Norte,E0,3:00:00,1290,0.08,1801.52,23.37,
Norte,E0,3:00:00,1291,0.01,1801.52,21.13,
Norte,E0,3:00:00,1292,0.05,1801.52,21.36,
Norte,E0,3:00:00,1293,0.07,1801.52,22.01,
Norte,E0,3:00:00,1294,0.02,1801.52,21.86,
Norte,E0,3:00:00,1295,0.11,1801.53,21.04,
Norte,E0,3:00:00,1297,0.08,1801.53,20.65,
Norte,E0,3:00:00,1302,0.07,1801.52,20.12,
Norte,E0,3:00:00,1304,0.05,1801.52,20.12,
Norte,E0,3:00:00,1305,0.0,1801.52,20.13,
Norte,E0,3:00:00,1306,0.05,1801.52,20.13,
Norte,E0,3:00:00,1308,0.06,1801.52,20.66,
Norte,E0,3:00:00,1309,0.03,1801.52,28.55,
Norte,E0,3:00:00,1310,0.02,1801.52,24.7,
Norte,E0,3:00:00,1312,0.08,1801.47,29.55,
Norte,E0,3:00:00,1313,0.0,1801.47,29.77,
Norte,E0,3:00:00,1315,0.05,1801.47,29.73,
Norte,E0,3:00:00,1318,0.07,1801.44,29.71,
Norte,E0,3:00:00,1319,0.01,1801.44,29.36,
Norte,E0,3:00:00,1321,0.04,1801.52,21.55,
Norte,E0,3:00:00,1322,0.0,1801.52,22.32,
Norte,E0,3:00:00,1323,0.05,1801.52,22.11,
Norte,E0,3:00:00,1324,0.02,1801.52,20.67,
Norte,E0,3:00:00,1326,0.07,1801.52,20.33,
Norte,E0,3:00:00,1334,0.05,1801.52,22.24,
Norte,E0,3:00:00,1335,0.06,1801.5,22.79,
Norte,E0,3:00:00,1336,0.01,1801.5,21.92,
Norte,E0,3:00:00,1340,0.03,1801.52,29.18,
Norte,E0,3:00:00,5010,0.03,1801.5,26.05,
Norte,E0,3:00:00,5011,0.04,1801.43,26.22,
Norte,E0,3:00:00,5019,0.05,1801.44,32.26,
Norte,E0,3:00:00,5086,0.06,1801.45,32.74,
Norte,E0,3:00:00,5087,0.01,1801.45,32.79,
Norte,E0,3:00:00,5108,0.0,1801.43,26.15,
Norte,E0,3:00:00,5112,0.02,1801.54,21.75,
Norte,E0,3:00:00,5148,0.0,1801.45,32.47,
Norte,E0,3:00:00,5193,0.0,1801.44,31.59,
Norte,E0,3:00:00,5204,0.12,1801.4,25.68,
Norte,E0,3:00:00,5241,0.0,1801.5,19.87,
Norte,E0,3:00:00,5264,0.02,1801.45,32.75,
Norte,E0,3:00:00,5289,0.01,1801.44,29.96,
Norte,E0,3:00:00,5291,0.01,1801.47,29.99,
Norte,E0,3:00:00,5311,0.1,1801.44,32.69,
Norte,E0,3:00:00,5312,0.0,1801.44,32.83,
Norte,E0,3:00:00,5313,0.0,1801.44,32.63,
Norte,E0,3:00:00,5314,0.01,1801.43,26.08,
Norte,E0,3:00:00,5342,0.03,1801.5,25.95,
Norte,E0,3:00:00,5343,0.11,1801.55,21.07,
Norte,E0,3:00:00,5344,0.11,1801.55,26.01,
Norte,E0,3:00:00,5345,0.11,1801.55,26.17,
Norte,E0,3:00:00,5478,0.0,1801.54,21.76,
Norte,E0,3:00:00,5484,0.0,1801.5,19.34,
Norte,E0,3:00:00,5493,0.01,1801.46,30.98,
Norte,E0,3:00:00,5494,0.01,1801.46,31.05,
Norte,E0,3:00:00,5495,0.08,1801.44,32.97,
Norte,E0,3:00:00,5506,0.01,1801.49,23.01,
Norte,E0,3:00:00,5523,0.0,1801.44,29.43,
Norte,E0,3:00:00,5533,0.02,1801.52,20.98,
Norte,E0,3:00:00,5537,0.03,1801.44,29.69,
Norte,E0,3:00:00,5538,0.06,1801.44,30.01,
Norte,E0,3:00:00,5603,0.04,1801.45,31.23,
Norte,E0,3:00:00,5604,0.06,1801.45,30.8,
Norte,E0,3:00:00,5613,0.06,1801.45,32.64,
Norte,E0,3:00:00,5614,0.02,1801.46,32.73,
Norte,E0,3:00:00,5620,0.04,1801.44,32.59,
Norte,E0,3:00:00,5621,0.03,1801.44,32.53,
Norte,E0,3:00:00,5678,0.05,1801.44,30.12,
Norte,E0,3:00:00,5685,0.02,1801.46,25.92,
Norte,E0,3:00:00,5709,0.13,1801.55,21.08,
Norte,E0,3:00:00,5744,0.04,1801.46,32.38,
Norte,E0,3:00:00,5746,0.07,1801.5,24.65,
Norte,E0,3:00:00,5747,0.04,1801.49,26.16,
Norte,E0,3:00:00,5748,0.05,1801.6,21.34,
Norte,E0,3:00:00,5749,0.05,1801.65,21.5,
Norte,E0,3:00:00,5750,0.03,1801.69,21.36,
Norte,E0,3:00:00,5760,0.03,1801.73,21.09,
Norte,E0,3:00:00,5761,0.02,1801.7,21.47,
Norte,E0,3:00:00,5762,0.01,1801.77,20.53,
Norte,E0,3:00:00,5763,0.02,1801.76,20.76,
Norte,E0,3:00:00,10020,0.04,1801.45,33.51,
Norte,E0,3:00:00,10059,0.03,1801.44,29.95,
Norte,E0,3:00:00,10061,0.0,1801.52,20.81,
Norte,E0,3:00:00,10062,0.0,1801.53,20.71,
Norte,E0,3:00:00,10063,0.0,1801.56,20.97,
Norte,E0,3:00:00,10082,0.07,1801.5,20.76,
Norte,E0,4:00:00,346,0.04,1801.42,33.72,
Norte,E0,4:00:00,347,0.07,1801.42,33.9,
Norte,E0,4:00:00,348,0.1,1801.42,33.91,
Norte,E0,4:00:00,349,0.05,1801.42,32.59,
Norte,E0,4:00:00,350,0.02,1801.42,32.58,
Norte,E0,4:00:00,351,0.04,1801.43,34.18,
Norte,E0,4:00:00,352,0.11,1801.43,34.06,
Norte,E0,4:00:00,353,0.06,1801.43,33.97,
Norte,E0,4:00:00,354,0.11,1801.44,32.74,
Norte,E0,4:00:00,355,0.04,1801.45,32.67,
Norte,E0,4:00:00,356,0.07,1801.45,32.71,
Norte,E0,4:00:00,357,0.03,1801.45,32.93,
Norte,E0,4:00:00,358,0.02,1801.45,33.18,
Norte,E0,4:00:00,362,0.07,1801.44,32.74,
Norte,E0,4:00:00,363,0.03,1801.44,32.73,
Norte,E0,4:00:00,364,0.07,1801.44,32.73,
Norte,E0,4:00:00,368,0.03,1801.43,32.76,
Norte,E0,4:00:00,371,0.05,1801.43,32.74,
Norte,E0,4:00:00,400,0.05,1801.43,32.45,
Norte,E0,4:00:00,401,0.05,1801.43,32.47,
Norte,E0,4:00:00,404,0.02,1801.43,32.27,
Norte,E0,4:00:00,405,0.01,1801.43,32.22,
Norte,E0,4:00:00,1049,0.02,1801.43,30.03,
Norte,E0,4:00:00,1051,0.03,1801.43,29.92,
Norte,E0,4:00:00,1053,0.02,1801.43,29.92,
Norte,E0,4:00:00,1059,0.05,1801.43,29.69,
Norte,E0,4:00:00,1063,0.02,1801.43,29.42,
Norte,E0,4:00:00,1077,0.02,1801.43,29.88,
Norte,E0,4:00:00,1089,0.03,1801.42,30.03,
Norte,E0,4:00:00,1093,0.06,1801.42,29.58,
Norte,E0,4:00:00,1094,0.02,1801.42,29.34,
Norte,E0,4:00:00,1095,0.02,1801.43,29.84,
Norte,E0,4:00:00,1100,0.04,1801.43,30.45,
Norte,E0,4:00:00,1102,0.06,1801.43,30.4,
Norte,E0,4:00:00,1103,0.01,1801.43,31.38,
Norte,E0,4:00:00,1104,0.06,1801.43,30.43,
Norte,E0,4:00:00,1106,0.07,1801.43,30.37,
Norte,E0,4:00:00,1107,0.03,1801.43,30.63,
Norte,E0,4:00:00,1109,0.01,1801.43,30.62,
Norte,E0,4:00:00,1110,0.01,1801.43,30.26,
Norte,E0,4:00:00,1112,0.02,1801.43,30.28,
Norte,E0,4:00:00,1113,0.03,1801.43,30.02,
Norte,E0,4:00:00,1115,0.07,1801.43,30.01,
Norte,E0,4:00:00,1117,0.07,1801.43,30.06,
Norte,E0,4:00:00,1119,0.09,1801.43,30.65,
Norte,E0,4:00:00,1120,0.07,1801.43,30.22,
Norte,E0,4:00:00,1122,0.05,1801.43,31.52,
Norte,E0,4:00:00,1125,0.05,1801.43,31.46,
Norte,E0,4:00:00,1128,0.05,1801.43,31.71,
Norte,E0,4:00:00,1130,0.06,1801.43,31.53,
Norte,E0,4:00:00,1131,0.07,1801.43,31.68,
Norte,E0,4:00:00,1133,0.02,1801.43,32.71,
Norte,E0,4:00:00,1134,0.12,1801.45,32.78,
Norte,E0,4:00:00,1135,0.08,1801.43,32.89,
Norte,E0,4:00:00,1137,0.1,1801.45,32.72,
Norte,E0,4:00:00,1139,0.07,1801.45,32.7,
Norte,E0,4:00:00,1140,0.03,1801.45,32.75,
Norte,E0,4:00:00,1141,0.05,1801.43,31.69,
Norte,E0,4:00:00,1142,0.02,1801.44,31.64,
Norte,E0,4:00:00,1143,0.07,1801.44,32.49,
Norte,E0,4:00:00,1144,0.06,1801.43,32.66,
Norte,E0,4:00:00,1145,0.03,1801.44,32.58,
Norte,E0,4:00:00,1147,0.0,1801.43,32.73,
Norte,E0,4:00:00,1148,0.0,1801.44,32.75,
Norte,E0,4:00:00,1149,0.13,1801.46,31.35,
Norte,E0,4:00:00,1150,0.18,1801.44,31.16,
Norte,E0,4:00:00,1151,0.03,1801.5,27.27,
Norte,E0,4:00:00,1153,0.01,1801.47,28.87,
Norte,E0,4:00:00,1154,0.0,1801.47,29.32,
Norte,E0,4:00:00,1158,0.09,1801.47,29.53,
Norte,E0,4:00:00,1159,0.07,1801.46,31.9,
Norte,E0,4:00:00,1161,0.03,1801.46,30.97,
Norte,E0,4:00:00,1162,0.0,1801.45,32.39,
Norte,E0,4:00:00,1164,0.08,1801.45,32.47,
Norte,E0,4:00:00,1165,0.03,1801.45,32.58,
Norte,E0,4:00:00,1166,0.04,1801.45,32.13,
Norte,E0,4:00:00,1169,0.07,1801.45,32.75,
Norte,E0,4:00:00,1171,0.06,1801.44,32.76,
Norte,E0,4:00:00,1172,0.13,1801.44,33.81,
Norte,E0,4:00:00,1174,0.05,1801.44,33.61,
Norte,E0,4:00:00,1175,0.1,1801.45,32.11,
Norte,E0,4:00:00,1176,0.14,1801.45,33.6,
Norte,E0,4:00:00,1179,0.05,1801.45,33.11,
Norte,E0,4:00:00,1181,0.01,1801.44,33.6,
Norte,E0,4:00:00,1182,0.05,1801.45,32.84,
Norte,E0,4:00:00,1184,0.03,1801.48,25.04,
Norte,E0,4:00:00,1185,0.02,1801.47,26.74,
Norte,E0,4:00:00,1186,0.01,1801.47,26.06,
Norte,E0,4:00:00,1187,0.17,1801.45,25.74,
Norte,E0,4:00:00,1189,0.01,1801.41,25.32,
Norte,E0,4:00:00,1190,0.05,1801.41,26.28,
Norte,E0,4:00:00,1191,0.05,1801.45,29.33,
Norte,E0,4:00:00,1192,0.01,1801.45,27.43,
Norte,E0,4:00:00,1196,0.04,1801.39,27.17,
Norte,E0,4:00:00,1197,0.04,1801.39,27.64,
Norte,E0,4:00:00,1207,0.09,1801.39,25.6,
Norte,E0,4:00:00,1216,0.07,1801.38,19.35,
Norte,E0,4:00:00,1221,0.04,1801.49,19.93,
Norte,E0,4:00:00,1223,0.04,1801.49,19.71,
Norte,E0,4:00:00,1224,0.06,1801.48,23.3,
Norte,E0,4:00:00,1225,0.03,1801.47,24.77,
Norte,E0,4:00:00,1226,0.05,1801.48,23.53,
Norte,E0,4:00:00,1228,0.03,1801.48,22.86,
Norte,E0,4:00:00,1229,0.01,1801.48,22.56,
Norte,E0,4:00:00,1230,0.01,1801.48,22.51,
Norte,E0,4:00:00,1231,0.01,1801.48,22.59,
Norte,E0,4:00:00,1232,0.02,1801.48,22.05,
Norte,E0,4:00:00,1233,0.01,1801.48,22.02,
Norte,E0,4:00:00,1240,0.09,1801.49,21.32,
Norte,E0,4:00:00,1242,0.09,1801.48,22.48,
Norte,E0,4:00:00,1243,0.03,1801.48,23.25,
Norte,E0,4:00:00,1244,0.09,1801.47,24.8,
Norte,E0,4:00:00,1245,0.05,1801.47,25.88,
Norte,E0,4:00:00,1246,0.03,1801.46,26.06,
Norte,E0,4:00:00,1247,0.06,1801.46,25.82,
Norte,E0,4:00:00,1248,0.05,1801.46,25.53,
Norte,E0,4:00:00,1249,0.11,1801.48,23.9,
Norte,E0,4:00:00,1250,0.12,1801.49,22.8,
Norte,E0,4:00:00,1252,0.09,1801.5,21.41,
Norte,E0,4:00:00,1253,0.12,1801.48,23.87,
Norte,E0,4:00:00,1254,0.11,1801.5,22.2,
Norte,E0,4:00:00,1255,0.06,1801.52,21.95,
Norte,E0,4:00:00,1257,0.07,1801.52,21.33,
Norte,E0,4:00:00,1265,0.03,1801.55,20.96,
Norte,E0,4:00:00,1268,0.05,1801.55,21.05,
Norte,E0,4:00:00,1272,0.03,1801.53,21.7,
Norte,E0,4:00:00,1274,0.05,1801.53,21.73,
Norte,E0,4:00:00,1276,0.11,1801.51,22.7,
Norte,E0,4:00:00,1279,0.05,1801.5,23.99,
Norte,E0,4:00:00,1281,0.05,1801.5,24.36,
Norte,E0,4:00:00,1282,0.02,1801.5,25.83,
Norte,E0,4:00:00,1284,0.02,1801.44,31.2,
Norte,E0,4:00:00,1286,0.07,1801.5,22.91,
Norte,E0,4:00:00,1288,0.01,1801.5,24.94,
Norte,E0,4:00:00,1289,0.02,1801.5,23.27,
Norte,E0,4:00:00,1290,0.08,1801.5,23.35,
Norte,E0,4:00:00,1291,0.01,1801.51,21.12,
Norte,E0,4:00:00,1292,0.05,1801.51,21.35,
Norte,E0,4:00:00,1293,0.07,1801.51,22.0,
Norte,E0,4:00:00,1294,0.02,1801.51,21.85,
Norte,E0,4:00:00,1295,0.11,1801.52,21.03,
Norte,E0,4:00:00,1297,0.08,1801.52,20.64,
Norte,E0,4:00:00,1302,0.08,1801.51,20.11,
Norte,E0,4:00:00,1304,0.05,1801.51,20.11,
Norte,E0,4:00:00,1305,0.0,1801.51,20.12,
Norte,E0,4:00:00,1306,0.05,1801.51,20.12,
Norte,E0,4:00:00,1308,0.07,1801.51,20.65,
Norte,E0,4:00:00,1309,0.03,1801.51,28.54,
Norte,E0,4:00:00,1310,0.02,1801.51,24.69,
Norte,E0,4:00:00,1312,0.08,1801.46,29.54,
Norte,E0,4:00:00,1313,0.0,1801.46,29.76,
Norte,E0,4:00:00,1315,0.05,1801.46,29.72,
Norte,E0,4:00:00,1318,0.07,1801.42,29.69,
Norte,E0,4:00:00,1319,0.01,1801.42,29.34,
Norte,E0,4:00:00,1321,0.04,1801.51,21.54,
Norte,E0,4:00:00,1322,0.0,1801.51,22.31,
Norte,E0,4:00:00,1323,0.05,1801.51,22.1,
Norte,E0,4:00:00,1324,0.02,1801.51,20.66,
Norte,E0,4:00:00,1326,0.07,1801.51,20.32,
Norte,E0,4:00:00,1334,0.05,1801.5,22.22,
Norte,E0,4:00:00,1335,0.06,1801.49,22.78,
Norte,E0,4:00:00,1336,0.01,1801.49,21.91,
Norte,E0,4:00:00,1340,0.03,1801.5,29.16,
Norte,E0,4:00:00,5010,0.03,1801.49,26.04,
Norte,E0,4:00:00,5011,0.04,1801.41,26.2,
Norte,E0,4:00:00,5019,0.05,1801.42,32.24,
Norte,E0,4:00:00,5086,0.06,1801.43,32.72,
Norte,E0,4:00:00,5087,0.01,1801.43,32.77,
Norte,E0,4:00:00,5108,0.0,1801.41,26.13,
Norte,E0,4:00:00,5112,0.02,1801.53,21.74,
Norte,E0,4:00:00,5148,0.0,1801.43,32.45,
Norte,E0,4:00:00,5193,0.0,1801.43,31.58,
Norte,E0,4:00:00,5204,0.12,1801.39,25.67,
Norte,E0,4:00:00,5241,0.0,1801.49,19.86,
Norte,E0,4:00:00,5264,0.02,1801.44,32.74,
Norte,E0,4:00:00,5289,0.01,1801.42,29.94,
Norte,E0,4:00:00,5291,0.01,1801.46,29.98,
Norte,E0,4:00:00,5311,0.11,1801.43,32.68,
Norte,E0,4:00:00,5312,0.0,1801.43,32.82,
Norte,E0,4:00:00,5313,0.01,1801.43,32.62,
Norte,E0,4:00:00,5314,0.01,1801.41,26.06,
Norte,E0,4:00:00,5342,0.03,1801.49,25.94,
Norte,E0,4:00:00,5343,0.11,1801.55,21.07,
Norte,E0,4:00:00,5344,0.11,1801.54,26.0,
Norte,E0,4:00:00,5345,0.11,1801.54,26.16,
Norte,E0,4:00:00,5478,0.0,1801.53,21.75,
Norte,E0,4:00:00,5484,0.0,1801.49,19.33,
Norte,E0,4:00:00,5493,0.01,1801.45,30.97,
Norte,E0,4:00:00,5494,0.01,1801.45,31.04,
Norte,E0,4:00:00,5495,0.08,1801.43,32.96,
Norte,E0,4:00:00,5506,0.01,1801.48,23.0,
Norte,E0,4:00:00,5523,0.0,1801.43,29.42,
Norte,E0,4:00:00,5533,0.02,1801.51,20.97,
Norte,E0,4:00:00,5537,0.03,1801.43,29.68,
Norte,E0,4:00:00,5538,0.06,1801.43,30.0,
Norte,E0,4:00:00,5603,0.04,1801.44,31.22,
Norte,E0,4:00:00,5604,0.06,1801.43,30.78,
Norte,E0,4:00:00,5613,0.06,1801.44,32.63,
Norte,E0,4:00:00,5614,0.02,1801.45,32.72,
Norte,E0,4:00:00,5620,0.04,1801.42,32.57,
Norte,E0,4:00:00,5621,0.03,1801.42,32.51,
Norte,E0,4:00:00,5678,0.05,1801.43,30.11,
Norte,E0,4:00:00,5685,0.02,1801.45,25.91,
Norte,E0,4:00:00,5709,0.13,1801.55,21.08,
Norte,E0,4:00:00,5744,0.04,1801.45,32.37,
Norte,E0,4:00:00,5746,0.07,1801.49,24.64,
Norte,E0,4:00:00,5747,0.04,1801.47,26.14,
Norte,E0,4:00:00,5748,0.05,1801.59,21.33,
Norte,E0,4:00:00,5749,0.05,1801.64,21.49,
Norte,E0,4:00:00,5750,0.03,1801.68,21.35,
Norte,E0,4:00:00,5760,0.03,1801.73,21.09,
Norte,E0,4:00:00,5761,0.02,1801.69,21.46,
Norte,E0,4:00:00,5762,0.01,1801.77,20.53,
Norte,E0,4:00:00,5763,0.02,1801.76,20.76,
Norte,E0,4:00:00,10020,0.04,1801.44,33.5,
Norte,E0,4:00:00,10059,0.03,1801.43,29.94,
Norte,E0,4:00:00,10061,0.0,1801.51,20.8,
Norte,E0,4:00:00,10062,0.0,1801.52,20.7,
Norte,E0,4:00:00,10063,0.0,1801.55,20.96,
Norte,E0,4:00:00,10082,0.07,1801.49,20.75,
Norte,E0,5:00:00,346,0.05,1801.22,33.52,
Norte,E0,5:00:00,347,0.08,1801.22,33.7,
Norte,E0,5:00:00,348,0.13,1801.22,33.71,
Norte,E0,5:00:00,349,0.06,1801.23,32.4,
Norte,E0,5:00:00,350,0.03,1801.23,32.39,
Norte,E0,5:00:00,351,0.06,1801.23,33.98,
Norte,E0,5:00:00,352,0.14,1801.23,33.86,
Norte,E0,5:00:00,353,0.08,1801.23,33.77,
Norte,E0,5:00:00,354,0.14,1801.26,32.56,
Norte,E0,5:00:00,355,0.05,1801.26,32.48,
Norte,E0,5:00:00,356,0.09,1801.26,32.52,
Norte,E0,5:00:00,357,0.04,1801.26,32.74,
Norte,E0,5:00:00,358,0.02,1801.26,32.99,
Norte,E0,5:00:00,362,0.09,1801.24,32.54,
Norte,E0,5:00:00,363,0.04,1801.25,32.54,
Norte,E0,5:00:00,364,0.08,1801.25,32.54,
Norte,E0,5:00:00,368,0.04,1801.23,32.56,
Norte,E0,5:00:00,371,0.06,1801.23,32.54,
Norte,E0,5:00:00,400,0.07,1801.24,32.26,
Norte,E0,5:00:00,401,0.06,1801.24,32.28,
Norte,E0,5:00:00,404,0.03,1801.24,32.08,
Norte,E0,5:00:00,405,0.01,1801.24,32.03,
Norte,E0,5:00:00,1049,0.03,1801.23,29.83,
Norte,E0,5:00:00,1051,0.04,1801.23,29.72,
Norte,E0,5:00:00,1053,0.03,1801.23,29.72,
Norte,E0,5:00:00,1059,0.06,1801.23,29.49,
Norte,E0,5:00:00,1063,0.03,1801.23,29.22,
Norte,E0,5:00:00,1077,0.03,1801.23,29.68,
Norte,E0,5:00:00,1089,0.04,1801.22,29.83,
Norte,E0,5:00:00,1093,0.08,1801.22,29.38,
Norte,E0,5:00:00,1094,0.02,1801.22,29.14,
Norte,E0,5:00:00,1095,0.02,1801.23,29.64,
Norte,E0,5:00:00,1100,0.05,1801.23,30.25,
Norte,E0,5:00:00,1102,0.08,1801.23,30.2,
Norte,E0,5:00:00,1103,0.01,1801.23,31.18,
Norte,E0,5:00:00,1104,0.08,1801.23,30.23,
Norte,E0,5:00:00,1106,0.09,1801.23,30.17,
Norte,E0,5:00:00,1107,0.04,1801.23,30.43,
Norte,E0,5:00:00,1109,0.01,1801.23,30.42,
Norte,E0,5:00:00,1110,0.01,1801.23,30.06,
Norte,E0,5:00:00,1112,0.02,1801.23,30.08,
Norte,E0,5:00:00,1113,0.04,1801.23,29.82,
Norte,E0,5:00:00,1115,0.09,1801.23,29.81,
Norte,E0,5:00:00,1117,0.09,1801.23,29.86,
Norte,E0,5:00:00,1119,0.12,1801.23,30.45,
Norte,E0,5:00:00,1120,0.09,1801.23,30.02,
Norte,E0,5:00:00,1122,0.06,1801.23,31.32,
Norte,E0,5:00:00,1125,0.07,1801.23,31.26,
Norte,E0,5:00:00,1128,0.07,1801.23,31.51,
Norte,E0,5:00:00,1130,0.08,1801.23,31.33,
Norte,E0,5:00:00,1131,0.08,1801.23,31.48,
Norte,E0,5:00:00,1133,0.03,1801.23,32.51,
Norte,E0,5:00:00,1134,0.15,1801.27,32.6,
Norte,E0,5:00:00,1135,0.1,1801.23,32.69,
Norte,E0,5:00:00,1137,0.13,1801.26,32.53,
Norte,E0,5:00:00,1139,0.08,1801.26,32.51,
Norte,E0,5:00:00,1140,0.03,1801.26,32.56,
Norte,E0,5:00:00,1141,0.06,1801.23,31.49,
Norte,E0,5:00:00,1142,0.03,1801.25,31.45,
Norte,E0,5:00:00,1143,0.09,1801.25,32.3,
Norte,E0,5:00:00,1144,0.08,1801.23,32.46,
Norte,E0,5:00:00,1145,0.03,1801.25,32.39,
Norte,E0,5:00:00,1147,0.0,1801.24,32.54,
Norte,E0,5:00:00,1148,0.0,1801.24,32.55,
Norte,E0,5:00:00,1149,0.17,1801.29,31.18,
Norte,E0,5:00:00,1150,0.22,1801.24,30.96,
Norte,E0,5:00:00,1151,0.04,1801.34,27.11,
Norte,E0,5:00:00,1153,0.02,1801.3,28.7,
Norte,E0,5:00:00,1154,0.0,1801.3,29.15,
Norte,E0,5:00:00,1158,0.12,1801.3,29.36,
Norte,E0,5:00:00,1159,0.08,1801.28,31.72,
Norte,E0,5:00:00,1161,0.04,1801.28,30.79,
Norte,E0,5:00:00,1162,0.01,1801.27,32.21,
Norte,E0,5:00:00,1164,0.1,1801.27,32.29,
Norte,E0,5:00:00,1165,0.04,1801.27,32.4,
Norte,E0,5:00:00,1166,0.06,1801.27,31.95,
Norte,E0,5:00:00,1169,0.09,1801.26,32.56,
Norte,E0,5:00:00,1171,0.07,1801.25,32.57,
Norte,E0,5:00:00,1172,0.17,1801.25,33.62,
Norte,E0,5:00:00,1174,0.06,1801.25,33.42,
Norte,E0,5:00:00,1175,0.13,1801.26,31.92,
Norte,E0,5:00:00,1176,0.18,1801.26,33.41,
Norte,E0,5:00:00,1179,0.06,1801.26,32.92,
Norte,E0,5:00:00,1181,0.01,1801.25,33.41,
Norte,E0,5:00:00,1182,0.06,1801.26,32.65,
Norte,E0,5:00:00,1184,0.04,1801.31,24.87,
Norte,E0,5:00:00,1185,0.02,1801.3,26.57,
Norte,E0,5:00:00,1186,0.01,1801.3,25.89,
Norte,E0,5:00:00,1187,0.22,1801.27,25.56,
Norte,E0,5:00:00,1189,0.01,1801.2,25.11,
Norte,E0,5:00:00,1190,0.07,1801.2,26.07,
Norte,E0,5:00:00,1191,0.07,1801.26,29.14,
Norte,E0,5:00:00,1192,0.01,1801.26,27.24,
Norte,E0,5:00:00,1196,0.06,1801.16,26.94,
Norte,E0,5:00:00,1197,0.05,1801.16,27.41,
Norte,E0,5:00:00,1207,0.12,1801.17,25.37,
Norte,E0,5:00:00,1216,0.09,1801.16,19.13,
Norte,E0,5:00:00,1221,0.05,1801.32,19.76,
Norte,E0,5:00:00,1223,0.05,1801.32,19.54,
Norte,E0,5:00:00,1224,0.07,1801.32,23.14,
Norte,E0,5:00:00,1225,0.04,1801.29,24.59,
Norte,E0,5:00:00,1226,0.07,1801.32,23.37,
Norte,E0,5:00:00,1228,0.04,1801.32,22.7,
Norte,E0,5:00:00,1229,0.02,1801.32,22.4,
Norte,E0,5:00:00,1230,0.01,1801.32,22.35,
Norte,E0,5:00:00,1231,0.01,1801.32,22.43,
Norte,E0,5:00:00,1232,0.02,1801.32,21.89,
Norte,E0,5:00:00,1233,0.01,1801.32,21.86,
Norte,E0,5:00:00,1240,0.12,1801.33,21.16,
Norte,E0,5:00:00,1242,0.12,1801.32,22.32,
Norte,E0,5:00:00,1243,0.04,1801.31,23.08,
Norte,E0,5:00:00,1244,0.12,1801.29,24.62,
Norte,E0,5:00:00,1245,0.06,1801.29,25.7,
Norte,E0,5:00:00,1246,0.03,1801.28,25.87,
Norte,E0,5:00:00,1247,0.07,1801.28,25.64,
Norte,E0,5:00:00,1248,0.07,1801.27,25.34,
Norte,E0,5:00:00,1249,0.15,1801.31,23.73,
Norte,E0,5:00:00,1250,0.16,1801.32,22.63,
Norte,E0,5:00:00,1252,0.11,1801.34,21.25,
Norte,E0,5:00:00,1253,0.15,1801.31,23.7,
Norte,E0,5:00:00,1254,0.14,1801.34,22.04,
Norte,E0,5:00:00,1255,0.08,1801.37,21.8,
Norte,E0,5:00:00,1257,0.08,1801.38,21.19,
Norte,E0,5:00:00,1265,0.03,1801.42,20.83,
Norte,E0,5:00:00,1268,0.07,1801.42,20.92,
Norte,E0,5:00:00,1272,0.03,1801.39,21.56,
Norte,E0,5:00:00,1274,0.06,1801.39,21.59,
Norte,E0,5:00:00,1276,0.14,1801.36,22.55,
Norte,E0,5:00:00,1279,0.06,1801.35,23.84,
Norte,E0,5:00:00,1281,0.07,1801.35,24.21,
Norte,E0,5:00:00,1282,0.03,1801.35,25.68,
Norte,E0,5:00:00,1284,0.03,1801.24,31.0,
Norte,E0,5:00:00,1286,0.08,1801.35,22.76,
Norte,E0,5:00:00,1288,0.01,1801.35,24.79,
Norte,E0,5:00:00,1289,0.02,1801.35,23.12,
Norte,E0,5:00:00,1290,0.1,1801.35,23.2,
Norte,E0,5:00:00,1291,0.01,1801.35,20.96,
Norte,E0,5:00:00,1292,0.07,1801.35,21.19,
Norte,E0,5:00:00,1293,0.09,1801.36,21.85,
Norte,E0,5:00:00,1294,0.02,1801.36,21.7,
Norte,E0,5:00:00,1295,0.14,1801.37,20.88,
Norte,E0,5:00:00,1297,0.1,1801.38,20.5,
Norte,E0,5:00:00,1302,0.1,1801.37,19.97,
Norte,E0,5:00:00,1304,0.06,1801.37,19.97,
Norte,E0,5:00:00,1305,0.0,1801.37,19.98,
Norte,E0,5:00:00,1306,0.07,1801.37,19.98,
Norte,E0,5:00:00,1308,0.08,1801.36,20.5,
Norte,E0,5:00:00,1309,0.04,1801.36,28.39,
Norte,E0,5:00:00,1310,0.02,1801.36,24.54,
Norte,E0,5:00:00,1312,0.11,1801.28,29.36,
Norte,E0,5:00:00,1313,0.0,1801.28,29.58,
Norte,E0,5:00:00,1315,0.07,1801.28,29.54,
Norte,E0,5:00:00,1318,0.08,1801.22,29.49,
Norte,E0,5:00:00,1319,0.02,1801.22,29.14,
Norte,E0,5:00:00,1321,0.05,1801.36,21.39,
Norte,E0,5:00:00,1322,0.01,1801.36,22.16,
Norte,E0,5:00:00,1323,0.06,1801.36,21.95,
Norte,E0,5:00:00,1324,0.03,1801.36,20.52,
Norte,E0,5:00:00,1326,0.09,1801.36,20.17,
Norte,E0,5:00:00,1334,0.07,1801.35,22.07,
Norte,E0,5:00:00,1335,0.07,1801.33,22.62,
Norte,E0,5:00:00,1336,0.01,1801.33,21.75,
Norte,E0,5:00:00,1340,0.04,1801.35,29.01,
Norte,E0,5:00:00,5010,0.03,1801.32,25.87,
Norte,E0,5:00:00,5011,0.06,1801.21,26.0,
Norte,E0,5:00:00,5019,0.06,1801.22,32.04,
Norte,E0,5:00:00,5086,0.07,1801.24,32.53,
Norte,E0,5:00:00,5087,0.01,1801.24,32.58,
Norte,E0,5:00:00,5108,0.0,1801.2,25.92,
Norte,E0,5:00:00,5112,0.03,1801.39,21.6,
Norte,E0,5:00:00,5148,0.0,1801.24,32.26,
Norte,E0,5:00:00,5193,0.0,1801.23,31.38,
Norte,E0,5:00:00,5204,0.15,1801.16,25.44,
Norte,E0,5:00:00,5241,0.0,1801.32,19.69,
Norte,E0,5:00:00,5264,0.03,1801.24,32.54,
Norte,E0,5:00:00,5289,0.01,1801.22,29.74,
Norte,E0,5:00:00,5291,0.02,1801.28,29.8,
Norte,E0,5:00:00,5311,0.14,1801.23,32.48,
Norte,E0,5:00:00,5312,0.01,1801.23,32.62,
Norte,E0,5:00:00,5313,0.01,1801.23,32.42,
Norte,E0,5:00:00,5314,0.02,1801.2,25.85,
Norte,E0,5:00:00,5342,0.03,1801.32,25.77,
Norte,E0,5:00:00,5343,0.14,1801.41,20.93,
Norte,E0,5:00:00,5344,0.15,1801.4,25.86,
Norte,E0,5:00:00,5345,0.15,1801.4,26.02,
Norte,E0,5:00:00,5478,0.0,1801.39,21.61,
Norte,E0,5:00:00,5484,0.01,1801.32,19.16,
Norte,E0,5:00:00,5493,0.01,1801.26,30.78,
Norte,E0,5:00:00,5494,0.01,1801.26,30.85,
Norte,E0,5:00:00,5495,0.11,1801.23,32.76,
Norte,E0,5:00:00,5506,0.02,1801.32,22.84,
Norte,E0,5:00:00,5523,0.0,1801.23,29.22,
Norte,E0,5:00:00,5533,0.03,1801.35,20.81,
Norte,E0,5:00:00,5537,0.04,1801.23,29.48,
Norte,E0,5:00:00,5538,0.07,1801.23,29.8,
Norte,E0,5:00:00,5603,0.05,1801.25,31.03,
Norte,E0,5:00:00,5604,0.07,1801.24,30.59,
Norte,E0,5:00:00,5613,0.07,1801.25,32.44,
Norte,E0,5:00:00,5614,0.03,1801.26,32.53,
Norte,E0,5:00:00,5620,0.05,1801.22,32.37,
Norte,E0,5:00:00,5621,0.04,1801.22,32.31,
Norte,E0,5:00:00,5678,0.06,1801.23,29.91,
Norte,E0,5:00:00,5685,0.02,1801.26,25.72,
Norte,E0,5:00:00,5709,0.17,1801.41,20.94,
Norte,E0,5:00:00,5744,0.06,1801.27,32.19,
Norte,E0,5:00:00,5746,0.09,1801.33,24.48,
Norte,E0,5:00:00,5747,0.05,1801.3,25.97,
Norte,E0,5:00:00,5748,0.06,1801.49,21.23,
Norte,E0,5:00:00,5749,0.06,1801.57,21.42,
Norte,E0,5:00:00,5750,0.04,1801.63,21.3,
Norte,E0,5:00:00,5760,0.04,1801.7,21.06,
Norte,E0,5:00:00,5761,0.03,1801.65,21.42,
Norte,E0,5:00:00,5762,0.01,1801.77,20.53,
Norte,E0,5:00:00,5763,0.03,1801.75,20.75,
Norte,E0,5:00:00,10020,0.05,1801.24,33.3,
Norte,E0,5:00:00,10059,0.04,1801.23,29.74,
Norte,E0,5:00:00,10061,0.0,1801.35,20.64,
Norte,E0,5:00:00,10062,0.0,1801.38,20.56,
Norte,E0,5:00:00,10063,0.0,1801.42,20.83,
Norte,E0,5:00:00,10082,0.09,1801.33,20.59,
Norte,E0,6:00:00,346,0.05,1801.08,33.38,
Norte,E0,6:00:00,347,0.1,1801.08,33.56,
Norte,E0,6:00:00,348,0.15,1801.08,33.57,
Norte,E0,6:00:00,349,0.07,1801.08,32.25,
Norte,E0,6:00:00,350,0.03,1801.08,32.24,
Norte,E0,6:00:00,351,0.06,1801.08,33.83,
Norte,E0,6:00:00,352,0.16,1801.08,33.71,
Norte,E0,6:00:00,353,0.09,1801.08,33.62,
Norte,E0,6:00:00,354,0.15,1801.12,32.42,
Norte,E0,6:00:00,355,0.06,1801.13,32.35,
Norte,E0,6:00:00,356,0.11,1801.13,32.39,
Norte,E0,6:00:00,357,0.05,1801.13,32.61,
Norte,E0,6:00:00,358,0.03,1801.13,32.86,
Norte,E0,6:00:00,362,0.1,1801.1,32.4,
Norte,E0,6:00:00,363,0.05,1801.11,32.4,
Norte,E0,6:00:00,364,0.09,1801.11,32.4,
Norte,E0,6:00:00,368,0.05,1801.09,32.42,
Norte,E0,6:00:00,371,0.07,1801.09,32.4,
Norte,E0,6:00:00,400,0.07,1801.1,32.12,
Norte,E0,6:00:00,401,0.07,1801.1,32.14,
Norte,E0,6:00:00,404,0.03,1801.1,31.94,
Norte,E0,6:00:00,405,0.01,1801.1,31.89,
Norte,E0,6:00:00,1049,0.03,1801.08,29.68,
Norte,E0,6:00:00,1051,0.05,1801.08,29.57,
Norte,E0,6:00:00,1053,0.03,1801.08,29.57,
Norte,E0,6:00:00,1059,0.07,1801.08,29.34,
Norte,E0,6:00:00,1063,0.03,1801.08,29.07,
Norte,E0,6:00:00,1077,0.03,1801.09,29.54,
Norte,E0,6:00:00,1089,0.04,1801.08,29.69,
Norte,E0,6:00:00,1093,0.09,1801.08,29.24,
Norte,E0,6:00:00,1094,0.02,1801.08,29.0,
Norte,E0,6:00:00,1095,0.03,1801.08,29.49,
Norte,E0,6:00:00,1100,0.05,1801.08,30.1,
Norte,E0,6:00:00,1102,0.09,1801.08,30.05,
Norte,E0,6:00:00,1103,0.01,1801.09,31.04,
Norte,E0,6:00:00,1104,0.09,1801.08,30.08,
Norte,E0,6:00:00,1106,0.1,1801.08,30.02,
Norte,E0,6:00:00,1107,0.05,1801.09,30.29,
Norte,E0,6:00:00,1109,0.02,1801.08,30.27,
Norte,E0,6:00:00,1110,0.02,1801.09,29.92,
Norte,E0,6:00:00,1112,0.03,1801.09,29.94,
Norte,E0,6:00:00,1113,0.05,1801.09,29.68,
Norte,E0,6:00:00,1115,0.1,1801.09,29.67,
Norte,E0,6:00:00,1117,0.11,1801.09,29.72,
Norte,E0,6:00:00,1119,0.13,1801.08,30.3,
Norte,E0,6:00:00,1120,0.1,1801.09,29.88,
Norte,E0,6:00:00,1122,0.07,1801.09,31.18,
Norte,E0,6:00:00,1125,0.08,1801.09,31.12,
Norte,E0,6:00:00,1128,0.08,1801.09,31.37,
Norte,E0,6:00:00,1130,0.09,1801.09,31.19,
Norte,E0,6:00:00,1131,0.09,1801.09,31.34,
Norte,E0,6:00:00,1133,0.03,1801.08,32.36,
Norte,E0,6:00:00,1134,0.17,1801.13,32.46,
Norte,E0,6:00:00,1135,0.12,1801.09,32.55,
Norte,E0,6:00:00,1137,0.15,1801.13,32.4,
Norte,E0,6:00:00,1139,0.1,1801.13,32.38,
Norte,E0,6:00:00,1140,0.04,1801.13,32.43,
Norte,E0,6:00:00,1141,0.07,1801.08,31.34,
Norte,E0,6:00:00,1142,0.03,1801.11,31.31,
Norte,E0,6:00:00,1143,0.1,1801.11,32.16,
Norte,E0,6:00:00,1144,0.09,1801.08,32.31,
Norte,E0,6:00:00,1145,0.04,1801.11,32.25,
Norte,E0,6:00:00,1147,0.0,1801.1,32.4,
Norte,E0,6:00:00,1148,0.01,1801.1,32.41,
Norte,E0,6:00:00,1149,0.19,1801.16,31.05,
Norte,E0,6:00:00,1150,0.25,1801.1,30.82,
Norte,E0,6:00:00,1151,0.04,1801.23,27.0,
Norte,E0,6:00:00,1153,0.02,1801.17,28.57,
Norte,E0,6:00:00,1154,0.0,1801.17,29.02,
Norte,E0,6:00:00,1158,0.13,1801.17,29.23,
Norte,E0,6:00:00,1159,0.1,1801.16,31.6,
Norte,E0,6:00:00,1161,0.04,1801.16,30.67,
Norte,E0,6:00:00,1162,0.01,1801.14,32.08,
Norte,E0,6:00:00,1164,0.12,1801.13,32.15,
Norte,E0,6:00:00,1165,0.04,1801.14,32.27,
Norte,E0,6:00:00,1166,0.06,1801.14,31.82,
Norte,E0,6:00:00,1169,0.1,1801.13,32.43,
Norte,E0,6:00:00,1171,0.08,1801.11,32.43,
Norte,E0,6:00:00,1172,0.19,1801.11,33.48,
Norte,E0,6:00:00,1174,0.07,1801.11,33.28,
Norte,E0,6:00:00,1175,0.15,1801.12,31.78,
Norte,E0,6:00:00,1176,0.21,1801.12,33.27,
Norte,E0,6:00:00,1179,0.07,1801.13,32.79,
Norte,E0,6:00:00,1181,0.01,1801.11,33.27,
Norte,E0,6:00:00,1182,0.07,1801.13,32.52,
Norte,E0,6:00:00,1184,0.05,1801.18,24.74,
Norte,E0,6:00:00,1185,0.03,1801.17,26.44,
Norte,E0,6:00:00,1186,0.01,1801.17,25.76,
Norte,E0,6:00:00,1187,0.25,1801.14,25.43,
Norte,E0,6:00:00,1189,0.01,1801.06,24.97,
Norte,E0,6:00:00,1190,0.08,1801.05,25.92,
Norte,E0,6:00:00,1191,0.08,1801.12,29.0,
Norte,E0,6:00:00,1192,0.01,1801.12,27.1,
Norte,E0,6:00:00,1196,0.06,1801.0,26.78,
Norte,E0,6:00:00,1197,0.06,1801.0,27.25,
Norte,E0,6:00:00,1207,0.13,1801.01,25.22,
Norte,E0,6:00:00,1216,0.1,1801.0,18.97,
Norte,E0,6:00:00,1221,0.06,1801.2,19.64,
Norte,E0,6:00:00,1223,0.06,1801.2,19.42,
Norte,E0,6:00:00,1224,0.08,1801.2,23.02,
Norte,E0,6:00:00,1225,0.04,1801.16,24.46,
Norte,E0,6:00:00,1226,0.07,1801.2,23.25,
Norte,E0,6:00:00,1228,0.04,1801.19,22.57,
Norte,E0,6:00:00,1229,0.02,1801.19,22.27,
Norte,E0,6:00:00,1230,0.02,1801.19,22.22,
Norte,E0,6:00:00,1231,0.01,1801.19,22.3,
Norte,E0,6:00:00,1232,0.03,1801.19,21.76,
Norte,E0,6:00:00,1233,0.02,1801.19,21.73,
Norte,E0,6:00:00,1240,0.13,1801.21,21.04,
Norte,E0,6:00:00,1242,0.14,1801.2,22.2,
Norte,E0,6:00:00,1243,0.05,1801.19,22.96,
Norte,E0,6:00:00,1244,0.13,1801.16,24.49,
Norte,E0,6:00:00,1245,0.07,1801.16,25.57,
Norte,E0,6:00:00,1246,0.04,1801.14,25.74,
Norte,E0,6:00:00,1247,0.08,1801.14,25.5,
Norte,E0,6:00:00,1248,0.08,1801.14,25.21,
Norte,E0,6:00:00,1249,0.16,1801.18,23.6,
Norte,E0,6:00:00,1250,0.18,1801.2,22.51,
Norte,E0,6:00:00,1252,0.13,1801.23,21.14,
Norte,E0,6:00:00,1253,0.17,1801.19,23.58,
Norte,E0,6:00:00,1254,0.16,1801.23,21.93,
Norte,E0,6:00:00,1255,0.09,1801.27,21.7,
Norte,E0,6:00:00,1257,0.09,1801.27,21.08,
Norte,E0,6:00:00,1265,0.04,1801.33,20.74,
Norte,E0,6:00:00,1268,0.08,1801.32,20.82,
Norte,E0,6:00:00,1272,0.04,1801.29,21.46,
Norte,E0,6:00:00,1274,0.07,1801.29,21.49,
Norte,E0,6:00:00,1276,0.15,1801.25,22.44,
Norte,E0,6:00:00,1279,0.07,1801.23,23.72,
Norte,E0,6:00:00,1281,0.08,1801.23,24.09,
Norte,E0,6:00:00,1282,0.03,1801.23,25.56,
Norte,E0,6:00:00,1284,0.03,1801.1,30.86,
Norte,E0,6:00:00,1286,0.1,1801.24,22.65,
Norte,E0,6:00:00,1288,0.01,1801.24,24.68,
Norte,E0,6:00:00,1289,0.03,1801.24,23.01,
Norte,E0,6:00:00,1290,0.12,1801.24,23.09,
Norte,E0,6:00:00,1291,0.01,1801.24,20.85,
Norte,E0,6:00:00,1292,0.08,1801.24,21.08,
Norte,E0,6:00:00,1293,0.1,1801.25,21.74,
Norte,E0,6:00:00,1294,0.03,1801.25,21.59,
Norte,E0,6:00:00,1295,0.16,1801.27,20.78,
Norte,E0,6:00:00,1297,0.11,1801.27,20.39,
Norte,E0,6:00:00,1302,0.11,1801.26,19.86,
Norte,E0,6:00:00,1304,0.07,1801.26,19.86,
Norte,E0,6:00:00,1305,0.0,1801.26,19.87,
Norte,E0,6:00:00,1306,0.08,1801.26,19.87,
Norte,E0,6:00:00,1308,0.09,1801.25,20.39,
Norte,E0,6:00:00,1309,0.05,1801.25,28.28,
Norte,E0,6:00:00,1310,0.02,1801.25,24.43,
Norte,E0,6:00:00,1312,0.12,1801.15,29.23,
Norte,E0,6:00:00,1313,0.0,1801.15,29.45,
Norte,E0,6:00:00,1315,0.08,1801.15,29.41,
Norte,E0,6:00:00,1318,0.1,1801.08,29.35,
Norte,E0,6:00:00,1319,0.02,1801.08,29.0,
Norte,E0,6:00:00,1321,0.06,1801.25,21.28,
Norte,E0,6:00:00,1322,0.01,1801.25,22.05,
Norte,E0,6:00:00,1323,0.07,1801.25,21.84,
Norte,E0,6:00:00,1324,0.03,1801.26,20.41,
Norte,E0,6:00:00,1326,0.11,1801.25,20.06,
Norte,E0,6:00:00,1334,0.08,1801.24,21.96,
Norte,E0,6:00:00,1335,0.08,1801.21,22.5,
Norte,E0,6:00:00,1336,0.01,1801.21,21.63,
Norte,E0,6:00:00,1340,0.05,1801.24,28.9,
Norte,E0,6:00:00,5010,0.04,1801.2,25.75,
Norte,E0,6:00:00,5011,0.06,1801.06,25.85,
Norte,E0,6:00:00,5019,0.07,1801.08,31.9,
Norte,E0,6:00:00,5086,0.08,1801.1,32.39,
Norte,E0,6:00:00,5087,0.01,1801.1,32.44,
Norte,E0,6:00:00,5108,0.0,1801.05,25.77,
Norte,E0,6:00:00,5112,0.03,1801.29,21.5,
Norte,E0,6:00:00,5148,0.0,1801.1,32.12,
Norte,E0,6:00:00,5193,0.0,1801.09,31.24,
Norte,E0,6:00:00,5204,0.17,1801.0,25.28,
Norte,E0,6:00:00,5241,0.0,1801.2,19.57,
Norte,E0,6:00:00,5264,0.03,1801.1,32.4,
Norte,E0,6:00:00,5289,0.01,1801.08,29.6,
Norte,E0,6:00:00,5291,0.02,1801.15,29.67,
Norte,E0,6:00:00,5311,0.15,1801.08,32.33,
Norte,E0,6:00:00,5312,0.01,1801.08,32.47,
Norte,E0,6:00:00,5313,0.01,1801.08,32.27,
Norte,E0,6:00:00,5314,0.02,1801.06,25.71,
Norte,E0,6:00:00,5342,0.04,1801.2,25.65,
Norte,E0,6:00:00,5343,0.16,1801.32,20.84,
Norte,E0,6:00:00,5344,0.17,1801.31,25.77,
Norte,E0,6:00:00,5345,0.17,1801.31,25.93,
Norte,E0,6:00:00,5478,0.01,1801.29,21.51,
Norte,E0,6:00:00,5484,0.01,1801.2,19.04,
Norte,E0,6:00:00,5493,0.01,1801.13,30.65,
Norte,E0,6:00:00,5494,0.01,1801.13,30.72,
Norte,E0,6:00:00,5495,0.12,1801.08,32.61,
Norte,E0,6:00:00,5506,0.02,1801.2,22.72,
Norte,E0,6:00:00,5523,0.0,1801.09,29.08,
Norte,E0,6:00:00,5533,0.04,1801.24,20.7,
Norte,E0,6:00:00,5537,0.05,1801.09,29.34,
Norte,E0,6:00:00,5538,0.08,1801.09,29.66,
Norte,E0,6:00:00,5603,0.06,1801.11,30.89,
Norte,E0,6:00:00,5604,0.08,1801.1,30.45,
Norte,E0,6:00:00,5613,0.08,1801.11,32.3,
Norte,E0,6:00:00,5614,0.03,1801.13,32.4,
Norte,E0,6:00:00,5620,0.06,1801.08,32.23,
Norte,E0,6:00:00,5621,0.05,1801.08,32.17,
Norte,E0,6:00:00,5678,0.07,1801.08,29.76,
Norte,E0,6:00:00,5685,0.02,1801.12,25.58,
Norte,E0,6:00:00,5709,0.19,1801.32,20.85,
Norte,E0,6:00:00,5744,0.06,1801.13,32.05,
Norte,E0,6:00:00,5746,0.1,1801.21,24.36,
Norte,E0,6:00:00,5747,0.06,1801.18,25.85,
Norte,E0,6:00:00,5748,0.07,1801.41,21.15,
Norte,E0,6:00:00,5749,0.07,1801.51,21.36,
Norte,E0,6:00:00,5750,0.04,1801.59,21.26,
Norte,E0,6:00:00,5760,0.05,1801.68,21.04,
Norte,E0,6:00:00,5761,0.03,1801.61,21.38,
Norte,E0,6:00:00,5762,0.02,1801.77,20.53,
Norte,E0,6:00:00,5763,0.04,1801.74,20.74,
Norte,E0,6:00:00,10020,0.06,1801.1,33.16,
Norte,E0,6:00:00,10059,0.05,1801.08,29.59,
Norte,E0,6:00:00,10061,0.01,1801.24,20.53,
Norte,E0,6:00:00,10062,0.0,1801.27,20.45,
Norte,E0,6:00:00,10063,0.0,1801.33,20.74,
Norte,E0,6:00:00,10082,0.11,1801.21,20.47,
Norte,E0,7:00:00,346,0.05,1801.13,33.43,
Norte,E0,7:00:00,347,0.09,1801.13,33.61,
Norte,E0,7:00:00,348,0.14,1801.13,33.62,
Norte,E0,7:00:00,349,0.06,1801.13,32.3,
Norte,E0,7:00:00,350,0.03,1801.13,32.29,
Norte,E0,7:00:00,351,0.06,1801.13,33.88,
Norte,E0,7:00:00,352,0.15,1801.13,33.76,
Norte,E0,7:00:00,353,0.09,1801.13,33.67,
Norte,E0,7:00:00,354,0.15,1801.17,32.47,
Norte,E0,7:00:00,355,0.06,1801.17,32.39,
Norte,E0,7:00:00,356,0.1,1801.17,32.43,
Norte,E0,7:00:00,357,0.04,1801.17,32.65,
Norte,E0,7:00:00,358,0.02,1801.17,32.9,
Norte,E0,7:00:00,362,0.1,1801.15,32.45,
Norte,E0,7:00:00,363,0.05,1801.16,32.45,
Norte,E0,7:00:00,364,0.09,1801.16,32.45,
Norte,E0,7:00:00,368,0.04,1801.14,32.47,
Norte,E0,7:00:00,371,0.07,1801.14,32.45,
Norte,E0,7:00:00,400,0.07,1801.15,32.17,
Norte,E0,7:00:00,401,0.06,1801.15,32.19,
Norte,E0,7:00:00,404,0.03,1801.15,31.99,
Norte,E0,7:00:00,405,0.01,1801.15,31.94,
Norte,E0,7:00:00,1049,0.03,1801.13,29.73,
Norte,E0,7:00:00,1051,0.04,1801.13,29.62,
Norte,E0,7:00:00,1053,0.03,1801.13,29.62,
Norte,E0,7:00:00,1059,0.06,1801.13,29.39,
Norte,E0,7:00:00,1063,0.03,1801.13,29.12,
Norte,E0,7:00:00,1077,0.03,1801.14,29.59,
Norte,E0,7:00:00,1089,0.04,1801.13,29.74,
Norte,E0,7:00:00,1093,0.09,1801.13,29.29,
Norte,E0,7:00:00,1094,0.02,1801.13,29.05,
Norte,E0,7:00:00,1095,0.03,1801.13,29.54,
Norte,E0,7:00:00,1100,0.05,1801.14,30.16,
Norte,E0,7:00:00,1102,0.08,1801.14,30.11,
Norte,E0,7:00:00,1103,0.01,1801.14,31.09,
Norte,E0,7:00:00,1104,0.09,1801.13,30.13,
Norte,E0,7:00:00,1106,0.1,1801.13,30.07,
Norte,E0,7:00:00,1107,0.05,1801.14,30.34,
Norte,E0,7:00:00,1109,0.01,1801.14,30.33,
Norte,E0,7:00:00,1110,0.02,1801.14,29.97,
Norte,E0,7:00:00,1112,0.03,1801.14,29.99,
Norte,E0,7:00:00,1113,0.05,1801.14,29.73,
Norte,E0,7:00:00,1115,0.1,1801.14,29.72,
Norte,E0,7:00:00,1117,0.1,1801.14,29.77,
Norte,E0,7:00:00,1119,0.13,1801.14,30.36,
Norte,E0,7:00:00,1120,0.09,1801.14,29.93,
Norte,E0,7:00:00,1122,0.07,1801.14,31.23,
Norte,E0,7:00:00,1125,0.07,1801.14,31.17,
Norte,E0,7:00:00,1128,0.07,1801.14,31.42,
Norte,E0,7:00:00,1130,0.09,1801.14,31.24,
Norte,E0,7:00:00,1131,0.09,1801.14,31.39,
Norte,E0,7:00:00,1133,0.03,1801.14,32.42,
Norte,E0,7:00:00,1134,0.16,1801.18,32.51,
Norte,E0,7:00:00,1135,0.11,1801.14,32.6,
Norte,E0,7:00:00,1137,0.14,1801.18,32.45,
Norte,E0,7:00:00,1139,0.09,1801.17,32.42,
Norte,E0,7:00:00,1140,0.04,1801.17,32.47,
Norte,E0,7:00:00,1141,0.06,1801.13,31.39,
Norte,E0,7:00:00,1142,0.03,1801.16,31.36,
Norte,E0,7:00:00,1143,0.09,1801.16,32.21,
Norte,E0,7:00:00,1144,0.09,1801.14,32.37,
Norte,E0,7:00:00,1145,0.04,1801.16,32.3,
Norte,E0,7:00:00,1147,0.0,1801.15,32.45,
Norte,E0,7:00:00,1148,0.01,1801.15,32.46,
Norte,E0,7:00:00,1149,0.18,1801.2,31.09,
Norte,E0,7:00:00,1150,0.24,1801.15,30.87,
Norte,E0,7:00:00,1151,0.04,1801.27,27.04,
Norte,E0,7:00:00,1153,0.02,1801.22,28.62,
Norte,E0,7:00:00,1154,0.0,1801.22,29.07,
Norte,E0,7:00:00,1158,0.13,1801.22,29.28,
Norte,E0,7:00:00,1159,0.09,1801.2,31.64,
Norte,E0,7:00:00,1161,0.04,1801.2,30.71,
Norte,E0,7:00:00,1162,0.01,1801.18,32.12,
Norte,E0,7:00:00,1164,0.11,1801.18,32.2,
Norte,E0,7:00:00,1165,0.04,1801.18,32.31,
Norte,E0,7:00:00,1166,0.06,1801.19,31.87,
Norte,E0,7:00:00,1169,0.1,1801.18,32.48,
Norte,E0,7:00:00,1171,0.08,1801.16,32.48,
Norte,E0,7:00:00,1172,0.18,1801.16,33.53,
Norte,E0,7:00:00,1174,0.06,1801.16,33.33,
Norte,E0,7:00:00,1175,0.14,1801.17,31.83,
Norte,E0,7:00:00,1176,0.2,1801.17,33.32,
Norte,E0,7:00:00,1179,0.06,1801.17,32.83,
Norte,E0,7:00:00,1181,0.01,1801.16,33.32,
Norte,E0,7:00:00,1182,0.07,1801.18,32.57,
Norte,E0,7:00:00,1184,0.04,1801.23,24.79,
Norte,E0,7:00:00,1185,0.03,1801.22,26.49,
Norte,E0,7:00:00,1186,0.01,1801.22,25.81,
Norte,E0,7:00:00,1187,0.24,1801.18,25.47,
Norte,E0,7:00:00,1189,0.01,1801.11,25.02,
Norte,E0,7:00:00,1190,0.07,1801.1,25.98,
Norte,E0,7:00:00,1191,0.07,1801.17,29.05,
Norte,E0,7:00:00,1192,0.01,1801.17,27.15,
Norte,E0,7:00:00,1196,0.06,1801.06,26.84,
Norte,E0,7:00:00,1197,0.05,1801.06,27.31,
Norte,E0,7:00:00,1207,0.13,1801.06,25.27,
Norte,E0,7:00:00,1216,0.1,1801.06,19.03,
Norte,E0,7:00:00,1221,0.05,1801.25,19.69,
Norte,E0,7:00:00,1223,0.06,1801.25,19.47,
Norte,E0,7:00:00,1224,0.08,1801.24,23.06,
Norte,E0,7:00:00,1225,0.04,1801.21,24.51,
Norte,E0,7:00:00,1226,0.07,1801.24,23.29,
Norte,E0,7:00:00,1228,0.04,1801.24,22.62,
Norte,E0,7:00:00,1229,0.02,1801.24,22.32,
Norte,E0,7:00:00,1230,0.02,1801.24,22.27,
Norte,E0,7:00:00,1231,0.01,1801.24,22.35,
Norte,E0,7:00:00,1232,0.03,1801.24,21.81,
Norte,E0,7:00:00,1233,0.01,1801.24,21.78,
Norte,E0,7:00:00,1240,0.13,1801.25,21.08,
Norte,E0,7:00:00,1242,0.13,1801.24,22.24,
Norte,E0,7:00:00,1243,0.05,1801.23,23.0,
Norte,E0,7:00:00,1244,0.13,1801.21,24.54,
Norte,E0,7:00:00,1245,0.07,1801.21,25.62,
Norte,E0,7:00:00,1246,0.04,1801.19,25.79,
Norte,E0,7:00:00,1247,0.08,1801.19,25.55,
Norte,E0,7:00:00,1248,0.08,1801.19,25.26,
Norte,E0,7:00:00,1249,0.16,1801.23,23.65,
Norte,E0,7:00:00,1250,0.17,1801.25,22.56,
Norte,E0,7:00:00,1252,0.12,1801.27,21.18,
Norte,E0,7:00:00,1253,0.16,1801.23,23.62,
Norte,E0,7:00:00,1254,0.16,1801.27,21.97,
Norte,E0,7:00:00,1255,0.09,1801.3,21.73,
Norte,E0,7:00:00,1257,0.09,1801.31,21.12,
Norte,E0,7:00:00,1265,0.04,1801.36,20.77,
Norte,E0,7:00:00,1268,0.07,1801.36,20.86,
Norte,E0,7:00:00,1272,0.04,1801.32,21.49,
Norte,E0,7:00:00,1274,0.07,1801.33,21.53,
Norte,E0,7:00:00,1276,0.15,1801.29,22.48,
Norte,E0,7:00:00,1279,0.06,1801.27,23.76,
Norte,E0,7:00:00,1281,0.07,1801.27,24.13,
Norte,E0,7:00:00,1282,0.03,1801.27,25.6,
Norte,E0,7:00:00,1284,0.03,1801.15,30.91,
Norte,E0,7:00:00,1286,0.09,1801.28,22.69,
Norte,E0,7:00:00,1288,0.01,1801.28,24.72,
Norte,E0,7:00:00,1289,0.03,1801.28,23.05,
Norte,E0,7:00:00,1290,0.11,1801.28,23.13,
Norte,E0,7:00:00,1291,0.01,1801.28,20.89,
Norte,E0,7:00:00,1292,0.07,1801.28,21.12,
Norte,E0,7:00:00,1293,0.09,1801.28,21.77,
Norte,E0,7:00:00,1294,0.03,1801.29,21.63,
Norte,E0,7:00:00,1295,0.15,1801.3,20.81,
Norte,E0,7:00:00,1297,0.11,1801.31,20.43,
Norte,E0,7:00:00,1302,0.1,1801.3,19.9,
Norte,E0,7:00:00,1304,0.06,1801.3,19.9,
Norte,E0,7:00:00,1305,0.0,1801.3,19.91,
Norte,E0,7:00:00,1306,0.08,1801.3,19.91,
Norte,E0,7:00:00,1308,0.09,1801.29,20.43,
Norte,E0,7:00:00,1309,0.05,1801.29,28.32,
Norte,E0,7:00:00,1310,0.02,1801.29,24.47,
Norte,E0,7:00:00,1312,0.12,1801.19,29.27,
Norte,E0,7:00:00,1313,0.0,1801.19,29.49,
Norte,E0,7:00:00,1315,0.08,1801.19,29.45,
Norte,E0,7:00:00,1318,0.09,1801.13,29.4,
Norte,E0,7:00:00,1319,0.02,1801.13,29.05,
Norte,E0,7:00:00,1321,0.06,1801.29,21.32,
Norte,E0,7:00:00,1322,0.01,1801.29,22.09,
Norte,E0,7:00:00,1323,0.07,1801.29,21.88,
Norte,E0,7:00:00,1324,0.03,1801.3,20.45,
Norte,E0,7:00:00,1326,0.1,1801.29,20.1,
Norte,E0,7:00:00,1334,0.07,1801.28,22.0,
Norte,E0,7:00:00,1335,0.08,1801.25,22.54,
Norte,E0,7:00:00,1336,0.01,1801.25,21.67,
Norte,E0,7:00:00,1340,0.05,1801.28,28.94,
Norte,E0,7:00:00,5010,0.04,1801.25,25.8,
Norte,E0,7:00:00,5011,0.06,1801.11,25.9,
Norte,E0,7:00:00,5019,0.07,1801.13,31.95,
Norte,E0,7:00:00,5086,0.08,1801.15,32.44,
Norte,E0,7:00:00,5087,0.01,1801.15,32.49,
Norte,E0,7:00:00,5108,0.0,1801.11,25.83,
Norte,E0,7:00:00,5112,0.03,1801.32,21.53,
Norte,E0,7:00:00,5148,0.0,1801.15,32.17,
Norte,E0,7:00:00,5193,0.0,1801.14,31.29,
Norte,E0,7:00:00,5204,0.16,1801.06,25.34,
Norte,E0,7:00:00,5241,0.0,1801.25,19.62,
Norte,E0,7:00:00,5264,0.03,1801.15,32.45,
Norte,E0,7:00:00,5289,0.01,1801.13,29.65,
Norte,E0,7:00:00,5291,0.02,1801.19,29.71,
Norte,E0,7:00:00,5311,0.15,1801.14,32.39,
Norte,E0,7:00:00,5312,0.01,1801.14,32.53,
Norte,E0,7:00:00,5313,0.01,1801.14,32.33,
Norte,E0,7:00:00,5314,0.02,1801.11,25.76,
Norte,E0,7:00:00,5342,0.04,1801.25,25.7,
Norte,E0,7:00:00,5343,0.16,1801.35,20.87,
Norte,E0,7:00:00,5344,0.16,1801.34,25.8,
Norte,E0,7:00:00,5345,0.16,1801.34,25.96,
Norte,E0,7:00:00,5478,0.01,1801.32,21.54,
Norte,E0,7:00:00,5484,0.01,1801.25,19.09,
Norte,E0,7:00:00,5493,0.01,1801.17,30.69,
Norte,E0,7:00:00,5494,0.01,1801.18,30.77,
Norte,E0,7:00:00,5495,0.12,1801.14,32.67,
Norte,E0,7:00:00,5506,0.02,1801.24,22.76,
Norte,E0,7:00:00,5523,0.0,1801.14,29.13,
Norte,E0,7:00:00,5533,0.03,1801.28,20.74,
Norte,E0,7:00:00,5537,0.04,1801.14,29.39,
Norte,E0,7:00:00,5538,0.08,1801.14,29.71,
Norte,E0,7:00:00,5603,0.05,1801.16,30.94,
Norte,E0,7:00:00,5604,0.08,1801.15,30.5,
Norte,E0,7:00:00,5613,0.08,1801.16,32.35,
Norte,E0,7:00:00,5614,0.03,1801.18,32.45,
Norte,E0,7:00:00,5620,0.05,1801.13,32.28,
Norte,E0,7:00:00,5621,0.04,1801.13,32.22,
Norte,E0,7:00:00,5678,0.07,1801.13,29.81,
Norte,E0,7:00:00,5685,0.02,1801.17,25.63,
Norte,E0,7:00:00,5709,0.18,1801.35,20.88,
Norte,E0,7:00:00,5744,0.06,1801.18,32.1,
Norte,E0,7:00:00,5746,0.09,1801.26,24.41,
Norte,E0,7:00:00,5747,0.06,1801.22,25.89,
Norte,E0,7:00:00,5748,0.07,1801.44,21.18,
Norte,E0,7:00:00,5749,0.07,1801.53,21.38,
Norte,E0,7:00:00,5750,0.04,1801.61,21.28,
Norte,E0,7:00:00,5760,0.05,1801.68,21.04,
Norte,E0,7:00:00,5761,0.03,1801.63,21.4,
Norte,E0,7:00:00,5762,0.02,1801.77,20.53,
Norte,E0,7:00:00,5763,0.03,1801.74,20.74,
Norte,E0,7:00:00,10020,0.05,1801.15,33.21,
Norte,E0,7:00:00,10059,0.05,1801.13,29.64,
Norte,E0,7:00:00,10061,0.01,1801.28,20.57,
Norte,E0,7:00:00,10062,0.0,1801.31,20.49,
Norte,E0,7:00:00,10063,0.0,1801.36,20.77,
Norte,E0,7:00:00,10082,0.1,1801.25,20.51,
Norte,E0,8:00:00,346,0.05,1801.06,33.36,
Norte,E0,8:00:00,347,0.1,1801.06,33.54,
Norte,E0,8:00:00,348,0.15,1801.06,33.55,
Norte,E0,8:00:00,349,0.07,1801.06,32.23,
Norte,E0,8:00:00,350,0.03,1801.06,32.22,
Norte,E0,8:00:00,351,0.06,1801.07,33.82,
Norte,E0,8:00:00,352,0.16,1801.07,33.7,
Norte,E0,8:00:00,353,0.09,1801.07,33.61,
Norte,E0,8:00:00,354,0.16,1801.1,32.4,
Norte,E0,8:00:00,355,0.06,1801.11,32.33,
Norte,E0,8:00:00,356,0.11,1801.11,32.37,
Norte,E0,8:00:00,357,0.05,1801.11,32.59,
Norte,E0,8:00:00,358,0.03,1801.11,32.84,
Norte,E0,8:00:00,362,0.1,1801.09,32.39,
Norte,E0,8:00:00,363,0.05,1801.09,32.38,
Norte,E0,8:00:00,364,0.09,1801.09,32.38,
Norte,E0,8:00:00,368,0.05,1801.07,32.4,
Norte,E0,8:00:00,371,0.07,1801.07,32.38,
Norte,E0,8:00:00,400,0.08,1801.08,32.1,
Norte,E0,8:00:00,401,0.07,1801.08,32.12,
Norte,E0,8:00:00,404,0.03,1801.08,31.92,
Norte,E0,8:00:00,405,0.01,1801.08,31.87,
Norte,E0,8:00:00,1049,0.03,1801.07,29.67,
Norte,E0,8:00:00,1051,0.05,1801.07,29.56,
Norte,E0,8:00:00,1053,0.03,1801.07,29.56,
Norte,E0,8:00:00,1059,0.07,1801.07,29.33,
Norte,E0,8:00:00,1063,0.03,1801.07,29.06,
Norte,E0,8:00:00,1077,0.03,1801.07,29.52,
Norte,E0,8:00:00,1089,0.04,1801.06,29.67,
Norte,E0,8:00:00,1093,0.09,1801.06,29.22,
Norte,E0,8:00:00,1094,0.02,1801.06,28.98,
Norte,E0,8:00:00,1095,0.03,1801.07,29.48,
Norte,E0,8:00:00,1100,0.05,1801.07,30.09,
Norte,E0,8:00:00,1102,0.09,1801.07,30.04,
Norte,E0,8:00:00,1103,0.01,1801.07,31.02,
Norte,E0,8:00:00,1104,0.09,1801.07,30.07,
Norte,E0,8:00:00,1106,0.1,1801.07,30.01,
Norte,E0,8:00:00,1107,0.05,1801.07,30.27,
Norte,E0,8:00:00,1109,0.02,1801.07,30.26,
Norte,E0,8:00:00,1110,0.02,1801.07,29.9,
Norte,E0,8:00:00,1112,0.03,1801.07,29.92,
Norte,E0,8:00:00,1113,0.05,1801.07,29.66,
Norte,E0,8:00:00,1115,0.1,1801.07,29.65,
Norte,E0,8:00:00,1117,0.11,1801.07,29.7,
Norte,E0,8:00:00,1119,0.13,1801.07,30.29,
Norte,E0,8:00:00,1120,0.1,1801.07,29.86,
Norte,E0,8:00:00,1122,0.07,1801.07,31.16,
Norte,E0,8:00:00,1125,0.08,1801.07,31.1,
Norte,E0,8:00:00,1128,0.08,1801.07,31.35,
Norte,E0,8:00:00,1130,0.09,1801.07,31.17,
Norte,E0,8:00:00,1131,0.1,1801.07,31.32,
Norte,E0,8:00:00,1133,0.03,1801.07,32.35,
Norte,E0,8:00:00,1134,0.17,1801.12,32.45,
Norte,E0,8:00:00,1135,0.12,1801.07,32.53,
Norte,E0,8:00:00,1137,0.15,1801.11,32.38,
Norte,E0,8:00:00,1139,0.1,1801.11,32.36,
Norte,E0,8:00:00,1140,0.04,1801.11,32.41,
Norte,E0,8:00:00,1141,0.07,1801.07,31.33,
Norte,E0,8:00:00,1142,0.03,1801.09,31.29,
Norte,E0,8:00:00,1143,0.1,1801.09,32.14,
Norte,E0,8:00:00,1144,0.09,1801.07,32.3,
Norte,E0,8:00:00,1145,0.04,1801.1,32.24,
Norte,E0,8:00:00,1147,0.0,1801.08,32.38,
Norte,E0,8:00:00,1148,0.01,1801.09,32.4,
Norte,E0,8:00:00,1149,0.19,1801.14,31.03,
Norte,E0,8:00:00,1150,0.26,1801.09,30.81,
Norte,E0,8:00:00,1151,0.04,1801.22,26.99,
Norte,E0,8:00:00,1153,0.02,1801.16,28.56,
Norte,E0,8:00:00,1154,0.0,1801.16,29.01,
Norte,E0,8:00:00,1158,0.13,1801.16,29.22,
Norte,E0,8:00:00,1159,0.1,1801.14,31.58,
Norte,E0,8:00:00,1161,0.05,1801.14,30.65,
Norte,E0,8:00:00,1162,0.01,1801.12,32.06,
Norte,E0,8:00:00,1164,0.12,1801.12,32.14,
Norte,E0,8:00:00,1165,0.04,1801.12,32.25,
Norte,E0,8:00:00,1166,0.07,1801.13,31.8,
Norte,E0,8:00:00,1169,0.1,1801.11,32.41,
Norte,E0,8:00:00,1171,0.08,1801.1,32.42,
Norte,E0,8:00:00,1172,0.19,1801.1,33.47,
Norte,E0,8:00:00,1174,0.07,1801.1,33.27,
Norte,E0,8:00:00,1175,0.15,1801.11,31.77,
Norte,E0,8:00:00,1176,0.21,1801.11,33.26,
Norte,E0,8:00:00,1179,0.07,1801.11,32.77,
Norte,E0,8:00:00,1181,0.01,1801.1,33.26,
Norte,E0,8:00:00,1182,0.07,1801.12,32.51,
Norte,E0,8:00:00,1184,0.05,1801.17,24.73,
Norte,E0,8:00:00,1185,0.03,1801.16,26.43,
Norte,E0,8:00:00,1186,0.01,1801.16,25.75,
Norte,E0,8:00:00,1187,0.26,1801.12,25.41,
Norte,E0,8:00:00,1189,0.01,1801.04,24.95,
Norte,E0,8:00:00,1190,0.08,1801.03,25.9,
Norte,E0,8:00:00,1191,0.08,1801.11,28.99,
Norte,E0,8:00:00,1192,0.01,1801.11,27.09,
Norte,E0,8:00:00,1196,0.06,1800.98,26.76,
Norte,E0,8:00:00,1197,0.06,1800.99,27.24,
Norte,E0,8:00:00,1207,0.14,1800.99,25.2,
Norte,E0,8:00:00,1216,0.1,1800.98,18.95,
Norte,E0,8:00:00,1221,0.06,1801.19,19.63,
Norte,E0,8:00:00,1223,0.06,1801.19,19.41,
Norte,E0,8:00:00,1224,0.09,1801.18,23.0,
Norte,E0,8:00:00,1225,0.04,1801.15,24.45,
Norte,E0,8:00:00,1226,0.08,1801.18,23.23,
Norte,E0,8:00:00,1228,0.04,1801.18,22.56,
Norte,E0,8:00:00,1229,0.02,1801.18,22.26,
Norte,E0,8:00:00,1230,0.02,1801.18,22.21,
Norte,E0,8:00:00,1231,0.01,1801.18,22.29,
Norte,E0,8:00:00,1232,0.03,1801.18,21.75,
Norte,E0,8:00:00,1233,0.02,1801.18,21.72,
Norte,E0,8:00:00,1240,0.14,1801.2,21.03,
Norte,E0,8:00:00,1242,0.14,1801.18,22.18,
Norte,E0,8:00:00,1243,0.05,1801.18,22.95,
Norte,E0,8:00:00,1244,0.13,1801.15,24.48,
Norte,E0,8:00:00,1245,0.07,1801.15,25.56,
Norte,E0,8:00:00,1246,0.04,1801.13,25.73,
Norte,E0,8:00:00,1247,0.08,1801.13,25.49,
Norte,E0,8:00:00,1248,0.08,1801.13,25.2,
Norte,E0,8:00:00,1249,0.17,1801.17,23.59,
Norte,E0,8:00:00,1250,0.18,1801.19,22.5,
Norte,E0,8:00:00,1252,0.13,1801.21,21.12,
Norte,E0,8:00:00,1253,0.17,1801.17,23.56,
Norte,E0,8:00:00,1254,0.16,1801.21,21.91,
Norte,E0,8:00:00,1255,0.09,1801.25,21.68,
Norte,E0,8:00:00,1257,0.1,1801.26,21.07,
Norte,E0,8:00:00,1265,0.04,1801.32,20.73,
Norte,E0,8:00:00,1268,0.08,1801.31,20.81,
Norte,E0,8:00:00,1272,0.04,1801.28,21.45,
Norte,E0,8:00:00,1274,0.07,1801.28,21.48,
Norte,E0,8:00:00,1276,0.16,1801.24,22.43,
Norte,E0,8:00:00,1279,0.07,1801.22,23.71,
Norte,E0,8:00:00,1281,0.08,1801.22,24.08,
Norte,E0,8:00:00,1282,0.03,1801.22,25.55,
Norte,E0,8:00:00,1284,0.03,1801.09,30.85,
Norte,E0,8:00:00,1286,0.1,1801.23,22.64,
Norte,E0,8:00:00,1288,0.01,1801.23,24.67,
Norte,E0,8:00:00,1289,0.03,1801.23,23.0,
Norte,E0,8:00:00,1290,0.12,1801.23,23.08,
Norte,E0,8:00:00,1291,0.01,1801.23,20.84,
Norte,E0,8:00:00,1292,0.08,1801.23,21.07,
Norte,E0,8:00:00,1293,0.1,1801.23,21.72,
Norte,E0,8:00:00,1294,0.03,1801.24,21.58,
Norte,E0,8:00:00,1295,0.16,1801.25,20.76,
Norte,E0,8:00:00,1297,0.11,1801.26,20.38,
Norte,E0,8:00:00,1302,0.11,1801.24,19.84,
Norte,E0,8:00:00,1304,0.07,1801.24,19.84,
Norte,E0,8:00:00,1305,0.0,1801.24,19.85,
Norte,E0,8:00:00,1306,0.08,1801.24,19.85,
Norte,E0,8:00:00,1308,0.1,1801.24,20.38,
Norte,E0,8:00:00,1309,0.05,1801.24,28.27,
Norte,E0,8:00:00,1310,0.02,1801.23,24.41,
Norte,E0,8:00:00,1312,0.12,1801.13,29.21,
Norte,E0,8:00:00,1313,0.0,1801.13,29.43,
Norte,E0,8:00:00,1315,0.08,1801.13,29.39,
Norte,E0,8:00:00,1318,0.1,1801.06,29.33,
Norte,E0,8:00:00,1319,0.02,1801.06,28.98,
Norte,E0,8:00:00,1321,0.06,1801.23,21.26,
Norte,E0,8:00:00,1322,0.01,1801.23,22.03,
Norte,E0,8:00:00,1323,0.07,1801.23,21.82,
Norte,E0,8:00:00,1324,0.03,1801.24,20.39,
Norte,E0,8:00:00,1326,0.11,1801.23,20.04,
Norte,E0,8:00:00,1334,0.08,1801.22,21.94,
Norte,E0,8:00:00,1335,0.09,1801.2,22.49,
Norte,E0,8:00:00,1336,0.01,1801.2,21.62,
Norte,E0,8:00:00,1340,0.05,1801.22,28.88,
Norte,E0,8:00:00,5010,0.04,1801.19,25.74,
Norte,E0,8:00:00,5011,0.06,1801.04,25.83,
Norte,E0,8:00:00,5019,0.07,1801.06,31.88,
Norte,E0,8:00:00,5086,0.08,1801.08,32.37,
Norte,E0,8:00:00,5087,0.01,1801.08,32.42,
Norte,E0,8:00:00,5108,0.0,1801.04,25.76,
Norte,E0,8:00:00,5112,0.03,1801.27,21.48,
Norte,E0,8:00:00,5148,0.0,1801.08,32.1,
Norte,E0,8:00:00,5193,0.0,1801.07,31.22,
Norte,E0,8:00:00,5204,0.17,1800.99,25.27,
Norte,E0,8:00:00,5241,0.0,1801.19,19.56,
Norte,E0,8:00:00,5264,0.03,1801.09,32.39,
Norte,E0,8:00:00,5289,0.01,1801.06,29.58,
Norte,E0,8:00:00,5291,0.02,1801.13,29.65,
Norte,E0,8:00:00,5311,0.16,1801.07,32.32,
Norte,E0,8:00:00,5312,0.01,1801.07,32.46,
Norte,E0,8:00:00,5313,0.01,1801.07,32.26,
Norte,E0,8:00:00,5314,0.02,1801.04,25.69,
Norte,E0,8:00:00,5342,0.04,1801.19,25.64,
Norte,E0,8:00:00,5343,0.16,1801.31,20.83,
Norte,E0,8:00:00,5344,0.17,1801.3,25.76,
Norte,E0,8:00:00,5345,0.17,1801.3,25.92,
Norte,E0,8:00:00,5478,0.01,1801.27,21.49,
Norte,E0,8:00:00,5484,0.01,1801.19,19.03,
Norte,E0,8:00:00,5493,0.01,1801.11,30.63,
Norte,E0,8:00:00,5494,0.01,1801.12,30.71,
Norte,E0,8:00:00,5495,0.12,1801.07,32.6,
Norte,E0,8:00:00,5506,0.02,1801.18,22.7,
Norte,E0,8:00:00,5523,0.0,1801.07,29.06,
Norte,E0,8:00:00,5533,0.04,1801.23,20.69,
Norte,E0,8:00:00,5537,0.05,1801.07,29.32,
Norte,E0,8:00:00,5538,0.08,1801.07,29.64,
Norte,E0,8:00:00,5603,0.06,1801.09,30.87,
Norte,E0,8:00:00,5604,0.09,1801.08,30.43,
Norte,E0,8:00:00,5613,0.08,1801.1,32.29,
Norte,E0,8:00:00,5614,0.03,1801.11,32.38,
Norte,E0,8:00:00,5620,0.06,1801.06,32.21,
Norte,E0,8:00:00,5621,0.05,1801.06,32.15,
Norte,E0,8:00:00,5678,0.07,1801.07,29.75,
Norte,E0,8:00:00,5685,0.02,1801.11,25.57,
Norte,E0,8:00:00,5709,0.19,1801.31,20.84,
Norte,E0,8:00:00,5744,0.06,1801.12,32.04,
Norte,E0,8:00:00,5746,0.1,1801.2,24.35,
Norte,E0,8:00:00,5747,0.06,1801.17,25.84,
Norte,E0,8:00:00,5748,0.07,1801.4,21.14,
Norte,E0,8:00:00,5749,0.07,1801.5,21.35,
Norte,E0,8:00:00,5750,0.04,1801.59,21.26,
Norte,E0,8:00:00,5760,0.05,1801.67,21.03,
Norte,E0,8:00:00,5761,0.03,1801.61,21.38,
Norte,E0,8:00:00,5762,0.02,1801.77,20.53,
Norte,E0,8:00:00,5763,0.04,1801.74,20.74,
Norte,E0,8:00:00,10020,0.06,1801.09,33.15,
Norte,E0,8:00:00,10059,0.05,1801.07,29.58,
Norte,E0,8:00:00,10061,0.01,1801.23,20.52,
Norte,E0,8:00:00,10062,0.0,1801.26,20.44,
Norte,E0,8:00:00,10063,0.0,1801.32,20.73,
Norte,E0,8:00:00,10082,0.11,1801.19,20.45,
Norte,E0,9:00:00,346,0.06,1800.99,33.29,
Norte,E0,9:00:00,347,0.1,1800.99,33.47,
Norte,E0,9:00:00,348,0.16,1800.99,33.48,
Norte,E0,9:00:00,349,0.07,1800.99,32.16,
Norte,E0,9:00:00,350,0.04,1800.99,32.15,
Norte,E0,9:00:00,351,0.07,1800.99,33.74,
Norte,E0,9:00:00,352,0.17,1800.99,33.62,
Norte,E0,9:00:00,353,0.1,1800.99,33.53,
Norte,E0,9:00:00,354,0.16,1801.04,32.34,
Norte,E0,9:00:00,355,0.06,1801.04,32.26,
Norte,E0,9:00:00,356,0.11,1801.04,32.3,
Norte,E0,9:00:00,357,0.05,1801.04,32.52,
Norte,E0,9:00:00,358,0.03,1801.04,32.77,
Norte,E0,9:00:00,362,0.11,1801.02,32.32,
Norte,E0,9:00:00,363,0.05,1801.02,32.31,
Norte,E0,9:00:00,364,0.1,1801.02,32.31,
Norte,E0,9:00:00,368,0.05,1801.0,32.33,
Norte,E0,9:00:00,371,0.07,1801.0,32.31,
Norte,E0,9:00:00,400,0.08,1801.01,32.03,
Norte,E0,9:00:00,401,0.07,1801.01,32.05,
Norte,E0,9:00:00,404,0.03,1801.01,31.85,
Norte,E0,9:00:00,405,0.01,1801.01,31.8,
Norte,E0,9:00:00,1049,0.04,1801.0,29.6,
Norte,E0,9:00:00,1051,0.05,1801.0,29.49,
Norte,E0,9:00:00,1053,0.03,1800.99,29.49,
Norte,E0,9:00:00,1059,0.07,1801.0,29.26,
Norte,E0,9:00:00,1063,0.03,1801.0,28.99,
Norte,E0,9:00:00,1077,0.04,1801.0,29.45,
Norte,E0,9:00:00,1089,0.05,1800.99,29.6,
Norte,E0,9:00:00,1093,0.1,1800.99,29.15,
Norte,E0,9:00:00,1094,0.02,1800.99,28.91,
Norte,E0,9:00:00,1095,0.03,1801.0,29.41,
Norte,E0,9:00:00,1100,0.06,1801.0,30.02,
Norte,E0,9:00:00,1102,0.09,1801.0,29.97,
Norte,E0,9:00:00,1103,0.01,1801.0,30.95,
Norte,E0,9:00:00,1104,0.1,1801.0,30.0,
Norte,E0,9:00:00,1106,0.11,1801.0,29.94,
Norte,E0,9:00:00,1107,0.05,1801.0,30.2,
Norte,E0,9:00:00,1109,0.02,1801.0,30.19,
Norte,E0,9:00:00,1110,0.02,1801.0,29.83,
Norte,E0,9:00:00,1112,0.03,1801.0,29.85,
Norte,E0,9:00:00,1113,0.05,1801.0,29.59,
Norte,E0,9:00:00,1115,0.11,1801.0,29.58,
Norte,E0,9:00:00,1117,0.11,1801.0,29.63,
Norte,E0,9:00:00,1119,0.14,1801.0,30.22,
Norte,E0,9:00:00,1120,0.1,1801.0,29.79,
Norte,E0,9:00:00,1122,0.07,1801.0,31.09,
Norte,E0,9:00:00,1125,0.08,1801.0,31.03,
Norte,E0,9:00:00,1128,0.08,1801.0,31.28,
Norte,E0,9:00:00,1130,0.09,1801.0,31.1,
Norte,E0,9:00:00,1131,0.1,1801.0,31.25,
Norte,E0,9:00:00,1133,0.03,1801.0,32.28,
Norte,E0,9:00:00,1134,0.18,1801.05,32.38,
Norte,E0,9:00:00,1135,0.12,1801.0,32.46,
Norte,E0,9:00:00,1137,0.16,1801.05,32.32,
Norte,E0,9:00:00,1139,0.1,1801.04,32.29,
Norte,E0,9:00:00,1140,0.04,1801.04,32.34,
Norte,E0,9:00:00,1141,0.07,1800.99,31.25,
Norte,E0,9:00:00,1142,0.03,1801.03,31.23,
Norte,E0,9:00:00,1143,0.1,1801.03,32.08,
Norte,E0,9:00:00,1144,0.1,1801.0,32.23,
Norte,E0,9:00:00,1145,0.04,1801.03,32.17,
Norte,E0,9:00:00,1147,0.0,1801.01,32.31,
Norte,E0,9:00:00,1148,0.01,1801.02,32.33,
Norte,E0,9:00:00,1149,0.2,1801.08,30.97,
Norte,E0,9:00:00,1150,0.27,1801.02,30.74,
Norte,E0,9:00:00,1151,0.05,1801.16,26.93,
Norte,E0,9:00:00,1153,0.02,1801.09,28.49,
Norte,E0,9:00:00,1154,0.01,1801.09,28.94,
Norte,E0,9:00:00,1158,0.14,1801.09,29.15,
Norte,E0,9:00:00,1159,0.1,1801.08,31.52,
Norte,E0,9:00:00,1161,0.05,1801.08,30.59,
Norte,E0,9:00:00,1162,0.01,1801.05,31.99,
Norte,E0,9:00:00,1164,0.13,1801.05,32.07,
Norte,E0,9:00:00,1165,0.04,1801.06,32.19,
Norte,E0,9:00:00,1166,0.07,1801.06,31.74,
Norte,E0,9:00:00,1169,0.11,1801.05,32.35,
Norte,E0,9:00:00,1171,0.08,1801.03,32.35,
Norte,E0,9:00:00,1172,0.2,1801.03,33.4,
Norte,E0,9:00:00,1174,0.07,1801.03,33.2,
Norte,E0,9:00:00,1175,0.16,1801.04,31.7,
Norte,E0,9:00:00,1176,0.22,1801.04,33.19,
Norte,E0,9:00:00,1179,0.07,1801.04,32.7,
Norte,E0,9:00:00,1181,0.02,1801.03,33.19,
Norte,E0,9:00:00,1182,0.07,1801.05,32.44,
Norte,E0,9:00:00,1184,0.05,1801.11,24.67,
Norte,E0,9:00:00,1185,0.03,1801.09,26.36,
Norte,E0,9:00:00,1186,0.01,1801.09,25.68,
Norte,E0,9:00:00,1187,0.27,1801.06,25.35,
Norte,E0,9:00:00,1189,0.01,1800.96,24.87,
Norte,E0,9:00:00,1190,0.08,1800.96,25.83,
Norte,E0,9:00:00,1191,0.08,1801.04,28.92,
Norte,E0,9:00:00,1192,0.01,1801.04,27.02,
Norte,E0,9:00:00,1196,0.07,1800.91,26.69,
Norte,E0,9:00:00,1197,0.06,1800.91,27.16,
Norte,E0,9:00:00,1207,0.14,1800.91,25.12,
Norte,E0,9:00:00,1216,0.11,1800.9,18.87,
Norte,E0,9:00:00,1221,0.06,1801.13,19.57,
Norte,E0,9:00:00,1223,0.06,1801.13,19.35,
Norte,E0,9:00:00,1224,0.09,1801.12,22.94,
Norte,E0,9:00:00,1225,0.04,1801.08,24.38,
Norte,E0,9:00:00,1226,0.08,1801.12,23.17,
Norte,E0,9:00:00,1228,0.04,1801.12,22.5,
Norte,E0,9:00:00,1229,0.02,1801.12,22.2,
Norte,E0,9:00:00,1230,0.02,1801.12,22.15,
Norte,E0,9:00:00,1231,0.01,1801.12,22.23,
Norte,E0,9:00:00,1232,0.03,1801.12,21.69,
Norte,E0,9:00:00,1233,0.02,1801.12,21.66,
Norte,E0,9:00:00,1240,0.14,1801.14,20.97,
Norte,E0,9:00:00,1242,0.14,1801.12,22.12,
Norte,E0,9:00:00,1243,0.05,1801.12,22.89,
Norte,E0,9:00:00,1244,0.14,1801.09,24.42,
Norte,E0,9:00:00,1245,0.08,1801.08,25.49,
Norte,E0,9:00:00,1246,0.04,1801.06,25.66,
Norte,E0,9:00:00,1247,0.09,1801.06,25.42,
Norte,E0,9:00:00,1248,0.08,1801.06,25.13,
Norte,E0,9:00:00,1249,0.18,1801.11,23.53,
Norte,E0,9:00:00,1250,0.19,1801.13,22.44,
Norte,E0,9:00:00,1252,0.14,1801.16,21.07,
Norte,E0,9:00:00,1253,0.18,1801.11,23.5,
Norte,E0,9:00:00,1254,0.17,1801.16,21.86,
Norte,E0,9:00:00,1255,0.1,1801.2,21.63,
Norte,E0,9:00:00,1257,0.1,1801.21,21.02,
Norte,E0,9:00:00,1265,0.04,1801.27,20.68,
Norte,E0,9:00:00,1268,0.08,1801.26,20.76,
Norte,E0,9:00:00,1272,0.04,1801.23,21.4,
Norte,E0,9:00:00,1274,0.07,1801.23,21.43,
Norte,E0,9:00:00,1276,0.16,1801.19,22.38,
Norte,E0,9:00:00,1279,0.07,1801.16,23.65,
Norte,E0,9:00:00,1281,0.08,1801.16,24.02,
Norte,E0,9:00:00,1282,0.03,1801.16,25.49,
Norte,E0,9:00:00,1284,0.04,1801.02,30.78,
Norte,E0,9:00:00,1286,0.1,1801.17,22.58,
Norte,E0,9:00:00,1288,0.01,1801.17,24.61,
Norte,E0,9:00:00,1289,0.03,1801.17,22.94,
Norte,E0,9:00:00,1290,0.12,1801.17,23.02,
Norte,E0,9:00:00,1291,0.01,1801.17,20.78,
Norte,E0,9:00:00,1292,0.08,1801.17,21.01,
Norte,E0,9:00:00,1293,0.1,1801.18,21.67,
Norte,E0,9:00:00,1294,0.03,1801.19,21.53,
Norte,E0,9:00:00,1295,0.17,1801.2,20.71,
Norte,E0,9:00:00,1297,0.12,1801.21,20.33,
Norte,E0,9:00:00,1302,0.12,1801.19,19.79,
Norte,E0,9:00:00,1304,0.07,1801.19,19.79,
Norte,E0,9:00:00,1305,0.0,1801.19,19.8,
Norte,E0,9:00:00,1306,0.08,1801.19,19.8,
Norte,E0,9:00:00,1308,0.1,1801.18,20.32,
Norte,E0,9:00:00,1309,0.05,1801.18,28.21,
Norte,E0,9:00:00,1310,0.02,1801.18,24.36,
Norte,E0,9:00:00,1312,0.13,1801.07,29.15,
Norte,E0,9:00:00,1313,0.0,1801.07,29.37,
Norte,E0,9:00:00,1315,0.08,1801.07,29.33,
Norte,E0,9:00:00,1318,0.1,1800.99,29.26,
Norte,E0,9:00:00,1319,0.02,1800.99,28.91,
Norte,E0,9:00:00,1321,0.06,1801.18,21.21,
Norte,E0,9:00:00,1322,0.01,1801.18,21.98,
Norte,E0,9:00:00,1323,0.07,1801.18,21.77,
Norte,E0,9:00:00,1324,0.03,1801.19,20.34,
Norte,E0,9:00:00,1326,0.11,1801.18,19.99,
Norte,E0,9:00:00,1334,0.08,1801.17,21.89,
Norte,E0,9:00:00,1335,0.09,1801.14,22.43,
Norte,E0,9:00:00,1336,0.01,1801.14,21.56,
Norte,E0,9:00:00,1340,0.05,1801.17,28.83,
Norte,E0,9:00:00,5010,0.04,1801.13,25.68,
Norte,E0,9:00:00,5011,0.07,1800.97,25.76,
Norte,E0,9:00:00,5019,0.07,1800.99,31.81,
Norte,E0,9:00:00,5086,0.09,1801.01,32.3,
Norte,E0,9:00:00,5087,0.01,1801.02,32.36,
Norte,E0,9:00:00,5108,0.0,1800.96,25.68,
Norte,E0,9:00:00,5112,0.03,1801.22,21.43,
Norte,E0,9:00:00,5148,0.0,1801.01,32.03,
Norte,E0,9:00:00,5193,0.0,1801.0,31.15,
Norte,E0,9:00:00,5204,0.18,1800.91,25.19,
Norte,E0,9:00:00,5241,0.0,1801.13,19.5,
Norte,E0,9:00:00,5264,0.03,1801.02,32.32,
Norte,E0,9:00:00,5289,0.01,1800.99,29.51,
Norte,E0,9:00:00,5291,0.02,1801.07,29.59,
Norte,E0,9:00:00,5311,0.16,1801.0,32.25,
Norte,E0,9:00:00,5312,0.01,1801.0,32.39,
Norte,E0,9:00:00,5313,0.01,1801.0,32.19,
Norte,E0,9:00:00,5314,0.02,1800.96,25.61,
Norte,E0,9:00:00,5342,0.04,1801.13,25.58,
Norte,E0,9:00:00,5343,0.17,1801.26,20.78,
Norte,E0,9:00:00,5344,0.18,1801.25,25.71,
Norte,E0,9:00:00,5345,0.18,1801.25,25.87,
Norte,E0,9:00:00,5478,0.01,1801.22,21.44,
Norte,E0,9:00:00,5484,0.01,1801.13,18.97,
Norte,E0,9:00:00,5493,0.02,1801.04,30.56,
Norte,E0,9:00:00,5494,0.02,1801.05,30.64,
Norte,E0,9:00:00,5495,0.13,1801.0,32.53,
Norte,E0,9:00:00,5506,0.02,1801.12,22.64,
Norte,E0,9:00:00,5523,0.0,1801.0,28.99,
Norte,E0,9:00:00,5533,0.04,1801.17,20.63,
Norte,E0,9:00:00,5537,0.05,1801.0,29.25,
Norte,E0,9:00:00,5538,0.09,1801.0,29.57,
Norte,E0,9:00:00,5603,0.06,1801.03,30.81,
Norte,E0,9:00:00,5604,0.09,1801.01,30.36,
Norte,E0,9:00:00,5613,0.09,1801.03,32.22,
Norte,E0,9:00:00,5614,0.04,1801.05,32.32,
Norte,E0,9:00:00,5620,0.06,1800.99,32.14,
Norte,E0,9:00:00,5621,0.05,1800.99,32.08,
Norte,E0,9:00:00,5678,0.08,1801.0,29.68,
Norte,E0,9:00:00,5685,0.02,1801.04,25.5,
Norte,E0,9:00:00,5709,0.2,1801.26,20.79,
Norte,E0,9:00:00,5744,0.07,1801.05,31.97,
Norte,E0,9:00:00,5746,0.1,1801.14,24.29,
Norte,E0,9:00:00,5747,0.06,1801.1,25.77,
Norte,E0,9:00:00,5748,0.08,1801.36,21.1,
Norte,E0,9:00:00,5749,0.08,1801.48,21.33,
Norte,E0,9:00:00,5750,0.04,1801.57,21.24,
Norte,E0,9:00:00,5760,0.05,1801.66,21.02,
Norte,E0,9:00:00,5761,0.04,1801.59,21.36,
Norte,E0,9:00:00,5762,0.02,1801.76,20.52,
Norte,E0,9:00:00,5763,0.04,1801.73,20.73,
Norte,E0,9:00:00,10020,0.06,1801.02,33.08,
Norte,E0,9:00:00,10059,0.05,1800.99,29.5,
Norte,E0,9:00:00,10061,0.01,1801.17,20.46,
Norte,E0,9:00:00,10062,0.0,1801.21,20.39,
Norte,E0,9:00:00,10063,0.0,1801.27,20.68,
Norte,E0,9:00:00,10082,0.11,1801.14,20.4,
Norte,E0,10:00:00,346,0.05,1801.06,33.36,
Norte,E0,10:00:00,347,0.1,1801.06,33.54,
Norte,E0,10:00:00,348,0.15,1801.06,33.55,
Norte,E0,10:00:00,349,0.07,1801.06,32.23,
Norte,E0,10:00:00,350,0.03,1801.06,32.22,
Norte,E0,10:00:00,351,0.06,1801.07,33.82,
Norte,E0,10:00:00,352,0.16,1801.07,33.7,
Norte,E0,10:00:00,353,0.09,1801.07,33.61,
Norte,E0,10:00:00,354,0.16,1801.1,32.4,
Norte,E0,10:00:00,355,0.06,1801.11,32.33,
Norte,E0,10:00:00,356,0.11,1801.11,32.37,
Norte,E0,10:00:00,357,0.05,1801.11,32.59,
Norte,E0,10:00:00,358,0.03,1801.11,32.84,
Norte,E0,10:00:00,362,0.1,1801.09,32.39,
Norte,E0,10:00:00,363,0.05,1801.09,32.38,
Norte,E0,10:00:00,364,0.09,1801.09,32.38,
Norte,E0,10:00:00,368,0.05,1801.07,32.4,
Norte,E0,10:00:00,371,0.07,1801.07,32.38,
Norte,E0,10:00:00,400,0.08,1801.08,32.1,
Norte,E0,10:00:00,401,0.07,1801.08,32.12,
Norte,E0,10:00:00,404,0.03,1801.08,31.92,
Norte,E0,10:00:00,405,0.01,1801.08,31.87,
Norte,E0,10:00:00,1049,0.03,1801.07,29.67,
Norte,E0,10:00:00,1051,0.05,1801.07,29.56,
Norte,E0,10:00:00,1053,0.03,1801.07,29.56,
Norte,E0,10:00:00,1059,0.07,1801.07,29.33,
Norte,E0,10:00:00,1063,0.03,1801.07,29.06,
Norte,E0,10:00:00,1077,0.03,1801.07,29.52,
Norte,E0,10:00:00,1089,0.04,1801.06,29.67,
Norte,E0,10:00:00,1093,0.09,1801.06,29.22,
Norte,E0,10:00:00,1094,0.02,1801.06,28.98,
Norte,E0,10:00:00,1095,0.03,1801.07,29.48,
Norte,E0,10:00:00,1100,0.05,1801.07,30.09,
Norte,E0,10:00:00,1102,0.09,1801.07,30.04,
Norte,E0,10:00:00,1103,0.01,1801.07,31.02,
Norte,E0,10:00:00,1104,0.09,1801.07,30.07,
Norte,E0,10:00:00,1106,0.1,1801.07,30.01,
Norte,E0,10:00:00,1107,0.05,1801.07,30.27,
Norte,E0,10:00:00,1109,0.02,1801.07,30.26,
Norte,E0,10:00:00,1110,0.02,1801.07,29.9,
Norte,E0,10:00:00,1112,0.03,1801.07,29.92,
Norte,E0,10:00:00,1113,0.05,1801.07,29.66,
Norte,E0,10:00:00,1115,0.1,1801.07,29.65,
Norte,E0,10:00:00,1117,0.11,1801.07,29.7,
Norte,E0,10:00:00,1119,0.13,1801.07,30.29,
Norte,E0,10:00:00,1120,0.1,1801.07,29.86,
Norte,E0,10:00:00,1122,0.07,1801.07,31.16,
Norte,E0,10:00:00,1125,0.08,1801.07,31.1,
Norte,E0,10:00:00,1128,0.08,1801.07,31.35,
Norte,E0,10:00:00,1130,0.09,1801.07,31.17,
Norte,E0,10:00:00,1131,0.1,1801.07,31.32,
Norte,E0,10:00:00,1133,0.03,1801.07,32.35,
Norte,E0,10:00:00,1134,0.17,1801.12,32.45,
Norte,E0,10:00:00,1135,0.12,1801.07,32.53,
Norte,E0,10:00:00,1137,0.15,1801.11,32.38,
Norte,E0,10:00:00,1139,0.1,1801.11,32.36,
Norte,E0,10:00:00,1140,0.04,1801.11,32.41,
Norte,E0,10:00:00,1141,0.07,1801.07,31.33,
Norte,E0,10:00:00,1142,0.03,1801.09,31.29,
Norte,E0,10:00:00,1143,0.1,1801.09,32.14,
Norte,E0,10:00:00,1144,0.09,1801.07,32.3,
Norte,E0,10:00:00,1145,0.04,1801.1,32.24,
Norte,E0,10:00:00,1147,0.0,1801.08,32.38,
Norte,E0,10:00:00,1148,0.01,1801.09,32.4,
Norte,E0,10:00:00,1149,0.19,1801.14,31.03,
Norte,E0,10:00:00,1150,0.26,1801.09,30.81,
Norte,E0,10:00:00,1151,0.04,1801.22,26.99,
Norte,E0,10:00:00,1153,0.02,1801.16,28.56,
Norte,E0,10:00:00,1154,0.0,1801.16,29.01,
Norte,E0,10:00:00,1158,0.13,1801.16,29.22,
Norte,E0,10:00:00,1159,0.1,1801.14,31.58,
Norte,E0,10:00:00,1161,0.05,1801.14,30.65,
Norte,E0,10:00:00,1162,0.01,1801.12,32.06,
Norte,E0,10:00:00,1164,0.12,1801.12,32.14,
Norte,E0,10:00:00,1165,0.04,1801.12,32.25,
Norte,E0,10:00:00,1166,0.07,1801.13,31.8,
Norte,E0,10:00:00,1169,0.1,1801.11,32.41,
Norte,E0,10:00:00,1171,0.08,1801.1,32.42,
Norte,E0,10:00:00,1172,0.19,1801.1,33.47,
Norte,E0,10:00:00,1174,0.07,1801.1,33.27,
Norte,E0,10:00:00,1175,0.15,1801.11,31.77,
Norte,E0,10:00:00,1176,0.21,1801.11,33.26,
Norte,E0,10:00:00,1179,0.07,1801.11,32.77,
Norte,E0,10:00:00,1181,0.01,1801.1,33.26,
Norte,E0,10:00:00,1182,0.07,1801.12,32.51,
Norte,E0,10:00:00,1184,0.05,1801.17,24.73,
Norte,E0,10:00:00,1185,0.03,1801.16,26.43,
Norte,E0,10:00:00,1186,0.01,1801.16,25.75,
Norte,E0,10:00:00,1187,0.26,1801.12,25.41,
Norte,E0,10:00:00,1189,0.01,1801.04,24.95,
Norte,E0,10:00:00,1190,0.08,1801.03,25.9,
Norte,E0,10:00:00,1191,0.08,1801.11,28.99,
Norte,E0,10:00:00,1192,0.01,1801.11,27.09,
Norte,E0,10:00:00,1196,0.06,1800.98,26.76,
Norte,E0,10:00:00,1197,0.06,1800.99,27.24,
Norte,E0,10:00:00,1207,0.14,1800.99,25.2,
Norte,E0,10:00:00,1216,0.1,1800.98,18.95,
Norte,E0,10:00:00,1221,0.06,1801.19,19.63,
Norte,E0,10:00:00,1223,0.06,1801.19,19.41,
Norte,E0,10:00:00,1224,0.09,1801.18,23.0,
Norte,E0,10:00:00,1225,0.04,1801.15,24.45,
Norte,E0,10:00:00,1226,0.08,1801.18,23.23,
Norte,E0,10:00:00,1228,0.04,1801.18,22.56,
Norte,E0,10:00:00,1229,0.02,1801.18,22.26,
Norte,E0,10:00:00,1230,0.02,1801.18,22.21,
Norte,E0,10:00:00,1231,0.01,1801.18,22.29,
Norte,E0,10:00:00,1232,0.03,1801.18,21.75,
Norte,E0,10:00:00,1233,0.02,1801.18,21.72,
Norte,E0,10:00:00,1240,0.14,1801.2,21.03,
Norte,E0,10:00:00,1242,0.14,1801.18,22.18,
Norte,E0,10:00:00,1243,0.05,1801.18,22.95,
Norte,E0,10:00:00,1244,0.13,1801.15,24.48,
Norte,E0,10:00:00,1245,0.07,1801.15,25.56,
Norte,E0,10:00:00,1246,0.04,1801.13,25.73,
Norte,E0,10:00:00,1247,0.08,1801.13,25.49,
Norte,E0,10:00:00,1248,0.08,1801.13,25.2,
Norte,E0,10:00:00,1249,0.17,1801.17,23.59,
Norte,E0,10:00:00,1250,0.18,1801.19,22.5,
Norte,E0,10:00:00,1252,0.13,1801.21,21.12,
Norte,E0,10:00:00,1253,0.17,1801.17,23.56,
Norte,E0,10:00:00,1254,0.16,1801.21,21.91,
Norte,E0,10:00:00,1255,0.09,1801.25,21.68,
Norte,E0,10:00:00,1257,0.1,1801.26,21.07,
Norte,E0,10:00:00,1265,0.04,1801.32,20.73,
Norte,E0,10:00:00,1268,0.08,1801.31,20.81,
Norte,E0,10:00:00,1272,0.04,1801.28,21.45,
Norte,E0,10:00:00,1274,0.07,1801.28,21.48,
Norte,E0,10:00:00,1276,0.16,1801.24,22.43,
Norte,E0,10:00:00,1279,0.07,1801.22,23.71,
Norte,E0,10:00:00,1281,0.08,1801.22,24.08,
Norte,E0,10:00:00,1282,0.03,1801.22,25.55,
Norte,E0,10:00:00,1284,0.03,1801.09,30.85,
Norte,E0,10:00:00,1286,0.1,1801.23,22.64,
Norte,E0,10:00:00,1288,0.01,1801.23,24.67,
Norte,E0,10:00:00,1289,0.03,1801.23,23.0,
Norte,E0,10:00:00,1290,0.12,1801.23,23.08,
Norte,E0,10:00:00,1291,0.01,1801.23,20.84,
Norte,E0,10:00:00,1292,0.08,1801.23,21.07,
Norte,E0,10:00:00,1293,0.1,1801.23,21.72,
Norte,E0,10:00:00,1294,0.03,1801.24,21.58,
Norte,E0,10:00:00,1295,0.16,1801.25,20.76,
Norte,E0,10:00:00,1297,0.11,1801.26,20.38,
Norte,E0,10:00:00,1302,0.11,1801.24,19.84,
Norte,E0,10:00:00,1304,0.07,1801.24,19.84,
Norte,E0,10:00:00,1305,0.0,1801.24,19.85,
Norte,E0,10:00:00,1306,0.08,1801.24,19.85,
Norte,E0,10:00:00,1308,0.1,1801.24,20.38,
Norte,E0,10:00:00,1309,0.05,1801.24,28.27,
Norte,E0,10:00:00,1310,0.02,1801.23,24.41,
Norte,E0,10:00:00,1312,0.12,1801.13,29.21,
Norte,E0,10:00:00,1313,0.0,1801.13,29.43,
Norte,E0,10:00:00,1315,0.08,1801.13,29.39,
Norte,E0,10:00:00,1318,0.1,1801.06,29.33,
Norte,E0,10:00:00,1319,0.02,1801.06,28.98,
Norte,E0,10:00:00,1321,0.06,1801.23,21.26,
Norte,E0,10:00:00,1322,0.01,1801.23,22.03,
Norte,E0,10:00:00,1323,0.07,1801.23,21.82,
Norte,E0,10:00:00,1324,0.03,1801.24,20.39,
Norte,E0,10:00:00,1326,0.11,1801.23,20.04,
Norte,E0,10:00:00,1334,0.08,1801.22,21.94,
Norte,E0,10:00:00,1335,0.09,1801.2,22.49,
Norte,E0,10:00:00,1336,0.01,1801.2,21.62,
Norte,E0,10:00:00,1340,0.05,1801.22,28.88,
Norte,E0,10:00:00,5010,0.04,1801.19,25.74,
Norte,E0,10:00:00,5011,0.06,1801.04,25.83,
Norte,E0,10:00:00,5019,0.07,1801.06,31.88,
Norte,E0,10:00:00,5086,0.08,1801.08,32.37,
Norte,E0,10:00:00,5087,0.01,1801.08,32.42,
Norte,E0,10:00:00,5108,0.0,1801.04,25.76,
Norte,E0,10:00:00,5112,0.03,1801.27,21.48,
Norte,E0,10:00:00,5148,0.0,1801.08,32.1,
Norte,E0,10:00:00,5193,0.0,1801.07,31.22,
Norte,E0,10:00:00,5204,0.17,1800.99,25.27,
Norte,E0,10:00:00,5241,0.0,1801.19,19.56,
Norte,E0,10:00:00,5264,0.03,1801.09,32.39,
Norte,E0,10:00:00,5289,0.01,1801.06,29.58,
Norte,E0,10:00:00,5291,0.02,1801.13,29.65,
Norte,E0,10:00:00,5311,0.16,1801.07,32.32,
Norte,E0,10:00:00,5312,0.01,1801.07,32.46,
Norte,E0,10:00:00,5313,0.01,1801.07,32.26,
Norte,E0,10:00:00,5314,0.02,1801.04,25.69,
Norte,E0,10:00:00,5342,0.04,1801.19,25.64,
Norte,E0,10:00:00,5343,0.16,1801.31,20.83,
Norte,E0,10:00:00,5344,0.17,1801.3,25.76,
Norte,E0,10:00:00,5345,0.17,1801.3,25.92,
Norte,E0,10:00:00,5478,0.01,1801.27,21.49,
Norte,E0,10:00:00,5484,0.01,1801.19,19.03,
Norte,E0,10:00:00,5493,0.01,1801.11,30.63,
Norte,E0,10:00:00,5494,0.01,1801.12,30.71,
Norte,E0,10:00:00,5495,0.12,1801.07,32.6,
Norte,E0,10:00:00,5506,0.02,1801.18,22.7,
Norte,E0,10:00:00,5523,0.0,1801.07,29.06,
Norte,E0,10:00:00,5533,0.04,1801.23,20.69,
Norte,E0,10:00:00,5537,0.05,1801.07,29.32,
Norte,E0,10:00:00,5538,0.08,1801.07,29.64,
Norte,E0,10:00:00,5603,0.06,1801.09,30.87,
Norte,E0,10:00:00,5604,0.09,1801.08,30.43,
Norte,E0,10:00:00,5613,0.08,1801.1,32.29,
Norte,E0,10:00:00,5614,0.03,1801.11,32.38,
Norte,E0,10:00:00,5620,0.06,1801.06,32.21,
Norte,E0,10:00:00,5621,0.05,1801.06,32.15,
Norte,E0,10:00:00,5678,0.07,1801.07,29.75,
Norte,E0,10:00:00,5685,0.02,1801.11,25.57,
Norte,E0,10:00:00,5709,0.19,1801.31,20.84,
Norte,E0,10:00:00,5744,0.06,1801.12,32.04,
Norte,E0,10:00:00,5746,0.1,1801.2,24.35,
Norte,E0,10:00:00,5747,0.06,1801.17,25.84,
Norte,E0,10:00:00,5748,0.07,1801.4,21.14,
Norte,E0,10:00:00,5749,0.07,1801.5,21.35,
Norte,E0,10:00:00,5750,0.04,1801.59,21.26,
Norte,E0,10:00:00,5760,0.05,1801.67,21.03,
Norte,E0,10:00:00,5761,0.03,1801.61,21.38,
Norte,E0,10:00:00,5762,0.02,1801.77,20.53,
Norte,E0,10:00:00,5763,0.04,1801.74,20.74,
Norte,E0,10:00:00,10020,0.06,1801.09,33.15,
Norte,E0,10:00:00,10059,0.05,1801.07,29.58,
Norte,E0,10:00:00,10061,0.01,1801.23,20.52,
Norte,E0,10:00:00,10062,0.0,1801.26,20.44,
Norte,E0,10:00:00,10063,0.0,1801.32,20.73,
Norte,E0,10:00:00,10082,0.11,1801.19,20.45,
Norte,E0,11:00:00,346,0.05,1801.13,33.43,
Norte,E0,11:00:00,347,0.09,1801.13,33.61,
Norte,E0,11:00:00,348,0.14,1801.13,33.62,
Norte,E0,11:00:00,349,0.06,1801.13,32.3,
Norte,E0,11:00:00,350,0.03,1801.13,32.29,
Norte,E0,11:00:00,351,0.06,1801.13,33.88,
Norte,E0,11:00:00,352,0.15,1801.13,33.76,
Norte,E0,11:00:00,353,0.09,1801.13,33.67,
Norte,E0,11:00:00,354,0.15,1801.17,32.47,
Norte,E0,11:00:00,355,0.06,1801.17,32.39,
Norte,E0,11:00:00,356,0.1,1801.17,32.43,
Norte,E0,11:00:00,357,0.04,1801.17,32.65,
Norte,E0,11:00:00,358,0.02,1801.17,32.9,
Norte,E0,11:00:00,362,0.1,1801.15,32.45,
Norte,E0,11:00:00,363,0.05,1801.16,32.45,
Norte,E0,11:00:00,364,0.09,1801.16,32.45,
Norte,E0,11:00:00,368,0.04,1801.14,32.47,
Norte,E0,11:00:00,371,0.07,1801.14,32.45,
Norte,E0,11:00:00,400,0.07,1801.15,32.17,
Norte,E0,11:00:00,401,0.06,1801.15,32.19,
Norte,E0,11:00:00,404,0.03,1801.15,31.99,
Norte,E0,11:00:00,405,0.01,1801.15,31.94,
Norte,E0,11:00:00,1049,0.03,1801.13,29.73,
Norte,E0,11:00:00,1051,0.04,1801.13,29.62,
Norte,E0,11:00:00,1053,0.03,1801.13,29.62,
Norte,E0,11:00:00,1059,0.06,1801.13,29.39,
Norte,E0,11:00:00,1063,0.03,1801.13,29.12,
Norte,E0,11:00:00,1077,0.03,1801.14,29.59,
Norte,E0,11:00:00,1089,0.04,1801.13,29.74,
Norte,E0,11:00:00,1093,0.09,1801.13,29.29,
Norte,E0,11:00:00,1094,0.02,1801.13,29.05,
Norte,E0,11:00:00,1095,0.03,1801.13,29.54,
Norte,E0,11:00:00,1100,0.05,1801.14,30.16,
Norte,E0,11:00:00,1102,0.08,1801.14,30.11,
Norte,E0,11:00:00,1103,0.01,1801.14,31.09,
Norte,E0,11:00:00,1104,0.09,1801.13,30.13,
Norte,E0,11:00:00,1106,0.1,1801.13,30.07,
Norte,E0,11:00:00,1107,0.05,1801.14,30.34,
Norte,E0,11:00:00,1109,0.01,1801.14,30.33,
Norte,E0,11:00:00,1110,0.02,1801.14,29.97,
Norte,E0,11:00:00,1112,0.03,1801.14,29.99,
Norte,E0,11:00:00,1113,0.05,1801.14,29.73,
Norte,E0,11:00:00,1115,0.1,1801.14,29.72,
Norte,E0,11:00:00,1117,0.1,1801.14,29.77,
Norte,E0,11:00:00,1119,0.13,1801.14,30.36,
Norte,E0,11:00:00,1120,0.09,1801.14,29.93,
Norte,E0,11:00:00,1122,0.07,1801.14,31.23,
Norte,E0,11:00:00,1125,0.07,1801.14,31.17,
Norte,E0,11:00:00,1128,0.07,1801.14,31.42,
Norte,E0,11:00:00,1130,0.09,1801.14,31.24,
Norte,E0,11:00:00,1131,0.09,1801.14,31.39,
Norte,E0,11:00:00,1133,0.03,1801.14,32.42,
Norte,E0,11:00:00,1134,0.16,1801.18,32.51,
Norte,E0,11:00:00,1135,0.11,1801.14,32.6,
Norte,E0,11:00:00,1137,0.14,1801.18,32.45,
Norte,E0,11:00:00,1139,0.09,1801.17,32.42,
Norte,E0,11:00:00,1140,0.04,1801.17,32.47,
Norte,E0,11:00:00,1141,0.06,1801.13,31.39,
Norte,E0,11:00:00,1142,0.03,1801.16,31.36,
Norte,E0,11:00:00,1143,0.09,1801.16,32.21,
Norte,E0,11:00:00,1144,0.09,1801.14,32.37,
Norte,E0,11:00:00,1145,0.04,1801.16,32.3,
Norte,E0,11:00:00,1147,0.0,1801.15,32.45,
Norte,E0,11:00:00,1148,0.01,1801.15,32.46,
Norte,E0,11:00:00,1149,0.18,1801.2,31.09,
Norte,E0,11:00:00,1150,0.24,1801.15,30.87,
Norte,E0,11:00:00,1151,0.04,1801.27,27.04,
Norte,E0,11:00:00,1153,0.02,1801.22,28.62,
Norte,E0,11:00:00,1154,0.0,1801.22,29.07,
Norte,E0,11:00:00,1158,0.13,1801.22,29.28,
Norte,E0,11:00:00,1159,0.09,1801.2,31.64,
Norte,E0,11:00:00,1161,0.04,1801.2,30.71,
Norte,E0,11:00:00,1162,0.01,1801.18,32.12,
Norte,E0,11:00:00,1164,0.11,1801.18,32.2,
Norte,E0,11:00:00,1165,0.04,1801.18,32.31,
Norte,E0,11:00:00,1166,0.06,1801.19,31.87,
Norte,E0,11:00:00,1169,0.1,1801.18,32.48,
Norte,E0,11:00:00,1171,0.08,1801.16,32.48,
Norte,E0,11:00:00,1172,0.18,1801.16,33.53,
Norte,E0,11:00:00,1174,0.06,1801.16,33.33,
Norte,E0,11:00:00,1175,0.14,1801.17,31.83,
Norte,E0,11:00:00,1176,0.2,1801.17,33.32,
Norte,E0,11:00:00,1179,0.06,1801.17,32.83,
Norte,E0,11:00:00,1181,0.01,1801.16,33.32,
Norte,E0,11:00:00,1182,0.07,1801.18,32.57,
Norte,E0,11:00:00,1184,0.04,1801.23,24.79,
Norte,E0,11:00:00,1185,0.03,1801.22,26.49,
Norte,E0,11:00:00,1186,0.01,1801.22,25.81,
Norte,E0,11:00:00,1187,0.24,1801.18,25.47,
Norte,E0,11:00:00,1189,0.01,1801.11,25.02,
Norte,E0,11:00:00,1190,0.07,1801.1,25.98,
Norte,E0,11:00:00,1191,0.07,1801.17,29.05,
Norte,E0,11:00:00,1192,0.01,1801.17,27.15,
Norte,E0,11:00:00,1196,0.06,1801.06,26.84,
Norte,E0,11:00:00,1197,0.05,1801.06,27.31,
Norte,E0,11:00:00,1207,0.13,1801.06,25.27,
Norte,E0,11:00:00,1216,0.1,1801.06,19.03,
Norte,E0,11:00:00,1221,0.05,1801.25,19.69,
Norte,E0,11:00:00,1223,0.06,1801.25,19.47,
Norte,E0,11:00:00,1224,0.08,1801.24,23.06,
Norte,E0,11:00:00,1225,0.04,1801.21,24.51,
Norte,E0,11:00:00,1226,0.07,1801.24,23.29,
Norte,E0,11:00:00,1228,0.04,1801.24,22.62,
Norte,E0,11:00:00,1229,0.02,1801.24,22.32,
Norte,E0,11:00:00,1230,0.02,1801.24,22.27,
Norte,E0,11:00:00,1231,0.01,1801.24,22.35,
Norte,E0,11:00:00,1232,0.03,1801.24,21.81,
Norte,E0,11:00:00,1233,0.01,1801.24,21.78,
Norte,E0,11:00:00,1240,0.13,1801.25,21.08,
Norte,E0,11:00:00,1242,0.13,1801.24,22.24,
Norte,E0,11:00:00,1243,0.05,1801.23,23.0,
Norte,E0,11:00:00,1244,0.13,1801.21,24.54,
Norte,E0,11:00:00,1245,0.07,1801.21,25.62,
Norte,E0,11:00:00,1246,0.04,1801.19,25.79,
Norte,E0,11:00:00,1247,0.08,1801.19,25.55,
Norte,E0,11:00:00,1248,0.08,1801.19,25.26,
Norte,E0,11:00:00,1249,0.16,1801.23,23.65,
Norte,E0,11:00:00,1250,0.17,1801.25,22.56,
Norte,E0,11:00:00,1252,0.12,1801.27,21.18,
Norte,E0,11:00:00,1253,0.16,1801.23,23.62,
Norte,E0,11:00:00,1254,0.16,1801.27,21.97,
Norte,E0,11:00:00,1255,0.09,1801.3,21.73,
Norte,E0,11:00:00,1257,0.09,1801.31,21.12,
Norte,E0,11:00:00,1265,0.04,1801.36,20.77,
Norte,E0,11:00:00,1268,0.07,1801.36,20.86,
Norte,E0,11:00:00,1272,0.04,1801.32,21.49,
Norte,E0,11:00:00,1274,0.07,1801.33,21.53,
Norte,E0,11:00:00,1276,0.15,1801.29,22.48,
Norte,E0,11:00:00,1279,0.06,1801.27,23.76,
Norte,E0,11:00:00,1281,0.07,1801.27,24.13,
Norte,E0,11:00:00,1282,0.03,1801.27,25.6,
Norte,E0,11:00:00,1284,0.03,1801.15,30.91,
Norte,E0,11:00:00,1286,0.09,1801.28,22.69,
Norte,E0,11:00:00,1288,0.01,1801.28,24.72,
Norte,E0,11:00:00,1289,0.03,1801.28,23.05,
Norte,E0,11:00:00,1290,0.11,1801.28,23.13,
Norte,E0,11:00:00,1291,0.01,1801.28,20.89,
Norte,E0,11:00:00,1292,0.07,1801.28,21.12,
Norte,E0,11:00:00,1293,0.09,1801.28,21.77,
Norte,E0,11:00:00,1294,0.03,1801.29,21.63,
Norte,E0,11:00:00,1295,0.15,1801.3,20.81,
Norte,E0,11:00:00,1297,0.11,1801.31,20.43,
Norte,E0,11:00:00,1302,0.1,1801.3,19.9,
Norte,E0,11:00:00,1304,0.06,1801.3,19.9,
Norte,E0,11:00:00,1305,0.0,1801.3,19.91,
Norte,E0,11:00:00,1306,0.08,1801.3,19.91,
Norte,E0,11:00:00,1308,0.09,1801.29,20.43,
Norte,E0,11:00:00,1309,0.05,1801.29,28.32,
Norte,E0,11:00:00,1310,0.02,1801.29,24.47,
Norte,E0,11:00:00,1312,0.12,1801.19,29.27,
Norte,E0,11:00:00,1313,0.0,1801.19,29.49,
Norte,E0,11:00:00,1315,0.08,1801.19,29.45,
Norte,E0,11:00:00,1318,0.09,1801.13,29.4,
Norte,E0,11:00:00,1319,0.02,1801.13,29.05,
Norte,E0,11:00:00,1321,0.06,1801.29,21.32,
Norte,E0,11:00:00,1322,0.01,1801.29,22.09,
Norte,E0,11:00:00,1323,0.07,1801.29,21.88,
Norte,E0,11:00:00,1324,0.03,1801.3,20.45,
Norte,E0,11:00:00,1326,0.1,1801.29,20.1,
Norte,E0,11:00:00,1334,0.07,1801.28,22.0,
Norte,E0,11:00:00,1335,0.08,1801.25,22.54,
Norte,E0,11:00:00,1336,0.01,1801.25,21.67,
Norte,E0,11:00:00,1340,0.05,1801.28,28.94,
Norte,E0,11:00:00,5010,0.04,1801.25,25.8,
Norte,E0,11:00:00,5011,0.06,1801.11,25.9,
Norte,E0,11:00:00,5019,0.07,1801.13,31.95,
Norte,E0,11:00:00,5086,0.08,1801.15,32.44,
Norte,E0,11:00:00,5087,0.01,1801.15,32.49,
Norte,E0,11:00:00,5108,0.0,1801.11,25.83,
Norte,E0,11:00:00,5112,0.03,1801.32,21.53,
Norte,E0,11:00:00,5148,0.0,1801.15,32.17,
Norte,E0,11:00:00,5193,0.0,1801.14,31.29,
Norte,E0,11:00:00,5204,0.16,1801.06,25.34,
Norte,E0,11:00:00,5241,0.0,1801.25,19.62,
Norte,E0,11:00:00,5264,0.03,1801.15,32.45,
Norte,E0,11:00:00,5289,0.01,1801.13,29.65,
Norte,E0,11:00:00,5291,0.02,1801.19,29.71,
Norte,E0,11:00:00,5311,0.15,1801.14,32.39,
Norte,E0,11:00:00,5312,0.01,1801.14,32.53,
Norte,E0,11:00:00,5313,0.01,1801.14,32.33,
Norte,E0,11:00:00,5314,0.02,1801.11,25.76,
Norte,E0,11:00:00,5342,0.04,1801.25,25.7,
Norte,E0,11:00:00,5343,0.16,1801.35,20.87,
Norte,E0,11:00:00,5344,0.16,1801.34,25.8,
Norte,E0,11:00:00,5345,0.16,1801.34,25.96,
Norte,E0,11:00:00,5478,0.01,1801.32,21.54,
Norte,E0,11:00:00,5484,0.01,1801.25,19.09,
Norte,E0,11:00:00,5493,0.01,1801.17,30.69,
Norte,E0,11:00:00,5494,0.01,1801.18,30.77,
Norte,E0,11:00:00,5495,0.12,1801.14,32.67,
Norte,E0,11:00:00,5506,0.02,1801.24,22.76,
Norte,E0,11:00:00,5523,0.0,1801.14,29.13,
Norte,E0,11:00:00,5533,0.03,1801.28,20.74,
Norte,E0,11:00:00,5537,0.04,1801.14,29.39,
Norte,E0,11:00:00,5538,0.08,1801.14,29.71,
Norte,E0,11:00:00,5603,0.05,1801.16,30.94,
Norte,E0,11:00:00,5604,0.08,1801.15,30.5,
Norte,E0,11:00:00,5613,0.08,1801.16,32.35,
Norte,E0,11:00:00,5614,0.03,1801.18,32.45,
Norte,E0,11:00:00,5620,0.05,1801.13,32.28,
Norte,E0,11:00:00,5621,0.04,1801.13,32.22,
Norte,E0,11:00:00,5678,0.07,1801.13,29.81,
Norte,E0,11:00:00,5685,0.02,1801.17,25.63,
Norte,E0,11:00:00,5709,0.18,1801.35,20.88,
Norte,E0,11:00:00,5744,0.06,1801.18,32.1,
Norte,E0,11:00:00,5746,0.09,1801.26,24.41,
Norte,E0,11:00:00,5747,0.06,1801.22,25.89,
Norte,E0,11:00:00,5748,0.07,1801.44,21.18,
Norte,E0,11:00:00,5749,0.07,1801.53,21.38,
Norte,E0,11:00:00,5750,0.04,1801.61,21.28,
Norte,E0,11:00:00,5760,0.05,1801.68,21.04,
Norte,E0,11:00:00,5761,0.03,1801.63,21.4,
Norte,E0,11:00:00,5762,0.02,1801.77,20.53,
Norte,E0,11:00:00,5763,0.03,1801.74,20.74,
Norte,E0,11:00:00,10020,0.05,1801.15,33.21,
Norte,E0,11:00:00,10059,0.05,1801.13,29.64,
Norte,E0,11:00:00,10061,0.01,1801.28,20.57,
Norte,E0,11:00:00,10062,0.0,1801.31,20.49,
Norte,E0,11:00:00,10063,0.0,1801.36,20.77,
Norte,E0,11:00:00,10082,0.1,1801.25,20.51,
Norte,E0,12:00:00,346,0.05,1801.19,33.49,
Norte,E0,12:00:00,347,0.09,1801.19,33.67,
Norte,E0,12:00:00,348,0.13,1801.19,33.68,
Norte,E0,12:00:00,349,0.06,1801.2,32.37,
Norte,E0,12:00:00,350,0.03,1801.2,32.36,
Norte,E0,12:00:00,351,0.06,1801.2,33.95,
Norte,E0,12:00:00,352,0.14,1801.2,33.83,
Norte,E0,12:00:00,353,0.08,1801.2,33.74,
Norte,E0,12:00:00,354,0.14,1801.23,32.53,
Norte,E0,12:00:00,355,0.05,1801.23,32.45,
Norte,E0,12:00:00,356,0.1,1801.23,32.49,
Norte,E0,12:00:00,357,0.04,1801.23,32.71,
Norte,E0,12:00:00,358,0.02,1801.23,32.96,
Norte,E0,12:00:00,362,0.09,1801.22,32.52,
Norte,E0,12:00:00,363,0.04,1801.22,32.51,
Norte,E0,12:00:00,364,0.08,1801.22,32.51,
Norte,E0,12:00:00,368,0.04,1801.2,32.53,
Norte,E0,12:00:00,371,0.06,1801.2,32.51,
Norte,E0,12:00:00,400,0.07,1801.21,32.23,
Norte,E0,12:00:00,401,0.06,1801.21,32.25,
Norte,E0,12:00:00,404,0.03,1801.21,32.05,
Norte,E0,12:00:00,405,0.01,1801.21,32.0,
Norte,E0,12:00:00,1049,0.03,1801.2,29.8,
Norte,E0,12:00:00,1051,0.04,1801.2,29.69,
Norte,E0,12:00:00,1053,0.03,1801.2,29.69,
Norte,E0,12:00:00,1059,0.06,1801.2,29.46,
Norte,E0,12:00:00,1063,0.03,1801.2,29.19,
Norte,E0,12:00:00,1077,0.03,1801.2,29.65,
Norte,E0,12:00:00,1089,0.04,1801.2,29.81,
Norte,E0,12:00:00,1093,0.08,1801.2,29.36,
Norte,E0,12:00:00,1094,0.02,1801.2,29.12,
Norte,E0,12:00:00,1095,0.02,1801.2,29.61,
Norte,E0,12:00:00,1100,0.05,1801.2,30.22,
Norte,E0,12:00:00,1102,0.08,1801.2,30.17,
Norte,E0,12:00:00,1103,0.01,1801.2,31.15,
Norte,E0,12:00:00,1104,0.08,1801.2,30.2,
Norte,E0,12:00:00,1106,0.09,1801.2,30.14,
Norte,E0,12:00:00,1107,0.04,1801.2,30.4,
Norte,E0,12:00:00,1109,0.01,1801.2,30.39,
Norte,E0,12:00:00,1110,0.02,1801.2,30.03,
Norte,E0,12:00:00,1112,0.02,1801.2,30.05,
Norte,E0,12:00:00,1113,0.04,1801.2,29.79,
Norte,E0,12:00:00,1115,0.09,1801.2,29.78,
Norte,E0,12:00:00,1117,0.1,1801.2,29.83,
Norte,E0,12:00:00,1119,0.12,1801.2,30.42,
Norte,E0,12:00:00,1120,0.09,1801.2,29.99,
Norte,E0,12:00:00,1122,0.06,1801.2,31.29,
Norte,E0,12:00:00,1125,0.07,1801.2,31.23,
Norte,E0,12:00:00,1128,0.07,1801.2,31.48,
Norte,E0,12:00:00,1130,0.08,1801.2,31.3,
Norte,E0,12:00:00,1131,0.09,1801.2,31.45,
Norte,E0,12:00:00,1133,0.03,1801.2,32.48,
Norte,E0,12:00:00,1134,0.15,1801.24,32.57,
Norte,E0,12:00:00,1135,0.1,1801.2,32.66,
Norte,E0,12:00:00,1137,0.14,1801.24,32.51,
Norte,E0,12:00:00,1139,0.09,1801.24,32.49,
Norte,E0,12:00:00,1140,0.03,1801.24,32.54,
Norte,E0,12:00:00,1141,0.06,1801.2,31.46,
Norte,E0,12:00:00,1142,0.03,1801.22,31.42,
Norte,E0,12:00:00,1143,0.09,1801.22,32.27,
Norte,E0,12:00:00,1144,0.08,1801.2,32.43,
Norte,E0,12:00:00,1145,0.04,1801.22,32.36,
Norte,E0,12:00:00,1147,0.0,1801.21,32.51,
Norte,E0,12:00:00,1148,0.0,1801.22,32.53,
Norte,E0,12:00:00,1149,0.17,1801.26,31.15,
Norte,E0,12:00:00,1150,0.23,1801.22,30.94,
Norte,E0,12:00:00,1151,0.04,1801.32,27.09,
Norte,E0,12:00:00,1153,0.02,1801.27,28.67,
Norte,E0,12:00:00,1154,0.0,1801.27,29.12,
Norte,E0,12:00:00,1158,0.12,1801.27,29.33,
Norte,E0,12:00:00,1159,0.09,1801.26,31.7,
Norte,E0,12:00:00,1161,0.04,1801.26,30.77,
Norte,E0,12:00:00,1162,0.01,1801.24,32.18,
Norte,E0,12:00:00,1164,0.11,1801.24,32.26,
Norte,E0,12:00:00,1165,0.04,1801.24,32.37,
Norte,E0,12:00:00,1166,0.06,1801.25,31.93,
Norte,E0,12:00:00,1169,0.09,1801.24,32.54,
Norte,E0,12:00:00,1171,0.07,1801.22,32.54,
Norte,E0,12:00:00,1172,0.17,1801.22,33.59,
Norte,E0,12:00:00,1174,0.06,1801.22,33.39,
Norte,E0,12:00:00,1175,0.13,1801.23,31.89,
Norte,E0,12:00:00,1176,0.19,1801.23,33.38,
Norte,E0,12:00:00,1179,0.06,1801.24,32.9,
Norte,E0,12:00:00,1181,0.01,1801.22,33.38,
Norte,E0,12:00:00,1182,0.06,1801.24,32.63,
Norte,E0,12:00:00,1184,0.04,1801.28,24.84,
Norte,E0,12:00:00,1185,0.03,1801.27,26.54,
Norte,E0,12:00:00,1186,0.01,1801.27,25.86,
Norte,E0,12:00:00,1187,0.23,1801.24,25.53,
Norte,E0,12:00:00,1189,0.01,1801.18,25.09,
Norte,E0,12:00:00,1190,0.07,1801.17,26.04,
Norte,E0,12:00:00,1191,0.07,1801.23,29.11,
Norte,E0,12:00:00,1192,0.01,1801.23,27.21,
Norte,E0,12:00:00,1196,0.06,1801.13,26.91,
Norte,E0,12:00:00,1197,0.05,1801.13,27.38,
Norte,E0,12:00:00,1207,0.12,1801.13,25.34,
Norte,E0,12:00:00,1216,0.09,1801.13,19.1,
Norte,E0,12:00:00,1221,0.05,1801.3,19.74,
Norte,E0,12:00:00,1223,0.05,1801.3,19.52,
Norte,E0,12:00:00,1224,0.08,1801.29,23.11,
Norte,E0,12:00:00,1225,0.04,1801.26,24.56,
Norte,E0,12:00:00,1226,0.07,1801.29,23.34,
Norte,E0,12:00:00,1228,0.04,1801.29,22.67,
Norte,E0,12:00:00,1229,0.02,1801.29,22.37,
Norte,E0,12:00:00,1230,0.01,1801.29,22.32,
Norte,E0,12:00:00,1231,0.01,1801.29,22.4,
Norte,E0,12:00:00,1232,0.02,1801.29,21.86,
Norte,E0,12:00:00,1233,0.01,1801.29,21.83,
Norte,E0,12:00:00,1240,0.12,1801.31,21.14,
Norte,E0,12:00:00,1242,0.12,1801.29,22.29,
Norte,E0,12:00:00,1243,0.04,1801.29,23.06,
Norte,E0,12:00:00,1244,0.12,1801.27,24.6,
Norte,E0,12:00:00,1245,0.06,1801.27,25.68,
Norte,E0,12:00:00,1246,0.04,1801.25,25.85,
Norte,E0,12:00:00,1247,0.08,1801.25,25.61,
Norte,E0,12:00:00,1248,0.07,1801.25,25.32,
Norte,E0,12:00:00,1249,0.15,1801.28,23.7,
Norte,E0,12:00:00,1250,0.16,1801.3,22.61,
Norte,E0,12:00:00,1252,0.12,1801.32,21.23,
Norte,E0,12:00:00,1253,0.15,1801.28,23.67,
Norte,E0,12:00:00,1254,0.15,1801.32,22.02,
Norte,E0,12:00:00,1255,0.08,1801.35,21.78,
Norte,E0,12:00:00,1257,0.09,1801.36,21.17,
Norte,E0,12:00:00,1265,0.03,1801.4,20.81,
Norte,E0,12:00:00,1268,0.07,1801.4,20.9,
Norte,E0,12:00:00,1272,0.03,1801.37,21.54,
Norte,E0,12:00:00,1274,0.06,1801.37,21.57,
Norte,E0,12:00:00,1276,0.14,1801.34,22.53,
Norte,E0,12:00:00,1279,0.06,1801.32,23.81,
Norte,E0,12:00:00,1281,0.07,1801.32,24.18,
Norte,E0,12:00:00,1282,0.03,1801.32,25.65,
Norte,E0,12:00:00,1284,0.03,1801.22,30.98,
Norte,E0,12:00:00,1286,0.09,1801.33,22.74,
Norte,E0,12:00:00,1288,0.01,1801.33,24.77,
Norte,E0,12:00:00,1289,0.02,1801.33,23.1,
Norte,E0,12:00:00,1290,0.11,1801.33,23.18,
Norte,E0,12:00:00,1291,0.01,1801.33,20.94,
Norte,E0,12:00:00,1292,0.07,1801.33,21.17,
Norte,E0,12:00:00,1293,0.09,1801.33,21.82,
Norte,E0,12:00:00,1294,0.02,1801.34,21.68,
Norte,E0,12:00:00,1295,0.14,1801.35,20.86,
Norte,E0,12:00:00,1297,0.1,1801.36,20.48,
Norte,E0,12:00:00,1302,0.1,1801.34,19.94,
Norte,E0,12:00:00,1304,0.06,1801.34,19.94,
Norte,E0,12:00:00,1305,0.0,1801.34,19.95,
Norte,E0,12:00:00,1306,0.07,1801.34,19.95,
Norte,E0,12:00:00,1308,0.09,1801.34,20.48,
Norte,E0,12:00:00,1309,0.04,1801.34,28.37,
Norte,E0,12:00:00,1310,0.02,1801.34,24.52,
Norte,E0,12:00:00,1312,0.11,1801.25,29.33,
Norte,E0,12:00:00,1313,0.0,1801.25,29.55,
Norte,E0,12:00:00,1315,0.07,1801.25,29.51,
Norte,E0,12:00:00,1318,0.09,1801.2,29.47,
Norte,E0,12:00:00,1319,0.02,1801.2,29.12,
Norte,E0,12:00:00,1321,0.05,1801.34,21.37,
Norte,E0,12:00:00,1322,0.01,1801.34,22.14,
Norte,E0,12:00:00,1323,0.06,1801.34,21.93,
Norte,E0,12:00:00,1324,0.03,1801.34,20.49,
Norte,E0,12:00:00,1326,0.1,1801.34,20.15,
Norte,E0,12:00:00,1334,0.07,1801.33,22.05,
Norte,E0,12:00:00,1335,0.08,1801.31,22.6,
Norte,E0,12:00:00,1336,0.01,1801.31,21.73,
Norte,E0,12:00:00,1340,0.04,1801.33,28.99,
Norte,E0,12:00:00,5010,0.03,1801.3,25.85,
Norte,E0,12:00:00,5011,0.06,1801.18,25.97,
Norte,E0,12:00:00,5019,0.06,1801.2,32.02,
Norte,E0,12:00:00,5086,0.08,1801.21,32.5,
Norte,E0,12:00:00,5087,0.01,1801.21,32.55,
Norte,E0,12:00:00,5108,0.0,1801.17,25.89,
Norte,E0,12:00:00,5112,0.03,1801.37,21.58,
Norte,E0,12:00:00,5148,0.0,1801.21,32.23,
Norte,E0,12:00:00,5193,0.0,1801.2,31.35,
Norte,E0,12:00:00,5204,0.15,1801.13,25.41,
Norte,E0,12:00:00,5241,0.0,1801.3,19.67,
Norte,E0,12:00:00,5264,0.03,1801.22,32.52,
Norte,E0,12:00:00,5289,0.01,1801.2,29.72,
Norte,E0,12:00:00,5291,0.02,1801.25,29.77,
Norte,E0,12:00:00,5311,0.14,1801.2,32.45,
Norte,E0,12:00:00,5312,0.01,1801.2,32.59,
Norte,E0,12:00:00,5313,0.01,1801.2,32.39,
Norte,E0,12:00:00,5314,0.02,1801.18,25.83,
Norte,E0,12:00:00,5342,0.04,1801.3,25.75,
Norte,E0,12:00:00,5343,0.15,1801.4,20.92,
Norte,E0,12:00:00,5344,0.15,1801.39,25.85,
Norte,E0,12:00:00,5345,0.15,1801.39,26.01,
Norte,E0,12:00:00,5478,0.0,1801.37,21.59,
Norte,E0,12:00:00,5484,0.01,1801.3,19.14,
Norte,E0,12:00:00,5493,0.01,1801.24,30.76,
Norte,E0,12:00:00,5494,0.01,1801.24,30.83,
Norte,E0,12:00:00,5495,0.11,1801.2,32.73,
Norte,E0,12:00:00,5506,0.02,1801.29,22.81,
Norte,E0,12:00:00,5523,0.0,1801.2,29.19,
Norte,E0,12:00:00,5533,0.03,1801.33,20.79,
Norte,E0,12:00:00,5537,0.04,1801.2,29.45,
Norte,E0,12:00:00,5538,0.07,1801.2,29.77,
Norte,E0,12:00:00,5603,0.05,1801.22,31.0,
Norte,E0,12:00:00,5604,0.08,1801.21,30.56,
Norte,E0,12:00:00,5613,0.08,1801.22,32.41,
Norte,E0,12:00:00,5614,0.03,1801.24,32.51,
Norte,E0,12:00:00,5620,0.05,1801.2,32.35,
Norte,E0,12:00:00,5621,0.04,1801.2,32.29,
Norte,E0,12:00:00,5678,0.07,1801.2,29.88,
Norte,E0,12:00:00,5685,0.02,1801.23,25.69,
Norte,E0,12:00:00,5709,0.17,1801.4,20.93,
Norte,E0,12:00:00,5744,0.06,1801.24,32.16,
Norte,E0,12:00:00,5746,0.09,1801.31,24.46,
Norte,E0,12:00:00,5747,0.05,1801.28,25.95,
Norte,E0,12:00:00,5748,0.07,1801.47,21.21,
Norte,E0,12:00:00,5749,0.07,1801.55,21.4,
Norte,E0,12:00:00,5750,0.04,1801.62,21.29,
Norte,E0,12:00:00,5760,0.04,1801.69,21.05,
Norte,E0,12:00:00,5761,0.03,1801.64,21.41,
Norte,E0,12:00:00,5762,0.01,1801.77,20.53,
Norte,E0,12:00:00,5763,0.03,1801.74,20.74,
Norte,E0,12:00:00,10020,0.05,1801.22,33.28,
Norte,E0,12:00:00,10059,0.04,1801.2,29.71,
Norte,E0,12:00:00,10061,0.0,1801.33,20.62,
Norte,E0,12:00:00,10062,0.0,1801.36,20.54,
Norte,E0,12:00:00,10063,0.0,1801.4,20.81,
Norte,E0,12:00:00,10082,0.1,1801.3,20.56,
Norte,E0,13:00:00,346,0.05,1801.19,33.49,
Norte,E0,13:00:00,347,0.09,1801.19,33.67,
Norte,E0,13:00:00,348,0.13,1801.19,33.68,
Norte,E0,13:00:00,349,0.06,1801.2,32.37,
Norte,E0,13:00:00,350,0.03,1801.2,32.36,
Norte,E0,13:00:00,351,0.06,1801.2,33.95,
Norte,E0,13:00:00,352,0.14,1801.2,33.83,
Norte,E0,13:00:00,353,0.08,1801.2,33.74,
Norte,E0,13:00:00,354,0.14,1801.23,32.53,
Norte,E0,13:00:00,355,0.05,1801.23,32.45,
Norte,E0,13:00:00,356,0.1,1801.23,32.49,
Norte,E0,13:00:00,357,0.04,1801.23,32.71,
Norte,E0,13:00:00,358,0.02,1801.23,32.96,
Norte,E0,13:00:00,362,0.09,1801.22,32.52,
Norte,E0,13:00:00,363,0.04,1801.22,32.51,
Norte,E0,13:00:00,364,0.08,1801.22,32.51,
Norte,E0,13:00:00,368,0.04,1801.2,32.53,
Norte,E0,13:00:00,371,0.06,1801.2,32.51,
Norte,E0,13:00:00,400,0.07,1801.21,32.23,
Norte,E0,13:00:00,401,0.06,1801.21,32.25,
Norte,E0,13:00:00,404,0.03,1801.21,32.05,
Norte,E0,13:00:00,405,0.01,1801.21,32.0,
Norte,E0,13:00:00,1049,0.03,1801.2,29.8,
Norte,E0,13:00:00,1051,0.04,1801.2,29.69,
Norte,E0,13:00:00,1053,0.03,1801.2,29.69,
Norte,E0,13:00:00,1059,0.06,1801.2,29.46,
Norte,E0,13:00:00,1063,0.03,1801.2,29.19,
Norte,E0,13:00:00,1077,0.03,1801.2,29.65,
Norte,E0,13:00:00,1089,0.04,1801.2,29.81,
Norte,E0,13:00:00,1093,0.08,1801.2,29.36,
Norte,E0,13:00:00,1094,0.02,1801.2,29.12,
Norte,E0,13:00:00,1095,0.02,1801.2,29.61,
Norte,E0,13:00:00,1100,0.05,1801.2,30.22,
Norte,E0,13:00:00,1102,0.08,1801.2,30.17,
Norte,E0,13:00:00,1103,0.01,1801.2,31.15,
Norte,E0,13:00:00,1104,0.08,1801.2,30.2,
Norte,E0,13:00:00,1106,0.09,1801.2,30.14,
Norte,E0,13:00:00,1107,0.04,1801.2,30.4,
Norte,E0,13:00:00,1109,0.01,1801.2,30.39,
Norte,E0,13:00:00,1110,0.02,1801.2,30.03,
Norte,E0,13:00:00,1112,0.02,1801.2,30.05,
Norte,E0,13:00:00,1113,0.04,1801.2,29.79,
Norte,E0,13:00:00,1115,0.09,1801.2,29.78,
Norte,E0,13:00:00,1117,0.1,1801.2,29.83,
Norte,E0,13:00:00,1119,0.12,1801.2,30.42,
Norte,E0,13:00:00,1120,0.09,1801.2,29.99,
Norte,E0,13:00:00,1122,0.06,1801.2,31.29,
Norte,E0,13:00:00,1125,0.07,1801.2,31.23,
Norte,E0,13:00:00,1128,0.07,1801.2,31.48,
Norte,E0,13:00:00,1130,0.08,1801.2,31.3,
Norte,E0,13:00:00,1131,0.09,1801.2,31.45,
Norte,E0,13:00:00,1133,0.03,1801.2,32.48,
Norte,E0,13:00:00,1134,0.15,1801.24,32.57,
Norte,E0,13:00:00,1135,0.1,1801.2,32.66,
Norte,E0,13:00:00,1137,0.14,1801.24,32.51,
Norte,E0,13:00:00,1139,0.09,1801.24,32.49,
Norte,E0,13:00:00,1140,0.03,1801.24,32.54,
Norte,E0,13:00:00,1141,0.06,1801.2,31.46,
Norte,E0,13:00:00,1142,0.03,1801.22,31.42,
Norte,E0,13:00:00,1143,0.09,1801.22,32.27,
Norte,E0,13:00:00,1144,0.08,1801.2,32.43,
Norte,E0,13:00:00,1145,0.04,1801.22,32.36,
Norte,E0,13:00:00,1147,0.0,1801.21,32.51,
Norte,E0,13:00:00,1148,0.0,1801.22,32.53,
Norte,E0,13:00:00,1149,0.17,1801.26,31.15,
Norte,E0,13:00:00,1150,0.23,1801.22,30.94,
Norte,E0,13:00:00,1151,0.04,1801.32,27.09,
Norte,E0,13:00:00,1153,0.02,1801.27,28.67,
Norte,E0,13:00:00,1154,0.0,1801.27,29.12,
Norte,E0,13:00:00,1158,0.12,1801.27,29.33,
Norte,E0,13:00:00,1159,0.09,1801.26,31.7,
Norte,E0,13:00:00,1161,0.04,1801.26,30.77,
Norte,E0,13:00:00,1162,0.01,1801.24,32.18,
Norte,E0,13:00:00,1164,0.11,1801.24,32.26,
Norte,E0,13:00:00,1165,0.04,1801.24,32.37,
Norte,E0,13:00:00,1166,0.06,1801.25,31.93,
Norte,E0,13:00:00,1169,0.09,1801.24,32.54,
Norte,E0,13:00:00,1171,0.07,1801.22,32.54,
Norte,E0,13:00:00,1172,0.17,1801.22,33.59,
Norte,E0,13:00:00,1174,0.06,1801.22,33.39,
Norte,E0,13:00:00,1175,0.13,1801.23,31.89,
Norte,E0,13:00:00,1176,0.19,1801.23,33.38,
Norte,E0,13:00:00,1179,0.06,1801.24,32.9,
Norte,E0,13:00:00,1181,0.01,1801.22,33.38,
Norte,E0,13:00:00,1182,0.06,1801.24,32.63,
Norte,E0,13:00:00,1184,0.04,1801.28,24.84,
Norte,E0,13:00:00,1185,0.03,1801.27,26.54,
Norte,E0,13:00:00,1186,0.01,1801.27,25.86,
Norte,E0,13:00:00,1187,0.23,1801.24,25.53,
Norte,E0,13:00:00,1189,0.01,1801.18,25.09,
Norte,E0,13:00:00,1190,0.07,1801.17,26.04,
Norte,E0,13:00:00,1191,0.07,1801.23,29.11,
Norte,E0,13:00:00,1192,0.01,1801.23,27.21,
Norte,E0,13:00:00,1196,0.06,1801.13,26.91,
Norte,E0,13:00:00,1197,0.05,1801.13,27.38,
Norte,E0,13:00:00,1207,0.12,1801.13,25.34,
Norte,E0,13:00:00,1216,0.09,1801.13,19.1,
Norte,E0,13:00:00,1221,0.05,1801.3,19.74,
Norte,E0,13:00:00,1223,0.05,1801.3,19.52,
Norte,E0,13:00:00,1224,0.08,1801.29,23.11,
Norte,E0,13:00:00,1225,0.04,1801.26,24.56,
Norte,E0,13:00:00,1226,0.07,1801.29,23.34,
Norte,E0,13:00:00,1228,0.04,1801.29,22.67,
Norte,E0,13:00:00,1229,0.02,1801.29,22.37,
Norte,E0,13:00:00,1230,0.01,1801.29,22.32,
Norte,E0,13:00:00,1231,0.01,1801.29,22.4,
Norte,E0,13:00:00,1232,0.02,1801.29,21.86,
Norte,E0,13:00:00,1233,0.01,1801.29,21.83,
Norte,E0,13:00:00,1240,0.12,1801.31,21.14,
Norte,E0,13:00:00,1242,0.12,1801.29,22.29,
Norte,E0,13:00:00,1243,0.04,1801.29,23.06,
Norte,E0,13:00:00,1244,0.12,1801.27,24.6,
Norte,E0,13:00:00,1245,0.06,1801.27,25.68,
Norte,E0,13:00:00,1246,0.04,1801.25,25.85,
Norte,E0,13:00:00,1247,0.08,1801.25,25.61,
Norte,E0,13:00:00,1248,0.07,1801.25,25.32,
Norte,E0,13:00:00,1249,0.15,1801.28,23.7,
Norte,E0,13:00:00,1250,0.16,1801.3,22.61,
Norte,E0,13:00:00,1252,0.12,1801.32,21.23,
Norte,E0,13:00:00,1253,0.15,1801.28,23.67,
Norte,E0,13:00:00,1254,0.15,1801.32,22.02,
Norte,E0,13:00:00,1255,0.08,1801.35,21.78,
Norte,E0,13:00:00,1257,0.09,1801.36,21.17,
Norte,E0,13:00:00,1265,0.03,1801.4,20.81,
Norte,E0,13:00:00,1268,0.07,1801.4,20.9,
Norte,E0,13:00:00,1272,0.03,1801.37,21.54,
Norte,E0,13:00:00,1274,0.06,1801.37,21.57,
Norte,E0,13:00:00,1276,0.14,1801.34,22.53,
Norte,E0,13:00:00,1279,0.06,1801.32,23.81,
Norte,E0,13:00:00,1281,0.07,1801.32,24.18,
Norte,E0,13:00:00,1282,0.03,1801.32,25.65,
Norte,E0,13:00:00,1284,0.03,1801.22,30.98,
Norte,E0,13:00:00,1286,0.09,1801.33,22.74,
Norte,E0,13:00:00,1288,0.01,1801.33,24.77,
Norte,E0,13:00:00,1289,0.02,1801.33,23.1,
Norte,E0,13:00:00,1290,0.11,1801.33,23.18,
Norte,E0,13:00:00,1291,0.01,1801.33,20.94,
Norte,E0,13:00:00,1292,0.07,1801.33,21.17,
Norte,E0,13:00:00,1293,0.09,1801.33,21.82,
Norte,E0,13:00:00,1294,0.02,1801.34,21.68,
Norte,E0,13:00:00,1295,0.14,1801.35,20.86,
Norte,E0,13:00:00,1297,0.1,1801.36,20.48,
Norte,E0,13:00:00,1302,0.1,1801.34,19.94,
Norte,E0,13:00:00,1304,0.06,1801.34,19.94,
Norte,E0,13:00:00,1305,0.0,1801.34,19.95,
Norte,E0,13:00:00,1306,0.07,1801.34,19.95,
Norte,E0,13:00:00,1308,0.09,1801.34,20.48,
Norte,E0,13:00:00,1309,0.04,1801.34,28.37,
Norte,E0,13:00:00,1310,0.02,1801.34,24.52,
Norte,E0,13:00:00,1312,0.11,1801.25,29.33,
Norte,E0,13:00:00,1313,0.0,1801.25,29.55,
Norte,E0,13:00:00,1315,0.07,1801.25,29.51,
Norte,E0,13:00:00,1318,0.09,1801.2,29.47,
Norte,E0,13:00:00,1319,0.02,1801.2,29.12,
Norte,E0,13:00:00,1321,0.05,1801.34,21.37,
Norte,E0,13:00:00,1322,0.01,1801.34,22.14,
Norte,E0,13:00:00,1323,0.06,1801.34,21.93,
Norte,E0,13:00:00,1324,0.03,1801.34,20.49,
Norte,E0,13:00:00,1326,0.1,1801.34,20.15,
Norte,E0,13:00:00,1334,0.07,1801.33,22.05,
Norte,E0,13:00:00,1335,0.08,1801.31,22.6,
Norte,E0,13:00:00,1336,0.01,1801.31,21.73,
Norte,E0,13:00:00,1340,0.04,1801.33,28.99,
Norte,E0,13:00:00,5010,0.03,1801.3,25.85,
Norte,E0,13:00:00,5011,0.06,1801.18,25.97,
Norte,E0,13:00:00,5019,0.06,1801.2,32.02,
Norte,E0,13:00:00,5086,0.08,1801.21,32.5,
Norte,E0,13:00:00,5087,0.01,1801.21,32.55,
Norte,E0,13:00:00,5108,0.0,1801.17,25.89,
Norte,E0,13:00:00,5112,0.03,1801.37,21.58,
Norte,E0,13:00:00,5148,0.0,1801.21,32.23,
Norte,E0,13:00:00,5193,0.0,1801.2,31.35,
Norte,E0,13:00:00,5204,0.15,1801.13,25.41,
Norte,E0,13:00:00,5241,0.0,1801.3,19.67,
Norte,E0,13:00:00,5264,0.03,1801.22,32.52,
Norte,E0,13:00:00,5289,0.01,1801.2,29.72,
Norte,E0,13:00:00,5291,0.02,1801.25,29.77,
Norte,E0,13:00:00,5311,0.14,1801.2,32.45,
Norte,E0,13:00:00,5312,0.01,1801.2,32.59,
Norte,E0,13:00:00,5313,0.01,1801.2,32.39,
Norte,E0,13:00:00,5314,0.02,1801.18,25.83,
Norte,E0,13:00:00,5342,0.04,1801.3,25.75,
Norte,E0,13:00:00,5343,0.15,1801.4,20.92,
Norte,E0,13:00:00,5344,0.15,1801.39,25.85,
Norte,E0,13:00:00,5345,0.15,1801.39,26.01,
Norte,E0,13:00:00,5478,0.0,1801.37,21.59,
Norte,E0,13:00:00,5484,0.01,1801.3,19.14,
Norte,E0,13:00:00,5493,0.01,1801.24,30.76,
Norte,E0,13:00:00,5494,0.01,1801.24,30.83,
Norte,E0,13:00:00,5495,0.11,1801.2,32.73,
Norte,E0,13:00:00,5506,0.02,1801.29,22.81,
Norte,E0,13:00:00,5523,0.0,1801.2,29.19,
Norte,E0,13:00:00,5533,0.03,1801.33,20.79,
Norte,E0,13:00:00,5537,0.04,1801.2,29.45,
Norte,E0,13:00:00,5538,0.07,1801.2,29.77,
Norte,E0,13:00:00,5603,0.05,1801.22,31.0,
Norte,E0,13:00:00,5604,0.08,1801.21,30.56,
Norte,E0,13:00:00,5613,0.08,1801.22,32.41,
Norte,E0,13:00:00,5614,0.03,1801.24,32.51,
Norte,E0,13:00:00,5620,0.05,1801.2,32.35,
Norte,E0,13:00:00,5621,0.04,1801.2,32.29,
Norte,E0,13:00:00,5678,0.07,1801.2,29.88,
Norte,E0,13:00:00,5685,0.02,1801.23,25.69,
Norte,E0,13:00:00,5709,0.17,1801.4,20.93,
Norte,E0,13:00:00,5744,0.06,1801.24,32.16,
Norte,E0,13:00:00,5746,0.09,1801.31,24.46,
Norte,E0,13:00:00,5747,0.05,1801.28,25.95,
Norte,E0,13:00:00,5748,0.07,1801.47,21.21,
Norte,E0,13:00:00,5749,0.07,1801.55,21.4,
Norte,E0,13:00:00,5750,0.04,1801.62,21.29,
Norte,E0,13:00:00,5760,0.04,1801.69,21.05,
Norte,E0,13:00:00,5761,0.03,1801.64,21.41,
Norte,E0,13:00:00,5762,0.01,1801.77,20.53,
Norte,E0,13:00:00,5763,0.03,1801.74,20.74,
Norte,E0,13:00:00,10020,0.05,1801.22,33.28,
Norte,E0,13:00:00,10059,0.04,1801.2,29.71,
Norte,E0,13:00:00,10061,0.0,1801.33,20.62,
Norte,E0,13:00:00,10062,0.0,1801.36,20.54,
Norte,E0,13:00:00,10063,0.0,1801.4,20.81,
Norte,E0,13:00:00,10082,0.1,1801.3,20.56,
Norte,E0,14:00:00,346,0.05,1801.26,33.56,
Norte,E0,14:00:00,347,0.08,1801.26,33.74,
Norte,E0,14:00:00,348,0.13,1801.26,33.75,
Norte,E0,14:00:00,349,0.06,1801.26,32.43,
Norte,E0,14:00:00,350,0.03,1801.26,32.42,
Norte,E0,14:00:00,351,0.05,1801.26,34.01,
Norte,E0,14:00:00,352,0.13,1801.26,33.89,
Norte,E0,14:00:00,353,0.08,1801.26,33.8,
Norte,E0,14:00:00,354,0.13,1801.29,32.59,
Norte,E0,14:00:00,355,0.05,1801.29,32.51,
Norte,E0,14:00:00,356,0.09,1801.29,32.55,
Norte,E0,14:00:00,357,0.04,1801.29,32.77,
Norte,E0,14:00:00,358,0.02,1801.29,33.02,
Norte,E0,14:00:00,362,0.09,1801.28,32.58,
Norte,E0,14:00:00,363,0.04,1801.28,32.57,
Norte,E0,14:00:00,364,0.08,1801.28,32.57,
Norte,E0,14:00:00,368,0.04,1801.26,32.59,
Norte,E0,14:00:00,371,0.06,1801.26,32.57,
Norte,E0,14:00:00,400,0.06,1801.27,32.29,
Norte,E0,14:00:00,401,0.06,1801.27,32.31,
Norte,E0,14:00:00,404,0.02,1801.27,32.11,
Norte,E0,14:00:00,405,0.01,1801.27,32.06,
Norte,E0,14:00:00,1049,0.03,1801.26,29.86,
Norte,E0,14:00:00,1051,0.04,1801.26,29.75,
Norte,E0,14:00:00,1053,0.03,1801.26,29.75,
Norte,E0,14:00:00,1059,0.06,1801.26,29.52,
Norte,E0,14:00:00,1063,0.03,1801.26,29.25,
Norte,E0,14:00:00,1077,0.03,1801.26,29.71,
Norte,E0,14:00:00,1089,0.04,1801.26,29.87,
Norte,E0,14:00:00,1093,0.08,1801.26,29.42,
Norte,E0,14:00:00,1094,0.02,1801.26,29.18,
Norte,E0,14:00:00,1095,0.02,1801.26,29.67,
Norte,E0,14:00:00,1100,0.04,1801.26,30.28,
Norte,E0,14:00:00,1102,0.07,1801.26,30.23,
Norte,E0,14:00:00,1103,0.01,1801.26,31.21,
Norte,E0,14:00:00,1104,0.08,1801.26,30.26,
Norte,E0,14:00:00,1106,0.09,1801.26,30.2,
Norte,E0,14:00:00,1107,0.04,1801.26,30.46,
Norte,E0,14:00:00,1109,0.01,1801.26,30.45,
Norte,E0,14:00:00,1110,0.01,1801.26,30.09,
Norte,E0,14:00:00,1112,0.02,1801.26,30.11,
Norte,E0,14:00:00,1113,0.04,1801.26,29.85,
Norte,E0,14:00:00,1115,0.09,1801.26,29.84,
Norte,E0,14:00:00,1117,0.09,1801.26,29.89,
Norte,E0,14:00:00,1119,0.11,1801.26,30.48,
Norte,E0,14:00:00,1120,0.08,1801.26,30.05,
Norte,E0,14:00:00,1122,0.06,1801.26,31.35,
Norte,E0,14:00:00,1125,0.07,1801.26,31.29,
Norte,E0,14:00:00,1128,0.07,1801.26,31.54,
Norte,E0,14:00:00,1130,0.08,1801.26,31.36,
Norte,E0,14:00:00,1131,0.08,1801.26,31.51,
Norte,E0,14:00:00,1133,0.03,1801.26,32.54,
Norte,E0,14:00:00,1134,0.14,1801.3,32.63,
Norte,E0,14:00:00,1135,0.1,1801.26,32.72,
Norte,E0,14:00:00,1137,0.13,1801.29,32.56,
Norte,E0,14:00:00,1139,0.08,1801.29,32.54,
Norte,E0,14:00:00,1140,0.03,1801.29,32.59,
Norte,E0,14:00:00,1141,0.06,1801.26,31.52,
Norte,E0,14:00:00,1142,0.03,1801.28,31.48,
Norte,E0,14:00:00,1143,0.08,1801.28,32.33,
Norte,E0,14:00:00,1144,0.08,1801.26,32.49,
Norte,E0,14:00:00,1145,0.03,1801.28,32.42,
Norte,E0,14:00:00,1147,0.0,1801.27,32.57,
Norte,E0,14:00:00,1148,0.0,1801.28,32.59,
Norte,E0,14:00:00,1149,0.16,1801.32,31.21,
Norte,E0,14:00:00,1150,0.22,1801.28,31.0,
Norte,E0,14:00:00,1151,0.04,1801.37,27.14,
Norte,E0,14:00:00,1153,0.02,1801.33,28.73,
Norte,E0,14:00:00,1154,0.0,1801.33,29.18,
Norte,E0,14:00:00,1158,0.11,1801.33,29.39,
Norte,E0,14:00:00,1159,0.08,1801.31,31.75,
Norte,E0,14:00:00,1161,0.04,1801.31,30.82,
Norte,E0,14:00:00,1162,0.01,1801.3,32.24,
Norte,E0,14:00:00,1164,0.1,1801.3,32.32,
Norte,E0,14:00:00,1165,0.03,1801.3,32.43,
Norte,E0,14:00:00,1166,0.06,1801.3,31.98,
Norte,E0,14:00:00,1169,0.09,1801.3,32.6,
Norte,E0,14:00:00,1171,0.07,1801.28,32.6,
Norte,E0,14:00:00,1172,0.16,1801.28,33.65,
Norte,E0,14:00:00,1174,0.06,1801.28,33.45,
Norte,E0,14:00:00,1175,0.12,1801.29,31.95,
Norte,E0,14:00:00,1176,0.18,1801.29,33.44,
Norte,E0,14:00:00,1179,0.06,1801.29,32.95,
Norte,E0,14:00:00,1181,0.01,1801.28,33.44,
Norte,E0,14:00:00,1182,0.06,1801.3,32.69,
Norte,E0,14:00:00,1184,0.04,1801.34,24.9,
Norte,E0,14:00:00,1185,0.02,1801.33,26.6,
Norte,E0,14:00:00,1186,0.01,1801.33,25.92,
Norte,E0,14:00:00,1187,0.21,1801.3,25.59,
Norte,E0,14:00:00,1189,0.01,1801.24,25.15,
Norte,E0,14:00:00,1190,0.07,1801.24,26.11,
Norte,E0,14:00:00,1191,0.06,1801.29,29.17,
Norte,E0,14:00:00,1192,0.01,1801.29,27.27,
Norte,E0,14:00:00,1196,0.05,1801.2,26.98,
Norte,E0,14:00:00,1197,0.05,1801.2,27.45,
Norte,E0,14:00:00,1207,0.11,1801.2,25.41,
Norte,E0,14:00:00,1216,0.09,1801.2,19.17,
Norte,E0,14:00:00,1221,0.05,1801.35,19.79,
Norte,E0,14:00:00,1223,0.05,1801.35,19.57,
Norte,E0,14:00:00,1224,0.07,1801.35,23.17,
Norte,E0,14:00:00,1225,0.03,1801.32,24.62,
Norte,E0,14:00:00,1226,0.06,1801.34,23.39,
Norte,E0,14:00:00,1228,0.03,1801.34,22.72,
Norte,E0,14:00:00,1229,0.02,1801.34,22.42,
Norte,E0,14:00:00,1230,0.01,1801.34,22.37,
Norte,E0,14:00:00,1231,0.01,1801.34,22.45,
Norte,E0,14:00:00,1232,0.02,1801.34,21.91,
Norte,E0,14:00:00,1233,0.01,1801.34,21.88,
Norte,E0,14:00:00,1240,0.11,1801.36,21.19,
Norte,E0,14:00:00,1242,0.12,1801.35,22.35,
Norte,E0,14:00:00,1243,0.04,1801.34,23.11,
Norte,E0,14:00:00,1244,0.11,1801.32,24.65,
Norte,E0,14:00:00,1245,0.06,1801.32,25.73,
Norte,E0,14:00:00,1246,0.03,1801.31,25.91,
Norte,E0,14:00:00,1247,0.07,1801.31,25.67,
Norte,E0,14:00:00,1248,0.07,1801.3,25.37,
Norte,E0,14:00:00,1249,0.14,1801.34,23.76,
Norte,E0,14:00:00,1250,0.15,1801.35,22.66,
Norte,E0,14:00:00,1252,0.11,1801.37,21.28,
Norte,E0,14:00:00,1253,0.14,1801.34,23.73,
Norte,E0,14:00:00,1254,0.14,1801.37,22.07,
Norte,E0,14:00:00,1255,0.08,1801.4,21.83,
Norte,E0,14:00:00,1257,0.08,1801.4,21.21,
Norte,E0,14:00:00,1265,0.03,1801.44,20.85,
Norte,E0,14:00:00,1268,0.07,1801.44,20.94,
Norte,E0,14:00:00,1272,0.03,1801.41,21.58,
Norte,E0,14:00:00,1274,0.06,1801.42,21.62,
Norte,E0,14:00:00,1276,0.13,1801.39,22.58,
Norte,E0,14:00:00,1279,0.06,1801.37,23.86,
Norte,E0,14:00:00,1281,0.07,1801.37,24.23,
Norte,E0,14:00:00,1282,0.03,1801.37,25.7,
Norte,E0,14:00:00,1284,0.03,1801.28,31.04,
Norte,E0,14:00:00,1286,0.08,1801.38,22.79,
Norte,E0,14:00:00,1288,0.01,1801.38,24.82,
Norte,E0,14:00:00,1289,0.02,1801.38,23.15,
Norte,E0,14:00:00,1290,0.1,1801.38,23.23,
Norte,E0,14:00:00,1291,0.01,1801.38,20.99,
Norte,E0,14:00:00,1292,0.06,1801.38,21.22,
Norte,E0,14:00:00,1293,0.08,1801.38,21.87,
Norte,E0,14:00:00,1294,0.02,1801.39,21.73,
Norte,E0,14:00:00,1295,0.13,1801.4,20.91,
Norte,E0,14:00:00,1297,0.1,1801.4,20.52,
Norte,E0,14:00:00,1302,0.09,1801.39,19.99,
Norte,E0,14:00:00,1304,0.06,1801.39,19.99,
Norte,E0,14:00:00,1305,0.0,1801.39,20.0,
Norte,E0,14:00:00,1306,0.07,1801.39,20.0,
Norte,E0,14:00:00,1308,0.08,1801.39,20.53,
Norte,E0,14:00:00,1309,0.04,1801.39,28.42,
Norte,E0,14:00:00,1310,0.02,1801.38,24.56,
Norte,E0,14:00:00,1312,0.1,1801.31,29.39,
Norte,E0,14:00:00,1313,0.0,1801.31,29.61,
Norte,E0,14:00:00,1315,0.07,1801.31,29.57,
Norte,E0,14:00:00,1318,0.08,1801.26,29.53,
Norte,E0,14:00:00,1319,0.02,1801.26,29.18,
Norte,E0,14:00:00,1321,0.05,1801.38,21.41,
Norte,E0,14:00:00,1322,0.01,1801.38,22.18,
Norte,E0,14:00:00,1323,0.06,1801.38,21.97,
Norte,E0,14:00:00,1324,0.03,1801.39,20.54,
Norte,E0,14:00:00,1326,0.09,1801.38,20.19,
Norte,E0,14:00:00,1334,0.06,1801.38,22.1,
Norte,E0,14:00:00,1335,0.07,1801.36,22.65,
Norte,E0,14:00:00,1336,0.01,1801.36,21.78,
Norte,E0,14:00:00,1340,0.04,1801.38,29.04,
Norte,E0,14:00:00,5010,0.03,1801.35,25.9,
Norte,E0,14:00:00,5011,0.05,1801.24,26.03,
Norte,E0,14:00:00,5019,0.06,1801.26,32.08,
Norte,E0,14:00:00,5086,0.07,1801.27,32.56,
Norte,E0,14:00:00,5087,0.01,1801.27,32.61,
Norte,E0,14:00:00,5108,0.0,1801.24,25.96,
Norte,E0,14:00:00,5112,0.03,1801.41,21.62,
Norte,E0,14:00:00,5148,0.0,1801.27,32.29,
Norte,E0,14:00:00,5193,0.0,1801.26,31.41,
Norte,E0,14:00:00,5204,0.14,1801.2,25.48,
Norte,E0,14:00:00,5241,0.0,1801.35,19.72,
Norte,E0,14:00:00,5264,0.02,1801.28,32.58,
Norte,E0,14:00:00,5289,0.01,1801.26,29.78,
Norte,E0,14:00:00,5291,0.02,1801.31,29.83,
Norte,E0,14:00:00,5311,0.13,1801.26,32.51,
Norte,E0,14:00:00,5312,0.01,1801.26,32.65,
Norte,E0,14:00:00,5313,0.01,1801.26,32.45,
Norte,E0,14:00:00,5314,0.02,1801.24,25.89,
Norte,E0,14:00:00,5342,0.03,1801.35,25.8,
Norte,E0,14:00:00,5343,0.14,1801.44,20.96,
Norte,E0,14:00:00,5344,0.14,1801.43,25.89,
Norte,E0,14:00:00,5345,0.14,1801.43,26.05,
Norte,E0,14:00:00,5478,0.0,1801.41,21.63,
Norte,E0,14:00:00,5484,0.01,1801.35,19.19,
Norte,E0,14:00:00,5493,0.01,1801.29,30.81,
Norte,E0,14:00:00,5494,0.01,1801.3,30.89,
Norte,E0,14:00:00,5495,0.1,1801.26,32.79,
Norte,E0,14:00:00,5506,0.02,1801.34,22.86,
Norte,E0,14:00:00,5523,0.0,1801.26,29.25,
Norte,E0,14:00:00,5533,0.03,1801.38,20.84,
Norte,E0,14:00:00,5537,0.04,1801.26,29.51,
Norte,E0,14:00:00,5538,0.07,1801.26,29.83,
Norte,E0,14:00:00,5603,0.05,1801.28,31.06,
Norte,E0,14:00:00,5604,0.07,1801.27,30.62,
Norte,E0,14:00:00,5613,0.07,1801.28,32.47,
Norte,E0,14:00:00,5614,0.03,1801.3,32.57,
Norte,E0,14:00:00,5620,0.05,1801.26,32.41,
Norte,E0,14:00:00,5621,0.04,1801.26,32.35,
Norte,E0,14:00:00,5678,0.06,1801.26,29.94,
Norte,E0,14:00:00,5685,0.02,1801.29,25.75,
Norte,E0,14:00:00,5709,0.16,1801.44,20.97,
Norte,E0,14:00:00,5744,0.05,1801.3,32.22,
Norte,E0,14:00:00,5746,0.08,1801.36,24.51,
Norte,E0,14:00:00,5747,0.05,1801.33,26.0,
Norte,E0,14:00:00,5748,0.06,1801.5,21.24,
Norte,E0,14:00:00,5749,0.06,1801.58,21.43,
Norte,E0,14:00:00,5750,0.04,1801.64,21.31,
Norte,E0,14:00:00,5760,0.04,1801.7,21.06,
Norte,E0,14:00:00,5761,0.03,1801.66,21.43,
Norte,E0,14:00:00,5762,0.01,1801.77,20.53,
Norte,E0,14:00:00,5763,0.03,1801.75,20.75,
Norte,E0,14:00:00,10020,0.05,1801.28,33.34,
Norte,E0,14:00:00,10059,0.04,1801.26,29.77,
Norte,E0,14:00:00,10061,0.0,1801.38,20.67,
Norte,E0,14:00:00,10062,0.0,1801.4,20.58,
Norte,E0,14:00:00,10063,0.0,1801.44,20.85,
Norte,E0,14:00:00,10082,0.09,1801.35,20.61,
Norte,E0,15:00:00,346,0.05,1801.26,33.56,
Norte,E0,15:00:00,347,0.08,1801.26,33.74,
Norte,E0,15:00:00,348,0.13,1801.26,33.75,
Norte,E0,15:00:00,349,0.06,1801.26,32.43,
Norte,E0,15:00:00,350,0.03,1801.26,32.42,
Norte,E0,15:00:00,351,0.05,1801.26,34.01,
Norte,E0,15:00:00,352,0.13,1801.26,33.89,
Norte,E0,15:00:00,353,0.08,1801.26,33.8,
Norte,E0,15:00:00,354,0.13,1801.29,32.59,
Norte,E0,15:00:00,355,0.05,1801.29,32.51,
Norte,E0,15:00:00,356,0.09,1801.29,32.55,
Norte,E0,15:00:00,357,0.04,1801.29,32.77,
Norte,E0,15:00:00,358,0.02,1801.29,33.02,
Norte,E0,15:00:00,362,0.09,1801.28,32.58,
Norte,E0,15:00:00,363,0.04,1801.28,32.57,
Norte,E0,15:00:00,364,0.08,1801.28,32.57,
Norte,E0,15:00:00,368,0.04,1801.26,32.59,
Norte,E0,15:00:00,371,0.06,1801.26,32.57,
Norte,E0,15:00:00,400,0.06,1801.27,32.29,
Norte,E0,15:00:00,401,0.06,1801.27,32.31,
Norte,E0,15:00:00,404,0.02,1801.27,32.11,
Norte,E0,15:00:00,405,0.01,1801.27,32.06,
Norte,E0,15:00:00,1049,0.03,1801.26,29.86,
Norte,E0,15:00:00,1051,0.04,1801.26,29.75,
Norte,E0,15:00:00,1053,0.03,1801.26,29.75,
Norte,E0,15:00:00,1059,0.06,1801.26,29.52,
Norte,E0,15:00:00,1063,0.03,1801.26,29.25,
Norte,E0,15:00:00,1077,0.03,1801.26,29.71,
Norte,E0,15:00:00,1089,0.04,1801.26,29.87,
Norte,E0,15:00:00,1093,0.08,1801.26,29.42,
Norte,E0,15:00:00,1094,0.02,1801.26,29.18,
Norte,E0,15:00:00,1095,0.02,1801.26,29.67,
Norte,E0,15:00:00,1100,0.04,1801.26,30.28,
Norte,E0,15:00:00,1102,0.07,1801.26,30.23,
Norte,E0,15:00:00,1103,0.01,1801.26,31.21,
Norte,E0,15:00:00,1104,0.08,1801.26,30.26,
Norte,E0,15:00:00,1106,0.09,1801.26,30.2,
Norte,E0,15:00:00,1107,0.04,1801.26,30.46,
Norte,E0,15:00:00,1109,0.01,1801.26,30.45,
Norte,E0,15:00:00,1110,0.01,1801.26,30.09,
Norte,E0,15:00:00,1112,0.02,1801.26,30.11,
Norte,E0,15:00:00,1113,0.04,1801.26,29.85,
Norte,E0,15:00:00,1115,0.09,1801.26,29.84,
Norte,E0,15:00:00,1117,0.09,1801.26,29.89,
Norte,E0,15:00:00,1119,0.11,1801.26,30.48,
Norte,E0,15:00:00,1120,0.08,1801.26,30.05,
Norte,E0,15:00:00,1122,0.06,1801.26,31.35,
Norte,E0,15:00:00,1125,0.07,1801.26,31.29,
Norte,E0,15:00:00,1128,0.07,1801.26,31.54,
Norte,E0,15:00:00,1130,0.08,1801.26,31.36,
Norte,E0,15:00:00,1131,0.08,1801.26,31.51,
Norte,E0,15:00:00,1133,0.03,1801.26,32.54,
Norte,E0,15:00:00,1134,0.14,1801.3,32.63,
Norte,E0,15:00:00,1135,0.1,1801.26,32.72,
Norte,E0,15:00:00,1137,0.13,1801.29,32.56,
Norte,E0,15:00:00,1139,0.08,1801.29,32.54,
Norte,E0,15:00:00,1140,0.03,1801.29,32.59,
Norte,E0,15:00:00,1141,0.06,1801.26,31.52,
Norte,E0,15:00:00,1142,0.03,1801.28,31.48,
Norte,E0,15:00:00,1143,0.08,1801.28,32.33,
Norte,E0,15:00:00,1144,0.08,1801.26,32.49,
Norte,E0,15:00:00,1145,0.03,1801.28,32.42,
Norte,E0,15:00:00,1147,0.0,1801.27,32.57,
Norte,E0,15:00:00,1148,0.0,1801.28,32.59,
Norte,E0,15:00:00,1149,0.16,1801.32,31.21,
Norte,E0,15:00:00,1150,0.22,1801.28,31.0,
Norte,E0,15:00:00,1151,0.04,1801.37,27.14,
Norte,E0,15:00:00,1153,0.02,1801.33,28.73,
Norte,E0,15:00:00,1154,0.0,1801.33,29.18,
Norte,E0,15:00:00,1158,0.11,1801.33,29.39,
Norte,E0,15:00:00,1159,0.08,1801.31,31.75,
Norte,E0,15:00:00,1161,0.04,1801.31,30.82,
Norte,E0,15:00:00,1162,0.01,1801.3,32.24,
Norte,E0,15:00:00,1164,0.1,1801.3,32.32,
Norte,E0,15:00:00,1165,0.03,1801.3,32.43,
Norte,E0,15:00:00,1166,0.06,1801.3,31.98,
Norte,E0,15:00:00,1169,0.09,1801.3,32.6,
Norte,E0,15:00:00,1171,0.07,1801.28,32.6,
Norte,E0,15:00:00,1172,0.16,1801.28,33.65,
Norte,E0,15:00:00,1174,0.06,1801.28,33.45,
Norte,E0,15:00:00,1175,0.12,1801.29,31.95,
Norte,E0,15:00:00,1176,0.18,1801.29,33.44,
Norte,E0,15:00:00,1179,0.06,1801.29,32.95,
Norte,E0,15:00:00,1181,0.01,1801.28,33.44,
Norte,E0,15:00:00,1182,0.06,1801.3,32.69,
Norte,E0,15:00:00,1184,0.04,1801.34,24.9,
Norte,E0,15:00:00,1185,0.02,1801.33,26.6,
Norte,E0,15:00:00,1186,0.01,1801.33,25.92,
Norte,E0,15:00:00,1187,0.21,1801.3,25.59,
Norte,E0,15:00:00,1189,0.01,1801.24,25.15,
Norte,E0,15:00:00,1190,0.07,1801.24,26.11,
Norte,E0,15:00:00,1191,0.06,1801.29,29.17,
Norte,E0,15:00:00,1192,0.01,1801.29,27.27,
Norte,E0,15:00:00,1196,0.05,1801.2,26.98,
Norte,E0,15:00:00,1197,0.05,1801.2,27.45,
Norte,E0,15:00:00,1207,0.11,1801.2,25.41,
Norte,E0,15:00:00,1216,0.09,1801.2,19.17,
Norte,E0,15:00:00,1221,0.05,1801.35,19.79,
Norte,E0,15:00:00,1223,0.05,1801.35,19.57,
Norte,E0,15:00:00,1224,0.07,1801.35,23.17,
Norte,E0,15:00:00,1225,0.03,1801.32,24.62,
Norte,E0,15:00:00,1226,0.06,1801.34,23.39,
Norte,E0,15:00:00,1228,0.03,1801.34,22.72,
Norte,E0,15:00:00,1229,0.02,1801.34,22.42,
Norte,E0,15:00:00,1230,0.01,1801.34,22.37,
Norte,E0,15:00:00,1231,0.01,1801.34,22.45,
Norte,E0,15:00:00,1232,0.02,1801.34,21.91,
Norte,E0,15:00:00,1233,0.01,1801.34,21.88,
Norte,E0,15:00:00,1240,0.11,1801.36,21.19,
Norte,E0,15:00:00,1242,0.12,1801.35,22.35,
Norte,E0,15:00:00,1243,0.04,1801.34,23.11,
Norte,E0,15:00:00,1244,0.11,1801.32,24.65,
Norte,E0,15:00:00,1245,0.06,1801.32,25.73,
Norte,E0,15:00:00,1246,0.03,1801.31,25.91,
Norte,E0,15:00:00,1247,0.07,1801.31,25.67,
Norte,E0,15:00:00,1248,0.07,1801.3,25.37,
Norte,E0,15:00:00,1249,0.14,1801.34,23.76,
Norte,E0,15:00:00,1250,0.15,1801.35,22.66,
Norte,E0,15:00:00,1252,0.11,1801.37,21.28,
Norte,E0,15:00:00,1253,0.14,1801.34,23.73,
Norte,E0,15:00:00,1254,0.14,1801.37,22.07,
Norte,E0,15:00:00,1255,0.08,1801.4,21.83,
Norte,E0,15:00:00,1257,0.08,1801.4,21.21,
Norte,E0,15:00:00,1265,0.03,1801.44,20.85,
Norte,E0,15:00:00,1268,0.07,1801.44,20.94,
Norte,E0,15:00:00,1272,0.03,1801.41,21.58,
Norte,E0,15:00:00,1274,0.06,1801.42,21.62,
Norte,E0,15:00:00,1276,0.13,1801.39,22.58,
Norte,E0,15:00:00,1279,0.06,1801.37,23.86,
Norte,E0,15:00:00,1281,0.07,1801.37,24.23,
Norte,E0,15:00:00,1282,0.03,1801.37,25.7,
Norte,E0,15:00:00,1284,0.03,1801.28,31.04,
Norte,E0,15:00:00,1286,0.08,1801.38,22.79,
Norte,E0,15:00:00,1288,0.01,1801.38,24.82,
Norte,E0,15:00:00,1289,0.02,1801.38,23.15,
Norte,E0,15:00:00,1290,0.1,1801.38,23.23,
Norte,E0,15:00:00,1291,0.01,1801.38,20.99,
Norte,E0,15:00:00,1292,0.06,1801.38,21.22,
Norte,E0,15:00:00,1293,0.08,1801.38,21.87,
Norte,E0,15:00:00,1294,0.02,1801.39,21.73,
Norte,E0,15:00:00,1295,0.13,1801.4,20.91,
Norte,E0,15:00:00,1297,0.1,1801.4,20.52,
Norte,E0,15:00:00,1302,0.09,1801.39,19.99,
Norte,E0,15:00:00,1304,0.06,1801.39,19.99,
Norte,E0,15:00:00,1305,0.0,1801.39,20.0,
Norte,E0,15:00:00,1306,0.07,1801.39,20.0,
Norte,E0,15:00:00,1308,0.08,1801.39,20.53,
Norte,E0,15:00:00,1309,0.04,1801.39,28.42,
Norte,E0,15:00:00,1310,0.02,1801.38,24.56,
Norte,E0,15:00:00,1312,0.1,1801.31,29.39,
Norte,E0,15:00:00,1313,0.0,1801.31,29.61,
Norte,E0,15:00:00,1315,0.07,1801.31,29.57,
Norte,E0,15:00:00,1318,0.08,1801.26,29.53,
Norte,E0,15:00:00,1319,0.02,1801.26,29.18,
Norte,E0,15:00:00,1321,0.05,1801.38,21.41,
Norte,E0,15:00:00,1322,0.01,1801.38,22.18,
Norte,E0,15:00:00,1323,0.06,1801.38,21.97,
Norte,E0,15:00:00,1324,0.03,1801.39,20.54,
Norte,E0,15:00:00,1326,0.09,1801.38,20.19,
Norte,E0,15:00:00,1334,0.06,1801.38,22.1,
Norte,E0,15:00:00,1335,0.07,1801.36,22.65,
Norte,E0,15:00:00,1336,0.01,1801.36,21.78,
Norte,E0,15:00:00,1340,0.04,1801.38,29.04,
Norte,E0,15:00:00,5010,0.03,1801.35,25.9,
Norte,E0,15:00:00,5011,0.05,1801.24,26.03,
Norte,E0,15:00:00,5019,0.06,1801.26,32.08,
Norte,E0,15:00:00,5086,0.07,1801.27,32.56,
Norte,E0,15:00:00,5087,0.01,1801.27,32.61,
Norte,E0,15:00:00,5108,0.0,1801.24,25.96,
Norte,E0,15:00:00,5112,0.03,1801.41,21.62,
Norte,E0,15:00:00,5148,0.0,1801.27,32.29,
Norte,E0,15:00:00,5193,0.0,1801.26,31.41,
Norte,E0,15:00:00,5204,0.14,1801.2,25.48,
Norte,E0,15:00:00,5241,0.0,1801.35,19.72,
Norte,E0,15:00:00,5264,0.02,1801.28,32.58,
Norte,E0,15:00:00,5289,0.01,1801.26,29.78,
Norte,E0,15:00:00,5291,0.02,1801.31,29.83,
Norte,E0,15:00:00,5311,0.13,1801.26,32.51,
Norte,E0,15:00:00,5312,0.01,1801.26,32.65,
Norte,E0,15:00:00,5313,0.01,1801.26,32.45,
Norte,E0,15:00:00,5314,0.02,1801.24,25.89,
Norte,E0,15:00:00,5342,0.03,1801.35,25.8,
Norte,E0,15:00:00,5343,0.14,1801.44,20.96,
Norte,E0,15:00:00,5344,0.14,1801.43,25.89,
Norte,E0,15:00:00,5345,0.14,1801.43,26.05,
Norte,E0,15:00:00,5478,0.0,1801.41,21.63,
Norte,E0,15:00:00,5484,0.01,1801.35,19.19,
Norte,E0,15:00:00,5493,0.01,1801.29,30.81,
Norte,E0,15:00:00,5494,0.01,1801.3,30.89,
Norte,E0,15:00:00,5495,0.1,1801.26,32.79,
Norte,E0,15:00:00,5506,0.02,1801.34,22.86,
Norte,E0,15:00:00,5523,0.0,1801.26,29.25,
Norte,E0,15:00:00,5533,0.03,1801.38,20.84,
Norte,E0,15:00:00,5537,0.04,1801.26,29.51,
Norte,E0,15:00:00,5538,0.07,1801.26,29.83,
Norte,E0,15:00:00,5603,0.05,1801.28,31.06,
Norte,E0,15:00:00,5604,0.07,1801.27,30.62,
Norte,E0,15:00:00,5613,0.07,1801.28,32.47,
Norte,E0,15:00:00,5614,0.03,1801.3,32.57,
Norte,E0,15:00:00,5620,0.05,1801.26,32.41,
Norte,E0,15:00:00,5621,0.04,1801.26,32.35,
Norte,E0,15:00:00,5678,0.06,1801.26,29.94,
Norte,E0,15:00:00,5685,0.02,1801.29,25.75,
Norte,E0,15:00:00,5709,0.16,1801.44,20.97,
Norte,E0,15:00:00,5744,0.05,1801.3,32.22,
Norte,E0,15:00:00,5746,0.08,1801.36,24.51,
Norte,E0,15:00:00,5747,0.05,1801.33,26.0,
Norte,E0,15:00:00,5748,0.06,1801.5,21.24,
Norte,E0,15:00:00,5749,0.06,1801.58,21.43,
Norte,E0,15:00:00,5750,0.04,1801.64,21.31,
Norte,E0,15:00:00,5760,0.04,1801.7,21.06,
Norte,E0,15:00:00,5761,0.03,1801.66,21.43,
Norte,E0,15:00:00,5762,0.01,1801.77,20.53,
Norte,E0,15:00:00,5763,0.03,1801.75,20.75,
Norte,E0,15:00:00,10020,0.05,1801.28,33.34,
Norte,E0,15:00:00,10059,0.04,1801.26,29.77,
Norte,E0,15:00:00,10061,0.0,1801.38,20.67,
Norte,E0,15:00:00,10062,0.0,1801.4,20.58,
Norte,E0,15:00:00,10063,0.0,1801.44,20.85,
Norte,E0,15:00:00,10082,0.09,1801.35,20.61,
Norte,E0,16:00:00,346,0.04,1801.32,33.62,
Norte,E0,16:00:00,347,0.08,1801.32,33.8,
Norte,E0,16:00:00,348,0.12,1801.32,33.81,
Norte,E0,16:00:00,349,0.05,1801.32,32.49,
Norte,E0,16:00:00,350,0.03,1801.32,32.48,
Norte,E0,16:00:00,351,0.05,1801.32,34.07,
Norte,E0,16:00:00,352,0.12,1801.32,33.95,
Norte,E0,16:00:00,353,0.07,1801.32,33.86,
Norte,E0,16:00:00,354,0.12,1801.34,32.64,
Norte,E0,16:00:00,355,0.05,1801.35,32.57,
Norte,E0,16:00:00,356,0.09,1801.35,32.61,
Norte,E0,16:00:00,357,0.04,1801.35,32.83,
Norte,E0,16:00:00,358,0.02,1801.35,33.08,
Norte,E0,16:00:00,362,0.08,1801.33,32.63,
Norte,E0,16:00:00,363,0.04,1801.34,32.63,
Norte,E0,16:00:00,364,0.07,1801.34,32.63,
Norte,E0,16:00:00,368,0.04,1801.32,32.65,
Norte,E0,16:00:00,371,0.05,1801.32,32.63,
Norte,E0,16:00:00,400,0.06,1801.33,32.35,
Norte,E0,16:00:00,401,0.05,1801.33,32.37,
Norte,E0,16:00:00,404,0.02,1801.33,32.17,
Norte,E0,16:00:00,405,0.01,1801.33,32.12,
Norte,E0,16:00:00,1049,0.03,1801.32,29.92,
Norte,E0,16:00:00,1051,0.04,1801.32,29.81,
Norte,E0,16:00:00,1053,0.02,1801.32,29.81,
Norte,E0,16:00:00,1059,0.05,1801.32,29.58,
Norte,E0,16:00:00,1063,0.02,1801.32,29.31,
Norte,E0,16:00:00,1077,0.03,1801.32,29.77,
Norte,E0,16:00:00,1089,0.03,1801.32,29.93,
Norte,E0,16:00:00,1093,0.07,1801.32,29.48,
Norte,E0,16:00:00,1094,0.02,1801.32,29.24,
Norte,E0,16:00:00,1095,0.02,1801.32,29.73,
Norte,E0,16:00:00,1100,0.04,1801.32,30.34,
Norte,E0,16:00:00,1102,0.07,1801.32,30.29,
Norte,E0,16:00:00,1103,0.01,1801.32,31.27,
Norte,E0,16:00:00,1104,0.07,1801.32,30.32,
Norte,E0,16:00:00,1106,0.08,1801.32,30.26,
Norte,E0,16:00:00,1107,0.04,1801.32,30.52,
Norte,E0,16:00:00,1109,0.01,1801.32,30.51,
Norte,E0,16:00:00,1110,0.01,1801.32,30.15,
Norte,E0,16:00:00,1112,0.02,1801.32,30.17,
Norte,E0,16:00:00,1113,0.04,1801.32,29.91,
Norte,E0,16:00:00,1115,0.08,1801.32,29.9,
Norte,E0,16:00:00,1117,0.09,1801.32,29.95,
Norte,E0,16:00:00,1119,0.11,1801.32,30.54,
Norte,E0,16:00:00,1120,0.08,1801.32,30.11,
Norte,E0,16:00:00,1122,0.06,1801.32,31.41,
Norte,E0,16:00:00,1125,0.06,1801.32,31.35,
Norte,E0,16:00:00,1128,0.06,1801.32,31.6,
Norte,E0,16:00:00,1130,0.07,1801.32,31.42,
Norte,E0,16:00:00,1131,0.08,1801.32,31.57,
Norte,E0,16:00:00,1133,0.02,1801.32,32.6,
Norte,E0,16:00:00,1134,0.13,1801.35,32.68,
Norte,E0,16:00:00,1135,0.09,1801.32,32.78,
Norte,E0,16:00:00,1137,0.12,1801.35,32.62,
Norte,E0,16:00:00,1139,0.08,1801.35,32.6,
Norte,E0,16:00:00,1140,0.03,1801.35,32.65,
Norte,E0,16:00:00,1141,0.05,1801.32,31.58,
Norte,E0,16:00:00,1142,0.02,1801.34,31.54,
Norte,E0,16:00:00,1143,0.08,1801.34,32.39,
Norte,E0,16:00:00,1144,0.07,1801.32,32.55,
Norte,E0,16:00:00,1145,0.03,1801.34,32.48,
Norte,E0,16:00:00,1147,0.0,1801.33,32.63,
Norte,E0,16:00:00,1148,0.0,1801.33,32.64,
Norte,E0,16:00:00,1149,0.15,1801.37,31.26,
Norte,E0,16:00:00,1150,0.2,1801.33,31.05,
Norte,E0,16:00:00,1151,0.03,1801.42,27.19,
Norte,E0,16:00:00,1153,0.01,1801.38,28.78,
Norte,E0,16:00:00,1154,0.0,1801.38,29.23,
Norte,E0,16:00:00,1158,0.11,1801.38,29.44,
Norte,E0,16:00:00,1159,0.08,1801.37,31.81,
Norte,E0,16:00:00,1161,0.04,1801.37,30.88,
Norte,E0,16:00:00,1162,0.01,1801.35,32.29,
Norte,E0,16:00:00,1164,0.09,1801.35,32.37,
Norte,E0,16:00:00,1165,0.03,1801.35,32.48,
Norte,E0,16:00:00,1166,0.05,1801.36,32.04,
Norte,E0,16:00:00,1169,0.08,1801.35,32.65,
Norte,E0,16:00:00,1171,0.06,1801.34,32.66,
Norte,E0,16:00:00,1172,0.15,1801.34,33.71,
Norte,E0,16:00:00,1174,0.05,1801.34,33.51,
Norte,E0,16:00:00,1175,0.12,1801.35,32.01,
Norte,E0,16:00:00,1176,0.16,1801.35,33.5,
Norte,E0,16:00:00,1179,0.05,1801.35,33.01,
Norte,E0,16:00:00,1181,0.01,1801.34,33.5,
Norte,E0,16:00:00,1182,0.06,1801.35,32.74,
Norte,E0,16:00:00,1184,0.04,1801.39,24.95,
Norte,E0,16:00:00,1185,0.02,1801.38,26.65,
Norte,E0,16:00:00,1186,0.01,1801.38,25.97,
Norte,E0,16:00:00,1187,0.2,1801.36,25.65,
Norte,E0,16:00:00,1189,0.01,1801.3,25.21,
Norte,E0,16:00:00,1190,0.06,1801.3,26.17,
Norte,E0,16:00:00,1191,0.06,1801.34,29.22,
Norte,E0,16:00:00,1192,0.01,1801.34,27.32,
Norte,E0,16:00:00,1196,0.05,1801.27,27.05,
Norte,E0,16:00:00,1197,0.04,1801.27,27.52,
Norte,E0,16:00:00,1207,0.11,1801.27,25.48,
Norte,E0,16:00:00,1216,0.08,1801.27,19.24,
Norte,E0,16:00:00,1221,0.05,1801.4,19.84,
Norte,E0,16:00:00,1223,0.05,1801.4,19.62,
Norte,E0,16:00:00,1224,0.07,1801.4,23.22,
Norte,E0,16:00:00,1225,0.03,1801.37,24.67,
Norte,E0,16:00:00,1226,0.06,1801.39,23.44,
Norte,E0,16:00:00,1228,0.03,1801.39,22.77,
Norte,E0,16:00:00,1229,0.01,1801.39,22.47,
Norte,E0,16:00:00,1230,0.01,1801.39,22.42,
Norte,E0,16:00:00,1231,0.01,1801.39,22.5,
Norte,E0,16:00:00,1232,0.02,1801.39,21.96,
Norte,E0,16:00:00,1233,0.01,1801.39,21.93,
Norte,E0,16:00:00,1240,0.11,1801.41,21.24,
Norte,E0,16:00:00,1242,0.11,1801.39,22.39,
Norte,E0,16:00:00,1243,0.04,1801.39,23.16,
Norte,E0,16:00:00,1244,0.11,1801.37,24.7,
Norte,E0,16:00:00,1245,0.06,1801.37,25.78,
Norte,E0,16:00:00,1246,0.03,1801.36,25.96,
Norte,E0,16:00:00,1247,0.07,1801.36,25.72,
Norte,E0,16:00:00,1248,0.06,1801.36,25.43,
Norte,E0,16:00:00,1249,0.13,1801.39,23.81,
Norte,E0,16:00:00,1250,0.14,1801.4,22.71,
Norte,E0,16:00:00,1252,0.1,1801.42,21.33,
Norte,E0,16:00:00,1253,0.14,1801.39,23.78,
Norte,E0,16:00:00,1254,0.13,1801.41,22.11,
Norte,E0,16:00:00,1255,0.07,1801.44,21.87,
Norte,E0,16:00:00,1257,0.08,1801.44,21.25,
Norte,E0,16:00:00,1265,0.03,1801.48,20.89,
Norte,E0,16:00:00,1268,0.06,1801.48,20.98,
Norte,E0,16:00:00,1272,0.03,1801.45,21.62,
Norte,E0,16:00:00,1274,0.06,1801.46,21.66,
Norte,E0,16:00:00,1276,0.12,1801.43,22.62,
Norte,E0,16:00:00,1279,0.05,1801.42,23.91,
Norte,E0,16:00:00,1281,0.06,1801.42,24.28,
Norte,E0,16:00:00,1282,0.02,1801.42,25.75,
Norte,E0,16:00:00,1284,0.03,1801.33,31.09,
Norte,E0,16:00:00,1286,0.08,1801.42,22.83,
Norte,E0,16:00:00,1288,0.01,1801.42,24.86,
Norte,E0,16:00:00,1289,0.02,1801.42,23.19,
Norte,E0,16:00:00,1290,0.09,1801.42,23.27,
Norte,E0,16:00:00,1291,0.01,1801.42,21.03,
Norte,E0,16:00:00,1292,0.06,1801.42,21.26,
Norte,E0,16:00:00,1293,0.08,1801.43,21.92,
Norte,E0,16:00:00,1294,0.02,1801.43,21.77,
Norte,E0,16:00:00,1295,0.12,1801.44,20.95,
Norte,E0,16:00:00,1297,0.09,1801.44,20.56,
Norte,E0,16:00:00,1302,0.09,1801.43,20.03,
Norte,E0,16:00:00,1304,0.05,1801.43,20.03,
Norte,E0,16:00:00,1305,0.0,1801.43,20.04,
Norte,E0,16:00:00,1306,0.06,1801.43,20.04,
Norte,E0,16:00:00,1308,0.08,1801.43,20.57,
Norte,E0,16:00:00,1309,0.04,1801.43,28.46,
Norte,E0,16:00:00,1310,0.02,1801.43,24.61,
Norte,E0,16:00:00,1312,0.1,1801.36,29.44,
Norte,E0,16:00:00,1313,0.0,1801.36,29.66,
Norte,E0,16:00:00,1315,0.06,1801.36,29.62,
Norte,E0,16:00:00,1318,0.08,1801.32,29.59,
Norte,E0,16:00:00,1319,0.02,1801.32,29.24,
Norte,E0,16:00:00,1321,0.05,1801.43,21.46,
Norte,E0,16:00:00,1322,0.01,1801.43,22.23,
Norte,E0,16:00:00,1323,0.06,1801.43,22.02,
Norte,E0,16:00:00,1324,0.02,1801.43,20.58,
Norte,E0,16:00:00,1326,0.08,1801.43,20.24,
Norte,E0,16:00:00,1334,0.06,1801.42,22.14,
Norte,E0,16:00:00,1335,0.07,1801.4,22.69,
Norte,E0,16:00:00,1336,0.01,1801.4,21.82,
Norte,E0,16:00:00,1340,0.04,1801.42,29.08,
Norte,E0,16:00:00,5010,0.03,1801.4,25.95,
Norte,E0,16:00:00,5011,0.05,1801.3,26.09,
Norte,E0,16:00:00,5019,0.05,1801.32,32.14,
Norte,E0,16:00:00,5086,0.07,1801.33,32.62,
Norte,E0,16:00:00,5087,0.01,1801.33,32.67,
Norte,E0,16:00:00,5108,0.0,1801.3,26.02,
Norte,E0,16:00:00,5112,0.02,1801.45,21.66,
Norte,E0,16:00:00,5148,0.0,1801.33,32.35,
Norte,E0,16:00:00,5193,0.0,1801.32,31.47,
Norte,E0,16:00:00,5204,0.14,1801.27,25.55,
Norte,E0,16:00:00,5241,0.0,1801.4,19.77,
Norte,E0,16:00:00,5264,0.02,1801.33,32.63,
Norte,E0,16:00:00,5289,0.01,1801.32,29.84,
Norte,E0,16:00:00,5291,0.02,1801.36,29.88,
Norte,E0,16:00:00,5311,0.12,1801.32,32.57,
Norte,E0,16:00:00,5312,0.01,1801.32,32.71,
Norte,E0,16:00:00,5313,0.01,1801.32,32.51,
Norte,E0,16:00:00,5314,0.01,1801.3,25.95,
Norte,E0,16:00:00,5342,0.03,1801.4,25.85,
Norte,E0,16:00:00,5343,0.13,1801.47,20.99,
Norte,E0,16:00:00,5344,0.13,1801.47,25.93,
Norte,E0,16:00:00,5345,0.13,1801.47,26.09,
Norte,E0,16:00:00,5478,0.0,1801.45,21.67,
Norte,E0,16:00:00,5484,0.01,1801.4,19.24,
Norte,E0,16:00:00,5493,0.01,1801.35,30.87,
Norte,E0,16:00:00,5494,0.01,1801.35,30.94,
Norte,E0,16:00:00,5495,0.1,1801.32,32.85,
Norte,E0,16:00:00,5506,0.02,1801.39,22.91,
Norte,E0,16:00:00,5523,0.0,1801.32,29.31,
Norte,E0,16:00:00,5533,0.03,1801.42,20.88,
Norte,E0,16:00:00,5537,0.04,1801.32,29.57,
Norte,E0,16:00:00,5538,0.06,1801.32,29.89,
Norte,E0,16:00:00,5603,0.05,1801.34,31.12,
Norte,E0,16:00:00,5604,0.07,1801.33,30.68,
Norte,E0,16:00:00,5613,0.07,1801.34,32.53,
Norte,E0,16:00:00,5614,0.03,1801.35,32.62,
Norte,E0,16:00:00,5620,0.04,1801.32,32.47,
Norte,E0,16:00:00,5621,0.04,1801.32,32.41,
Norte,E0,16:00:00,5678,0.06,1801.32,30.0,
Norte,E0,16:00:00,5685,0.02,1801.34,25.8,
Norte,E0,16:00:00,5709,0.15,1801.48,21.01,
Norte,E0,16:00:00,5744,0.05,1801.35,32.27,
Norte,E0,16:00:00,5746,0.08,1801.41,24.56,
Norte,E0,16:00:00,5747,0.05,1801.38,26.05,
Norte,E0,16:00:00,5748,0.06,1801.53,21.27,
Norte,E0,16:00:00,5749,0.06,1801.6,21.45,
Norte,E0,16:00:00,5750,0.03,1801.66,21.33,
Norte,E0,16:00:00,5760,0.04,1801.71,21.07,
Norte,E0,16:00:00,5761,0.03,1801.67,21.44,
Norte,E0,16:00:00,5762,0.01,1801.77,20.53,
Norte,E0,16:00:00,5763,0.03,1801.75,20.75,
Norte,E0,16:00:00,10020,0.04,1801.33,33.39,
Norte,E0,16:00:00,10059,0.04,1801.32,29.83,
Norte,E0,16:00:00,10061,0.0,1801.42,20.71,
Norte,E0,16:00:00,10062,0.0,1801.44,20.62,
Norte,E0,16:00:00,10063,0.0,1801.48,20.89,
Norte,E0,16:00:00,10082,0.08,1801.4,20.66,
Norte,E0,17:00:00,346,0.04,1801.32,33.62,
Norte,E0,17:00:00,347,0.08,1801.32,33.8,
Norte,E0,17:00:00,348,0.12,1801.32,33.81,
Norte,E0,17:00:00,349,0.05,1801.32,32.49,
Norte,E0,17:00:00,350,0.03,1801.32,32.48,
Norte,E0,17:00:00,351,0.05,1801.32,34.07,
Norte,E0,17:00:00,352,0.12,1801.32,33.95,
Norte,E0,17:00:00,353,0.07,1801.32,33.86,
Norte,E0,17:00:00,354,0.12,1801.34,32.64,
Norte,E0,17:00:00,355,0.05,1801.35,32.57,
Norte,E0,17:00:00,356,0.09,1801.35,32.61,
Norte,E0,17:00:00,357,0.04,1801.35,32.83,
Norte,E0,17:00:00,358,0.02,1801.35,33.08,
Norte,E0,17:00:00,362,0.08,1801.33,32.63,
Norte,E0,17:00:00,363,0.04,1801.34,32.63,
Norte,E0,17:00:00,364,0.07,1801.34,32.63,
Norte,E0,17:00:00,368,0.04,1801.32,32.65,
Norte,E0,17:00:00,371,0.05,1801.32,32.63,
Norte,E0,17:00:00,400,0.06,1801.33,32.35,
Norte,E0,17:00:00,401,0.05,1801.33,32.37,
Norte,E0,17:00:00,404,0.02,1801.33,32.17,
Norte,E0,17:00:00,405,0.01,1801.33,32.12,
Norte,E0,17:00:00,1049,0.03,1801.32,29.92,
Norte,E0,17:00:00,1051,0.04,1801.32,29.81,
Norte,E0,17:00:00,1053,0.02,1801.32,29.81,
Norte,E0,17:00:00,1059,0.05,1801.32,29.58,
Norte,E0,17:00:00,1063,0.02,1801.32,29.31,
Norte,E0,17:00:00,1077,0.03,1801.32,29.77,
Norte,E0,17:00:00,1089,0.03,1801.32,29.93,
Norte,E0,17:00:00,1093,0.07,1801.32,29.48,
Norte,E0,17:00:00,1094,0.02,1801.32,29.24,
Norte,E0,17:00:00,1095,0.02,1801.32,29.73,
Norte,E0,17:00:00,1100,0.04,1801.32,30.34,
Norte,E0,17:00:00,1102,0.07,1801.32,30.29,
Norte,E0,17:00:00,1103,0.01,1801.32,31.27,
Norte,E0,17:00:00,1104,0.07,1801.32,30.32,
Norte,E0,17:00:00,1106,0.08,1801.32,30.26,
Norte,E0,17:00:00,1107,0.04,1801.32,30.52,
Norte,E0,17:00:00,1109,0.01,1801.32,30.51,
Norte,E0,17:00:00,1110,0.01,1801.32,30.15,
Norte,E0,17:00:00,1112,0.02,1801.32,30.17,
Norte,E0,17:00:00,1113,0.04,1801.32,29.91,
Norte,E0,17:00:00,1115,0.08,1801.32,29.9,
Norte,E0,17:00:00,1117,0.09,1801.32,29.95,
Norte,E0,17:00:00,1119,0.11,1801.32,30.54,
Norte,E0,17:00:00,1120,0.08,1801.32,30.11,
Norte,E0,17:00:00,1122,0.06,1801.32,31.41,
Norte,E0,17:00:00,1125,0.06,1801.32,31.35,
Norte,E0,17:00:00,1128,0.06,1801.32,31.6,
Norte,E0,17:00:00,1130,0.07,1801.32,31.42,
Norte,E0,17:00:00,1131,0.08,1801.32,31.57,
Norte,E0,17:00:00,1133,0.02,1801.32,32.6,
Norte,E0,17:00:00,1134,0.13,1801.35,32.68,
Norte,E0,17:00:00,1135,0.09,1801.32,32.78,
Norte,E0,17:00:00,1137,0.12,1801.35,32.62,
Norte,E0,17:00:00,1139,0.08,1801.35,32.6,
Norte,E0,17:00:00,1140,0.03,1801.35,32.65,
Norte,E0,17:00:00,1141,0.05,1801.32,31.58,
Norte,E0,17:00:00,1142,0.02,1801.34,31.54,
Norte,E0,17:00:00,1143,0.08,1801.34,32.39,
Norte,E0,17:00:00,1144,0.07,1801.32,32.55,
Norte,E0,17:00:00,1145,0.03,1801.34,32.48,
Norte,E0,17:00:00,1147,0.0,1801.33,32.63,
Norte,E0,17:00:00,1148,0.0,1801.33,32.64,
Norte,E0,17:00:00,1149,0.15,1801.37,31.26,
Norte,E0,17:00:00,1150,0.2,1801.33,31.05,
Norte,E0,17:00:00,1151,0.03,1801.42,27.19,
Norte,E0,17:00:00,1153,0.01,1801.38,28.78,
Norte,E0,17:00:00,1154,0.0,1801.38,29.23,
Norte,E0,17:00:00,1158,0.11,1801.38,29.44,
Norte,E0,17:00:00,1159,0.08,1801.37,31.81,
Norte,E0,17:00:00,1161,0.04,1801.37,30.88,
Norte,E0,17:00:00,1162,0.01,1801.35,32.29,
Norte,E0,17:00:00,1164,0.09,1801.35,32.37,
Norte,E0,17:00:00,1165,0.03,1801.35,32.48,
Norte,E0,17:00:00,1166,0.05,1801.36,32.04,
Norte,E0,17:00:00,1169,0.08,1801.35,32.65,
Norte,E0,17:00:00,1171,0.06,1801.34,32.66,
Norte,E0,17:00:00,1172,0.15,1801.34,33.71,
Norte,E0,17:00:00,1174,0.05,1801.34,33.51,
Norte,E0,17:00:00,1175,0.12,1801.35,32.01,
Norte,E0,17:00:00,1176,0.16,1801.35,33.5,
Norte,E0,17:00:00,1179,0.05,1801.35,33.01,
Norte,E0,17:00:00,1181,0.01,1801.34,33.5,
Norte,E0,17:00:00,1182,0.06,1801.35,32.74,
Norte,E0,17:00:00,1184,0.04,1801.39,24.95,
Norte,E0,17:00:00,1185,0.02,1801.38,26.65,
Norte,E0,17:00:00,1186,0.01,1801.38,25.97,
Norte,E0,17:00:00,1187,0.2,1801.36,25.65,
Norte,E0,17:00:00,1189,0.01,1801.3,25.21,
Norte,E0,17:00:00,1190,0.06,1801.3,26.17,
Norte,E0,17:00:00,1191,0.06,1801.34,29.22,
Norte,E0,17:00:00,1192,0.01,1801.34,27.32,
Norte,E0,17:00:00,1196,0.05,1801.27,27.05,
Norte,E0,17:00:00,1197,0.04,1801.27,27.52,
Norte,E0,17:00:00,1207,0.11,1801.27,25.48,
Norte,E0,17:00:00,1216,0.08,1801.27,19.24,
Norte,E0,17:00:00,1221,0.05,1801.4,19.84,
Norte,E0,17:00:00,1223,0.05,1801.4,19.62,
Norte,E0,17:00:00,1224,0.07,1801.4,23.22,
Norte,E0,17:00:00,1225,0.03,1801.37,24.67,
Norte,E0,17:00:00,1226,0.06,1801.39,23.44,
Norte,E0,17:00:00,1228,0.03,1801.39,22.77,
Norte,E0,17:00:00,1229,0.01,1801.39,22.47,
Norte,E0,17:00:00,1230,0.01,1801.39,22.42,
Norte,E0,17:00:00,1231,0.01,1801.39,22.5,
Norte,E0,17:00:00,1232,0.02,1801.39,21.96,
Norte,E0,17:00:00,1233,0.01,1801.39,21.93,
Norte,E0,17:00:00,1240,0.11,1801.41,21.24,
Norte,E0,17:00:00,1242,0.11,1801.39,22.39,
Norte,E0,17:00:00,1243,0.04,1801.39,23.16,
Norte,E0,17:00:00,1244,0.11,1801.37,24.7,
Norte,E0,17:00:00,1245,0.06,1801.37,25.78,
Norte,E0,17:00:00,1246,0.03,1801.36,25.96,
Norte,E0,17:00:00,1247,0.07,1801.36,25.72,
Norte,E0,17:00:00,1248,0.06,1801.36,25.43,
Norte,E0,17:00:00,1249,0.13,1801.39,23.81,
Norte,E0,17:00:00,1250,0.14,1801.4,22.71,
Norte,E0,17:00:00,1252,0.1,1801.42,21.33,
Norte,E0,17:00:00,1253,0.14,1801.39,23.78,
Norte,E0,17:00:00,1254,0.13,1801.41,22.11,
Norte,E0,17:00:00,1255,0.07,1801.44,21.87,
Norte,E0,17:00:00,1257,0.08,1801.44,21.25,
Norte,E0,17:00:00,1265,0.03,1801.48,20.89,
Norte,E0,17:00:00,1268,0.06,1801.48,20.98,
Norte,E0,17:00:00,1272,0.03,1801.45,21.62,
Norte,E0,17:00:00,1274,0.06,1801.46,21.66,
Norte,E0,17:00:00,1276,0.12,1801.43,22.62,
Norte,E0,17:00:00,1279,0.05,1801.42,23.91,
Norte,E0,17:00:00,1281,0.06,1801.42,24.28,
Norte,E0,17:00:00,1282,0.02,1801.42,25.75,
Norte,E0,17:00:00,1284,0.03,1801.33,31.09,
Norte,E0,17:00:00,1286,0.08,1801.42,22.83,
Norte,E0,17:00:00,1288,0.01,1801.42,24.86,
Norte,E0,17:00:00,1289,0.02,1801.42,23.19,
Norte,E0,17:00:00,1290,0.09,1801.42,23.27,
Norte,E0,17:00:00,1291,0.01,1801.42,21.03,
Norte,E0,17:00:00,1292,0.06,1801.42,21.26,
Norte,E0,17:00:00,1293,0.08,1801.43,21.92,
Norte,E0,17:00:00,1294,0.02,1801.43,21.77,
Norte,E0,17:00:00,1295,0.12,1801.44,20.95,
Norte,E0,17:00:00,1297,0.09,1801.44,20.56,
Norte,E0,17:00:00,1302,0.09,1801.43,20.03,
Norte,E0,17:00:00,1304,0.05,1801.43,20.03,
Norte,E0,17:00:00,1305,0.0,1801.43,20.04,
Norte,E0,17:00:00,1306,0.06,1801.43,20.04,
Norte,E0,17:00:00,1308,0.08,1801.43,20.57,
Norte,E0,17:00:00,1309,0.04,1801.43,28.46,
Norte,E0,17:00:00,1310,0.02,1801.43,24.61,
Norte,E0,17:00:00,1312,0.1,1801.36,29.44,
Norte,E0,17:00:00,1313,0.0,1801.36,29.66,
Norte,E0,17:00:00,1315,0.06,1801.36,29.62,
Norte,E0,17:00:00,1318,0.08,1801.32,29.59,
Norte,E0,17:00:00,1319,0.02,1801.32,29.24,
Norte,E0,17:00:00,1321,0.05,1801.43,21.46,
Norte,E0,17:00:00,1322,0.01,1801.43,22.23,
Norte,E0,17:00:00,1323,0.06,1801.43,22.02,
Norte,E0,17:00:00,1324,0.02,1801.43,20.58,
Norte,E0,17:00:00,1326,0.08,1801.43,20.24,
Norte,E0,17:00:00,1334,0.06,1801.42,22.14,
Norte,E0,17:00:00,1335,0.07,1801.4,22.69,
Norte,E0,17:00:00,1336,0.01,1801.4,21.82,
Norte,E0,17:00:00,1340,0.04,1801.42,29.08,
Norte,E0,17:00:00,5010,0.03,1801.4,25.95,
Norte,E0,17:00:00,5011,0.05,1801.3,26.09,
Norte,E0,17:00:00,5019,0.05,1801.32,32.14,
Norte,E0,17:00:00,5086,0.07,1801.33,32.62,
Norte,E0,17:00:00,5087,0.01,1801.33,32.67,
Norte,E0,17:00:00,5108,0.0,1801.3,26.02,
Norte,E0,17:00:00,5112,0.02,1801.45,21.66,
Norte,E0,17:00:00,5148,0.0,1801.33,32.35,
Norte,E0,17:00:00,5193,0.0,1801.32,31.47,
Norte,E0,17:00:00,5204,0.14,1801.27,25.55,
Norte,E0,17:00:00,5241,0.0,1801.4,19.77,
Norte,E0,17:00:00,5264,0.02,1801.33,32.63,
Norte,E0,17:00:00,5289,0.01,1801.32,29.84,
Norte,E0,17:00:00,5291,0.02,1801.36,29.88,
Norte,E0,17:00:00,5311,0.12,1801.32,32.57,
Norte,E0,17:00:00,5312,0.01,1801.32,32.71,
Norte,E0,17:00:00,5313,0.01,1801.32,32.51,
Norte,E0,17:00:00,5314,0.01,1801.3,25.95,
Norte,E0,17:00:00,5342,0.03,1801.4,25.85,
Norte,E0,17:00:00,5343,0.13,1801.47,20.99,
Norte,E0,17:00:00,5344,0.13,1801.47,25.93,
Norte,E0,17:00:00,5345,0.13,1801.47,26.09,
Norte,E0,17:00:00,5478,0.0,1801.45,21.67,
Norte,E0,17:00:00,5484,0.01,1801.4,19.24,
Norte,E0,17:00:00,5493,0.01,1801.35,30.87,
Norte,E0,17:00:00,5494,0.01,1801.35,30.94,
Norte,E0,17:00:00,5495,0.1,1801.32,32.85,
Norte,E0,17:00:00,5506,0.02,1801.39,22.91,
Norte,E0,17:00:00,5523,0.0,1801.32,29.31,
Norte,E0,17:00:00,5533,0.03,1801.42,20.88,
Norte,E0,17:00:00,5537,0.04,1801.32,29.57,
Norte,E0,17:00:00,5538,0.06,1801.32,29.89,
Norte,E0,17:00:00,5603,0.05,1801.34,31.12,
Norte,E0,17:00:00,5604,0.07,1801.33,30.68,
Norte,E0,17:00:00,5613,0.07,1801.34,32.53,
Norte,E0,17:00:00,5614,0.03,1801.35,32.62,
Norte,E0,17:00:00,5620,0.04,1801.32,32.47,
Norte,E0,17:00:00,5621,0.04,1801.32,32.41,
Norte,E0,17:00:00,5678,0.06,1801.32,30.0,
Norte,E0,17:00:00,5685,0.02,1801.34,25.8,
Norte,E0,17:00:00,5709,0.15,1801.48,21.01,
Norte,E0,17:00:00,5744,0.05,1801.35,32.27,
Norte,E0,17:00:00,5746,0.08,1801.41,24.56,
Norte,E0,17:00:00,5747,0.05,1801.38,26.05,
Norte,E0,17:00:00,5748,0.06,1801.53,21.27,
Norte,E0,17:00:00,5749,0.06,1801.6,21.45,
Norte,E0,17:00:00,5750,0.03,1801.66,21.33,
Norte,E0,17:00:00,5760,0.04,1801.71,21.07,
Norte,E0,17:00:00,5761,0.03,1801.67,21.44,
Norte,E0,17:00:00,5762,0.01,1801.77,20.53,
Norte,E0,17:00:00,5763,0.03,1801.75,20.75,
Norte,E0,17:00:00,10020,0.04,1801.33,33.39,
Norte,E0,17:00:00,10059,0.04,1801.32,29.83,
Norte,E0,17:00:00,10061,0.0,1801.42,20.71,
Norte,E0,17:00:00,10062,0.0,1801.44,20.62,
Norte,E0,17:00:00,10063,0.0,1801.48,20.89,
Norte,E0,17:00:00,10082,0.08,1801.4,20.66,
Norte,E0,18:00:00,346,0.04,1801.37,33.67,
Norte,E0,18:00:00,347,0.07,1801.37,33.85,
Norte,E0,18:00:00,348,0.11,1801.37,33.86,
Norte,E0,18:00:00,349,0.05,1801.37,32.54,
Norte,E0,18:00:00,350,0.02,1801.37,32.53,
Norte,E0,18:00:00,351,0.05,1801.37,34.12,
Norte,E0,18:00:00,352,0.12,1801.37,34.0,
Norte,E0,18:00:00,353,0.07,1801.37,33.91,
Norte,E0,18:00:00,354,0.11,1801.4,32.7,
Norte,E0,18:00:00,355,0.04,1801.4,32.62,
Norte,E0,18:00:00,356,0.08,1801.4,32.66,
Norte,E0,18:00:00,357,0.03,1801.4,32.88,
Norte,E0,18:00:00,358,0.02,1801.4,33.13,
Norte,E0,18:00:00,362,0.08,1801.39,32.69,
Norte,E0,18:00:00,363,0.04,1801.39,32.68,
Norte,E0,18:00:00,364,0.07,1801.39,32.68,
Norte,E0,18:00:00,368,0.03,1801.38,32.71,
Norte,E0,18:00:00,371,0.05,1801.38,32.69,
Norte,E0,18:00:00,400,0.06,1801.38,32.4,
Norte,E0,18:00:00,401,0.05,1801.38,32.42,
Norte,E0,18:00:00,404,0.02,1801.38,32.22,
Norte,E0,18:00:00,405,0.01,1801.38,32.17,
Norte,E0,18:00:00,1049,0.03,1801.37,29.97,
Norte,E0,18:00:00,1051,0.03,1801.37,29.86,
Norte,E0,18:00:00,1053,0.02,1801.37,29.86,
Norte,E0,18:00:00,1059,0.05,1801.37,29.63,
Norte,E0,18:00:00,1063,0.02,1801.37,29.36,
Norte,E0,18:00:00,1077,0.02,1801.38,29.83,
Norte,E0,18:00:00,1089,0.03,1801.37,29.98,
Norte,E0,18:00:00,1093,0.07,1801.37,29.53,
Norte,E0,18:00:00,1094,0.02,1801.37,29.29,
Norte,E0,18:00:00,1095,0.02,1801.37,29.78,
Norte,E0,18:00:00,1100,0.04,1801.38,30.4,
Norte,E0,18:00:00,1102,0.07,1801.38,30.35,
Norte,E0,18:00:00,1103,0.01,1801.38,31.33,
Norte,E0,18:00:00,1104,0.07,1801.37,30.37,
Norte,E0,18:00:00,1106,0.08,1801.37,30.31,
Norte,E0,18:00:00,1107,0.04,1801.38,30.58,
Norte,E0,18:00:00,1109,0.01,1801.38,30.57,
Norte,E0,18:00:00,1110,0.01,1801.38,30.21,
Norte,E0,18:00:00,1112,0.02,1801.38,30.23,
Norte,E0,18:00:00,1113,0.04,1801.38,29.97,
Norte,E0,18:00:00,1115,0.08,1801.38,29.96,
Norte,E0,18:00:00,1117,0.08,1801.38,30.01,
Norte,E0,18:00:00,1119,0.1,1801.38,30.6,
Norte,E0,18:00:00,1120,0.07,1801.38,30.17,
Norte,E0,18:00:00,1122,0.05,1801.38,31.47,
Norte,E0,18:00:00,1125,0.06,1801.38,31.41,
Norte,E0,18:00:00,1128,0.06,1801.38,31.66,
Norte,E0,18:00:00,1130,0.07,1801.38,31.48,
Norte,E0,18:00:00,1131,0.07,1801.38,31.63,
Norte,E0,18:00:00,1133,0.02,1801.38,32.66,
Norte,E0,18:00:00,1134,0.12,1801.4,32.73,
Norte,E0,18:00:00,1135,0.09,1801.38,32.84,
Norte,E0,18:00:00,1137,0.11,1801.4,32.67,
Norte,E0,18:00:00,1139,0.07,1801.4,32.65,
Norte,E0,18:00:00,1140,0.03,1801.4,32.7,
Norte,E0,18:00:00,1141,0.05,1801.37,31.63,
Norte,E0,18:00:00,1142,0.02,1801.39,31.59,
Norte,E0,18:00:00,1143,0.07,1801.39,32.44,
Norte,E0,18:00:00,1144,0.07,1801.38,32.61,
Norte,E0,18:00:00,1145,0.03,1801.39,32.53,
Norte,E0,18:00:00,1147,0.0,1801.38,32.68,
Norte,E0,18:00:00,1148,0.0,1801.39,32.7,
Norte,E0,18:00:00,1149,0.14,1801.42,31.31,
Norte,E0,18:00:00,1150,0.19,1801.39,31.11,
Norte,E0,18:00:00,1151,0.03,1801.46,27.23,
Norte,E0,18:00:00,1153,0.01,1801.43,28.83,
Norte,E0,18:00:00,1154,0.0,1801.43,29.28,
Norte,E0,18:00:00,1158,0.1,1801.43,29.49,
Norte,E0,18:00:00,1159,0.07,1801.42,31.86,
Norte,E0,18:00:00,1161,0.03,1801.42,30.93,
Norte,E0,18:00:00,1162,0.01,1801.41,32.35,
Norte,E0,18:00:00,1164,0.09,1801.4,32.42,
Norte,E0,18:00:00,1165,0.03,1801.41,32.54,
Norte,E0,18:00:00,1166,0.05,1801.41,32.09,
Norte,E0,18:00:00,1169,0.08,1801.4,32.7,
Norte,E0,18:00:00,1171,0.06,1801.39,32.71,
Norte,E0,18:00:00,1172,0.14,1801.39,33.76,
Norte,E0,18:00:00,1174,0.05,1801.39,33.56,
Norte,E0,18:00:00,1175,0.11,1801.4,32.06,
Norte,E0,18:00:00,1176,0.15,1801.4,33.55,
Norte,E0,18:00:00,1179,0.05,1801.4,33.06,
Norte,E0,18:00:00,1181,0.01,1801.39,33.55,
Norte,E0,18:00:00,1182,0.05,1801.4,32.79,
Norte,E0,18:00:00,1184,0.03,1801.43,24.99,
Norte,E0,18:00:00,1185,0.02,1801.43,26.7,
Norte,E0,18:00:00,1186,0.01,1801.43,26.02,
Norte,E0,18:00:00,1187,0.19,1801.41,25.7,
Norte,E0,18:00:00,1189,0.01,1801.36,25.27,
Norte,E0,18:00:00,1190,0.06,1801.36,26.23,
Norte,E0,18:00:00,1191,0.06,1801.4,29.28,
Norte,E0,18:00:00,1192,0.01,1801.4,27.38,
Norte,E0,18:00:00,1196,0.05,1801.33,27.11,
Norte,E0,18:00:00,1197,0.04,1801.33,27.58,
Norte,E0,18:00:00,1207,0.1,1801.33,25.54,
Norte,E0,18:00:00,1216,0.08,1801.33,19.3,
Norte,E0,18:00:00,1221,0.04,1801.44,19.88,
Norte,E0,18:00:00,1223,0.04,1801.44,19.66,
Norte,E0,18:00:00,1224,0.06,1801.44,23.26,
Norte,E0,18:00:00,1225,0.03,1801.42,24.72,
Norte,E0,18:00:00,1226,0.06,1801.44,23.49,
Norte,E0,18:00:00,1228,0.03,1801.44,22.82,
Norte,E0,18:00:00,1229,0.01,1801.44,22.52,
Norte,E0,18:00:00,1230,0.01,1801.44,22.47,
Norte,E0,18:00:00,1231,0.01,1801.44,22.55,
Norte,E0,18:00:00,1232,0.02,1801.44,22.01,
Norte,E0,18:00:00,1233,0.01,1801.44,21.98,
Norte,E0,18:00:00,1240,0.1,1801.45,21.28,
Norte,E0,18:00:00,1242,0.1,1801.44,22.44,
Norte,E0,18:00:00,1243,0.04,1801.44,23.21,
Norte,E0,18:00:00,1244,0.1,1801.42,24.75,
Norte,E0,18:00:00,1245,0.05,1801.42,25.83,
Norte,E0,18:00:00,1246,0.03,1801.41,26.01,
Norte,E0,18:00:00,1247,0.06,1801.41,25.77,
Norte,E0,18:00:00,1248,0.06,1801.41,25.48,
Norte,E0,18:00:00,1249,0.12,1801.43,23.85,
Norte,E0,18:00:00,1250,0.13,1801.45,22.76,
Norte,E0,18:00:00,1252,0.1,1801.46,21.37,
Norte,E0,18:00:00,1253,0.13,1801.43,23.82,
Norte,E0,18:00:00,1254,0.12,1801.46,22.16,
Norte,E0,18:00:00,1255,0.07,1801.48,21.91,
Norte,E0,18:00:00,1257,0.07,1801.48,21.29,
Norte,E0,18:00:00,1265,0.03,1801.52,20.93,
Norte,E0,18:00:00,1268,0.06,1801.51,21.01,
Norte,E0,18:00:00,1272,0.03,1801.49,21.66,
Norte,E0,18:00:00,1274,0.05,1801.49,21.69,
Norte,E0,18:00:00,1276,0.11,1801.47,22.66,
Norte,E0,18:00:00,1279,0.05,1801.46,23.95,
Norte,E0,18:00:00,1281,0.06,1801.46,24.32,
Norte,E0,18:00:00,1282,0.02,1801.46,25.79,
Norte,E0,18:00:00,1284,0.03,1801.39,31.15,
Norte,E0,18:00:00,1286,0.07,1801.47,22.88,
Norte,E0,18:00:00,1288,0.01,1801.47,24.91,
Norte,E0,18:00:00,1289,0.02,1801.47,23.24,
Norte,E0,18:00:00,1290,0.09,1801.47,23.32,
Norte,E0,18:00:00,1291,0.01,1801.47,21.08,
Norte,E0,18:00:00,1292,0.06,1801.47,21.31,
Norte,E0,18:00:00,1293,0.07,1801.47,21.96,
Norte,E0,18:00:00,1294,0.02,1801.47,21.81,
Norte,E0,18:00:00,1295,0.12,1801.48,20.99,
Norte,E0,18:00:00,1297,0.08,1801.49,20.61,
Norte,E0,18:00:00,1302,0.08,1801.48,20.08,
Norte,E0,18:00:00,1304,0.05,1801.48,20.08,
Norte,E0,18:00:00,1305,0.0,1801.48,20.09,
Norte,E0,18:00:00,1306,0.06,1801.48,20.09,
Norte,E0,18:00:00,1308,0.07,1801.47,20.61,
Norte,E0,18:00:00,1309,0.04,1801.47,28.5,
Norte,E0,18:00:00,1310,0.02,1801.47,24.65,
Norte,E0,18:00:00,1312,0.09,1801.41,29.49,
Norte,E0,18:00:00,1313,0.0,1801.41,29.71,
Norte,E0,18:00:00,1315,0.06,1801.41,29.67,
Norte,E0,18:00:00,1318,0.07,1801.37,29.64,
Norte,E0,18:00:00,1319,0.01,1801.37,29.29,
Norte,E0,18:00:00,1321,0.04,1801.47,21.5,
Norte,E0,18:00:00,1322,0.0,1801.47,22.27,
Norte,E0,18:00:00,1323,0.05,1801.47,22.06,
Norte,E0,18:00:00,1324,0.02,1801.48,20.63,
Norte,E0,18:00:00,1326,0.08,1801.47,20.28,
Norte,E0,18:00:00,1334,0.06,1801.46,22.18,
Norte,E0,18:00:00,1335,0.06,1801.45,22.74,
Norte,E0,18:00:00,1336,0.01,1801.45,21.87,
Norte,E0,18:00:00,1340,0.04,1801.46,29.12,
Norte,E0,18:00:00,5010,0.03,1801.44,25.99,
Norte,E0,18:00:00,5011,0.05,1801.36,26.15,
Norte,E0,18:00:00,5019,0.05,1801.37,32.19,
Norte,E0,18:00:00,5086,0.06,1801.38,32.67,
Norte,E0,18:00:00,5087,0.01,1801.39,32.73,
Norte,E0,18:00:00,5108,0.0,1801.36,26.08,
Norte,E0,18:00:00,5112,0.02,1801.49,21.7,
Norte,E0,18:00:00,5148,0.0,1801.38,32.4,
Norte,E0,18:00:00,5193,0.0,1801.38,31.53,
Norte,E0,18:00:00,5204,0.13,1801.33,25.61,
Norte,E0,18:00:00,5241,0.0,1801.44,19.81,
Norte,E0,18:00:00,5264,0.02,1801.39,32.69,
Norte,E0,18:00:00,5289,0.01,1801.37,29.89,
Norte,E0,18:00:00,5291,0.02,1801.41,29.93,
Norte,E0,18:00:00,5311,0.11,1801.38,32.63,
Norte,E0,18:00:00,5312,0.0,1801.38,32.77,
Norte,E0,18:00:00,5313,0.01,1801.38,32.57,
Norte,E0,18:00:00,5314,0.01,1801.36,26.01,
Norte,E0,18:00:00,5342,0.03,1801.45,25.9,
Norte,E0,18:00:00,5343,0.12,1801.51,21.03,
Norte,E0,18:00:00,5344,0.12,1801.5,25.96,
Norte,E0,18:00:00,5345,0.12,1801.5,26.12,
Norte,E0,18:00:00,5478,0.0,1801.49,21.71,
Norte,E0,18:00:00,5484,0.01,1801.44,19.28,
Norte,E0,18:00:00,5493,0.01,1801.4,30.92,
Norte,E0,18:00:00,5494,0.01,1801.4,30.99,
Norte,E0,18:00:00,5495,0.09,1801.38,32.91,
Norte,E0,18:00:00,5506,0.01,1801.44,22.96,
Norte,E0,18:00:00,5523,0.0,1801.38,29.37,
Norte,E0,18:00:00,5533,0.03,1801.47,20.93,
Norte,E0,18:00:00,5537,0.03,1801.38,29.63,
Norte,E0,18:00:00,5538,0.06,1801.38,29.95,
Norte,E0,18:00:00,5603,0.04,1801.39,31.17,
Norte,E0,18:00:00,5604,0.06,1801.38,30.73,
Norte,E0,18:00:00,5613,0.06,1801.39,32.58,
Norte,E0,18:00:00,5614,0.02,1801.4,32.67,
Norte,E0,18:00:00,5620,0.04,1801.37,32.52,
Norte,E0,18:00:00,5621,0.03,1801.37,32.46,
Norte,E0,18:00:00,5678,0.05,1801.38,30.05,
Norte,E0,18:00:00,5685,0.02,1801.4,25.86,
Norte,E0,18:00:00,5709,0.14,1801.51,21.04,
Norte,E0,18:00:00,5744,0.05,1801.4,32.32,
Norte,E0,18:00:00,5746,0.07,1801.45,24.6,
Norte,E0,18:00:00,5747,0.04,1801.43,26.1,
Norte,E0,18:00:00,5748,0.05,1801.56,21.3,
Norte,E0,18:00:00,5749,0.05,1801.62,21.47,
Norte,E0,18:00:00,5750,0.03,1801.67,21.34,
Norte,E0,18:00:00,5760,0.04,1801.72,21.08,
Norte,E0,18:00:00,5761,0.03,1801.68,21.45,
Norte,E0,18:00:00,5762,0.01,1801.77,20.53,
Norte,E0,18:00:00,5763,0.03,1801.76,20.76,
Norte,E0,18:00:00,10020,0.04,1801.39,33.45,
Norte,E0,18:00:00,10059,0.04,1801.37,29.88,
Norte,E0,18:00:00,10061,0.0,1801.47,20.76,
Norte,E0,18:00:00,10062,0.0,1801.49,20.67,
Norte,E0,18:00:00,10063,0.0,1801.52,20.93,
Norte,E0,18:00:00,10082,0.08,1801.45,20.71,
Norte,E0,19:00:00,346,0.04,1801.37,33.67,
Norte,E0,19:00:00,347,0.07,1801.37,33.85,
Norte,E0,19:00:00,348,0.11,1801.37,33.86,
Norte,E0,19:00:00,349,0.05,1801.37,32.54,
Norte,E0,19:00:00,350,0.02,1801.37,32.53,
Norte,E0,19:00:00,351,0.05,1801.37,34.12,
Norte,E0,19:00:00,352,0.12,1801.37,34.0,
Norte,E0,19:00:00,353,0.07,1801.37,33.91,
Norte,E0,19:00:00,354,0.11,1801.4,32.7,
Norte,E0,19:00:00,355,0.04,1801.4,32.62,
Norte,E0,19:00:00,356,0.08,1801.4,32.66,
Norte,E0,19:00:00,357,0.03,1801.4,32.88,
Norte,E0,19:00:00,358,0.02,1801.4,33.13,
Norte,E0,19:00:00,362,0.08,1801.39,32.69,
Norte,E0,19:00:00,363,0.04,1801.39,32.68,
Norte,E0,19:00:00,364,0.07,1801.39,32.68,
Norte,E0,19:00:00,368,0.03,1801.38,32.71,
Norte,E0,19:00:00,371,0.05,1801.38,32.69,
Norte,E0,19:00:00,400,0.06,1801.38,32.4,
Norte,E0,19:00:00,401,0.05,1801.38,32.42,
Norte,E0,19:00:00,404,0.02,1801.38,32.22,
Norte,E0,19:00:00,405,0.01,1801.38,32.17,
Norte,E0,19:00:00,1049,0.03,1801.37,29.97,
Norte,E0,19:00:00,1051,0.03,1801.37,29.86,
Norte,E0,19:00:00,1053,0.02,1801.37,29.86,
Norte,E0,19:00:00,1059,0.05,1801.37,29.63,
Norte,E0,19:00:00,1063,0.02,1801.37,29.36,
Norte,E0,19:00:00,1077,0.02,1801.38,29.83,
Norte,E0,19:00:00,1089,0.03,1801.37,29.98,
Norte,E0,19:00:00,1093,0.07,1801.37,29.53,
Norte,E0,19:00:00,1094,0.02,1801.37,29.29,
Norte,E0,19:00:00,1095,0.02,1801.37,29.78,
Norte,E0,19:00:00,1100,0.04,1801.38,30.4,
Norte,E0,19:00:00,1102,0.07,1801.38,30.35,
Norte,E0,19:00:00,1103,0.01,1801.38,31.33,
Norte,E0,19:00:00,1104,0.07,1801.37,30.37,
Norte,E0,19:00:00,1106,0.08,1801.37,30.31,
Norte,E0,19:00:00,1107,0.04,1801.38,30.58,
Norte,E0,19:00:00,1109,0.01,1801.38,30.57,
Norte,E0,19:00:00,1110,0.01,1801.38,30.21,
Norte,E0,19:00:00,1112,0.02,1801.38,30.23,
Norte,E0,19:00:00,1113,0.04,1801.38,29.97,
Norte,E0,19:00:00,1115,0.08,1801.38,29.96,
Norte,E0,19:00:00,1117,0.08,1801.38,30.01,
Norte,E0,19:00:00,1119,0.1,1801.38,30.6,
Norte,E0,19:00:00,1120,0.07,1801.38,30.17,
Norte,E0,19:00:00,1122,0.05,1801.38,31.47,
Norte,E0,19:00:00,1125,0.06,1801.38,31.41,
Norte,E0,19:00:00,1128,0.06,1801.38,31.66,
Norte,E0,19:00:00,1130,0.07,1801.38,31.48,
Norte,E0,19:00:00,1131,0.07,1801.38,31.63,
Norte,E0,19:00:00,1133,0.02,1801.38,32.66,
Norte,E0,19:00:00,1134,0.12,1801.4,32.73,
Norte,E0,19:00:00,1135,0.09,1801.38,32.84,
Norte,E0,19:00:00,1137,0.11,1801.4,32.67,
Norte,E0,19:00:00,1139,0.07,1801.4,32.65,
Norte,E0,19:00:00,1140,0.03,1801.4,32.7,
Norte,E0,19:00:00,1141,0.05,1801.37,31.63,
Norte,E0,19:00:00,1142,0.02,1801.39,31.59,
Norte,E0,19:00:00,1143,0.07,1801.39,32.44,
Norte,E0,19:00:00,1144,0.07,1801.38,32.61,
Norte,E0,19:00:00,1145,0.03,1801.39,32.53,
Norte,E0,19:00:00,1147,0.0,1801.38,32.68,
Norte,E0,19:00:00,1148,0.0,1801.39,32.7,
Norte,E0,19:00:00,1149,0.14,1801.42,31.31,
Norte,E0,19:00:00,1150,0.19,1801.39,31.11,
Norte,E0,19:00:00,1151,0.03,1801.46,27.23,
Norte,E0,19:00:00,1153,0.01,1801.43,28.83,
Norte,E0,19:00:00,1154,0.0,1801.43,29.28,
Norte,E0,19:00:00,1158,0.1,1801.43,29.49,
Norte,E0,19:00:00,1159,0.07,1801.42,31.86,
Norte,E0,19:00:00,1161,0.03,1801.42,30.93,
Norte,E0,19:00:00,1162,0.01,1801.41,32.35,
Norte,E0,19:00:00,1164,0.09,1801.4,32.42,
Norte,E0,19:00:00,1165,0.03,1801.41,32.54,
Norte,E0,19:00:00,1166,0.05,1801.41,32.09,
Norte,E0,19:00:00,1169,0.08,1801.4,32.7,
Norte,E0,19:00:00,1171,0.06,1801.39,32.71,
Norte,E0,19:00:00,1172,0.14,1801.39,33.76,
Norte,E0,19:00:00,1174,0.05,1801.39,33.56,
Norte,E0,19:00:00,1175,0.11,1801.4,32.06,
Norte,E0,19:00:00,1176,0.15,1801.4,33.55,
Norte,E0,19:00:00,1179,0.05,1801.4,33.06,
Norte,E0,19:00:00,1181,0.01,1801.39,33.55,
Norte,E0,19:00:00,1182,0.05,1801.4,32.79,
Norte,E0,19:00:00,1184,0.03,1801.43,24.99,
Norte,E0,19:00:00,1185,0.02,1801.43,26.7,
Norte,E0,19:00:00,1186,0.01,1801.43,26.02,
Norte,E0,19:00:00,1187,0.19,1801.41,25.7,
Norte,E0,19:00:00,1189,0.01,1801.36,25.27,
Norte,E0,19:00:00,1190,0.06,1801.36,26.23,
Norte,E0,19:00:00,1191,0.06,1801.4,29.28,
Norte,E0,19:00:00,1192,0.01,1801.4,27.38,
Norte,E0,19:00:00,1196,0.05,1801.33,27.11,
Norte,E0,19:00:00,1197,0.04,1801.33,27.58,
Norte,E0,19:00:00,1207,0.1,1801.33,25.54,
Norte,E0,19:00:00,1216,0.08,1801.33,19.3,
Norte,E0,19:00:00,1221,0.04,1801.44,19.88,
Norte,E0,19:00:00,1223,0.04,1801.44,19.66,
Norte,E0,19:00:00,1224,0.06,1801.44,23.26,
Norte,E0,19:00:00,1225,0.03,1801.42,24.72,
Norte,E0,19:00:00,1226,0.06,1801.44,23.49,
Norte,E0,19:00:00,1228,0.03,1801.44,22.82,
Norte,E0,19:00:00,1229,0.01,1801.44,22.52,
Norte,E0,19:00:00,1230,0.01,1801.44,22.47,
Norte,E0,19:00:00,1231,0.01,1801.44,22.55,
Norte,E0,19:00:00,1232,0.02,1801.44,22.01,
Norte,E0,19:00:00,1233,0.01,1801.44,21.98,
Norte,E0,19:00:00,1240,0.1,1801.45,21.28,
Norte,E0,19:00:00,1242,0.1,1801.44,22.44,
Norte,E0,19:00:00,1243,0.04,1801.44,23.21,
Norte,E0,19:00:00,1244,0.1,1801.42,24.75,
Norte,E0,19:00:00,1245,0.05,1801.42,25.83,
Norte,E0,19:00:00,1246,0.03,1801.41,26.01,
Norte,E0,19:00:00,1247,0.06,1801.41,25.77,
Norte,E0,19:00:00,1248,0.06,1801.41,25.48,
Norte,E0,19:00:00,1249,0.12,1801.43,23.85,
Norte,E0,19:00:00,1250,0.13,1801.45,22.76,
Norte,E0,19:00:00,1252,0.1,1801.46,21.37,
Norte,E0,19:00:00,1253,0.13,1801.43,23.82,
Norte,E0,19:00:00,1254,0.12,1801.46,22.16,
Norte,E0,19:00:00,1255,0.07,1801.48,21.91,
Norte,E0,19:00:00,1257,0.07,1801.48,21.29,
Norte,E0,19:00:00,1265,0.03,1801.52,20.93,
Norte,E0,19:00:00,1268,0.06,1801.51,21.01,
Norte,E0,19:00:00,1272,0.03,1801.49,21.66,
Norte,E0,19:00:00,1274,0.05,1801.49,21.69,
Norte,E0,19:00:00,1276,0.11,1801.47,22.66,
Norte,E0,19:00:00,1279,0.05,1801.46,23.95,
Norte,E0,19:00:00,1281,0.06,1801.46,24.32,
Norte,E0,19:00:00,1282,0.02,1801.46,25.79,
Norte,E0,19:00:00,1284,0.03,1801.39,31.15,
Norte,E0,19:00:00,1286,0.07,1801.47,22.88,
Norte,E0,19:00:00,1288,0.01,1801.47,24.91,
Norte,E0,19:00:00,1289,0.02,1801.47,23.24,
Norte,E0,19:00:00,1290,0.09,1801.47,23.32,
Norte,E0,19:00:00,1291,0.01,1801.47,21.08,
Norte,E0,19:00:00,1292,0.06,1801.47,21.31,
Norte,E0,19:00:00,1293,0.07,1801.47,21.96,
Norte,E0,19:00:00,1294,0.02,1801.47,21.81,
Norte,E0,19:00:00,1295,0.12,1801.48,20.99,
Norte,E0,19:00:00,1297,0.08,1801.49,20.61,
Norte,E0,19:00:00,1302,0.08,1801.48,20.08,
Norte,E0,19:00:00,1304,0.05,1801.48,20.08,
Norte,E0,19:00:00,1305,0.0,1801.48,20.09,
Norte,E0,19:00:00,1306,0.06,1801.48,20.09,
Norte,E0,19:00:00,1308,0.07,1801.47,20.61,
Norte,E0,19:00:00,1309,0.04,1801.47,28.5,
Norte,E0,19:00:00,1310,0.02,1801.47,24.65,
Norte,E0,19:00:00,1312,0.09,1801.41,29.49,
Norte,E0,19:00:00,1313,0.0,1801.41,29.71,
Norte,E0,19:00:00,1315,0.06,1801.41,29.67,
Norte,E0,19:00:00,1318,0.07,1801.37,29.64,
Norte,E0,19:00:00,1319,0.01,1801.37,29.29,
Norte,E0,19:00:00,1321,0.04,1801.47,21.5,
Norte,E0,19:00:00,1322,0.0,1801.47,22.27,
Norte,E0,19:00:00,1323,0.05,1801.47,22.06,
Norte,E0,19:00:00,1324,0.02,1801.48,20.63,
Norte,E0,19:00:00,1326,0.08,1801.47,20.28,
Norte,E0,19:00:00,1334,0.06,1801.46,22.18,
Norte,E0,19:00:00,1335,0.06,1801.45,22.74,
Norte,E0,19:00:00,1336,0.01,1801.45,21.87,
Norte,E0,19:00:00,1340,0.04,1801.46,29.12,
Norte,E0,19:00:00,5010,0.03,1801.44,25.99,
Norte,E0,19:00:00,5011,0.05,1801.36,26.15,
Norte,E0,19:00:00,5019,0.05,1801.37,32.19,
Norte,E0,19:00:00,5086,0.06,1801.38,32.67,
Norte,E0,19:00:00,5087,0.01,1801.39,32.73,
Norte,E0,19:00:00,5108,0.0,1801.36,26.08,
Norte,E0,19:00:00,5112,0.02,1801.49,21.7,
Norte,E0,19:00:00,5148,0.0,1801.38,32.4,
Norte,E0,19:00:00,5193,0.0,1801.38,31.53,
Norte,E0,19:00:00,5204,0.13,1801.33,25.61,
Norte,E0,19:00:00,5241,0.0,1801.44,19.81,
Norte,E0,19:00:00,5264,0.02,1801.39,32.69,
Norte,E0,19:00:00,5289,0.01,1801.37,29.89,
Norte,E0,19:00:00,5291,0.02,1801.41,29.93,
Norte,E0,19:00:00,5311,0.11,1801.38,32.63,
Norte,E0,19:00:00,5312,0.0,1801.38,32.77,
Norte,E0,19:00:00,5313,0.01,1801.38,32.57,
Norte,E0,19:00:00,5314,0.01,1801.36,26.01,
Norte,E0,19:00:00,5342,0.03,1801.45,25.9,
Norte,E0,19:00:00,5343,0.12,1801.51,21.03,
Norte,E0,19:00:00,5344,0.12,1801.5,25.96,
Norte,E0,19:00:00,5345,0.12,1801.5,26.12,
Norte,E0,19:00:00,5478,0.0,1801.49,21.71,
Norte,E0,19:00:00,5484,0.01,1801.44,19.28,
Norte,E0,19:00:00,5493,0.01,1801.4,30.92,
Norte,E0,19:00:00,5494,0.01,1801.4,30.99,
Norte,E0,19:00:00,5495,0.09,1801.38,32.91,
Norte,E0,19:00:00,5506,0.01,1801.44,22.96,
Norte,E0,19:00:00,5523,0.0,1801.38,29.37,
Norte,E0,19:00:00,5533,0.03,1801.47,20.93,
Norte,E0,19:00:00,5537,0.03,1801.38,29.63,
Norte,E0,19:00:00,5538,0.06,1801.38,29.95,
Norte,E0,19:00:00,5603,0.04,1801.39,31.17,
Norte,E0,19:00:00,5604,0.06,1801.38,30.73,
Norte,E0,19:00:00,5613,0.06,1801.39,32.58,
Norte,E0,19:00:00,5614,0.02,1801.4,32.67,
Norte,E0,19:00:00,5620,0.04,1801.37,32.52,
Norte,E0,19:00:00,5621,0.03,1801.37,32.46,
Norte,E0,19:00:00,5678,0.05,1801.38,30.05,
Norte,E0,19:00:00,5685,0.02,1801.4,25.86,
Norte,E0,19:00:00,5709,0.14,1801.51,21.04,
Norte,E0,19:00:00,5744,0.05,1801.4,32.32,
Norte,E0,19:00:00,5746,0.07,1801.45,24.6,
Norte,E0,19:00:00,5747,0.04,1801.43,26.1,
Norte,E0,19:00:00,5748,0.05,1801.56,21.3,
Norte,E0,19:00:00,5749,0.05,1801.62,21.47,
Norte,E0,19:00:00,5750,0.03,1801.67,21.34,
Norte,E0,19:00:00,5760,0.04,1801.72,21.08,
Norte,E0,19:00:00,5761,0.03,1801.68,21.45,
Norte,E0,19:00:00,5762,0.01,1801.77,20.53,
Norte,E0,19:00:00,5763,0.03,1801.76,20.76,
Norte,E0,19:00:00,10020,0.04,1801.39,33.45,
Norte,E0,19:00:00,10059,0.04,1801.37,29.88,
Norte,E0,19:00:00,10061,0.0,1801.47,20.76,
Norte,E0,19:00:00,10062,0.0,1801.49,20.67,
Norte,E0,19:00:00,10063,0.0,1801.52,20.93,
Norte,E0,19:00:00,10082,0.08,1801.45,20.71,
Norte,E0,20:00:00,346,0.04,1801.37,33.67,
Norte,E0,20:00:00,347,0.07,1801.37,33.85,
Norte,E0,20:00:00,348,0.11,1801.37,33.86,
Norte,E0,20:00:00,349,0.05,1801.37,32.54,
Norte,E0,20:00:00,350,0.02,1801.37,32.53,
Norte,E0,20:00:00,351,0.05,1801.37,34.12,
Norte,E0,20:00:00,352,0.12,1801.37,34.0,
Norte,E0,20:00:00,353,0.07,1801.37,33.91,
Norte,E0,20:00:00,354,0.11,1801.4,32.7,
Norte,E0,20:00:00,355,0.04,1801.4,32.62,
Norte,E0,20:00:00,356,0.08,1801.4,32.66,
Norte,E0,20:00:00,357,0.03,1801.4,32.88,
Norte,E0,20:00:00,358,0.02,1801.4,33.13,
Norte,E0,20:00:00,362,0.08,1801.39,32.69,
Norte,E0,20:00:00,363,0.04,1801.39,32.68,
Norte,E0,20:00:00,364,0.07,1801.39,32.68,
Norte,E0,20:00:00,368,0.03,1801.38,32.71,
Norte,E0,20:00:00,371,0.05,1801.38,32.69,
Norte,E0,20:00:00,400,0.06,1801.38,32.4,
Norte,E0,20:00:00,401,0.05,1801.38,32.42,
Norte,E0,20:00:00,404,0.02,1801.38,32.22,
Norte,E0,20:00:00,405,0.01,1801.38,32.17,
Norte,E0,20:00:00,1049,0.03,1801.37,29.97,
Norte,E0,20:00:00,1051,0.03,1801.37,29.86,
Norte,E0,20:00:00,1053,0.02,1801.37,29.86,
Norte,E0,20:00:00,1059,0.05,1801.37,29.63,
Norte,E0,20:00:00,1063,0.02,1801.37,29.36,
Norte,E0,20:00:00,1077,0.02,1801.38,29.83,
Norte,E0,20:00:00,1089,0.03,1801.37,29.98,
Norte,E0,20:00:00,1093,0.07,1801.37,29.53,
Norte,E0,20:00:00,1094,0.02,1801.37,29.29,
Norte,E0,20:00:00,1095,0.02,1801.37,29.78,
Norte,E0,20:00:00,1100,0.04,1801.38,30.4,
Norte,E0,20:00:00,1102,0.07,1801.38,30.35,
Norte,E0,20:00:00,1103,0.01,1801.38,31.33,
Norte,E0,20:00:00,1104,0.07,1801.37,30.37,
Norte,E0,20:00:00,1106,0.08,1801.37,30.31,
Norte,E0,20:00:00,1107,0.04,1801.38,30.58,
Norte,E0,20:00:00,1109,0.01,1801.38,30.57,
Norte,E0,20:00:00,1110,0.01,1801.38,30.21,
Norte,E0,20:00:00,1112,0.02,1801.38,30.23,
Norte,E0,20:00:00,1113,0.04,1801.38,29.97,
Norte,E0,20:00:00,1115,0.08,1801.38,29.96,
Norte,E0,20:00:00,1117,0.08,1801.38,30.01,
Norte,E0,20:00:00,1119,0.1,1801.38,30.6,
Norte,E0,20:00:00,1120,0.07,1801.38,30.17,
Norte,E0,20:00:00,1122,0.05,1801.38,31.47,
Norte,E0,20:00:00,1125,0.06,1801.38,31.41,
Norte,E0,20:00:00,1128,0.06,1801.38,31.66,
Norte,E0,20:00:00,1130,0.07,1801.38,31.48,
Norte,E0,20:00:00,1131,0.07,1801.38,31.63,
Norte,E0,20:00:00,1133,0.02,1801.38,32.66,
Norte,E0,20:00:00,1134,0.12,1801.4,32.73,
Norte,E0,20:00:00,1135,0.09,1801.38,32.84,
Norte,E0,20:00:00,1137,0.11,1801.4,32.67,
Norte,E0,20:00:00,1139,0.07,1801.4,32.65,
Norte,E0,20:00:00,1140,0.03,1801.4,32.7,
Norte,E0,20:00:00,1141,0.05,1801.37,31.63,
Norte,E0,20:00:00,1142,0.02,1801.39,31.59,
Norte,E0,20:00:00,1143,0.07,1801.39,32.44,
Norte,E0,20:00:00,1144,0.07,1801.38,32.61,
Norte,E0,20:00:00,1145,0.03,1801.39,32.53,
Norte,E0,20:00:00,1147,0.0,1801.38,32.68,
Norte,E0,20:00:00,1148,0.0,1801.39,32.7,
Norte,E0,20:00:00,1149,0.14,1801.42,31.31,
Norte,E0,20:00:00,1150,0.19,1801.39,31.11,
Norte,E0,20:00:00,1151,0.03,1801.46,27.23,
Norte,E0,20:00:00,1153,0.01,1801.43,28.83,
Norte,E0,20:00:00,1154,0.0,1801.43,29.28,
Norte,E0,20:00:00,1158,0.1,1801.43,29.49,
Norte,E0,20:00:00,1159,0.07,1801.42,31.86,
Norte,E0,20:00:00,1161,0.03,1801.42,30.93,
Norte,E0,20:00:00,1162,0.01,1801.41,32.35,
Norte,E0,20:00:00,1164,0.09,1801.4,32.42,
Norte,E0,20:00:00,1165,0.03,1801.41,32.54,
Norte,E0,20:00:00,1166,0.05,1801.41,32.09,
Norte,E0,20:00:00,1169,0.08,1801.4,32.7,
Norte,E0,20:00:00,1171,0.06,1801.39,32.71,
Norte,E0,20:00:00,1172,0.14,1801.39,33.76,
Norte,E0,20:00:00,1174,0.05,1801.39,33.56,
Norte,E0,20:00:00,1175,0.11,1801.4,32.06,
Norte,E0,20:00:00,1176,0.15,1801.4,33.55,
Norte,E0,20:00:00,1179,0.05,1801.4,33.06,
Norte,E0,20:00:00,1181,0.01,1801.39,33.55,
Norte,E0,20:00:00,1182,0.05,1801.4,32.79,
Norte,E0,20:00:00,1184,0.03,1801.43,24.99,
Norte,E0,20:00:00,1185,0.02,1801.43,26.7,
Norte,E0,20:00:00,1186,0.01,1801.43,26.02,
Norte,E0,20:00:00,1187,0.19,1801.41,25.7,
Norte,E0,20:00:00,1189,0.01,1801.36,25.27,
Norte,E0,20:00:00,1190,0.06,1801.36,26.23,
Norte,E0,20:00:00,1191,0.06,1801.4,29.28,
Norte,E0,20:00:00,1192,0.01,1801.4,27.38,
Norte,E0,20:00:00,1196,0.05,1801.33,27.11,
Norte,E0,20:00:00,1197,0.04,1801.33,27.58,
Norte,E0,20:00:00,1207,0.1,1801.33,25.54,
Norte,E0,20:00:00,1216,0.08,1801.33,19.3,
Norte,E0,20:00:00,1221,0.04,1801.44,19.88,
Norte,E0,20:00:00,1223,0.04,1801.44,19.66,
Norte,E0,20:00:00,1224,0.06,1801.44,23.26,
Norte,E0,20:00:00,1225,0.03,1801.42,24.72,
Norte,E0,20:00:00,1226,0.06,1801.44,23.49,
Norte,E0,20:00:00,1228,0.03,1801.44,22.82,
Norte,E0,20:00:00,1229,0.01,1801.44,22.52,
Norte,E0,20:00:00,1230,0.01,1801.44,22.47,
Norte,E0,20:00:00,1231,0.01,1801.44,22.55,
Norte,E0,20:00:00,1232,0.02,1801.44,22.01,
Norte,E0,20:00:00,1233,0.01,1801.44,21.98,
Norte,E0,20:00:00,1240,0.1,1801.45,21.28,
Norte,E0,20:00:00,1242,0.1,1801.44,22.44,
Norte,E0,20:00:00,1243,0.04,1801.44,23.21,
Norte,E0,20:00:00,1244,0.1,1801.42,24.75,
Norte,E0,20:00:00,1245,0.05,1801.42,25.83,
Norte,E0,20:00:00,1246,0.03,1801.41,26.01,
Norte,E0,20:00:00,1247,0.06,1801.41,25.77,
Norte,E0,20:00:00,1248,0.06,1801.41,25.48,
Norte,E0,20:00:00,1249,0.12,1801.43,23.85,
Norte,E0,20:00:00,1250,0.13,1801.45,22.76,
Norte,E0,20:00:00,1252,0.1,1801.46,21.37,
Norte,E0,20:00:00,1253,0.13,1801.43,23.82,
Norte,E0,20:00:00,1254,0.12,1801.46,22.16,
Norte,E0,20:00:00,1255,0.07,1801.48,21.91,
Norte,E0,20:00:00,1257,0.07,1801.48,21.29,
Norte,E0,20:00:00,1265,0.03,1801.52,20.93,
Norte,E0,20:00:00,1268,0.06,1801.51,21.01,
Norte,E0,20:00:00,1272,0.03,1801.49,21.66,
Norte,E0,20:00:00,1274,0.05,1801.49,21.69,
Norte,E0,20:00:00,1276,0.11,1801.47,22.66,
Norte,E0,20:00:00,1279,0.05,1801.46,23.95,
Norte,E0,20:00:00,1281,0.06,1801.46,24.32,
Norte,E0,20:00:00,1282,0.02,1801.46,25.79,
Norte,E0,20:00:00,1284,0.03,1801.39,31.15,
Norte,E0,20:00:00,1286,0.07,1801.47,22.88,
Norte,E0,20:00:00,1288,0.01,1801.47,24.91,
Norte,E0,20:00:00,1289,0.02,1801.47,23.24,
Norte,E0,20:00:00,1290,0.09,1801.47,23.32,
Norte,E0,20:00:00,1291,0.01,1801.47,21.08,
Norte,E0,20:00:00,1292,0.06,1801.47,21.31,
Norte,E0,20:00:00,1293,0.07,1801.47,21.96,
Norte,E0,20:00:00,1294,0.02,1801.47,21.81,
Norte,E0,20:00:00,1295,0.12,1801.48,20.99,
Norte,E0,20:00:00,1297,0.08,1801.49,20.61,
Norte,E0,20:00:00,1302,0.08,1801.48,20.08,
Norte,E0,20:00:00,1304,0.05,1801.48,20.08,
Norte,E0,20:00:00,1305,0.0,1801.48,20.09,
Norte,E0,20:00:00,1306,0.06,1801.48,20.09,
Norte,E0,20:00:00,1308,0.07,1801.47,20.61,
Norte,E0,20:00:00,1309,0.04,1801.47,28.5,
Norte,E0,20:00:00,1310,0.02,1801.47,24.65,
Norte,E0,20:00:00,1312,0.09,1801.41,29.49,
Norte,E0,20:00:00,1313,0.0,1801.41,29.71,
Norte,E0,20:00:00,1315,0.06,1801.41,29.67,
Norte,E0,20:00:00,1318,0.07,1801.37,29.64,
Norte,E0,20:00:00,1319,0.01,1801.37,29.29,
Norte,E0,20:00:00,1321,0.04,1801.47,21.5,
Norte,E0,20:00:00,1322,0.0,1801.47,22.27,
Norte,E0,20:00:00,1323,0.05,1801.47,22.06,
Norte,E0,20:00:00,1324,0.02,1801.48,20.63,
Norte,E0,20:00:00,1326,0.08,1801.47,20.28,
Norte,E0,20:00:00,1334,0.06,1801.46,22.18,
Norte,E0,20:00:00,1335,0.06,1801.45,22.74,
Norte,E0,20:00:00,1336,0.01,1801.45,21.87,
Norte,E0,20:00:00,1340,0.04,1801.46,29.12,
Norte,E0,20:00:00,5010,0.03,1801.44,25.99,
Norte,E0,20:00:00,5011,0.05,1801.36,26.15,
Norte,E0,20:00:00,5019,0.05,1801.37,32.19,
Norte,E0,20:00:00,5086,0.06,1801.38,32.67,
Norte,E0,20:00:00,5087,0.01,1801.39,32.73,
Norte,E0,20:00:00,5108,0.0,1801.36,26.08,
Norte,E0,20:00:00,5112,0.02,1801.49,21.7,
Norte,E0,20:00:00,5148,0.0,1801.38,32.4,
Norte,E0,20:00:00,5193,0.0,1801.38,31.53,
Norte,E0,20:00:00,5204,0.13,1801.33,25.61,
Norte,E0,20:00:00,5241,0.0,1801.44,19.81,
Norte,E0,20:00:00,5264,0.02,1801.39,32.69,
Norte,E0,20:00:00,5289,0.01,1801.37,29.89,
Norte,E0,20:00:00,5291,0.02,1801.41,29.93,
Norte,E0,20:00:00,5311,0.11,1801.38,32.63,
Norte,E0,20:00:00,5312,0.0,1801.38,32.77,
Norte,E0,20:00:00,5313,0.01,1801.38,32.57,
Norte,E0,20:00:00,5314,0.01,1801.36,26.01,
Norte,E0,20:00:00,5342,0.03,1801.45,25.9,
Norte,E0,20:00:00,5343,0.12,1801.51,21.03,
Norte,E0,20:00:00,5344,0.12,1801.5,25.96,
Norte,E0,20:00:00,5345,0.12,1801.5,26.12,
Norte,E0,20:00:00,5478,0.0,1801.49,21.71,
Norte,E0,20:00:00,5484,0.01,1801.44,19.28,
Norte,E0,20:00:00,5493,0.01,1801.4,30.92,
Norte,E0,20:00:00,5494,0.01,1801.4,30.99,
Norte,E0,20:00:00,5495,0.09,1801.38,32.91,
Norte,E0,20:00:00,5506,0.01,1801.44,22.96,
Norte,E0,20:00:00,5523,0.0,1801.38,29.37,
Norte,E0,20:00:00,5533,0.03,1801.47,20.93,
Norte,E0,20:00:00,5537,0.03,1801.38,29.63,
Norte,E0,20:00:00,5538,0.06,1801.38,29.95,
Norte,E0,20:00:00,5603,0.04,1801.39,31.17,
Norte,E0,20:00:00,5604,0.06,1801.38,30.73,
Norte,E0,20:00:00,5613,0.06,1801.39,32.58,
Norte,E0,20:00:00,5614,0.02,1801.4,32.67,
Norte,E0,20:00:00,5620,0.04,1801.37,32.52,
Norte,E0,20:00:00,5621,0.03,1801.37,32.46,
Norte,E0,20:00:00,5678,0.05,1801.38,30.05,
Norte,E0,20:00:00,5685,0.02,1801.4,25.86,
Norte,E0,20:00:00,5709,0.14,1801.51,21.04,
Norte,E0,20:00:00,5744,0.05,1801.4,32.32,
Norte,E0,20:00:00,5746,0.07,1801.45,24.6,
Norte,E0,20:00:00,5747,0.04,1801.43,26.1,
Norte,E0,20:00:00,5748,0.05,1801.56,21.3,
Norte,E0,20:00:00,5749,0.05,1801.62,21.47,
Norte,E0,20:00:00,5750,0.03,1801.67,21.34,
Norte,E0,20:00:00,5760,0.04,1801.72,21.08,
Norte,E0,20:00:00,5761,0.03,1801.68,21.45,
Norte,E0,20:00:00,5762,0.01,1801.77,20.53,
Norte,E0,20:00:00,5763,0.03,1801.76,20.76,
Norte,E0,20:00:00,10020,0.04,1801.39,33.45,
Norte,E0,20:00:00,10059,0.04,1801.37,29.88,
Norte,E0,20:00:00,10061,0.0,1801.47,20.76,
Norte,E0,20:00:00,10062,0.0,1801.49,20.67,
Norte,E0,20:00:00,10063,0.0,1801.52,20.93,
Norte,E0,20:00:00,10082,0.08,1801.45,20.71,
Norte,E0,21:00:00,346,0.04,1801.28,33.58,
Norte,E0,21:00:00,347,0.08,1801.28,33.76,
Norte,E0,21:00:00,348,0.12,1801.28,33.77,
Norte,E0,21:00:00,349,0.06,1801.28,32.45,
Norte,E0,21:00:00,350,0.03,1801.28,32.44,
Norte,E0,21:00:00,351,0.05,1801.28,34.03,
Norte,E0,21:00:00,352,0.13,1801.28,33.91,
Norte,E0,21:00:00,353,0.08,1801.28,33.82,
Norte,E0,21:00:00,354,0.13,1801.31,32.61,
Norte,E0,21:00:00,355,0.05,1801.31,32.53,
Norte,E0,21:00:00,356,0.09,1801.31,32.57,
Norte,E0,21:00:00,357,0.04,1801.31,32.79,
Norte,E0,21:00:00,358,0.02,1801.31,33.04,
Norte,E0,21:00:00,362,0.08,1801.3,32.6,
Norte,E0,21:00:00,363,0.04,1801.3,32.59,
Norte,E0,21:00:00,364,0.08,1801.3,32.59,
Norte,E0,21:00:00,368,0.04,1801.28,32.61,
Norte,E0,21:00:00,371,0.06,1801.28,32.59,
Norte,E0,21:00:00,400,0.06,1801.29,32.31,
Norte,E0,21:00:00,401,0.06,1801.29,32.33,
Norte,E0,21:00:00,404,0.02,1801.29,32.13,
Norte,E0,21:00:00,405,0.01,1801.29,32.08,
Norte,E0,21:00:00,1049,0.03,1801.28,29.88,
Norte,E0,21:00:00,1051,0.04,1801.28,29.77,
Norte,E0,21:00:00,1053,0.02,1801.28,29.77,
Norte,E0,21:00:00,1059,0.06,1801.28,29.54,
Norte,E0,21:00:00,1063,0.03,1801.28,29.27,
Norte,E0,21:00:00,1077,0.03,1801.28,29.73,
Norte,E0,21:00:00,1089,0.04,1801.28,29.89,
Norte,E0,21:00:00,1093,0.08,1801.28,29.44,
Norte,E0,21:00:00,1094,0.02,1801.28,29.2,
Norte,E0,21:00:00,1095,0.02,1801.28,29.69,
Norte,E0,21:00:00,1100,0.04,1801.28,30.3,
Norte,E0,21:00:00,1102,0.07,1801.28,30.25,
Norte,E0,21:00:00,1103,0.01,1801.28,31.23,
Norte,E0,21:00:00,1104,0.08,1801.28,30.28,
Norte,E0,21:00:00,1106,0.09,1801.28,30.22,
Norte,E0,21:00:00,1107,0.04,1801.28,30.48,
Norte,E0,21:00:00,1109,0.01,1801.28,30.47,
Norte,E0,21:00:00,1110,0.01,1801.28,30.11,
Norte,E0,21:00:00,1112,0.02,1801.28,30.13,
Norte,E0,21:00:00,1113,0.04,1801.28,29.87,
Norte,E0,21:00:00,1115,0.08,1801.28,29.86,
Norte,E0,21:00:00,1117,0.09,1801.28,29.91,
Norte,E0,21:00:00,1119,0.11,1801.28,30.5,
Norte,E0,21:00:00,1120,0.08,1801.28,30.07,
Norte,E0,21:00:00,1122,0.06,1801.28,31.37,
Norte,E0,21:00:00,1125,0.06,1801.28,31.31,
Norte,E0,21:00:00,1128,0.07,1801.28,31.56,
Norte,E0,21:00:00,1130,0.07,1801.28,31.38,
Norte,E0,21:00:00,1131,0.08,1801.28,31.53,
Norte,E0,21:00:00,1133,0.03,1801.28,32.56,
Norte,E0,21:00:00,1134,0.14,1801.32,32.65,
Norte,E0,21:00:00,1135,0.1,1801.28,32.74,
Norte,E0,21:00:00,1137,0.13,1801.31,32.58,
Norte,E0,21:00:00,1139,0.08,1801.31,32.56,
Norte,E0,21:00:00,1140,0.03,1801.31,32.61,
Norte,E0,21:00:00,1141,0.05,1801.28,31.54,
Norte,E0,21:00:00,1142,0.03,1801.3,31.5,
Norte,E0,21:00:00,1143,0.08,1801.3,32.35,
Norte,E0,21:00:00,1144,0.08,1801.28,32.51,
Norte,E0,21:00:00,1145,0.03,1801.3,32.44,
Norte,E0,21:00:00,1147,0.0,1801.29,32.59,
Norte,E0,21:00:00,1148,0.0,1801.29,32.6,
Norte,E0,21:00:00,1149,0.16,1801.33,31.22,
Norte,E0,21:00:00,1150,0.21,1801.29,31.01,
Norte,E0,21:00:00,1151,0.04,1801.39,27.16,
Norte,E0,21:00:00,1153,0.01,1801.34,28.74,
Norte,E0,21:00:00,1154,0.0,1801.34,29.19,
Norte,E0,21:00:00,1158,0.11,1801.34,29.4,
Norte,E0,21:00:00,1159,0.08,1801.33,31.77,
Norte,E0,21:00:00,1161,0.04,1801.33,30.84,
Norte,E0,21:00:00,1162,0.01,1801.32,32.26,
Norte,E0,21:00:00,1164,0.1,1801.31,32.33,
Norte,E0,21:00:00,1165,0.03,1801.32,32.45,
Norte,E0,21:00:00,1166,0.05,1801.32,32.0,
Norte,E0,21:00:00,1169,0.09,1801.31,32.61,
Norte,E0,21:00:00,1171,0.07,1801.3,32.62,
Norte,E0,21:00:00,1172,0.16,1801.3,33.67,
Norte,E0,21:00:00,1174,0.06,1801.3,33.47,
Norte,E0,21:00:00,1175,0.12,1801.31,31.97,
Norte,E0,21:00:00,1176,0.17,1801.31,33.46,
Norte,E0,21:00:00,1179,0.06,1801.31,32.97,
Norte,E0,21:00:00,1181,0.01,1801.3,33.46,
Norte,E0,21:00:00,1182,0.06,1801.31,32.7,
Norte,E0,21:00:00,1184,0.04,1801.35,24.91,
Norte,E0,21:00:00,1185,0.02,1801.34,26.61,
Norte,E0,21:00:00,1186,0.01,1801.34,25.93,
Norte,E0,21:00:00,1187,0.21,1801.32,25.61,
Norte,E0,21:00:00,1189,0.01,1801.26,25.17,
Norte,E0,21:00:00,1190,0.06,1801.26,26.13,
Norte,E0,21:00:00,1191,0.06,1801.31,29.19,
Norte,E0,21:00:00,1192,0.01,1801.31,27.29,
Norte,E0,21:00:00,1196,0.05,1801.22,27.0,
Norte,E0,21:00:00,1197,0.05,1801.22,27.47,
Norte,E0,21:00:00,1207,0.11,1801.22,25.43,
Norte,E0,21:00:00,1216,0.08,1801.22,19.19,
Norte,E0,21:00:00,1221,0.05,1801.37,19.81,
Norte,E0,21:00:00,1223,0.05,1801.37,19.59,
Norte,E0,21:00:00,1224,0.07,1801.36,23.18,
Norte,E0,21:00:00,1225,0.03,1801.34,24.64,
Norte,E0,21:00:00,1226,0.06,1801.36,23.41,
Norte,E0,21:00:00,1228,0.03,1801.36,22.74,
Norte,E0,21:00:00,1229,0.01,1801.36,22.44,
Norte,E0,21:00:00,1230,0.01,1801.36,22.39,
Norte,E0,21:00:00,1231,0.01,1801.36,22.47,
Norte,E0,21:00:00,1232,0.02,1801.36,21.93,
Norte,E0,21:00:00,1233,0.01,1801.36,21.9,
Norte,E0,21:00:00,1240,0.11,1801.37,21.2,
Norte,E0,21:00:00,1242,0.11,1801.36,22.36,
Norte,E0,21:00:00,1243,0.04,1801.36,23.13,
Norte,E0,21:00:00,1244,0.11,1801.34,24.67,
Norte,E0,21:00:00,1245,0.06,1801.34,25.75,
Norte,E0,21:00:00,1246,0.03,1801.32,25.92,
Norte,E0,21:00:00,1247,0.07,1801.32,25.68,
Norte,E0,21:00:00,1248,0.07,1801.32,25.39,
Norte,E0,21:00:00,1249,0.14,1801.35,23.77,
Norte,E0,21:00:00,1250,0.15,1801.37,22.68,
Norte,E0,21:00:00,1252,0.11,1801.38,21.29,
Norte,E0,21:00:00,1253,0.14,1801.35,23.74,
Norte,E0,21:00:00,1254,0.14,1801.38,22.08,
Norte,E0,21:00:00,1255,0.08,1801.41,21.84,
Norte,E0,21:00:00,1257,0.08,1801.41,21.22,
Norte,E0,21:00:00,1265,0.03,1801.46,20.87,
Norte,E0,21:00:00,1268,0.07,1801.45,20.95,
Norte,E0,21:00:00,1272,0.03,1801.43,21.6,
Norte,E0,21:00:00,1274,0.06,1801.43,21.63,
Norte,E0,21:00:00,1276,0.13,1801.4,22.59,
Norte,E0,21:00:00,1279,0.06,1801.39,23.88,
Norte,E0,21:00:00,1281,0.07,1801.39,24.25,
Norte,E0,21:00:00,1282,0.03,1801.39,25.72,
Norte,E0,21:00:00,1284,0.03,1801.29,31.05,
Norte,E0,21:00:00,1286,0.08,1801.39,22.8,
Norte,E0,21:00:00,1288,0.01,1801.39,24.83,
Norte,E0,21:00:00,1289,0.02,1801.39,23.16,
Norte,E0,21:00:00,1290,0.1,1801.39,23.24,
Norte,E0,21:00:00,1291,0.01,1801.39,21.0,
Norte,E0,21:00:00,1292,0.06,1801.39,21.23,
Norte,E0,21:00:00,1293,0.08,1801.4,21.89,
Norte,E0,21:00:00,1294,0.02,1801.4,21.74,
Norte,E0,21:00:00,1295,0.13,1801.41,20.92,
Norte,E0,21:00:00,1297,0.09,1801.42,20.54,
Norte,E0,21:00:00,1302,0.09,1801.41,20.01,
Norte,E0,21:00:00,1304,0.06,1801.41,20.01,
Norte,E0,21:00:00,1305,0.0,1801.41,20.02,
Norte,E0,21:00:00,1306,0.07,1801.41,20.02,
Norte,E0,21:00:00,1308,0.08,1801.4,20.54,
Norte,E0,21:00:00,1309,0.04,1801.4,28.43,
Norte,E0,21:00:00,1310,0.02,1801.4,24.58,
Norte,E0,21:00:00,1312,0.1,1801.32,29.4,
Norte,E0,21:00:00,1313,0.0,1801.33,29.63,
Norte,E0,21:00:00,1315,0.07,1801.33,29.59,
Norte,E0,21:00:00,1318,0.08,1801.28,29.55,
Norte,E0,21:00:00,1319,0.02,1801.28,29.2,
Norte,E0,21:00:00,1321,0.05,1801.4,21.43,
Norte,E0,21:00:00,1322,0.01,1801.4,22.2,
Norte,E0,21:00:00,1323,0.06,1801.4,21.99,
Norte,E0,21:00:00,1324,0.03,1801.41,20.56,
Norte,E0,21:00:00,1326,0.09,1801.4,20.21,
Norte,E0,21:00:00,1334,0.06,1801.39,22.11,
Norte,E0,21:00:00,1335,0.07,1801.37,22.66,
Norte,E0,21:00:00,1336,0.01,1801.37,21.79,
Norte,E0,21:00:00,1340,0.04,1801.39,29.05,
Norte,E0,21:00:00,5010,0.03,1801.37,25.92,
Norte,E0,21:00:00,5011,0.05,1801.26,26.05,
Norte,E0,21:00:00,5019,0.06,1801.28,32.1,
Norte,E0,21:00:00,5086,0.07,1801.29,32.58,
Norte,E0,21:00:00,5087,0.01,1801.29,32.63,
Norte,E0,21:00:00,5108,0.0,1801.26,25.98,
Norte,E0,21:00:00,5112,0.02,1801.43,21.64,
Norte,E0,21:00:00,5148,0.0,1801.29,32.31,
Norte,E0,21:00:00,5193,0.0,1801.28,31.43,
Norte,E0,21:00:00,5204,0.14,1801.22,25.5,
Norte,E0,21:00:00,5241,0.0,1801.37,19.74,
Norte,E0,21:00:00,5264,0.02,1801.29,32.59,
Norte,E0,21:00:00,5289,0.01,1801.28,29.8,
Norte,E0,21:00:00,5291,0.02,1801.33,29.85,
Norte,E0,21:00:00,5311,0.13,1801.28,32.53,
Norte,E0,21:00:00,5312,0.01,1801.28,32.67,
Norte,E0,21:00:00,5313,0.01,1801.28,32.47,
Norte,E0,21:00:00,5314,0.01,1801.26,25.91,
Norte,E0,21:00:00,5342,0.03,1801.37,25.82,
Norte,E0,21:00:00,5343,0.14,1801.45,20.97,
Norte,E0,21:00:00,5344,0.14,1801.44,25.9,
Norte,E0,21:00:00,5345,0.14,1801.44,26.06,
Norte,E0,21:00:00,5478,0.0,1801.43,21.65,
Norte,E0,21:00:00,5484,0.01,1801.37,19.21,
Norte,E0,21:00:00,5493,0.01,1801.31,30.83,
Norte,E0,21:00:00,5494,0.01,1801.31,30.9,
Norte,E0,21:00:00,5495,0.1,1801.28,32.81,
Norte,E0,21:00:00,5506,0.02,1801.36,22.88,
Norte,E0,21:00:00,5523,0.0,1801.28,29.27,
Norte,E0,21:00:00,5533,0.03,1801.39,20.85,
Norte,E0,21:00:00,5537,0.04,1801.28,29.53,
Norte,E0,21:00:00,5538,0.07,1801.28,29.85,
Norte,E0,21:00:00,5603,0.05,1801.3,31.08,
Norte,E0,21:00:00,5604,0.07,1801.29,30.64,
Norte,E0,21:00:00,5613,0.07,1801.3,32.49,
Norte,E0,21:00:00,5614,0.03,1801.31,32.58,
Norte,E0,21:00:00,5620,0.05,1801.28,32.43,
Norte,E0,21:00:00,5621,0.04,1801.28,32.37,
Norte,E0,21:00:00,5678,0.06,1801.28,29.96,
Norte,E0,21:00:00,5685,0.02,1801.31,25.77,
Norte,E0,21:00:00,5709,0.16,1801.45,20.98,
Norte,E0,21:00:00,5744,0.05,1801.32,32.24,
Norte,E0,21:00:00,5746,0.08,1801.37,24.52,
Norte,E0,21:00:00,5747,0.05,1801.35,26.02,
Norte,E0,21:00:00,5748,0.06,1801.51,21.25,
Norte,E0,21:00:00,5749,0.06,1801.59,21.44,
Norte,E0,21:00:00,5750,0.03,1801.65,21.32,
Norte,E0,21:00:00,5760,0.04,1801.71,21.07,
Norte,E0,21:00:00,5761,0.03,1801.66,21.43,
Norte,E0,21:00:00,5762,0.01,1801.77,20.53,
Norte,E0,21:00:00,5763,0.03,1801.75,20.75,
Norte,E0,21:00:00,10020,0.05,1801.3,33.36,
Norte,E0,21:00:00,10059,0.04,1801.28,29.79,
Norte,E0,21:00:00,10061,0.0,1801.39,20.68,
Norte,E0,21:00:00,10062,0.0,1801.42,20.6,
Norte,E0,21:00:00,10063,0.0,1801.46,20.87,
Norte,E0,21:00:00,10082,0.09,1801.37,20.63,
Norte,E0,22:00:00,346,0.04,1801.36,33.66,
Norte,E0,22:00:00,347,0.07,1801.36,33.84,
Norte,E0,22:00:00,348,0.11,1801.36,33.85,
Norte,E0,22:00:00,349,0.05,1801.36,32.53,
Norte,E0,22:00:00,350,0.03,1801.36,32.52,
Norte,E0,22:00:00,351,0.05,1801.36,34.11,
Norte,E0,22:00:00,352,0.12,1801.36,33.99,
Norte,E0,22:00:00,353,0.07,1801.36,33.9,
Norte,E0,22:00:00,354,0.12,1801.39,32.69,
Norte,E0,22:00:00,355,0.05,1801.39,32.61,
Norte,E0,22:00:00,356,0.08,1801.39,32.65,
Norte,E0,22:00:00,357,0.03,1801.39,32.87,
Norte,E0,22:00:00,358,0.02,1801.39,33.12,
Norte,E0,22:00:00,362,0.08,1801.38,32.68,
Norte,E0,22:00:00,363,0.04,1801.38,32.67,
Norte,E0,22:00:00,364,0.07,1801.38,32.67,
Norte,E0,22:00:00,368,0.03,1801.37,32.7,
Norte,E0,22:00:00,371,0.05,1801.37,32.68,
Norte,E0,22:00:00,400,0.06,1801.37,32.39,
Norte,E0,22:00:00,401,0.05,1801.37,32.41,
Norte,E0,22:00:00,404,0.02,1801.37,32.21,
Norte,E0,22:00:00,405,0.01,1801.37,32.16,
Norte,E0,22:00:00,1049,0.03,1801.36,29.96,
Norte,E0,22:00:00,1051,0.03,1801.36,29.85,
Norte,E0,22:00:00,1053,0.02,1801.36,29.85,
Norte,E0,22:00:00,1059,0.05,1801.36,29.62,
Norte,E0,22:00:00,1063,0.02,1801.36,29.35,
Norte,E0,22:00:00,1077,0.03,1801.37,29.82,
Norte,E0,22:00:00,1089,0.03,1801.36,29.97,
Norte,E0,22:00:00,1093,0.07,1801.36,29.52,
Norte,E0,22:00:00,1094,0.02,1801.36,29.28,
Norte,E0,22:00:00,1095,0.02,1801.36,29.77,
Norte,E0,22:00:00,1100,0.04,1801.36,30.38,
Norte,E0,22:00:00,1102,0.07,1801.36,30.33,
Norte,E0,22:00:00,1103,0.01,1801.37,31.32,
Norte,E0,22:00:00,1104,0.07,1801.36,30.36,
Norte,E0,22:00:00,1106,0.08,1801.36,30.3,
Norte,E0,22:00:00,1107,0.04,1801.37,30.57,
Norte,E0,22:00:00,1109,0.01,1801.36,30.55,
Norte,E0,22:00:00,1110,0.01,1801.37,30.2,
Norte,E0,22:00:00,1112,0.02,1801.37,30.22,
Norte,E0,22:00:00,1113,0.04,1801.37,29.96,
Norte,E0,22:00:00,1115,0.08,1801.37,29.95,
Norte,E0,22:00:00,1117,0.08,1801.37,30.0,
Norte,E0,22:00:00,1119,0.1,1801.36,30.58,
Norte,E0,22:00:00,1120,0.07,1801.37,30.16,
Norte,E0,22:00:00,1122,0.05,1801.37,31.46,
Norte,E0,22:00:00,1125,0.06,1801.37,31.4,
Norte,E0,22:00:00,1128,0.06,1801.37,31.65,
Norte,E0,22:00:00,1130,0.07,1801.37,31.47,
Norte,E0,22:00:00,1131,0.07,1801.37,31.62,
Norte,E0,22:00:00,1133,0.02,1801.36,32.64,
Norte,E0,22:00:00,1134,0.13,1801.39,32.72,
Norte,E0,22:00:00,1135,0.09,1801.37,32.83,
Norte,E0,22:00:00,1137,0.11,1801.39,32.66,
Norte,E0,22:00:00,1139,0.07,1801.39,32.64,
Norte,E0,22:00:00,1140,0.03,1801.39,32.69,
Norte,E0,22:00:00,1141,0.05,1801.36,31.62,
Norte,E0,22:00:00,1142,0.02,1801.38,31.58,
Norte,E0,22:00:00,1143,0.07,1801.38,32.43,
Norte,E0,22:00:00,1144,0.07,1801.36,32.59,
Norte,E0,22:00:00,1145,0.03,1801.38,32.52,
Norte,E0,22:00:00,1147,0.0,1801.37,32.67,
Norte,E0,22:00:00,1148,0.0,1801.38,32.69,
Norte,E0,22:00:00,1149,0.14,1801.41,31.3,
Norte,E0,22:00:00,1150,0.19,1801.38,31.1,
Norte,E0,22:00:00,1151,0.03,1801.45,27.22,
Norte,E0,22:00:00,1153,0.01,1801.42,28.82,
Norte,E0,22:00:00,1154,0.0,1801.42,29.27,
Norte,E0,22:00:00,1158,0.1,1801.42,29.48,
Norte,E0,22:00:00,1159,0.07,1801.41,31.85,
Norte,E0,22:00:00,1161,0.03,1801.41,30.92,
Norte,E0,22:00:00,1162,0.01,1801.4,32.34,
Norte,E0,22:00:00,1164,0.09,1801.39,32.41,
Norte,E0,22:00:00,1165,0.03,1801.4,32.53,
Norte,E0,22:00:00,1166,0.05,1801.4,32.08,
Norte,E0,22:00:00,1169,0.08,1801.39,32.69,
Norte,E0,22:00:00,1171,0.06,1801.38,32.7,
Norte,E0,22:00:00,1172,0.14,1801.38,33.75,
Norte,E0,22:00:00,1174,0.05,1801.38,33.55,
Norte,E0,22:00:00,1175,0.11,1801.39,32.05,
Norte,E0,22:00:00,1176,0.16,1801.39,33.54,
Norte,E0,22:00:00,1179,0.05,1801.39,33.05,
Norte,E0,22:00:00,1181,0.01,1801.38,33.54,
Norte,E0,22:00:00,1182,0.05,1801.39,32.78,
Norte,E0,22:00:00,1184,0.03,1801.42,24.98,
Norte,E0,22:00:00,1185,0.02,1801.42,26.69,
Norte,E0,22:00:00,1186,0.01,1801.42,26.01,
Norte,E0,22:00:00,1187,0.19,1801.4,25.69,
Norte,E0,22:00:00,1189,0.01,1801.35,25.26,
Norte,E0,22:00:00,1190,0.06,1801.34,26.21,
Norte,E0,22:00:00,1191,0.06,1801.39,29.27,
Norte,E0,22:00:00,1192,0.01,1801.39,27.37,
Norte,E0,22:00:00,1196,0.05,1801.32,27.1,
Norte,E0,22:00:00,1197,0.04,1801.32,27.57,
Norte,E0,22:00:00,1207,0.1,1801.32,25.53,
Norte,E0,22:00:00,1216,0.08,1801.32,19.29,
Norte,E0,22:00:00,1221,0.04,1801.44,19.88,
Norte,E0,22:00:00,1223,0.04,1801.44,19.66,
Norte,E0,22:00:00,1224,0.06,1801.43,23.25,
Norte,E0,22:00:00,1225,0.03,1801.41,24.71,
Norte,E0,22:00:00,1226,0.06,1801.43,23.48,
Norte,E0,22:00:00,1228,0.03,1801.43,22.81,
Norte,E0,22:00:00,1229,0.01,1801.43,22.51,
Norte,E0,22:00:00,1230,0.01,1801.43,22.46,
Norte,E0,22:00:00,1231,0.01,1801.43,22.54,
Norte,E0,22:00:00,1232,0.02,1801.43,22.0,
Norte,E0,22:00:00,1233,0.01,1801.43,21.97,
Norte,E0,22:00:00,1240,0.1,1801.44,21.27,
Norte,E0,22:00:00,1242,0.1,1801.43,22.43,
Norte,E0,22:00:00,1243,0.04,1801.43,23.2,
Norte,E0,22:00:00,1244,0.1,1801.41,24.74,
Norte,E0,22:00:00,1245,0.05,1801.41,25.82,
Norte,E0,22:00:00,1246,0.03,1801.4,26.0,
Norte,E0,22:00:00,1247,0.06,1801.4,25.76,
Norte,E0,22:00:00,1248,0.06,1801.4,25.47,
Norte,E0,22:00:00,1249,0.12,1801.42,23.84,
Norte,E0,22:00:00,1250,0.13,1801.44,22.75,
Norte,E0,22:00:00,1252,0.1,1801.45,21.36,
Norte,E0,22:00:00,1253,0.13,1801.43,23.82,
Norte,E0,22:00:00,1254,0.12,1801.45,22.15,
Norte,E0,22:00:00,1255,0.07,1801.47,21.9,
Norte,E0,22:00:00,1257,0.07,1801.48,21.29,
Norte,E0,22:00:00,1265,0.03,1801.51,20.92,
Norte,E0,22:00:00,1268,0.06,1801.51,21.01,
Norte,E0,22:00:00,1272,0.03,1801.49,21.66,
Norte,E0,22:00:00,1274,0.05,1801.49,21.69,
Norte,E0,22:00:00,1276,0.12,1801.47,22.66,
Norte,E0,22:00:00,1279,0.05,1801.45,23.94,
Norte,E0,22:00:00,1281,0.06,1801.45,24.31,
Norte,E0,22:00:00,1282,0.02,1801.45,25.78,
Norte,E0,22:00:00,1284,0.03,1801.38,31.14,
Norte,E0,22:00:00,1286,0.07,1801.46,22.87,
Norte,E0,22:00:00,1288,0.01,1801.46,24.9,
Norte,E0,22:00:00,1289,0.02,1801.46,23.23,
Norte,E0,22:00:00,1290,0.09,1801.46,23.31,
Norte,E0,22:00:00,1291,0.01,1801.46,21.07,
Norte,E0,22:00:00,1292,0.06,1801.46,21.3,
Norte,E0,22:00:00,1293,0.07,1801.46,21.95,
Norte,E0,22:00:00,1294,0.02,1801.47,21.81,
Norte,E0,22:00:00,1295,0.12,1801.47,20.98,
Norte,E0,22:00:00,1297,0.09,1801.48,20.6,
Norte,E0,22:00:00,1302,0.08,1801.47,20.07,
Norte,E0,22:00:00,1304,0.05,1801.47,20.07,
Norte,E0,22:00:00,1305,0.0,1801.47,20.08,
Norte,E0,22:00:00,1306,0.06,1801.47,20.08,
Norte,E0,22:00:00,1308,0.07,1801.46,20.6,
Norte,E0,22:00:00,1309,0.04,1801.46,28.49,
Norte,E0,22:00:00,1310,0.02,1801.46,24.64,
Norte,E0,22:00:00,1312,0.09,1801.4,29.48,
Norte,E0,22:00:00,1313,0.0,1801.4,29.7,
Norte,E0,22:00:00,1315,0.06,1801.4,29.66,
Norte,E0,22:00:00,1318,0.07,1801.36,29.63,
Norte,E0,22:00:00,1319,0.02,1801.36,29.28,
Norte,E0,22:00:00,1321,0.04,1801.46,21.49,
Norte,E0,22:00:00,1322,0.0,1801.46,22.26,
Norte,E0,22:00:00,1323,0.05,1801.46,22.05,
Norte,E0,22:00:00,1324,0.02,1801.47,20.62,
Norte,E0,22:00:00,1326,0.08,1801.46,20.27,
Norte,E0,22:00:00,1334,0.06,1801.46,22.18,
Norte,E0,22:00:00,1335,0.06,1801.44,22.73,
Norte,E0,22:00:00,1336,0.01,1801.44,21.86,
Norte,E0,22:00:00,1340,0.04,1801.46,29.12,
Norte,E0,22:00:00,5010,0.03,1801.44,25.99,
Norte,E0,22:00:00,5011,0.05,1801.35,26.14,
Norte,E0,22:00:00,5019,0.05,1801.36,32.18,
Norte,E0,22:00:00,5086,0.06,1801.37,32.66,
Norte,E0,22:00:00,5087,0.01,1801.37,32.71,
Norte,E0,22:00:00,5108,0.0,1801.35,26.07,
Norte,E0,22:00:00,5112,0.02,1801.49,21.7,
Norte,E0,22:00:00,5148,0.0,1801.37,32.39,
Norte,E0,22:00:00,5193,0.0,1801.37,31.52,
Norte,E0,22:00:00,5204,0.13,1801.32,25.6,
Norte,E0,22:00:00,5241,0.0,1801.44,19.81,
Norte,E0,22:00:00,5264,0.02,1801.38,32.68,
Norte,E0,22:00:00,5289,0.01,1801.36,29.88,
Norte,E0,22:00:00,5291,0.02,1801.4,29.92,
Norte,E0,22:00:00,5311,0.12,1801.36,32.61,
Norte,E0,22:00:00,5312,0.0,1801.36,32.75,
Norte,E0,22:00:00,5313,0.01,1801.36,32.55,
Norte,E0,22:00:00,5314,0.01,1801.35,26.0,
Norte,E0,22:00:00,5342,0.03,1801.44,25.89,
Norte,E0,22:00:00,5343,0.12,1801.5,21.02,
Norte,E0,22:00:00,5344,0.13,1801.5,25.96,
Norte,E0,22:00:00,5345,0.13,1801.5,26.12,
Norte,E0,22:00:00,5478,0.0,1801.49,21.71,
Norte,E0,22:00:00,5484,0.01,1801.44,19.28,
Norte,E0,22:00:00,5493,0.01,1801.39,30.91,
Norte,E0,22:00:00,5494,0.01,1801.39,30.98,
Norte,E0,22:00:00,5495,0.09,1801.36,32.89,
Norte,E0,22:00:00,5506,0.02,1801.43,22.95,
Norte,E0,22:00:00,5523,0.0,1801.37,29.36,
Norte,E0,22:00:00,5533,0.03,1801.46,20.92,
Norte,E0,22:00:00,5537,0.04,1801.37,29.62,
Norte,E0,22:00:00,5538,0.06,1801.37,29.94,
Norte,E0,22:00:00,5603,0.04,1801.38,31.16,
Norte,E0,22:00:00,5604,0.06,1801.37,30.72,
Norte,E0,22:00:00,5613,0.06,1801.38,32.57,
Norte,E0,22:00:00,5614,0.03,1801.39,32.66,
Norte,E0,22:00:00,5620,0.04,1801.36,32.51,
Norte,E0,22:00:00,5621,0.03,1801.36,32.45,
Norte,E0,22:00:00,5678,0.06,1801.36,30.04,
Norte,E0,22:00:00,5685,0.02,1801.39,25.85,
Norte,E0,22:00:00,5709,0.14,1801.5,21.03,
Norte,E0,22:00:00,5744,0.05,1801.39,32.31,
Norte,E0,22:00:00,5746,0.07,1801.44,24.59,
Norte,E0,22:00:00,5747,0.04,1801.42,26.09,
Norte,E0,22:00:00,5748,0.06,1801.56,21.3,
Norte,E0,22:00:00,5749,0.06,1801.62,21.47,
Norte,E0,22:00:00,5750,0.03,1801.67,21.34,
Norte,E0,22:00:00,5760,0.04,1801.72,21.08,
Norte,E0,22:00:00,5761,0.03,1801.68,21.45,
Norte,E0,22:00:00,5762,0.01,1801.77,20.53,
Norte,E0,22:00:00,5763,0.03,1801.75,20.75,
Norte,E0,22:00:00,10020,0.04,1801.38,33.44,
Norte,E0,22:00:00,10059,0.04,1801.36,29.87,
Norte,E0,22:00:00,10061,0.0,1801.46,20.75,
Norte,E0,22:00:00,10062,0.0,1801.48,20.66,
Norte,E0,22:00:00,10063,0.0,1801.51,20.92,
Norte,E0,22:00:00,10082,0.08,1801.44,20.7,
Norte,E0,23:00:00,346,0.04,1801.42,33.72,
Norte,E0,23:00:00,347,0.07,1801.42,33.9,
Norte,E0,23:00:00,348,0.1,1801.42,33.91,
Norte,E0,23:00:00,349,0.05,1801.42,32.59,
Norte,E0,23:00:00,350,0.02,1801.42,32.58,
Norte,E0,23:00:00,351,0.04,1801.43,34.18,
Norte,E0,23:00:00,352,0.11,1801.43,34.06,
Norte,E0,23:00:00,353,0.06,1801.43,33.97,
Norte,E0,23:00:00,354,0.11,1801.44,32.74,
Norte,E0,23:00:00,355,0.04,1801.45,32.67,
Norte,E0,23:00:00,356,0.07,1801.45,32.71,
Norte,E0,23:00:00,357,0.03,1801.45,32.93,
Norte,E0,23:00:00,358,0.02,1801.45,33.18,
Norte,E0,23:00:00,362,0.07,1801.44,32.74,
Norte,E0,23:00:00,363,0.03,1801.44,32.73,
Norte,E0,23:00:00,364,0.07,1801.44,32.73,
Norte,E0,23:00:00,368,0.03,1801.43,32.76,
Norte,E0,23:00:00,371,0.05,1801.43,32.74,
Norte,E0,23:00:00,400,0.05,1801.43,32.45,
Norte,E0,23:00:00,401,0.05,1801.43,32.47,
Norte,E0,23:00:00,404,0.02,1801.43,32.27,
Norte,E0,23:00:00,405,0.01,1801.43,32.22,
Norte,E0,23:00:00,1049,0.02,1801.43,30.03,
Norte,E0,23:00:00,1051,0.03,1801.43,29.92,
Norte,E0,23:00:00,1053,0.02,1801.43,29.92,
Norte,E0,23:00:00,1059,0.05,1801.43,29.69,
Norte,E0,23:00:00,1063,0.02,1801.43,29.42,
Norte,E0,23:00:00,1077,0.02,1801.43,29.88,
Norte,E0,23:00:00,1089,0.03,1801.42,30.03,
Norte,E0,23:00:00,1093,0.06,1801.42,29.58,
Norte,E0,23:00:00,1094,0.02,1801.42,29.34,
Norte,E0,23:00:00,1095,0.02,1801.43,29.84,
Norte,E0,23:00:00,1100,0.04,1801.43,30.45,
Norte,E0,23:00:00,1102,0.06,1801.43,30.4,
Norte,E0,23:00:00,1103,0.01,1801.43,31.38,
Norte,E0,23:00:00,1104,0.06,1801.43,30.43,
Norte,E0,23:00:00,1106,0.07,1801.43,30.37,
Norte,E0,23:00:00,1107,0.03,1801.43,30.63,
Norte,E0,23:00:00,1109,0.01,1801.43,30.62,
Norte,E0,23:00:00,1110,0.01,1801.43,30.26,
Norte,E0,23:00:00,1112,0.02,1801.43,30.28,
Norte,E0,23:00:00,1113,0.03,1801.43,30.02,
Norte,E0,23:00:00,1115,0.07,1801.43,30.01,
Norte,E0,23:00:00,1117,0.07,1801.43,30.06,
Norte,E0,23:00:00,1119,0.09,1801.43,30.65,
Norte,E0,23:00:00,1120,0.07,1801.43,30.22,
Norte,E0,23:00:00,1122,0.05,1801.43,31.52,
Norte,E0,23:00:00,1125,0.05,1801.43,31.46,
Norte,E0,23:00:00,1128,0.05,1801.43,31.71,
Norte,E0,23:00:00,1130,0.06,1801.43,31.53,
Norte,E0,23:00:00,1131,0.07,1801.43,31.68,
Norte,E0,23:00:00,1133,0.02,1801.43,32.71,
Norte,E0,23:00:00,1134,0.12,1801.45,32.78,
Norte,E0,23:00:00,1135,0.08,1801.43,32.89,
Norte,E0,23:00:00,1137,0.1,1801.45,32.72,
Norte,E0,23:00:00,1139,0.07,1801.45,32.7,
Norte,E0,23:00:00,1140,0.03,1801.45,32.75,
Norte,E0,23:00:00,1141,0.05,1801.43,31.69,
Norte,E0,23:00:00,1142,0.02,1801.44,31.64,
Norte,E0,23:00:00,1143,0.07,1801.44,32.49,
Norte,E0,23:00:00,1144,0.06,1801.43,32.66,
Norte,E0,23:00:00,1145,0.03,1801.44,32.58,
Norte,E0,23:00:00,1147,0.0,1801.43,32.73,
Norte,E0,23:00:00,1148,0.0,1801.44,32.75,
Norte,E0,23:00:00,1149,0.13,1801.46,31.35,
Norte,E0,23:00:00,1150,0.18,1801.44,31.16,
Norte,E0,23:00:00,1151,0.03,1801.5,27.27,
Norte,E0,23:00:00,1153,0.01,1801.47,28.87,
Norte,E0,23:00:00,1154,0.0,1801.47,29.32,
Norte,E0,23:00:00,1158,0.09,1801.47,29.53,
Norte,E0,23:00:00,1159,0.07,1801.46,31.9,
Norte,E0,23:00:00,1161,0.03,1801.46,30.97,
Norte,E0,23:00:00,1162,0.0,1801.45,32.39,
Norte,E0,23:00:00,1164,0.08,1801.45,32.47,
Norte,E0,23:00:00,1165,0.03,1801.45,32.58,
Norte,E0,23:00:00,1166,0.04,1801.45,32.13,
Norte,E0,23:00:00,1169,0.07,1801.45,32.75,
Norte,E0,23:00:00,1171,0.06,1801.44,32.76,
Norte,E0,23:00:00,1172,0.13,1801.44,33.81,
Norte,E0,23:00:00,1174,0.05,1801.44,33.61,
Norte,E0,23:00:00,1175,0.1,1801.45,32.11,
Norte,E0,23:00:00,1176,0.14,1801.45,33.6,
Norte,E0,23:00:00,1179,0.05,1801.45,33.11,
Norte,E0,23:00:00,1181,0.01,1801.44,33.6,
Norte,E0,23:00:00,1182,0.05,1801.45,32.84,
Norte,E0,23:00:00,1184,0.03,1801.48,25.04,
Norte,E0,23:00:00,1185,0.02,1801.47,26.74,
Norte,E0,23:00:00,1186,0.01,1801.47,26.06,
Norte,E0,23:00:00,1187,0.17,1801.45,25.74,
Norte,E0,23:00:00,1189,0.01,1801.41,25.32,
Norte,E0,23:00:00,1190,0.05,1801.41,26.28,
Norte,E0,23:00:00,1191,0.05,1801.45,29.33,
Norte,E0,23:00:00,1192,0.01,1801.45,27.43,
Norte,E0,23:00:00,1196,0.04,1801.39,27.17,
Norte,E0,23:00:00,1197,0.04,1801.39,27.64,
Norte,E0,23:00:00,1207,0.09,1801.39,25.6,
Norte,E0,23:00:00,1216,0.07,1801.38,19.35,
Norte,E0,23:00:00,1221,0.04,1801.49,19.93,
Norte,E0,23:00:00,1223,0.04,1801.49,19.71,
Norte,E0,23:00:00,1224,0.06,1801.48,23.3,
Norte,E0,23:00:00,1225,0.03,1801.47,24.77,
Norte,E0,23:00:00,1226,0.05,1801.48,23.53,
Norte,E0,23:00:00,1228,0.03,1801.48,22.86,
Norte,E0,23:00:00,1229,0.01,1801.48,22.56,
Norte,E0,23:00:00,1230,0.01,1801.48,22.51,
Norte,E0,23:00:00,1231,0.01,1801.48,22.59,
Norte,E0,23:00:00,1232,0.02,1801.48,22.05,
Norte,E0,23:00:00,1233,0.01,1801.48,22.02,
Norte,E0,23:00:00,1240,0.09,1801.49,21.32,
Norte,E0,23:00:00,1242,0.09,1801.48,22.48,
Norte,E0,23:00:00,1243,0.03,1801.48,23.25,
Norte,E0,23:00:00,1244,0.09,1801.47,24.8,
Norte,E0,23:00:00,1245,0.05,1801.47,25.88,
Norte,E0,23:00:00,1246,0.03,1801.46,26.06,
Norte,E0,23:00:00,1247,0.06,1801.46,25.82,
Norte,E0,23:00:00,1248,0.05,1801.46,25.53,
Norte,E0,23:00:00,1249,0.11,1801.48,23.9,
Norte,E0,23:00:00,1250,0.12,1801.49,22.8,
Norte,E0,23:00:00,1252,0.09,1801.5,21.41,
Norte,E0,23:00:00,1253,0.12,1801.48,23.87,
Norte,E0,23:00:00,1254,0.11,1801.5,22.2,
Norte,E0,23:00:00,1255,0.06,1801.52,21.95,
Norte,E0,23:00:00,1257,0.07,1801.52,21.33,
Norte,E0,23:00:00,1265,0.03,1801.55,20.96,
Norte,E0,23:00:00,1268,0.05,1801.55,21.05,
Norte,E0,23:00:00,1272,0.03,1801.53,21.7,
Norte,E0,23:00:00,1274,0.05,1801.53,21.73,
Norte,E0,23:00:00,1276,0.11,1801.51,22.7,
Norte,E0,23:00:00,1279,0.05,1801.5,23.99,
Norte,E0,23:00:00,1281,0.05,1801.5,24.36,
Norte,E0,23:00:00,1282,0.02,1801.5,25.83,
Norte,E0,23:00:00,1284,0.02,1801.44,31.2,
Norte,E0,23:00:00,1286,0.07,1801.5,22.91,
Norte,E0,23:00:00,1288,0.01,1801.5,24.94,
Norte,E0,23:00:00,1289,0.02,1801.5,23.27,
Norte,E0,23:00:00,1290,0.08,1801.5,23.35,
Norte,E0,23:00:00,1291,0.01,1801.51,21.12,
Norte,E0,23:00:00,1292,0.05,1801.51,21.35,
Norte,E0,23:00:00,1293,0.07,1801.51,22.0,
Norte,E0,23:00:00,1294,0.02,1801.51,21.85,
Norte,E0,23:00:00,1295,0.11,1801.52,21.03,
Norte,E0,23:00:00,1297,0.08,1801.52,20.64,
Norte,E0,23:00:00,1302,0.08,1801.51,20.11,
Norte,E0,23:00:00,1304,0.05,1801.51,20.11,
Norte,E0,23:00:00,1305,0.0,1801.51,20.12,
Norte,E0,23:00:00,1306,0.05,1801.51,20.12,
Norte,E0,23:00:00,1308,0.07,1801.51,20.65,
Norte,E0,23:00:00,1309,0.03,1801.51,28.54,
Norte,E0,23:00:00,1310,0.02,1801.51,24.69,
Norte,E0,23:00:00,1312,0.08,1801.46,29.54,
Norte,E0,23:00:00,1313,0.0,1801.46,29.76,
Norte,E0,23:00:00,1315,0.05,1801.46,29.72,
Norte,E0,23:00:00,1318,0.07,1801.42,29.69,
Norte,E0,23:00:00,1319,0.01,1801.42,29.34,
Norte,E0,23:00:00,1321,0.04,1801.51,21.54,
Norte,E0,23:00:00,1322,0.0,1801.51,22.31,
Norte,E0,23:00:00,1323,0.05,1801.51,22.1,
Norte,E0,23:00:00,1324,0.02,1801.51,20.66,
Norte,E0,23:00:00,1326,0.07,1801.51,20.32,
Norte,E0,23:00:00,1334,0.05,1801.5,22.22,
Norte,E0,23:00:00,1335,0.06,1801.49,22.78,
Norte,E0,23:00:00,1336,0.01,1801.49,21.91,
Norte,E0,23:00:00,1340,0.03,1801.5,29.16,
Norte,E0,23:00:00,5010,0.03,1801.49,26.04,
Norte,E0,23:00:00,5011,0.04,1801.41,26.2,
Norte,E0,23:00:00,5019,0.05,1801.42,32.24,
Norte,E0,23:00:00,5086,0.06,1801.43,32.72,
Norte,E0,23:00:00,5087,0.01,1801.43,32.77,
Norte,E0,23:00:00,5108,0.0,1801.41,26.13,
Norte,E0,23:00:00,5112,0.02,1801.53,21.74,
Norte,E0,23:00:00,5148,0.0,1801.43,32.45,
Norte,E0,23:00:00,5193,0.0,1801.43,31.58,
Norte,E0,23:00:00,5204,0.12,1801.39,25.67,
Norte,E0,23:00:00,5241,0.0,1801.49,19.86,
Norte,E0,23:00:00,5264,0.02,1801.44,32.74,
Norte,E0,23:00:00,5289,0.01,1801.42,29.94,
Norte,E0,23:00:00,5291,0.01,1801.46,29.98,
Norte,E0,23:00:00,5311,0.11,1801.43,32.68,
Norte,E0,23:00:00,5312,0.0,1801.43,32.82,
Norte,E0,23:00:00,5313,0.01,1801.43,32.62,
Norte,E0,23:00:00,5314,0.01,1801.41,26.06,
Norte,E0,23:00:00,5342,0.03,1801.49,25.94,
Norte,E0,23:00:00,5343,0.11,1801.55,21.07,
Norte,E0,23:00:00,5344,0.11,1801.54,26.0,
Norte,E0,23:00:00,5345,0.11,1801.54,26.16,
Norte,E0,23:00:00,5478,0.0,1801.53,21.75,
Norte,E0,23:00:00,5484,0.0,1801.49,19.33,
Norte,E0,23:00:00,5493,0.01,1801.45,30.97,
Norte,E0,23:00:00,5494,0.01,1801.45,31.04,
Norte,E0,23:00:00,5495,0.08,1801.43,32.96,
Norte,E0,23:00:00,5506,0.01,1801.48,23.0,
Norte,E0,23:00:00,5523,0.0,1801.43,29.42,
Norte,E0,23:00:00,5533,0.02,1801.51,20.97,
Norte,E0,23:00:00,5537,0.03,1801.43,29.68,
Norte,E0,23:00:00,5538,0.06,1801.43,30.0,
Norte,E0,23:00:00,5603,0.04,1801.44,31.22,
Norte,E0,23:00:00,5604,0.06,1801.43,30.78,
Norte,E0,23:00:00,5613,0.06,1801.44,32.63,
Norte,E0,23:00:00,5614,0.02,1801.45,32.72,
Norte,E0,23:00:00,5620,0.04,1801.42,32.57,
Norte,E0,23:00:00,5621,0.03,1801.42,32.51,
Norte,E0,23:00:00,5678,0.05,1801.43,30.11,
Norte,E0,23:00:00,5685,0.02,1801.45,25.91,
Norte,E0,23:00:00,5709,0.13,1801.55,21.08,
Norte,E0,23:00:00,5744,0.04,1801.45,32.37,
Norte,E0,23:00:00,5746,0.07,1801.49,24.64,
Norte,E0,23:00:00,5747,0.04,1801.47,26.14,
Norte,E0,23:00:00,5748,0.05,1801.59,21.33,
Norte,E0,23:00:00,5749,0.05,1801.64,21.49,
Norte,E0,23:00:00,5750,0.03,1801.68,21.35,
Norte,E0,23:00:00,5760,0.03,1801.73,21.09,
Norte,E0,23:00:00,5761,0.02,1801.69,21.46,
Norte,E0,23:00:00,5762,0.01,1801.77,20.53,
Norte,E0,23:00:00,5763,0.02,1801.76,20.76,
Norte,E0,23:00:00,10020,0.04,1801.44,33.5,
Norte,E0,23:00:00,10059,0.03,1801.43,29.94,
Norte,E0,23:00:00,10061,0.0,1801.51,20.8,
Norte,E0,23:00:00,10062,0.0,1801.52,20.7,
Norte,E0,23:00:00,10063,0.0,1801.55,20.96,
Norte,E0,23:00:00,10082,0.07,1801.49,20.75,
Norte,E0,24:00:00,346,0.03,1801.47,33.77,
Norte,E0,24:00:00,347,0.06,1801.47,33.95,
Norte,E0,24:00:00,348,0.1,1801.47,33.96,
Norte,E0,24:00:00,349,0.04,1801.47,32.64,
Norte,E0,24:00:00,350,0.02,1801.47,32.63,
Norte,E0,24:00:00,351,0.04,1801.47,34.22,
Norte,E0,24:00:00,352,0.1,1801.47,34.1,
Norte,E0,24:00:00,353,0.06,1801.47,34.01,
Norte,E0,24:00:00,354,0.1,1801.49,32.79,
Norte,E0,24:00:00,355,0.04,1801.49,32.71,
Norte,E0,24:00:00,356,0.07,1801.49,32.75,
Norte,E0,24:00:00,357,0.03,1801.49,32.97,
Norte,E0,24:00:00,358,0.02,1801.49,33.22,
Norte,E0,24:00:00,362,0.07,1801.48,32.78,
Norte,E0,24:00:00,363,0.03,1801.48,32.77,
Norte,E0,24:00:00,364,0.06,1801.48,32.77,
Norte,E0,24:00:00,368,0.03,1801.47,32.8,
Norte,E0,24:00:00,371,0.04,1801.47,32.78,
Norte,E0,24:00:00,400,0.05,1801.48,32.5,
Norte,E0,24:00:00,401,0.04,1801.48,32.52,
Norte,E0,24:00:00,404,0.02,1801.48,32.32,
Norte,E0,24:00:00,405,0.01,1801.48,32.27,
Norte,E0,24:00:00,1049,0.02,1801.47,30.07,
Norte,E0,24:00:00,1051,0.03,1801.47,29.96,
Norte,E0,24:00:00,1053,0.02,1801.47,29.96,
Norte,E0,24:00:00,1059,0.04,1801.47,29.73,
Norte,E0,24:00:00,1063,0.02,1801.47,29.46,
Norte,E0,24:00:00,1077,0.02,1801.47,29.92,
Norte,E0,24:00:00,1089,0.03,1801.47,30.08,
Norte,E0,24:00:00,1093,0.06,1801.47,29.63,
Norte,E0,24:00:00,1094,0.01,1801.47,29.39,
Norte,E0,24:00:00,1095,0.02,1801.47,29.88,
Norte,E0,24:00:00,1100,0.03,1801.47,30.49,
Norte,E0,24:00:00,1102,0.06,1801.47,30.44,
Norte,E0,24:00:00,1103,0.0,1801.47,31.42,
Norte,E0,24:00:00,1104,0.06,1801.47,30.47,
Norte,E0,24:00:00,1106,0.07,1801.47,30.41,
Norte,E0,24:00:00,1107,0.03,1801.47,30.67,
Norte,E0,24:00:00,1109,0.01,1801.47,30.66,
Norte,E0,24:00:00,1110,0.01,1801.47,30.3,
Norte,E0,24:00:00,1112,0.02,1801.47,30.32,
Norte,E0,24:00:00,1113,0.03,1801.47,30.06,
Norte,E0,24:00:00,1115,0.07,1801.47,30.05,
Norte,E0,24:00:00,1117,0.07,1801.47,30.1,
Norte,E0,24:00:00,1119,0.09,1801.47,30.69,
Norte,E0,24:00:00,1120,0.06,1801.47,30.26,
Norte,E0,24:00:00,1122,0.04,1801.47,31.56,
Norte,E0,24:00:00,1125,0.05,1801.47,31.5,
Norte,E0,24:00:00,1128,0.05,1801.47,31.75,
Norte,E0,24:00:00,1130,0.06,1801.47,31.57,
Norte,E0,24:00:00,1131,0.06,1801.47,31.72,
Norte,E0,24:00:00,1133,0.02,1801.47,32.75,
Norte,E0,24:00:00,1134,0.11,1801.49,32.82,
Norte,E0,24:00:00,1135,0.07,1801.47,32.93,
Norte,E0,24:00:00,1137,0.1,1801.49,32.76,
Norte,E0,24:00:00,1139,0.06,1801.49,32.74,
Norte,E0,24:00:00,1140,0.02,1801.49,32.79,
Norte,E0,24:00:00,1141,0.04,1801.47,31.73,
Norte,E0,24:00:00,1142,0.02,1801.48,31.68,
Norte,E0,24:00:00,1143,0.06,1801.48,32.53,
Norte,E0,24:00:00,1144,0.06,1801.47,32.7,
Norte,E0,24:00:00,1145,0.03,1801.48,32.62,
Norte,E0,24:00:00,1147,0.0,1801.48,32.78,
Norte,E0,24:00:00,1148,0.0,1801.48,32.79,
Norte,E0,24:00:00,1149,0.12,1801.5,31.39,
Norte,E0,24:00:00,1150,0.16,1801.48,31.2,
Norte,E0,24:00:00,1151,0.03,1801.54,27.31,
Norte,E0,24:00:00,1153,0.01,1801.51,28.91,
Norte,E0,24:00:00,1154,0.0,1801.51,29.36,
Norte,E0,24:00:00,1158,0.09,1801.51,29.57,
Norte,E0,24:00:00,1159,0.06,1801.5,31.94,
Norte,E0,24:00:00,1161,0.03,1801.5,31.01,
Norte,E0,24:00:00,1162,0.0,1801.49,32.43,
Norte,E0,24:00:00,1164,0.08,1801.49,32.51,
Norte,E0,24:00:00,1165,0.03,1801.49,32.62,
Norte,E0,24:00:00,1166,0.04,1801.5,32.18,
Norte,E0,24:00:00,1169,0.07,1801.49,32.79,
Norte,E0,24:00:00,1171,0.05,1801.48,32.8,
Norte,E0,24:00:00,1172,0.12,1801.48,33.85,
Norte,E0,24:00:00,1174,0.04,1801.48,33.65,
Norte,E0,24:00:00,1175,0.09,1801.49,32.15,
Norte,E0,24:00:00,1176,0.13,1801.49,33.64,
Norte,E0,24:00:00,1179,0.04,1801.49,33.15,
Norte,E0,24:00:00,1181,0.01,1801.48,33.64,
Norte,E0,24:00:00,1182,0.05,1801.49,32.88,
Norte,E0,24:00:00,1184,0.03,1801.51,25.07,
Norte,E0,24:00:00,1185,0.02,1801.51,26.78,
Norte,E0,24:00:00,1186,0.01,1801.51,26.1,
Norte,E0,24:00:00,1187,0.16,1801.49,25.78,
Norte,E0,24:00:00,1189,0.01,1801.46,25.37,
Norte,E0,24:00:00,1190,0.05,1801.46,26.33,
Norte,E0,24:00:00,1191,0.05,1801.49,29.37,
Norte,E0,24:00:00,1192,0.01,1801.49,27.47,
Norte,E0,24:00:00,1196,0.04,1801.43,27.21,
Norte,E0,24:00:00,1197,0.04,1801.43,27.68,
Norte,E0,24:00:00,1207,0.09,1801.43,25.64,
Norte,E0,24:00:00,1216,0.07,1801.43,19.4,
Norte,E0,24:00:00,1221,0.04,1801.52,19.96,
Norte,E0,24:00:00,1223,0.04,1801.52,19.74,
Norte,E0,24:00:00,1224,0.05,1801.52,23.34,
Norte,E0,24:00:00,1225,0.03,1801.5,24.8,
Norte,E0,24:00:00,1226,0.05,1801.52,23.57,
Norte,E0,24:00:00,1228,0.03,1801.52,22.9,
Norte,E0,24:00:00,1229,0.01,1801.52,22.6,
Norte,E0,24:00:00,1230,0.01,1801.52,22.55,
Norte,E0,24:00:00,1231,0.01,1801.52,22.63,
Norte,E0,24:00:00,1232,0.02,1801.52,22.09,
Norte,E0,24:00:00,1233,0.01,1801.52,22.06,
Norte,E0,24:00:00,1240,0.09,1801.53,21.36,
Norte,E0,24:00:00,1242,0.09,1801.52,22.52,
Norte,E0,24:00:00,1243,0.03,1801.52,23.29,
Norte,E0,24:00:00,1244,0.09,1801.51,24.84,
Norte,E0,24:00:00,1245,0.05,1801.5,25.91,
Norte,E0,24:00:00,1246,0.03,1801.5,26.1,
Norte,E0,24:00:00,1247,0.05,1801.5,25.86,
Norte,E0,24:00:00,1248,0.05,1801.5,25.57,
Norte,E0,24:00:00,1249,0.11,1801.51,23.93,
Norte,E0,24:00:00,1250,0.11,1801.52,22.83,
Norte,E0,24:00:00,1252,0.08,1801.53,21.44,
Norte,E0,24:00:00,1253,0.11,1801.52,23.91,
Norte,E0,24:00:00,1254,0.1,1801.53,22.23,
Norte,E0,24:00:00,1255,0.06,1801.55,21.98,
Norte,E0,24:00:00,1257,0.06,1801.55,21.36,
Norte,E0,24:00:00,1265,0.02,1801.58,20.99,
Norte,E0,24:00:00,1268,0.05,1801.58,21.08,
Norte,E0,24:00:00,1272,0.02,1801.56,21.73,
Norte,E0,24:00:00,1274,0.05,1801.56,21.76,
Norte,E0,24:00:00,1276,0.1,1801.55,22.74,
Norte,E0,24:00:00,1279,0.04,1801.54,24.03,
Norte,E0,24:00:00,1281,0.05,1801.54,24.4,
Norte,E0,24:00:00,1282,0.02,1801.54,25.87,
Norte,E0,24:00:00,1284,0.02,1801.48,31.24,
Norte,E0,24:00:00,1286,0.06,1801.54,22.95,
Norte,E0,24:00:00,1288,0.01,1801.54,24.98,
Norte,E0,24:00:00,1289,0.02,1801.54,23.31,
Norte,E0,24:00:00,1290,0.08,1801.54,23.39,
Norte,E0,24:00:00,1291,0.0,1801.54,21.15,
Norte,E0,24:00:00,1292,0.05,1801.54,21.38,
Norte,E0,24:00:00,1293,0.06,1801.54,22.03,
Norte,E0,24:00:00,1294,0.02,1801.55,21.89,
Norte,E0,24:00:00,1295,0.1,1801.55,21.06,
Norte,E0,24:00:00,1297,0.07,1801.55,20.67,
Norte,E0,24:00:00,1302,0.07,1801.55,20.15,
Norte,E0,24:00:00,1304,0.04,1801.55,20.15,
Norte,E0,24:00:00,1305,0.0,1801.55,20.16,
Norte,E0,24:00:00,1306,0.05,1801.55,20.16,
Norte,E0,24:00:00,1308,0.06,1801.54,20.68,
Norte,E0,24:00:00,1309,0.03,1801.54,28.57,
Norte,E0,24:00:00,1310,0.01,1801.54,24.72,
Norte,E0,24:00:00,1312,0.08,1801.5,29.58,
Norte,E0,24:00:00,1313,0.0,1801.5,29.8,
Norte,E0,24:00:00,1315,0.05,1801.5,29.76,
Norte,E0,24:00:00,1318,0.06,1801.47,29.74,
Norte,E0,24:00:00,1319,0.01,1801.47,29.39,
Norte,E0,24:00:00,1321,0.04,1801.54,21.57,
Norte,E0,24:00:00,1322,0.0,1801.54,22.34,
Norte,E0,24:00:00,1323,0.05,1801.54,22.13,
Norte,E0,24:00:00,1324,0.02,1801.55,20.7,
Norte,E0,24:00:00,1326,0.07,1801.54,20.35,
Norte,E0,24:00:00,1334,0.05,1801.54,22.26,
Norte,E0,24:00:00,1335,0.05,1801.53,22.82,
Norte,E0,24:00:00,1336,0.01,1801.53,21.95,
Norte,E0,24:00:00,1340,0.03,1801.54,29.2,
Norte,E0,24:00:00,5010,0.02,1801.52,26.07,
Norte,E0,24:00:00,5011,0.04,1801.46,26.25,
Norte,E0,24:00:00,5019,0.04,1801.47,32.29,
Norte,E0,24:00:00,5086,0.05,1801.48,32.77,
Norte,E0,24:00:00,5087,0.0,1801.48,32.82,
Norte,E0,24:00:00,5108,0.0,1801.46,26.18,
Norte,E0,24:00:00,5112,0.02,1801.56,21.77,
Norte,E0,24:00:00,5148,0.0,1801.48,32.5,
Norte,E0,24:00:00,5193,0.0,1801.47,31.62,
Norte,E0,24:00:00,5204,0.11,1801.43,25.71,
Norte,E0,24:00:00,5241,0.0,1801.52,19.89,
Norte,E0,24:00:00,5264,0.02,1801.48,32.78,
Norte,E0,24:00:00,5289,0.01,1801.47,29.99,
Norte,E0,24:00:00,5291,0.01,1801.5,30.02,
Norte,E0,24:00:00,5311,0.1,1801.47,32.72,
Norte,E0,24:00:00,5312,0.0,1801.47,32.86,
Norte,E0,24:00:00,5313,0.0,1801.47,32.66,
Norte,E0,24:00:00,5314,0.01,1801.46,26.11,
Norte,E0,24:00:00,5342,0.03,1801.52,25.97,
Norte,E0,24:00:00,5343,0.11,1801.57,21.09,
Norte,E0,24:00:00,5344,0.11,1801.57,26.03,
Norte,E0,24:00:00,5345,0.11,1801.57,26.19,
Norte,E0,24:00:00,5478,0.0,1801.56,21.78,
Norte,E0,24:00:00,5484,0.0,1801.52,19.36,
Norte,E0,24:00:00,5493,0.01,1801.49,31.01,
Norte,E0,24:00:00,5494,0.01,1801.49,31.08,
Norte,E0,24:00:00,5495,0.08,1801.47,33.0,
Norte,E0,24:00:00,5506,0.01,1801.52,23.04,
Norte,E0,24:00:00,5523,0.0,1801.47,29.46,
Norte,E0,24:00:00,5533,0.02,1801.54,21.0,
Norte,E0,24:00:00,5537,0.03,1801.47,29.72,
Norte,E0,24:00:00,5538,0.05,1801.47,30.04,
Norte,E0,24:00:00,5603,0.04,1801.48,31.26,
Norte,E0,24:00:00,5604,0.05,1801.48,30.83,
Norte,E0,24:00:00,5613,0.05,1801.48,32.67,
Norte,E0,24:00:00,5614,0.02,1801.49,32.76,
Norte,E0,24:00:00,5620,0.04,1801.47,32.62,
Norte,E0,24:00:00,5621,0.03,1801.47,32.56,
Norte,E0,24:00:00,5678,0.05,1801.47,30.15,
Norte,E0,24:00:00,5685,0.02,1801.49,25.95,
Norte,E0,24:00:00,5709,0.12,1801.57,21.1,
Norte,E0,24:00:00,5744,0.04,1801.49,32.41,
Norte,E0,24:00:00,5746,0.06,1801.53,24.68,
Norte,E0,24:00:00,5747,0.04,1801.51,26.18,
Norte,E0,24:00:00,5748,0.05,1801.61,21.35,
Norte,E0,24:00:00,5749,0.05,1801.66,21.51,
Norte,E0,24:00:00,5750,0.03,1801.7,21.37,
Norte,E0,24:00:00,5760,0.03,1801.73,21.09,
Norte,E0,24:00:00,5761,0.02,1801.71,21.48,
Norte,E0,24:00:00,5762,0.01,1801.77,20.53,
Norte,E0,24:00:00,5763,0.02,1801.76,20.76,
Norte,E0,24:00:00,10020,0.04,1801.48,33.54,
Norte,E0,24:00:00,10059,0.03,1801.47,29.98,
Norte,E0,24:00:00,10061,0.0,1801.54,20.83,
Norte,E0,24:00:00,10062,0.0,1801.55,20.73,
Norte,E0,24:00:00,10063,0.0,1801.58,20.99,
Norte,E0,24:00:00,10082,0.07,1801.53,20.79,
Sur,E0,0:00:00,10013,0.02,1821.71,16.9,
Sur,E0,0:00:00,10022,0.05,1821.87,41.57,
Sur,E0,0:00:00,10025,0.0,1822.5,30.41,
Sur,E0,0:00:00,10067,0.04,1822.12,40.33,
Sur,E0,0:00:00,1066,0.03,1821.87,49.21,
Sur,E0,0:00:00,1234,0.1,1821.85,40.75,
Sur,E0,0:00:00,1236,0.07,1821.85,41.27,
Sur,E0,0:00:00,1238,0.08,1821.86,41.55,
Sur,E0,0:00:00,1259,0.04,1821.87,41.65,
Sur,E0,0:00:00,1263,0.06,1821.87,41.32,
Sur,E0,0:00:00,1298,0.08,1821.87,40.87,
Sur,E0,0:00:00,1301,0.07,1821.87,40.55,
Sur,E0,0:00:00,1327,0.07,1821.87,40.65,
Sur,E0,0:00:00,1329,0.06,1821.87,41.24,
Sur,E0,0:00:00,2168,0.05,1821.91,43.87,
Sur,E0,0:00:00,2176,0.07,1821.87,42.13,
Sur,E0,0:00:00,2178,0.03,1821.88,43.42,
Sur,E0,0:00:00,2180,0.06,1821.88,43.94,
Sur,E0,0:00:00,2181,0.08,1821.89,44.1,
Sur,E0,0:00:00,2188,0.05,1821.98,42.67,
Sur,E0,0:00:00,2189,0.04,1822.01,41.66,
Sur,E0,0:00:00,2190,0.03,1822.03,39.81,
Sur,E0,0:00:00,2191,0.14,1822.12,36.82,
Sur,E0,0:00:00,2193,0.11,1821.98,35.6,
Sur,E0,0:00:00,2195,0.05,1821.96,35.6,
Sur,E0,0:00:00,2197,0.09,1822.03,39.46,
Sur,E0,0:00:00,2199,0.1,1822.04,39.51,
Sur,E0,0:00:00,2202,0.12,1822.01,40.11,
Sur,E0,0:00:00,2205,0.13,1821.98,40.49,
Sur,E0,0:00:00,2208,0.01,1821.97,40.65,
Sur,E0,0:00:00,2211,0.07,1821.96,40.74,
Sur,E0,0:00:00,2213,0.03,1821.95,41.54,
Sur,E0,0:00:00,2214,0.04,1821.94,42.17,
Sur,E0,0:00:00,2217,0.08,1821.89,42.83,
Sur,E0,0:00:00,2218,0.08,1821.89,41.59,
Sur,E0,0:00:00,2219,0.08,1821.9,41.14,
Sur,E0,0:00:00,2221,0.08,1821.91,40.67,
Sur,E0,0:00:00,2224,0.05,1821.9,40.57,
Sur,E0,0:00:00,2227,0.01,1821.89,40.66,
Sur,E0,0:00:00,2228,0.04,1821.89,40.7,
Sur,E0,0:00:00,2229,0.05,1821.9,41.07,
Sur,E0,0:00:00,2231,0.05,1821.89,41.6,
Sur,E0,0:00:00,2232,0.06,1821.89,42.4,
Sur,E0,0:00:00,2233,0.0,1821.87,41.61,
Sur,E0,0:00:00,2234,0.03,1821.87,41.52,
Sur,E0,0:00:00,2235,0.03,1821.87,41.33,
Sur,E0,0:00:00,2236,0.07,1821.87,41.33,
Sur,E0,0:00:00,2237,0.09,1821.87,40.85,
Sur,E0,0:00:00,2238,0.09,1821.87,40.93,
Sur,E0,0:00:00,2239,0.12,1821.88,40.65,
Sur,E0,0:00:00,2240,0.06,1821.87,40.76,
Sur,E0,0:00:00,2243,0.01,1821.87,40.11,
Sur,E0,0:00:00,2244,0.04,1821.87,40.21,
Sur,E0,0:00:00,2245,0.01,1821.87,40.09,
Sur,E0,0:00:00,2246,0.05,1821.89,39.97,
Sur,E0,0:00:00,2247,0.08,1821.89,40.43,
Sur,E0,0:00:00,2248,0.08,1821.89,40.26,
Sur,E0,0:00:00,2249,0.03,1821.89,39.67,
Sur,E0,0:00:00,2250,0.07,1821.89,40.02,
Sur,E0,0:00:00,2251,0.05,1821.89,40.19,
Sur,E0,0:00:00,2253,0.05,1821.89,39.68,
Sur,E0,0:00:00,2254,0.03,1821.89,38.24,
Sur,E0,0:00:00,2255,0.05,1821.89,39.25,
Sur,E0,0:00:00,2256,0.02,1821.89,38.84,
Sur,E0,0:00:00,2257,0.05,1821.89,39.16,
Sur,E0,0:00:00,2258,0.06,1821.89,39.54,
Sur,E0,0:00:00,2259,0.03,1821.89,39.2,
Sur,E0,0:00:00,2260,0.03,1821.96,38.76,
Sur,E0,0:00:00,2261,0.05,1821.96,37.28,
Sur,E0,0:00:00,2262,0.1,1821.98,37.77,
Sur,E0,0:00:00,2263,0.11,1821.99,37.89,
Sur,E0,0:00:00,2266,0.08,1822.0,34.72,
Sur,E0,0:00:00,2267,0.1,1822.0,36.33,
Sur,E0,0:00:00,2270,0.09,1822.0,35.96,
Sur,E0,0:00:00,2271,0.02,1822.0,37.29,
Sur,E0,0:00:00,2272,0.01,1822.0,35.77,
Sur,E0,0:00:00,2273,0.03,1822.5,30.98,
Sur,E0,0:00:00,2274,0.0,1822.5,30.43,
Sur,E0,0:00:00,2281,0.04,1822.0,30.92,
Sur,E0,0:00:00,2282,0.06,1821.99,30.95,
Sur,E0,0:00:00,2283,0.05,1821.99,24.44,
Sur,E0,0:00:00,2284,0.04,1821.99,23.16,
Sur,E0,0:00:00,2285,0.01,1821.99,23.75,
Sur,E0,0:00:00,2286,0.01,1821.99,21.76,
Sur,E0,0:00:00,2287,0.04,1821.99,23.06,
Sur,E0,0:00:00,2288,0.05,1821.99,26.24,
Sur,E0,0:00:00,2289,0.07,1821.99,33.52,
Sur,E0,0:00:00,2290,0.07,1821.96,27.44,
Sur,E0,0:00:00,2292,0.09,1821.87,36.34,
Sur,E0,0:00:00,2294,0.09,1821.86,35.74,
Sur,E0,0:00:00,2295,0.11,1821.87,40.22,
Sur,E0,0:00:00,2296,0.09,1821.86,39.23,
Sur,E0,0:00:00,2297,0.05,1821.87,40.6,
Sur,E0,0:00:00,2299,0.07,1821.87,40.68,
Sur,E0,0:00:00,2301,0.08,1821.87,41.19,
Sur,E0,0:00:00,2302,0.08,1821.86,40.52,
Sur,E0,0:00:00,2303,0.08,1821.86,39.68,
Sur,E0,0:00:00,2304,0.03,1821.85,38.35,
Sur,E0,0:00:00,2306,0.06,1821.86,38.3,
Sur,E0,0:00:00,2307,0.09,1821.86,38.86,
Sur,E0,0:00:00,2309,0.07,1821.84,36.42,
Sur,E0,0:00:00,2310,0.05,1821.85,36.83,
Sur,E0,0:00:00,2315,0.05,1821.86,34.14,
Sur,E0,0:00:00,2316,0.07,1821.86,33.39,
Sur,E0,0:00:00,2321,0.14,1821.95,29.49,
Sur,E0,0:00:00,2322,0.06,1821.85,39.58,
Sur,E0,0:00:00,2324,0.02,1821.84,39.37,
Sur,E0,0:00:00,2325,0.06,1821.84,37.3,
Sur,E0,0:00:00,2326,0.03,1821.84,36.76,
Sur,E0,0:00:00,2327,0.0,1821.84,36.21,
Sur,E0,0:00:00,2328,0.09,1821.84,35.08,
Sur,E0,0:00:00,2330,0.04,1821.84,29.25,
Sur,E0,0:00:00,2332,0.04,1821.84,23.38,
Sur,E0,0:00:00,2748,0.01,1821.9,34.86,
Sur,E0,0:00:00,2749,0.04,1821.96,34.48,
Sur,E0,0:00:00,2749-1,0.07,1821.96,34.86,
Sur,E0,0:00:00,2750,0.01,1821.96,33.55,
Sur,E0,0:00:00,2753,0.04,1821.92,35.99,
Sur,E0,0:00:00,2755,0.04,1821.91,35.84,
Sur,E0,0:00:00,2757,0.04,1821.9,34.95,
Sur,E0,0:00:00,2758,0.04,1821.9,34.94,
Sur,E0,0:00:00,2759,0.02,1821.96,34.25,
Sur,E0,0:00:00,2762,0.05,1821.88,35.93,
Sur,E0,0:00:00,2764,0.02,1821.89,35.69,
Sur,E0,0:00:00,2765,0.04,1821.89,35.02,
Sur,E0,0:00:00,2766,0.02,1821.89,35.04,
Sur,E0,0:00:00,2767,0.02,1821.96,34.91,
Sur,E0,0:00:00,2768,0.06,1821.84,35.83,
Sur,E0,0:00:00,2770,0.06,1821.84,35.9,
Sur,E0,0:00:00,2772,0.05,1821.84,32.85,
Sur,E0,0:00:00,2773,0.05,1821.84,32.65,
Sur,E0,0:00:00,2778,0.04,1821.82,35.68,
Sur,E0,0:00:00,2780,0.05,1821.81,35.63,
Sur,E0,0:00:00,2782,0.03,1821.82,34.04,
Sur,E0,0:00:00,2782-1,0.02,1821.76,16.37,
Sur,E0,0:00:00,2783,0.03,1821.81,33.88,
Sur,E0,0:00:00,2785,0.02,1821.79,36.47,
Sur,E0,0:00:00,2786,0.07,1821.79,35.88,
Sur,E0,0:00:00,2789,0.04,1821.79,35.09,
Sur,E0,0:00:00,2791,0.01,1821.76,24.29,
Sur,E0,0:00:00,2792,0.08,1821.76,22.55,
Sur,E0,0:00:00,2794,0.02,1821.76,22.66,
Sur,E0,0:00:00,2795,0.01,1821.76,15.86,
Sur,E0,0:00:00,2796,0.02,1821.76,15.89,
Sur,E0,0:00:00,2797,0.03,1821.76,16.06,
Sur,E0,0:00:00,2800,0.02,1821.76,17.01,
Sur,E0,0:00:00,2801,0.02,1821.76,17.1,
Sur,E0,0:00:00,2802,0.03,1821.76,24.83,
Sur,E0,0:00:00,2803,0.03,1821.76,24.8,
Sur,E0,0:00:00,2804,0.04,1821.76,24.62,
Sur,E0,0:00:00,2805,0.03,1821.76,24.65,
Sur,E0,0:00:00,2806,0.04,1821.76,16.19,
Sur,E0,0:00:00,2807,0.04,1821.76,16.8,
Sur,E0,0:00:00,2809,0.03,1821.76,13.44,
Sur,E0,0:00:00,2810,0.03,1821.76,21.09,
Sur,E0,0:00:00,2811,0.01,1821.76,17.92,
Sur,E0,0:00:00,2812,0.01,1821.76,17.69,
Sur,E0,0:00:00,2815,0.01,1821.76,21.15,
Sur,E0,0:00:00,2817,0.05,1821.76,21.81,
Sur,E0,0:00:00,2818,0.01,1821.76,17.15,
Sur,E0,0:00:00,2819,0.01,1821.76,16.38,
Sur,E0,0:00:00,2820,0.02,1821.76,17.75,
Sur,E0,0:00:00,2821,0.02,1821.76,16.63,
Sur,E0,0:00:00,2823,0.01,1821.76,14.25,
Sur,E0,0:00:00,2824,0.01,1821.76,13.47,
Sur,E0,0:00:00,2825,0.03,1821.76,13.97,
Sur,E0,0:00:00,2826,0.03,1821.76,14.04,
Sur,E0,0:00:00,2827,0.03,1821.76,19.06,
Sur,E0,0:00:00,2828,0.03,1821.76,21.3,
Sur,E0,0:00:00,2829,0.03,1821.76,26.98,
Sur,E0,0:00:00,2830,0.02,1821.76,26.58,
Sur,E0,0:00:00,2831,0.01,1821.76,26.61,
Sur,E0,0:00:00,2832,0.01,1821.76,21.8,
Sur,E0,0:00:00,2833,0.01,1821.76,21.39,
Sur,E0,0:00:00,2834,0.02,1821.76,26.92,
Sur,E0,0:00:00,2835,0.02,1821.76,27.3,
Sur,E0,0:00:00,2836,0.01,1821.76,22.9,
Sur,E0,0:00:00,2837,0.01,1821.76,23.5,
Sur,E0,0:00:00,2838,0.01,1821.76,27.37,
Sur,E0,0:00:00,2839,0.0,1821.76,27.54,
Sur,E0,0:00:00,2840,0.03,1821.76,29.1,
Sur,E0,0:00:00,2841,0.03,1821.77,31.39,
Sur,E0,0:00:00,2842,0.06,1821.77,34.14,
Sur,E0,0:00:00,2843,0.03,1821.79,34.9,
Sur,E0,0:00:00,2854,0.02,1822.0,34.56,
Sur,E0,0:00:00,5026,0.0,1821.91,42.65,
Sur,E0,0:00:00,5036,0.02,1822.73,34.17,
Sur,E0,0:00:00,5037,0.02,1822.63,35.14,
Sur,E0,0:00:00,5038,0.01,1822.84,19.98,
Sur,E0,0:00:00,5083,0.0,1821.84,36.45,
Sur,E0,0:00:00,5084,0.12,1822.5,35.95,
Sur,E0,0:00:00,5085,0.17,1821.96,35.77,
Sur,E0,0:00:00,5096,0.02,1821.7,17.04,
Sur,E0,0:00:00,5097,0.03,1821.7,18.81,
Sur,E0,0:00:00,5098,0.02,1821.71,18.8,
Sur,E0,0:00:00,5099,0.01,1821.71,17.64,
Sur,E0,0:00:00,5100,0.03,1821.71,16.65,
Sur,E0,0:00:00,5151,0.09,1821.88,38.7,
Sur,E0,0:00:00,5152,0.01,1821.96,40.29,
Sur,E0,0:00:00,5153,0.07,1821.93,43.26,
Sur,E0,0:00:00,5154,0.03,1821.89,42.54,
Sur,E0,0:00:00,5185,0.03,1821.87,42.34,
Sur,E0,0:00:00,5203,0.04,1821.87,37.0,
Sur,E0,0:00:00,5208,0.01,1821.9,40.99,
Sur,E0,0:00:00,5209,0.07,1821.9,41.51,
Sur,E0,0:00:00,5262,0.07,1821.86,29.51,
Sur,E0,0:00:00,5263,0.04,1821.95,28.85,
Sur,E0,0:00:00,5275,0.0,1821.84,32.75,
Sur,E0,0:00:00,5276,0.01,1821.7,16.79,
Sur,E0,0:00:00,5277,0.03,1821.7,19.98,
Sur,E0,0:00:00,5278,0.03,1821.75,16.17,
Sur,E0,0:00:00,5279,0.02,1821.71,17.36,
Sur,E0,0:00:00,5280,0.04,1821.72,18.69,
Sur,E0,0:00:00,5282,0.02,1821.84,17.72,
Sur,E0,0:00:00,5283,0.02,1821.84,32.01,
Sur,E0,0:00:00,5292,0.08,1821.97,22.48,
Sur,E0,0:00:00,5383,0.04,1821.76,13.82,
Sur,E0,0:00:00,5384,0.01,1821.76,23.21,
Sur,E0,0:00:00,5385,0.02,1821.76,14.9,
Sur,E0,0:00:00,5387,0.01,1821.76,21.42,
Sur,E0,0:00:00,5481,0.18,1822.0,36.7,
Sur,E0,0:00:00,5482,0.2,1822.03,40.61,
Sur,E0,0:00:00,5497,0.01,1821.96,39.2,
Sur,E0,0:00:00,5498,0.03,1821.89,42.04,
Sur,E0,0:00:00,5503,0.1,1821.84,34.69,
Sur,E0,0:00:00,5504,0.04,1821.84,29.01,
Sur,E0,0:00:00,5505,0.09,1821.86,34.82,
Sur,E0,0:00:00,5534,0.02,1821.89,40.88,
Sur,E0,0:00:00,5535,0.04,1821.91,42.68,
Sur,E0,0:00:00,5575,0.02,1821.76,14.74,
Sur,E0,0:00:00,5623,0.13,1821.86,36.61,
Sur,E0,0:00:00,5652,0.07,1821.79,34.94,
Sur,E0,0:00:00,5655,0.0,1822.03,40.68,
Sur,E0,0:00:00,5656,0.02,1822.04,39.66,
Sur,E0,0:00:00,5657,0.02,1822.05,39.57,
Sur,E0,0:00:00,5658,0.06,1822.13,41.28,
Sur,E0,0:00:00,5659,0.01,1822.51,35.88,
Sur,E0,0:00:00,5660,0.08,1822.37,37.31,
Sur,E0,0:00:00,5664,0.02,1821.87,41.33,
Sur,E0,0:00:00,5668,0.0,1821.79,35.46,
Sur,E0,0:00:00,5681,0.01,1821.97,40.91,
Sur,E0,0:00:00,5682,0.04,1822.03,40.61,
Sur,E0,1:00:00,10013,0.02,1821.67,16.86,
Sur,E0,1:00:00,10022,0.05,1821.84,41.54,
Sur,E0,1:00:00,10025,0.0,1822.49,30.4,
Sur,E0,1:00:00,10067,0.04,1822.1,40.31,
Sur,E0,1:00:00,1066,0.03,1821.84,49.18,
Sur,E0,1:00:00,1234,0.1,1821.82,40.72,
Sur,E0,1:00:00,1236,0.07,1821.82,41.24,
Sur,E0,1:00:00,1238,0.08,1821.83,41.52,
Sur,E0,1:00:00,1259,0.04,1821.84,41.62,
Sur,E0,1:00:00,1263,0.06,1821.84,41.29,
Sur,E0,1:00:00,1298,0.08,1821.84,40.84,
Sur,E0,1:00:00,1301,0.07,1821.84,40.52,
Sur,E0,1:00:00,1327,0.07,1821.84,40.62,
Sur,E0,1:00:00,1329,0.06,1821.84,41.21,
Sur,E0,1:00:00,2168,0.05,1821.89,43.85,
Sur,E0,1:00:00,2176,0.07,1821.84,42.1,
Sur,E0,1:00:00,2178,0.03,1821.85,43.39,
Sur,E0,1:00:00,2180,0.06,1821.85,43.91,
Sur,E0,1:00:00,2181,0.08,1821.86,44.07,
Sur,E0,1:00:00,2188,0.05,1821.96,42.65,
Sur,E0,1:00:00,2189,0.04,1821.98,41.63,
Sur,E0,1:00:00,2190,0.03,1822.01,39.79,
Sur,E0,1:00:00,2191,0.14,1822.1,36.8,
Sur,E0,1:00:00,2193,0.11,1821.95,35.57,
Sur,E0,1:00:00,2195,0.05,1821.94,35.58,
Sur,E0,1:00:00,2197,0.09,1822.01,39.44,
Sur,E0,1:00:00,2199,0.11,1822.02,39.49,
Sur,E0,1:00:00,2202,0.12,1821.98,40.08,
Sur,E0,1:00:00,2205,0.13,1821.96,40.47,
Sur,E0,1:00:00,2208,0.01,1821.94,40.62,
Sur,E0,1:00:00,2211,0.07,1821.93,40.71,
Sur,E0,1:00:00,2213,0.03,1821.92,41.51,
Sur,E0,1:00:00,2214,0.04,1821.91,42.14,
Sur,E0,1:00:00,2217,0.09,1821.86,42.8,
Sur,E0,1:00:00,2218,0.08,1821.86,41.56,
Sur,E0,1:00:00,2219,0.08,1821.87,41.11,
Sur,E0,1:00:00,2221,0.09,1821.88,40.64,
Sur,E0,1:00:00,2224,0.05,1821.87,40.54,
Sur,E0,1:00:00,2227,0.01,1821.86,40.63,
Sur,E0,1:00:00,2228,0.04,1821.86,40.67,
Sur,E0,1:00:00,2229,0.05,1821.87,41.05,
Sur,E0,1:00:00,2231,0.05,1821.86,41.57,
Sur,E0,1:00:00,2232,0.06,1821.86,42.37,
Sur,E0,1:00:00,2233,0.0,1821.84,41.58,
Sur,E0,1:00:00,2234,0.03,1821.84,41.49,
Sur,E0,1:00:00,2235,0.03,1821.84,41.3,
Sur,E0,1:00:00,2236,0.07,1821.84,41.3,
Sur,E0,1:00:00,2237,0.09,1821.84,40.82,
Sur,E0,1:00:00,2238,0.09,1821.84,40.9,
Sur,E0,1:00:00,2239,0.12,1821.85,40.62,
Sur,E0,1:00:00,2240,0.06,1821.84,40.73,
Sur,E0,1:00:00,2243,0.01,1821.84,40.08,
Sur,E0,1:00:00,2244,0.04,1821.84,40.18,
Sur,E0,1:00:00,2245,0.01,1821.84,40.06,
Sur,E0,1:00:00,2246,0.05,1821.86,39.94,
Sur,E0,1:00:00,2247,0.08,1821.86,40.4,
Sur,E0,1:00:00,2248,0.08,1821.86,40.23,
Sur,E0,1:00:00,2249,0.03,1821.86,39.64,
Sur,E0,1:00:00,2250,0.07,1821.86,39.99,
Sur,E0,1:00:00,2251,0.05,1821.86,40.16,
Sur,E0,1:00:00,2253,0.05,1821.86,39.65,
Sur,E0,1:00:00,2254,0.03,1821.86,38.21,
Sur,E0,1:00:00,2255,0.05,1821.86,39.22,
Sur,E0,1:00:00,2256,0.02,1821.86,38.81,
Sur,E0,1:00:00,2257,0.05,1821.86,39.13,
Sur,E0,1:00:00,2258,0.06,1821.86,39.51,
Sur,E0,1:00:00,2259,0.03,1821.86,39.17,
Sur,E0,1:00:00,2260,0.03,1821.94,38.74,
Sur,E0,1:00:00,2261,0.05,1821.94,37.26,
Sur,E0,1:00:00,2262,0.1,1821.95,37.74,
Sur,E0,1:00:00,2263,0.11,1821.97,37.87,
Sur,E0,1:00:00,2266,0.08,1821.97,34.69,
Sur,E0,1:00:00,2267,0.1,1821.97,36.3,
Sur,E0,1:00:00,2270,0.09,1821.97,35.93,
Sur,E0,1:00:00,2271,0.02,1821.97,37.26,
Sur,E0,1:00:00,2272,0.01,1821.97,35.74,
Sur,E0,1:00:00,2273,0.03,1822.49,30.97,
Sur,E0,1:00:00,2274,0.0,1822.49,30.42,
Sur,E0,1:00:00,2281,0.04,1821.97,30.89,
Sur,E0,1:00:00,2282,0.06,1821.97,30.93,
Sur,E0,1:00:00,2283,0.05,1821.97,24.42,
Sur,E0,1:00:00,2284,0.04,1821.96,23.13,
Sur,E0,1:00:00,2285,0.01,1821.96,23.72,
Sur,E0,1:00:00,2286,0.01,1821.96,21.73,
Sur,E0,1:00:00,2287,0.05,1821.96,23.03,
Sur,E0,1:00:00,2288,0.05,1821.96,26.21,
Sur,E0,1:00:00,2289,0.07,1821.97,33.5,
Sur,E0,1:00:00,2290,0.07,1821.93,27.41,
Sur,E0,1:00:00,2292,0.09,1821.84,36.31,
Sur,E0,1:00:00,2294,0.09,1821.83,35.71,
Sur,E0,1:00:00,2295,0.12,1821.84,40.19,
Sur,E0,1:00:00,2296,0.09,1821.83,39.2,
Sur,E0,1:00:00,2297,0.05,1821.84,40.57,
Sur,E0,1:00:00,2299,0.07,1821.84,40.65,
Sur,E0,1:00:00,2301,0.08,1821.84,41.16,
Sur,E0,1:00:00,2302,0.08,1821.83,40.49,
Sur,E0,1:00:00,2303,0.09,1821.83,39.65,
Sur,E0,1:00:00,2304,0.04,1821.82,38.32,
Sur,E0,1:00:00,2306,0.06,1821.83,38.27,
Sur,E0,1:00:00,2307,0.09,1821.83,38.83,
Sur,E0,1:00:00,2309,0.07,1821.81,36.39,
Sur,E0,1:00:00,2310,0.05,1821.82,36.8,
Sur,E0,1:00:00,2315,0.05,1821.83,34.11,
Sur,E0,1:00:00,2316,0.08,1821.83,33.36,
Sur,E0,1:00:00,2321,0.14,1821.92,29.46,
Sur,E0,1:00:00,2322,0.06,1821.82,39.55,
Sur,E0,1:00:00,2324,0.02,1821.81,39.34,
Sur,E0,1:00:00,2325,0.06,1821.81,37.27,
Sur,E0,1:00:00,2326,0.03,1821.81,36.73,
Sur,E0,1:00:00,2327,0.0,1821.81,36.18,
Sur,E0,1:00:00,2328,0.09,1821.81,35.05,
Sur,E0,1:00:00,2330,0.04,1821.81,29.22,
Sur,E0,1:00:00,2332,0.04,1821.81,23.35,
Sur,E0,1:00:00,2748,0.01,1821.87,34.83,
Sur,E0,1:00:00,2749,0.04,1821.94,34.46,
Sur,E0,1:00:00,2749-1,0.07,1821.94,34.84,
Sur,E0,1:00:00,2750,0.01,1821.94,33.53,
Sur,E0,1:00:00,2753,0.04,1821.89,35.96,
Sur,E0,1:00:00,2755,0.04,1821.88,35.81,
Sur,E0,1:00:00,2757,0.04,1821.87,34.92,
Sur,E0,1:00:00,2758,0.04,1821.87,34.91,
Sur,E0,1:00:00,2759,0.02,1821.94,34.23,
Sur,E0,1:00:00,2762,0.05,1821.85,35.9,
Sur,E0,1:00:00,2764,0.02,1821.86,35.66,
Sur,E0,1:00:00,2765,0.04,1821.86,34.99,
Sur,E0,1:00:00,2766,0.02,1821.86,35.01,
Sur,E0,1:00:00,2767,0.02,1821.93,34.88,
Sur,E0,1:00:00,2768,0.06,1821.81,35.8,
Sur,E0,1:00:00,2770,0.06,1821.8,35.86,
Sur,E0,1:00:00,2772,0.05,1821.81,32.82,
Sur,E0,1:00:00,2773,0.05,1821.8,32.61,
Sur,E0,1:00:00,2778,0.05,1821.78,35.64,
Sur,E0,1:00:00,2780,0.05,1821.78,35.6,
Sur,E0,1:00:00,2782,0.03,1821.78,34.0,
Sur,E0,1:00:00,2782-1,0.02,1821.72,16.33,
Sur,E0,1:00:00,2783,0.03,1821.78,33.85,
Sur,E0,1:00:00,2785,0.02,1821.76,36.44,
Sur,E0,1:00:00,2786,0.07,1821.76,35.85,
Sur,E0,1:00:00,2789,0.04,1821.76,35.06,
Sur,E0,1:00:00,2791,0.01,1821.72,24.25,
Sur,E0,1:00:00,2792,0.09,1821.73,22.52,
Sur,E0,1:00:00,2794,0.02,1821.73,22.63,
Sur,E0,1:00:00,2795,0.01,1821.72,15.82,
Sur,E0,1:00:00,2796,0.02,1821.72,15.85,
Sur,E0,1:00:00,2797,0.03,1821.72,16.02,
Sur,E0,1:00:00,2800,0.02,1821.72,16.97,
Sur,E0,1:00:00,2801,0.02,1821.72,17.06,
Sur,E0,1:00:00,2802,0.03,1821.72,24.79,
Sur,E0,1:00:00,2803,0.03,1821.72,24.76,
Sur,E0,1:00:00,2804,0.04,1821.72,24.58,
Sur,E0,1:00:00,2805,0.03,1821.72,24.61,
Sur,E0,1:00:00,2806,0.04,1821.72,16.15,
Sur,E0,1:00:00,2807,0.04,1821.72,16.76,
Sur,E0,1:00:00,2809,0.03,1821.72,13.4,
Sur,E0,1:00:00,2810,0.03,1821.72,21.05,
Sur,E0,1:00:00,2811,0.01,1821.72,17.88,
Sur,E0,1:00:00,2812,0.01,1821.72,17.65,
Sur,E0,1:00:00,2815,0.01,1821.72,21.11,
Sur,E0,1:00:00,2817,0.05,1821.72,21.77,
Sur,E0,1:00:00,2818,0.01,1821.72,17.11,
Sur,E0,1:00:00,2819,0.01,1821.72,16.34,
Sur,E0,1:00:00,2820,0.02,1821.72,17.71,
Sur,E0,1:00:00,2821,0.02,1821.72,16.59,
Sur,E0,1:00:00,2823,0.01,1821.72,14.21,
Sur,E0,1:00:00,2824,0.01,1821.72,13.43,
Sur,E0,1:00:00,2825,0.03,1821.72,13.93,
Sur,E0,1:00:00,2826,0.03,1821.72,14.0,
Sur,E0,1:00:00,2827,0.03,1821.72,19.03,
Sur,E0,1:00:00,2828,0.03,1821.73,21.27,
Sur,E0,1:00:00,2829,0.03,1821.73,26.95,
Sur,E0,1:00:00,2830,0.02,1821.73,26.55,
Sur,E0,1:00:00,2831,0.01,1821.73,26.58,
Sur,E0,1:00:00,2832,0.01,1821.73,21.77,
Sur,E0,1:00:00,2833,0.01,1821.73,21.36,
Sur,E0,1:00:00,2834,0.02,1821.73,26.89,
Sur,E0,1:00:00,2835,0.02,1821.73,27.27,
Sur,E0,1:00:00,2836,0.01,1821.73,22.87,
Sur,E0,1:00:00,2837,0.01,1821.73,23.47,
Sur,E0,1:00:00,2838,0.01,1821.73,27.34,
Sur,E0,1:00:00,2839,0.0,1821.73,27.51,
Sur,E0,1:00:00,2840,0.03,1821.73,29.07,
Sur,E0,1:00:00,2841,0.03,1821.73,31.35,
Sur,E0,1:00:00,2842,0.06,1821.74,34.11,
Sur,E0,1:00:00,2843,0.03,1821.76,34.87,
Sur,E0,1:00:00,2854,0.02,1821.98,34.54,
Sur,E0,1:00:00,5026,0.0,1821.88,42.62,
Sur,E0,1:00:00,5036,0.02,1822.73,34.17,
Sur,E0,1:00:00,5037,0.02,1822.62,35.13,
Sur,E0,1:00:00,5038,0.01,1822.84,19.98,
Sur,E0,1:00:00,5083,0.0,1821.81,36.42,
Sur,E0,1:00:00,5084,0.12,1822.49,35.94,
Sur,E0,1:00:00,5085,0.18,1821.93,35.74,
Sur,E0,1:00:00,5096,0.02,1821.67,17.01,
Sur,E0,1:00:00,5097,0.03,1821.67,18.78,
Sur,E0,1:00:00,5098,0.02,1821.67,18.76,
Sur,E0,1:00:00,5099,0.01,1821.67,17.6,
Sur,E0,1:00:00,5100,0.03,1821.67,16.61,
Sur,E0,1:00:00,5151,0.09,1821.85,38.67,
Sur,E0,1:00:00,5152,0.01,1821.93,40.26,
Sur,E0,1:00:00,5153,0.07,1821.9,43.23,
Sur,E0,1:00:00,5154,0.03,1821.86,42.51,
Sur,E0,1:00:00,5185,0.03,1821.84,42.31,
Sur,E0,1:00:00,5203,0.04,1821.84,36.97,
Sur,E0,1:00:00,5208,0.01,1821.87,40.96,
Sur,E0,1:00:00,5209,0.07,1821.87,41.48,
Sur,E0,1:00:00,5262,0.07,1821.83,29.48,
Sur,E0,1:00:00,5263,0.04,1821.92,28.82,
Sur,E0,1:00:00,5275,0.0,1821.81,32.72,
Sur,E0,1:00:00,5276,0.01,1821.67,16.76,
Sur,E0,1:00:00,5277,0.03,1821.67,19.95,
Sur,E0,1:00:00,5278,0.03,1821.72,16.14,
Sur,E0,1:00:00,5279,0.02,1821.67,17.32,
Sur,E0,1:00:00,5280,0.04,1821.69,18.66,
Sur,E0,1:00:00,5282,0.02,1821.81,17.69,
Sur,E0,1:00:00,5283,0.02,1821.81,31.98,
Sur,E0,1:00:00,5292,0.08,1821.94,22.45,
Sur,E0,1:00:00,5383,0.04,1821.72,13.78,
Sur,E0,1:00:00,5384,0.01,1821.72,23.17,
Sur,E0,1:00:00,5385,0.02,1821.72,14.86,
Sur,E0,1:00:00,5387,0.01,1821.72,21.38,
Sur,E0,1:00:00,5481,0.18,1821.98,36.68,
Sur,E0,1:00:00,5482,0.2,1822.0,40.58,
Sur,E0,1:00:00,5497,0.01,1821.94,39.18,
Sur,E0,1:00:00,5498,0.03,1821.86,42.01,
Sur,E0,1:00:00,5503,0.1,1821.81,34.66,
Sur,E0,1:00:00,5504,0.04,1821.81,28.98,
Sur,E0,1:00:00,5505,0.09,1821.83,34.79,
Sur,E0,1:00:00,5534,0.02,1821.87,40.86,
Sur,E0,1:00:00,5535,0.04,1821.88,42.65,
Sur,E0,1:00:00,5575,0.02,1821.72,14.7,
Sur,E0,1:00:00,5623,0.13,1821.83,36.58,
Sur,E0,1:00:00,5652,0.07,1821.76,34.91,
Sur,E0,1:00:00,5655,0.0,1822.01,40.66,
Sur,E0,1:00:00,5656,0.02,1822.02,39.64,
Sur,E0,1:00:00,5657,0.02,1822.03,39.55,
Sur,E0,1:00:00,5658,0.07,1822.1,41.25,
Sur,E0,1:00:00,5659,0.01,1822.49,35.86,
Sur,E0,1:00:00,5660,0.08,1822.35,37.29,
Sur,E0,1:00:00,5664,0.02,1821.84,41.3,
Sur,E0,1:00:00,5668,0.0,1821.76,35.43,
Sur,E0,1:00:00,5681,0.01,1821.94,40.88,
Sur,E0,1:00:00,5682,0.04,1822.01,40.59,
Sur,E0,2:00:00,10013,0.02,1821.61,16.8,
Sur,E0,2:00:00,10022,0.06,1821.79,41.49,
Sur,E0,2:00:00,10025,0.0,1822.47,30.38,
Sur,E0,2:00:00,10067,0.05,1822.06,40.27,
Sur,E0,2:00:00,1066,0.03,1821.79,49.13,
Sur,E0,2:00:00,1234,0.1,1821.77,40.67,
Sur,E0,2:00:00,1236,0.07,1821.77,41.19,
Sur,E0,2:00:00,1238,0.09,1821.78,41.47,
Sur,E0,2:00:00,1259,0.04,1821.79,41.57,
Sur,E0,2:00:00,1263,0.06,1821.79,41.24,
Sur,E0,2:00:00,1298,0.08,1821.79,40.79,
Sur,E0,2:00:00,1301,0.08,1821.79,40.47,
Sur,E0,2:00:00,1327,0.07,1821.79,40.57,
Sur,E0,2:00:00,1329,0.06,1821.79,41.16,
Sur,E0,2:00:00,2168,0.05,1821.84,43.8,
Sur,E0,2:00:00,2176,0.08,1821.79,42.05,
Sur,E0,2:00:00,2178,0.03,1821.8,43.34,
Sur,E0,2:00:00,2180,0.06,1821.8,43.86,
Sur,E0,2:00:00,2181,0.08,1821.81,44.02,
Sur,E0,2:00:00,2188,0.05,1821.91,42.6,
Sur,E0,2:00:00,2189,0.04,1821.94,41.59,
Sur,E0,2:00:00,2190,0.03,1821.96,39.74,
Sur,E0,2:00:00,2191,0.15,1822.06,36.76,
Sur,E0,2:00:00,2193,0.11,1821.9,35.52,
Sur,E0,2:00:00,2195,0.05,1821.89,35.53,
Sur,E0,2:00:00,2197,0.1,1821.96,39.39,
Sur,E0,2:00:00,2199,0.11,1821.97,39.44,
Sur,E0,2:00:00,2202,0.12,1821.94,40.04,
Sur,E0,2:00:00,2205,0.14,1821.91,40.42,
Sur,E0,2:00:00,2208,0.01,1821.89,40.57,
Sur,E0,2:00:00,2211,0.07,1821.88,40.66,
Sur,E0,2:00:00,2213,0.03,1821.87,41.46,
Sur,E0,2:00:00,2214,0.04,1821.86,42.09,
Sur,E0,2:00:00,2217,0.09,1821.81,42.75,
Sur,E0,2:00:00,2218,0.09,1821.81,41.51,
Sur,E0,2:00:00,2219,0.09,1821.82,41.06,
Sur,E0,2:00:00,2221,0.09,1821.83,40.59,
Sur,E0,2:00:00,2224,0.06,1821.81,40.48,
Sur,E0,2:00:00,2227,0.01,1821.81,40.58,
Sur,E0,2:00:00,2228,0.04,1821.81,40.62,
Sur,E0,2:00:00,2229,0.05,1821.81,40.99,
Sur,E0,2:00:00,2231,0.05,1821.81,41.52,
Sur,E0,2:00:00,2232,0.07,1821.81,42.32,
Sur,E0,2:00:00,2233,0.0,1821.79,41.53,
Sur,E0,2:00:00,2234,0.04,1821.79,41.44,
Sur,E0,2:00:00,2235,0.03,1821.79,41.25,
Sur,E0,2:00:00,2236,0.07,1821.79,41.25,
Sur,E0,2:00:00,2237,0.09,1821.79,40.77,
Sur,E0,2:00:00,2238,0.09,1821.79,40.85,
Sur,E0,2:00:00,2239,0.13,1821.79,40.56,
Sur,E0,2:00:00,2240,0.07,1821.79,40.68,
Sur,E0,2:00:00,2243,0.01,1821.79,40.03,
Sur,E0,2:00:00,2244,0.04,1821.79,40.13,
Sur,E0,2:00:00,2245,0.01,1821.79,40.01,
Sur,E0,2:00:00,2246,0.05,1821.81,39.89,
Sur,E0,2:00:00,2247,0.09,1821.81,40.35,
Sur,E0,2:00:00,2248,0.09,1821.81,40.18,
Sur,E0,2:00:00,2249,0.03,1821.81,39.59,
Sur,E0,2:00:00,2250,0.07,1821.81,39.94,
Sur,E0,2:00:00,2251,0.05,1821.81,40.11,
Sur,E0,2:00:00,2253,0.05,1821.81,39.6,
Sur,E0,2:00:00,2254,0.04,1821.81,38.16,
Sur,E0,2:00:00,2255,0.06,1821.8,39.16,
Sur,E0,2:00:00,2256,0.02,1821.8,38.75,
Sur,E0,2:00:00,2257,0.05,1821.8,39.07,
Sur,E0,2:00:00,2258,0.06,1821.8,39.45,
Sur,E0,2:00:00,2259,0.03,1821.8,39.11,
Sur,E0,2:00:00,2260,0.03,1821.89,38.69,
Sur,E0,2:00:00,2261,0.05,1821.89,37.21,
Sur,E0,2:00:00,2262,0.1,1821.91,37.7,
Sur,E0,2:00:00,2263,0.11,1821.92,37.82,
Sur,E0,2:00:00,2266,0.08,1821.93,34.65,
Sur,E0,2:00:00,2267,0.1,1821.93,36.26,
Sur,E0,2:00:00,2270,0.09,1821.92,35.88,
Sur,E0,2:00:00,2271,0.02,1821.92,37.21,
Sur,E0,2:00:00,2272,0.01,1821.92,35.69,
Sur,E0,2:00:00,2273,0.03,1822.47,30.95,
Sur,E0,2:00:00,2274,0.0,1822.47,30.4,
Sur,E0,2:00:00,2281,0.05,1821.92,30.84,
Sur,E0,2:00:00,2282,0.06,1821.92,30.88,
Sur,E0,2:00:00,2283,0.05,1821.92,24.37,
Sur,E0,2:00:00,2284,0.05,1821.92,23.09,
Sur,E0,2:00:00,2285,0.01,1821.92,23.68,
Sur,E0,2:00:00,2286,0.01,1821.92,21.69,
Sur,E0,2:00:00,2287,0.05,1821.92,22.99,
Sur,E0,2:00:00,2288,0.05,1821.92,26.17,
Sur,E0,2:00:00,2289,0.07,1821.92,33.45,
Sur,E0,2:00:00,2290,0.08,1821.88,27.36,
Sur,E0,2:00:00,2292,0.1,1821.79,36.25,
Sur,E0,2:00:00,2294,0.09,1821.78,35.66,
Sur,E0,2:00:00,2295,0.12,1821.79,40.13,
Sur,E0,2:00:00,2296,0.09,1821.78,39.15,
Sur,E0,2:00:00,2297,0.05,1821.79,40.52,
Sur,E0,2:00:00,2299,0.07,1821.79,40.6,
Sur,E0,2:00:00,2301,0.09,1821.79,41.11,
Sur,E0,2:00:00,2302,0.09,1821.78,40.44,
Sur,E0,2:00:00,2303,0.09,1821.78,39.6,
Sur,E0,2:00:00,2304,0.04,1821.77,38.27,
Sur,E0,2:00:00,2306,0.07,1821.77,38.21,
Sur,E0,2:00:00,2307,0.09,1821.78,38.78,
Sur,E0,2:00:00,2309,0.07,1821.75,36.33,
Sur,E0,2:00:00,2310,0.05,1821.77,36.75,
Sur,E0,2:00:00,2315,0.06,1821.77,34.05,
Sur,E0,2:00:00,2316,0.08,1821.77,33.3,
Sur,E0,2:00:00,2321,0.14,1821.87,29.41,
Sur,E0,2:00:00,2322,0.07,1821.76,39.49,
Sur,E0,2:00:00,2324,0.02,1821.76,39.29,
Sur,E0,2:00:00,2325,0.06,1821.76,37.22,
Sur,E0,2:00:00,2326,0.03,1821.76,36.68,
Sur,E0,2:00:00,2327,0.0,1821.76,36.13,
Sur,E0,2:00:00,2328,0.1,1821.76,35.0,
Sur,E0,2:00:00,2330,0.04,1821.75,29.16,
Sur,E0,2:00:00,2332,0.04,1821.75,23.29,
Sur,E0,2:00:00,2748,0.01,1821.82,34.78,
Sur,E0,2:00:00,2749,0.04,1821.89,34.41,
Sur,E0,2:00:00,2749-1,0.07,1821.89,34.79,
Sur,E0,2:00:00,2750,0.01,1821.89,33.48,
Sur,E0,2:00:00,2753,0.04,1821.84,35.91,
Sur,E0,2:00:00,2755,0.04,1821.83,35.76,
Sur,E0,2:00:00,2757,0.04,1821.82,34.87,
Sur,E0,2:00:00,2758,0.04,1821.82,34.86,
Sur,E0,2:00:00,2759,0.02,1821.89,34.18,
Sur,E0,2:00:00,2762,0.05,1821.8,35.85,
Sur,E0,2:00:00,2764,0.02,1821.81,35.61,
Sur,E0,2:00:00,2765,0.04,1821.81,34.94,
Sur,E0,2:00:00,2766,0.02,1821.81,34.96,
Sur,E0,2:00:00,2767,0.03,1821.89,34.84,
Sur,E0,2:00:00,2768,0.07,1821.76,35.75,
Sur,E0,2:00:00,2770,0.06,1821.75,35.81,
Sur,E0,2:00:00,2772,0.05,1821.75,32.76,
Sur,E0,2:00:00,2773,0.05,1821.75,32.56,
Sur,E0,2:00:00,2778,0.05,1821.73,35.59,
Sur,E0,2:00:00,2780,0.05,1821.72,35.54,
Sur,E0,2:00:00,2782,0.03,1821.73,33.95,
Sur,E0,2:00:00,2782-1,0.02,1821.66,16.27,
Sur,E0,2:00:00,2783,0.03,1821.72,33.79,
Sur,E0,2:00:00,2785,0.02,1821.7,36.38,
Sur,E0,2:00:00,2786,0.07,1821.7,35.79,
Sur,E0,2:00:00,2789,0.04,1821.7,35.0,
Sur,E0,2:00:00,2791,0.01,1821.67,24.2,
Sur,E0,2:00:00,2792,0.09,1821.67,22.46,
Sur,E0,2:00:00,2794,0.02,1821.67,22.57,
Sur,E0,2:00:00,2795,0.01,1821.67,15.77,
Sur,E0,2:00:00,2796,0.02,1821.67,15.8,
Sur,E0,2:00:00,2797,0.03,1821.67,15.97,
Sur,E0,2:00:00,2800,0.02,1821.66,16.91,
Sur,E0,2:00:00,2801,0.02,1821.66,17.0,
Sur,E0,2:00:00,2802,0.03,1821.66,24.73,
Sur,E0,2:00:00,2803,0.03,1821.66,24.7,
Sur,E0,2:00:00,2804,0.04,1821.66,24.52,
Sur,E0,2:00:00,2805,0.03,1821.66,24.55,
Sur,E0,2:00:00,2806,0.05,1821.66,16.09,
Sur,E0,2:00:00,2807,0.04,1821.66,16.7,
Sur,E0,2:00:00,2809,0.03,1821.66,13.34,
Sur,E0,2:00:00,2810,0.03,1821.66,20.99,
Sur,E0,2:00:00,2811,0.01,1821.66,17.82,
Sur,E0,2:00:00,2812,0.01,1821.66,17.59,
Sur,E0,2:00:00,2815,0.01,1821.66,21.05,
Sur,E0,2:00:00,2817,0.05,1821.66,21.71,
Sur,E0,2:00:00,2818,0.01,1821.66,17.05,
Sur,E0,2:00:00,2819,0.01,1821.66,16.28,
Sur,E0,2:00:00,2820,0.02,1821.66,17.65,
Sur,E0,2:00:00,2821,0.02,1821.66,16.53,
Sur,E0,2:00:00,2823,0.01,1821.67,14.16,
Sur,E0,2:00:00,2824,0.01,1821.66,13.37,
Sur,E0,2:00:00,2825,0.03,1821.66,13.87,
Sur,E0,2:00:00,2826,0.03,1821.67,13.95,
Sur,E0,2:00:00,2827,0.04,1821.67,18.97,
Sur,E0,2:00:00,2828,0.03,1821.67,21.21,
Sur,E0,2:00:00,2829,0.03,1821.67,26.89,
Sur,E0,2:00:00,2830,0.02,1821.67,26.49,
Sur,E0,2:00:00,2831,0.01,1821.67,26.52,
Sur,E0,2:00:00,2832,0.01,1821.67,21.71,
Sur,E0,2:00:00,2833,0.01,1821.67,21.3,
Sur,E0,2:00:00,2834,0.02,1821.67,26.83,
Sur,E0,2:00:00,2835,0.02,1821.67,27.21,
Sur,E0,2:00:00,2836,0.01,1821.67,22.81,
Sur,E0,2:00:00,2837,0.01,1821.67,23.41,
Sur,E0,2:00:00,2838,0.01,1821.67,27.28,
Sur,E0,2:00:00,2839,0.0,1821.67,27.45,
Sur,E0,2:00:00,2840,0.03,1821.67,29.01,
Sur,E0,2:00:00,2841,0.03,1821.68,31.3,
Sur,E0,2:00:00,2842,0.07,1821.68,34.05,
Sur,E0,2:00:00,2843,0.03,1821.7,34.81,
Sur,E0,2:00:00,2854,0.02,1821.93,34.49,
Sur,E0,2:00:00,5026,0.0,1821.83,42.57,
Sur,E0,2:00:00,5036,0.02,1822.72,34.16,
Sur,E0,2:00:00,5037,0.03,1822.61,35.12,
Sur,E0,2:00:00,5038,0.01,1822.84,19.98,
Sur,E0,2:00:00,5083,0.0,1821.75,36.36,
Sur,E0,2:00:00,5084,0.13,1822.47,35.92,
Sur,E0,2:00:00,5085,0.18,1821.88,35.69,
Sur,E0,2:00:00,5096,0.02,1821.61,16.95,
Sur,E0,2:00:00,5097,0.03,1821.61,18.72,
Sur,E0,2:00:00,5098,0.02,1821.61,18.7,
Sur,E0,2:00:00,5099,0.01,1821.61,17.54,
Sur,E0,2:00:00,5100,0.03,1821.61,16.55,
Sur,E0,2:00:00,5151,0.1,1821.8,38.62,
Sur,E0,2:00:00,5152,0.01,1821.88,40.21,
Sur,E0,2:00:00,5153,0.07,1821.85,43.18,
Sur,E0,2:00:00,5154,0.03,1821.81,42.46,
Sur,E0,2:00:00,5185,0.03,1821.79,42.26,
Sur,E0,2:00:00,5203,0.04,1821.79,36.92,
Sur,E0,2:00:00,5208,0.01,1821.81,40.9,
Sur,E0,2:00:00,5209,0.07,1821.82,41.43,
Sur,E0,2:00:00,5262,0.07,1821.77,29.42,
Sur,E0,2:00:00,5263,0.05,1821.87,28.77,
Sur,E0,2:00:00,5275,0.0,1821.75,32.66,
Sur,E0,2:00:00,5276,0.01,1821.61,16.7,
Sur,E0,2:00:00,5277,0.03,1821.61,19.89,
Sur,E0,2:00:00,5278,0.03,1821.66,16.08,
Sur,E0,2:00:00,5279,0.02,1821.61,17.26,
Sur,E0,2:00:00,5280,0.04,1821.63,18.6,
Sur,E0,2:00:00,5282,0.02,1821.75,17.63,
Sur,E0,2:00:00,5283,0.02,1821.75,31.92,
Sur,E0,2:00:00,5292,0.08,1821.9,22.41,
Sur,E0,2:00:00,5383,0.04,1821.66,13.72,
Sur,E0,2:00:00,5384,0.01,1821.66,23.11,
Sur,E0,2:00:00,5385,0.02,1821.66,14.8,
Sur,E0,2:00:00,5387,0.01,1821.66,21.32,
Sur,E0,2:00:00,5481,0.19,1821.93,36.63,
Sur,E0,2:00:00,5482,0.21,1821.96,40.54,
Sur,E0,2:00:00,5497,0.01,1821.89,39.13,
Sur,E0,2:00:00,5498,0.03,1821.81,41.96,
Sur,E0,2:00:00,5503,0.11,1821.76,34.61,
Sur,E0,2:00:00,5504,0.04,1821.75,28.92,
Sur,E0,2:00:00,5505,0.09,1821.78,34.74,
Sur,E0,2:00:00,5534,0.02,1821.81,40.8,
Sur,E0,2:00:00,5535,0.04,1821.83,42.6,
Sur,E0,2:00:00,5575,0.02,1821.67,14.65,
Sur,E0,2:00:00,5623,0.13,1821.77,36.52,
Sur,E0,2:00:00,5652,0.07,1821.7,34.85,
Sur,E0,2:00:00,5655,0.0,1821.96,40.61,
Sur,E0,2:00:00,5656,0.02,1821.98,39.6,
Sur,E0,2:00:00,5657,0.02,1821.99,39.51,
Sur,E0,2:00:00,5658,0.07,1822.07,41.22,
Sur,E0,2:00:00,5659,0.01,1822.48,35.85,
Sur,E0,2:00:00,5660,0.08,1822.33,37.27,
Sur,E0,2:00:00,5664,0.02,1821.79,41.25,
Sur,E0,2:00:00,5668,0.0,1821.7,35.37,
Sur,E0,2:00:00,5681,0.01,1821.9,40.84,
Sur,E0,2:00:00,5682,0.05,1821.97,40.55,
Sur,E0,3:00:00,10013,0.02,1821.6,16.79,
Sur,E0,3:00:00,10022,0.06,1821.77,41.47,
Sur,E0,3:00:00,10025,0.0,1822.47,30.38,
Sur,E0,3:00:00,10067,0.05,1822.05,40.26,
Sur,E0,3:00:00,1066,0.03,1821.78,49.12,
Sur,E0,3:00:00,1234,0.1,1821.75,40.65,
Sur,E0,3:00:00,1236,0.07,1821.76,41.18,
Sur,E0,3:00:00,1238,0.09,1821.76,41.45,
Sur,E0,3:00:00,1259,0.04,1821.77,41.55,
Sur,E0,3:00:00,1263,0.06,1821.77,41.22,
Sur,E0,3:00:00,1298,0.08,1821.78,40.78,
Sur,E0,3:00:00,1301,0.08,1821.78,40.46,
Sur,E0,3:00:00,1327,0.07,1821.78,40.56,
Sur,E0,3:00:00,1329,0.06,1821.78,41.15,
Sur,E0,3:00:00,2168,0.05,1821.82,43.78,
Sur,E0,3:00:00,2176,0.08,1821.78,42.04,
Sur,E0,3:00:00,2178,0.03,1821.78,43.32,
Sur,E0,3:00:00,2180,0.06,1821.79,43.85,
Sur,E0,3:00:00,2181,0.08,1821.8,44.01,
Sur,E0,3:00:00,2188,0.05,1821.9,42.59,
Sur,E0,3:00:00,2189,0.04,1821.93,41.58,
Sur,E0,3:00:00,2190,0.03,1821.95,39.73,
Sur,E0,3:00:00,2191,0.15,1822.05,36.75,
Sur,E0,3:00:00,2193,0.12,1821.89,35.51,
Sur,E0,3:00:00,2195,0.05,1821.88,35.52,
Sur,E0,3:00:00,2197,0.1,1821.95,39.38,
Sur,E0,3:00:00,2199,0.11,1821.96,39.43,
Sur,E0,3:00:00,2202,0.12,1821.93,40.03,
Sur,E0,3:00:00,2205,0.14,1821.9,40.41,
Sur,E0,3:00:00,2208,0.01,1821.88,40.56,
Sur,E0,3:00:00,2211,0.07,1821.87,40.65,
Sur,E0,3:00:00,2213,0.03,1821.86,41.45,
Sur,E0,3:00:00,2214,0.04,1821.85,42.08,
Sur,E0,3:00:00,2217,0.09,1821.8,42.74,
Sur,E0,3:00:00,2218,0.09,1821.8,41.5,
Sur,E0,3:00:00,2219,0.09,1821.8,41.04,
Sur,E0,3:00:00,2221,0.09,1821.82,40.58,
Sur,E0,3:00:00,2224,0.06,1821.8,40.47,
Sur,E0,3:00:00,2227,0.01,1821.8,40.57,
Sur,E0,3:00:00,2228,0.04,1821.8,40.61,
Sur,E0,3:00:00,2229,0.05,1821.8,40.98,
Sur,E0,3:00:00,2231,0.05,1821.8,41.51,
Sur,E0,3:00:00,2232,0.07,1821.8,42.31,
Sur,E0,3:00:00,2233,0.0,1821.78,41.52,
Sur,E0,3:00:00,2234,0.04,1821.78,41.43,
Sur,E0,3:00:00,2235,0.03,1821.78,41.24,
Sur,E0,3:00:00,2236,0.08,1821.78,41.24,
Sur,E0,3:00:00,2237,0.09,1821.78,40.76,
Sur,E0,3:00:00,2238,0.09,1821.78,40.84,
Sur,E0,3:00:00,2239,0.13,1821.78,40.55,
Sur,E0,3:00:00,2240,0.07,1821.77,40.66,
Sur,E0,3:00:00,2243,0.01,1821.77,40.01,
Sur,E0,3:00:00,2244,0.04,1821.77,40.11,
Sur,E0,3:00:00,2245,0.01,1821.77,39.99,
Sur,E0,3:00:00,2246,0.05,1821.8,39.88,
Sur,E0,3:00:00,2247,0.09,1821.8,40.34,
Sur,E0,3:00:00,2248,0.09,1821.8,40.17,
Sur,E0,3:00:00,2249,0.03,1821.79,39.57,
Sur,E0,3:00:00,2250,0.07,1821.79,39.92,
Sur,E0,3:00:00,2251,0.05,1821.79,40.09,
Sur,E0,3:00:00,2253,0.05,1821.79,39.58,
Sur,E0,3:00:00,2254,0.04,1821.79,38.14,
Sur,E0,3:00:00,2255,0.06,1821.79,39.15,
Sur,E0,3:00:00,2256,0.02,1821.79,38.74,
Sur,E0,3:00:00,2257,0.05,1821.79,39.06,
Sur,E0,3:00:00,2258,0.06,1821.79,39.44,
Sur,E0,3:00:00,2259,0.03,1821.79,39.1,
Sur,E0,3:00:00,2260,0.03,1821.88,38.68,
Sur,E0,3:00:00,2261,0.05,1821.88,37.2,
Sur,E0,3:00:00,2262,0.1,1821.89,37.68,
Sur,E0,3:00:00,2263,0.11,1821.91,37.81,
Sur,E0,3:00:00,2266,0.08,1821.92,34.64,
Sur,E0,3:00:00,2267,0.1,1821.91,36.24,
Sur,E0,3:00:00,2270,0.09,1821.91,35.87,
Sur,E0,3:00:00,2271,0.02,1821.91,37.2,
Sur,E0,3:00:00,2272,0.01,1821.91,35.68,
Sur,E0,3:00:00,2273,0.03,1822.47,30.95,
Sur,E0,3:00:00,2274,0.0,1822.47,30.4,
Sur,E0,3:00:00,2281,0.05,1821.91,30.83,
Sur,E0,3:00:00,2282,0.06,1821.91,30.87,
Sur,E0,3:00:00,2283,0.05,1821.91,24.36,
Sur,E0,3:00:00,2284,0.05,1821.91,23.08,
Sur,E0,3:00:00,2285,0.01,1821.91,23.67,
Sur,E0,3:00:00,2286,0.01,1821.91,21.68,
Sur,E0,3:00:00,2287,0.05,1821.91,22.98,
Sur,E0,3:00:00,2288,0.06,1821.91,26.16,
Sur,E0,3:00:00,2289,0.07,1821.91,33.44,
Sur,E0,3:00:00,2290,0.08,1821.87,27.35,
Sur,E0,3:00:00,2292,0.1,1821.77,36.24,
Sur,E0,3:00:00,2294,0.09,1821.77,35.65,
Sur,E0,3:00:00,2295,0.12,1821.77,40.12,
Sur,E0,3:00:00,2296,0.09,1821.77,39.14,
Sur,E0,3:00:00,2297,0.05,1821.77,40.5,
Sur,E0,3:00:00,2299,0.07,1821.77,40.58,
Sur,E0,3:00:00,2301,0.09,1821.77,41.09,
Sur,E0,3:00:00,2302,0.09,1821.76,40.42,
Sur,E0,3:00:00,2303,0.09,1821.76,39.58,
Sur,E0,3:00:00,2304,0.04,1821.76,38.26,
Sur,E0,3:00:00,2306,0.07,1821.76,38.2,
Sur,E0,3:00:00,2307,0.09,1821.76,38.76,
Sur,E0,3:00:00,2309,0.07,1821.74,36.32,
Sur,E0,3:00:00,2310,0.05,1821.75,36.73,
Sur,E0,3:00:00,2315,0.06,1821.76,34.04,
Sur,E0,3:00:00,2316,0.08,1821.76,33.29,
Sur,E0,3:00:00,2321,0.14,1821.86,29.4,
Sur,E0,3:00:00,2322,0.07,1821.75,39.48,
Sur,E0,3:00:00,2324,0.02,1821.74,39.27,
Sur,E0,3:00:00,2325,0.06,1821.74,37.2,
Sur,E0,3:00:00,2326,0.03,1821.74,36.66,
Sur,E0,3:00:00,2327,0.0,1821.74,36.11,
Sur,E0,3:00:00,2328,0.1,1821.74,34.98,
Sur,E0,3:00:00,2330,0.04,1821.74,29.15,
Sur,E0,3:00:00,2332,0.04,1821.74,23.28,
Sur,E0,3:00:00,2748,0.01,1821.81,34.77,
Sur,E0,3:00:00,2749,0.04,1821.88,34.4,
Sur,E0,3:00:00,2749-1,0.07,1821.88,34.78,
Sur,E0,3:00:00,2750,0.01,1821.88,33.47,
Sur,E0,3:00:00,2753,0.04,1821.83,35.9,
Sur,E0,3:00:00,2755,0.04,1821.82,35.75,
Sur,E0,3:00:00,2757,0.04,1821.81,34.86,
Sur,E0,3:00:00,2758,0.04,1821.81,34.85,
Sur,E0,3:00:00,2759,0.02,1821.88,34.17,
Sur,E0,3:00:00,2762,0.05,1821.79,35.84,
Sur,E0,3:00:00,2764,0.02,1821.8,35.6,
Sur,E0,3:00:00,2765,0.04,1821.8,34.93,
Sur,E0,3:00:00,2766,0.02,1821.8,34.95,
Sur,E0,3:00:00,2767,0.03,1821.88,34.83,
Sur,E0,3:00:00,2768,0.07,1821.74,35.73,
Sur,E0,3:00:00,2770,0.06,1821.74,35.8,
Sur,E0,3:00:00,2772,0.05,1821.74,32.75,
Sur,E0,3:00:00,2773,0.05,1821.74,32.55,
Sur,E0,3:00:00,2778,0.05,1821.71,35.57,
Sur,E0,3:00:00,2780,0.05,1821.71,35.53,
Sur,E0,3:00:00,2782,0.04,1821.71,33.93,
Sur,E0,3:00:00,2782-1,0.02,1821.65,16.26,
Sur,E0,3:00:00,2783,0.04,1821.71,33.78,
Sur,E0,3:00:00,2785,0.02,1821.69,36.37,
Sur,E0,3:00:00,2786,0.07,1821.69,35.78,
Sur,E0,3:00:00,2789,0.04,1821.69,34.99,
Sur,E0,3:00:00,2791,0.01,1821.65,24.18,
Sur,E0,3:00:00,2792,0.09,1821.65,22.44,
Sur,E0,3:00:00,2794,0.02,1821.65,22.55,
Sur,E0,3:00:00,2795,0.01,1821.65,15.75,
Sur,E0,3:00:00,2796,0.02,1821.65,15.78,
Sur,E0,3:00:00,2797,0.03,1821.65,15.95,
Sur,E0,3:00:00,2800,0.02,1821.65,16.9,
Sur,E0,3:00:00,2801,0.02,1821.65,16.99,
Sur,E0,3:00:00,2802,0.03,1821.65,24.72,
Sur,E0,3:00:00,2803,0.03,1821.65,24.69,
Sur,E0,3:00:00,2804,0.04,1821.65,24.51,
Sur,E0,3:00:00,2805,0.03,1821.65,24.54,
Sur,E0,3:00:00,2806,0.05,1821.65,16.08,
Sur,E0,3:00:00,2807,0.04,1821.65,16.69,
Sur,E0,3:00:00,2809,0.03,1821.65,13.33,
Sur,E0,3:00:00,2810,0.03,1821.65,20.98,
Sur,E0,3:00:00,2811,0.01,1821.65,17.81,
Sur,E0,3:00:00,2812,0.01,1821.65,17.58,
Sur,E0,3:00:00,2815,0.01,1821.65,21.04,
Sur,E0,3:00:00,2817,0.05,1821.65,21.7,
Sur,E0,3:00:00,2818,0.01,1821.65,17.04,
Sur,E0,3:00:00,2819,0.01,1821.65,16.27,
Sur,E0,3:00:00,2820,0.02,1821.65,17.64,
Sur,E0,3:00:00,2821,0.02,1821.65,16.52,
Sur,E0,3:00:00,2823,0.01,1821.65,14.14,
Sur,E0,3:00:00,2824,0.01,1821.65,13.36,
Sur,E0,3:00:00,2825,0.03,1821.65,13.86,
Sur,E0,3:00:00,2826,0.03,1821.65,13.93,
Sur,E0,3:00:00,2827,0.04,1821.65,18.95,
Sur,E0,3:00:00,2828,0.03,1821.65,21.19,
Sur,E0,3:00:00,2829,0.03,1821.65,26.87,
Sur,E0,3:00:00,2830,0.02,1821.65,26.47,
Sur,E0,3:00:00,2831,0.01,1821.65,26.5,
Sur,E0,3:00:00,2832,0.01,1821.65,21.69,
Sur,E0,3:00:00,2833,0.01,1821.65,21.28,
Sur,E0,3:00:00,2834,0.02,1821.65,26.81,
Sur,E0,3:00:00,2835,0.02,1821.65,27.19,
Sur,E0,3:00:00,2836,0.01,1821.65,22.79,
Sur,E0,3:00:00,2837,0.01,1821.65,23.39,
Sur,E0,3:00:00,2838,0.01,1821.65,27.26,
Sur,E0,3:00:00,2839,0.0,1821.65,27.43,
Sur,E0,3:00:00,2840,0.03,1821.66,29.0,
Sur,E0,3:00:00,2841,0.03,1821.66,31.28,
Sur,E0,3:00:00,2842,0.07,1821.67,34.04,
Sur,E0,3:00:00,2843,0.03,1821.69,34.8,
Sur,E0,3:00:00,2854,0.02,1821.92,34.48,
Sur,E0,3:00:00,5026,0.0,1821.82,42.56,
Sur,E0,3:00:00,5036,0.02,1822.72,34.16,
Sur,E0,3:00:00,5037,0.03,1822.61,35.12,
Sur,E0,3:00:00,5038,0.01,1822.84,19.98,
Sur,E0,3:00:00,5083,0.0,1821.74,36.35,
Sur,E0,3:00:00,5084,0.13,1822.47,35.92,
Sur,E0,3:00:00,5085,0.18,1821.87,35.68,
Sur,E0,3:00:00,5096,0.02,1821.59,16.93,
Sur,E0,3:00:00,5097,0.03,1821.59,18.7,
Sur,E0,3:00:00,5098,0.02,1821.59,18.68,
Sur,E0,3:00:00,5099,0.01,1821.6,17.53,
Sur,E0,3:00:00,5100,0.03,1821.59,16.53,
Sur,E0,3:00:00,5151,0.1,1821.79,38.61,
Sur,E0,3:00:00,5152,0.01,1821.87,40.2,
Sur,E0,3:00:00,5153,0.07,1821.83,43.16,
Sur,E0,3:00:00,5154,0.03,1821.8,42.45,
Sur,E0,3:00:00,5185,0.04,1821.78,42.25,
Sur,E0,3:00:00,5203,0.04,1821.78,36.91,
Sur,E0,3:00:00,5208,0.01,1821.8,40.89,
Sur,E0,3:00:00,5209,0.07,1821.81,41.42,
Sur,E0,3:00:00,5262,0.07,1821.76,29.41,
Sur,E0,3:00:00,5263,0.05,1821.86,28.76,
Sur,E0,3:00:00,5275,0.0,1821.74,32.65,
Sur,E0,3:00:00,5276,0.01,1821.59,16.68,
Sur,E0,3:00:00,5277,0.03,1821.59,19.87,
Sur,E0,3:00:00,5278,0.03,1821.65,16.07,
Sur,E0,3:00:00,5279,0.02,1821.59,17.24,
Sur,E0,3:00:00,5280,0.04,1821.61,18.58,
Sur,E0,3:00:00,5282,0.02,1821.74,17.62,
Sur,E0,3:00:00,5283,0.02,1821.74,31.91,
Sur,E0,3:00:00,5292,0.08,1821.89,22.4,
Sur,E0,3:00:00,5383,0.04,1821.65,13.71,
Sur,E0,3:00:00,5384,0.01,1821.65,23.1,
Sur,E0,3:00:00,5385,0.02,1821.65,14.79,
Sur,E0,3:00:00,5387,0.01,1821.65,21.31,
Sur,E0,3:00:00,5481,0.19,1821.92,36.62,
Sur,E0,3:00:00,5482,0.21,1821.95,40.53,
Sur,E0,3:00:00,5497,0.01,1821.88,39.12,
Sur,E0,3:00:00,5498,0.03,1821.8,41.95,
Sur,E0,3:00:00,5503,0.11,1821.74,34.59,
Sur,E0,3:00:00,5504,0.04,1821.74,28.91,
Sur,E0,3:00:00,5505,0.09,1821.76,34.72,
Sur,E0,3:00:00,5534,0.02,1821.8,40.79,
Sur,E0,3:00:00,5535,0.04,1821.82,42.59,
Sur,E0,3:00:00,5575,0.02,1821.65,14.63,
Sur,E0,3:00:00,5623,0.13,1821.76,36.51,
Sur,E0,3:00:00,5652,0.07,1821.68,34.83,
Sur,E0,3:00:00,5655,0.0,1821.95,40.6,
Sur,E0,3:00:00,5656,0.02,1821.96,39.58,
Sur,E0,3:00:00,5657,0.02,1821.98,39.5,
Sur,E0,3:00:00,5658,0.07,1822.06,41.21,
Sur,E0,3:00:00,5659,0.01,1822.47,35.84,
Sur,E0,3:00:00,5660,0.08,1822.32,37.26,
Sur,E0,3:00:00,5664,0.02,1821.77,41.23,
Sur,E0,3:00:00,5668,0.0,1821.69,35.36,
Sur,E0,3:00:00,5681,0.01,1821.89,40.83,
Sur,E0,3:00:00,5682,0.05,1821.95,40.53,
Sur,E0,4:00:00,10013,0.03,1821.54,16.73,
Sur,E0,4:00:00,10022,0.06,1821.73,41.43,
Sur,E0,4:00:00,10025,0.0,1822.45,30.36,
Sur,E0,4:00:00,10067,0.05,1822.02,40.23,
Sur,E0,4:00:00,1066,0.03,1821.73,49.07,
Sur,E0,4:00:00,1234,0.11,1821.71,40.61,
Sur,E0,4:00:00,1236,0.07,1821.71,41.13,
Sur,E0,4:00:00,1238,0.09,1821.72,41.41,
Sur,E0,4:00:00,1259,0.04,1821.73,41.51,
Sur,E0,4:00:00,1263,0.06,1821.73,41.18,
Sur,E0,4:00:00,1298,0.08,1821.73,40.73,
Sur,E0,4:00:00,1301,0.08,1821.73,40.41,
Sur,E0,4:00:00,1327,0.08,1821.73,40.51,
Sur,E0,4:00:00,1329,0.06,1821.73,41.1,
Sur,E0,4:00:00,2168,0.05,1821.78,43.74,
Sur,E0,4:00:00,2176,0.08,1821.73,41.99,
Sur,E0,4:00:00,2178,0.03,1821.74,43.28,
Sur,E0,4:00:00,2180,0.07,1821.74,43.8,
Sur,E0,4:00:00,2181,0.08,1821.75,43.96,
Sur,E0,4:00:00,2188,0.05,1821.86,42.55,
Sur,E0,4:00:00,2189,0.04,1821.89,41.54,
Sur,E0,4:00:00,2190,0.03,1821.91,39.69,
Sur,E0,4:00:00,2191,0.15,1822.02,36.72,
Sur,E0,4:00:00,2193,0.12,1821.85,35.47,
Sur,E0,4:00:00,2195,0.05,1821.84,35.48,
Sur,E0,4:00:00,2197,0.1,1821.91,39.34,
Sur,E0,4:00:00,2199,0.11,1821.93,39.4,
Sur,E0,4:00:00,2202,0.13,1821.89,39.99,
Sur,E0,4:00:00,2205,0.14,1821.86,40.37,
Sur,E0,4:00:00,2208,0.01,1821.84,40.52,
Sur,E0,4:00:00,2211,0.07,1821.83,40.61,
Sur,E0,4:00:00,2213,0.03,1821.82,41.41,
Sur,E0,4:00:00,2214,0.04,1821.81,42.04,
Sur,E0,4:00:00,2217,0.09,1821.75,42.69,
Sur,E0,4:00:00,2218,0.09,1821.76,41.46,
Sur,E0,4:00:00,2219,0.09,1821.76,41.0,
Sur,E0,4:00:00,2221,0.09,1821.78,40.54,
Sur,E0,4:00:00,2224,0.06,1821.76,40.43,
Sur,E0,4:00:00,2227,0.01,1821.76,40.53,
Sur,E0,4:00:00,2228,0.04,1821.76,40.57,
Sur,E0,4:00:00,2229,0.05,1821.76,40.94,
Sur,E0,4:00:00,2231,0.05,1821.75,41.46,
Sur,E0,4:00:00,2232,0.07,1821.75,42.26,
Sur,E0,4:00:00,2233,0.0,1821.73,41.47,
Sur,E0,4:00:00,2234,0.04,1821.73,41.38,
Sur,E0,4:00:00,2235,0.03,1821.73,41.19,
Sur,E0,4:00:00,2236,0.08,1821.73,41.19,
Sur,E0,4:00:00,2237,0.09,1821.73,40.71,
Sur,E0,4:00:00,2238,0.1,1821.73,40.79,
Sur,E0,4:00:00,2239,0.13,1821.74,40.51,
Sur,E0,4:00:00,2240,0.07,1821.73,40.62,
Sur,E0,4:00:00,2243,0.01,1821.73,39.97,
Sur,E0,4:00:00,2244,0.05,1821.73,40.07,
Sur,E0,4:00:00,2245,0.01,1821.73,39.95,
Sur,E0,4:00:00,2246,0.05,1821.76,39.84,
Sur,E0,4:00:00,2247,0.09,1821.76,40.3,
Sur,E0,4:00:00,2248,0.09,1821.75,40.12,
Sur,E0,4:00:00,2249,0.03,1821.75,39.53,
Sur,E0,4:00:00,2250,0.07,1821.75,39.88,
Sur,E0,4:00:00,2251,0.05,1821.75,40.05,
Sur,E0,4:00:00,2253,0.05,1821.75,39.54,
Sur,E0,4:00:00,2254,0.04,1821.75,38.1,
Sur,E0,4:00:00,2255,0.06,1821.75,39.11,
Sur,E0,4:00:00,2256,0.02,1821.75,38.7,
Sur,E0,4:00:00,2257,0.05,1821.75,39.02,
Sur,E0,4:00:00,2258,0.06,1821.75,39.4,
Sur,E0,4:00:00,2259,0.03,1821.75,39.06,
Sur,E0,4:00:00,2260,0.03,1821.84,38.64,
Sur,E0,4:00:00,2261,0.05,1821.84,37.16,
Sur,E0,4:00:00,2262,0.1,1821.85,37.64,
Sur,E0,4:00:00,2263,0.11,1821.87,37.77,
Sur,E0,4:00:00,2266,0.08,1821.88,34.6,
Sur,E0,4:00:00,2267,0.1,1821.88,36.21,
Sur,E0,4:00:00,2270,0.1,1821.87,35.83,
Sur,E0,4:00:00,2271,0.02,1821.87,37.16,
Sur,E0,4:00:00,2272,0.01,1821.87,35.64,
Sur,E0,4:00:00,2273,0.03,1822.45,30.93,
Sur,E0,4:00:00,2274,0.0,1822.45,30.38,
Sur,E0,4:00:00,2281,0.05,1821.87,30.79,
Sur,E0,4:00:00,2282,0.07,1821.87,30.83,
Sur,E0,4:00:00,2283,0.06,1821.87,24.32,
Sur,E0,4:00:00,2284,0.05,1821.87,23.04,
Sur,E0,4:00:00,2285,0.01,1821.87,23.63,
Sur,E0,4:00:00,2286,0.01,1821.87,21.64,
Sur,E0,4:00:00,2287,0.05,1821.87,22.94,
Sur,E0,4:00:00,2288,0.06,1821.87,26.12,
Sur,E0,4:00:00,2289,0.07,1821.87,33.4,
Sur,E0,4:00:00,2290,0.08,1821.83,27.31,
Sur,E0,4:00:00,2292,0.1,1821.73,36.2,
Sur,E0,4:00:00,2294,0.1,1821.72,35.6,
Sur,E0,4:00:00,2295,0.12,1821.73,40.08,
Sur,E0,4:00:00,2296,0.1,1821.72,39.09,
Sur,E0,4:00:00,2297,0.05,1821.73,40.46,
Sur,E0,4:00:00,2299,0.07,1821.73,40.54,
Sur,E0,4:00:00,2301,0.09,1821.73,41.05,
Sur,E0,4:00:00,2302,0.09,1821.72,40.38,
Sur,E0,4:00:00,2303,0.09,1821.72,39.54,
Sur,E0,4:00:00,2304,0.04,1821.71,38.21,
Sur,E0,4:00:00,2306,0.07,1821.72,38.16,
Sur,E0,4:00:00,2307,0.09,1821.72,38.72,
Sur,E0,4:00:00,2309,0.07,1821.69,36.27,
Sur,E0,4:00:00,2310,0.05,1821.71,36.69,
Sur,E0,4:00:00,2315,0.06,1821.72,34.0,
Sur,E0,4:00:00,2316,0.08,1821.72,33.25,
Sur,E0,4:00:00,2321,0.15,1821.82,29.36,
Sur,E0,4:00:00,2322,0.07,1821.71,39.44,
Sur,E0,4:00:00,2324,0.02,1821.7,39.23,
Sur,E0,4:00:00,2325,0.06,1821.7,37.16,
Sur,E0,4:00:00,2326,0.03,1821.7,36.62,
Sur,E0,4:00:00,2327,0.0,1821.7,36.07,
Sur,E0,4:00:00,2328,0.1,1821.7,34.94,
Sur,E0,4:00:00,2330,0.04,1821.69,29.1,
Sur,E0,4:00:00,2332,0.04,1821.69,23.23,
Sur,E0,4:00:00,2748,0.01,1821.77,34.73,
Sur,E0,4:00:00,2749,0.04,1821.84,34.36,
Sur,E0,4:00:00,2749-1,0.07,1821.84,34.74,
Sur,E0,4:00:00,2750,0.01,1821.84,33.43,
Sur,E0,4:00:00,2753,0.05,1821.79,35.86,
Sur,E0,4:00:00,2755,0.05,1821.78,35.71,
Sur,E0,4:00:00,2757,0.04,1821.77,34.82,
Sur,E0,4:00:00,2758,0.04,1821.76,34.8,
Sur,E0,4:00:00,2759,0.02,1821.84,34.13,
Sur,E0,4:00:00,2762,0.05,1821.74,35.79,
Sur,E0,4:00:00,2764,0.02,1821.75,35.55,
Sur,E0,4:00:00,2765,0.04,1821.75,34.88,
Sur,E0,4:00:00,2766,0.02,1821.75,34.9,
Sur,E0,4:00:00,2767,0.03,1821.83,34.78,
Sur,E0,4:00:00,2768,0.07,1821.7,35.69,
Sur,E0,4:00:00,2770,0.06,1821.69,35.75,
Sur,E0,4:00:00,2772,0.05,1821.69,32.7,
Sur,E0,4:00:00,2773,0.05,1821.69,32.5,
Sur,E0,4:00:00,2778,0.05,1821.67,35.53,
Sur,E0,4:00:00,2780,0.05,1821.66,35.48,
Sur,E0,4:00:00,2782,0.04,1821.67,33.89,
Sur,E0,4:00:00,2782-1,0.02,1821.6,16.21,
Sur,E0,4:00:00,2783,0.04,1821.66,33.73,
Sur,E0,4:00:00,2785,0.02,1821.64,36.32,
Sur,E0,4:00:00,2786,0.07,1821.64,35.73,
Sur,E0,4:00:00,2789,0.05,1821.64,34.94,
Sur,E0,4:00:00,2791,0.01,1821.6,24.13,
Sur,E0,4:00:00,2792,0.09,1821.6,22.39,
Sur,E0,4:00:00,2794,0.02,1821.6,22.5,
Sur,E0,4:00:00,2795,0.01,1821.6,15.7,
Sur,E0,4:00:00,2796,0.02,1821.6,15.73,
Sur,E0,4:00:00,2797,0.03,1821.6,15.9,
Sur,E0,4:00:00,2800,0.02,1821.6,16.85,
Sur,E0,4:00:00,2801,0.02,1821.6,16.94,
Sur,E0,4:00:00,2802,0.03,1821.6,24.67,
Sur,E0,4:00:00,2803,0.03,1821.6,24.64,
Sur,E0,4:00:00,2804,0.04,1821.6,24.46,
Sur,E0,4:00:00,2805,0.03,1821.6,24.49,
Sur,E0,4:00:00,2806,0.05,1821.6,16.03,
Sur,E0,4:00:00,2807,0.04,1821.6,16.64,
Sur,E0,4:00:00,2809,0.03,1821.6,13.28,
Sur,E0,4:00:00,2810,0.03,1821.6,20.93,
Sur,E0,4:00:00,2811,0.01,1821.6,17.76,
Sur,E0,4:00:00,2812,0.01,1821.6,17.53,
Sur,E0,4:00:00,2815,0.01,1821.6,20.99,
Sur,E0,4:00:00,2817,0.06,1821.6,21.65,
Sur,E0,4:00:00,2818,0.01,1821.6,16.99,
Sur,E0,4:00:00,2819,0.01,1821.6,16.22,
Sur,E0,4:00:00,2820,0.02,1821.6,17.59,
Sur,E0,4:00:00,2821,0.02,1821.6,16.47,
Sur,E0,4:00:00,2823,0.01,1821.6,14.09,
Sur,E0,4:00:00,2824,0.01,1821.6,13.31,
Sur,E0,4:00:00,2825,0.03,1821.6,13.81,
Sur,E0,4:00:00,2826,0.03,1821.6,13.88,
Sur,E0,4:00:00,2827,0.04,1821.6,18.9,
Sur,E0,4:00:00,2828,0.03,1821.6,21.14,
Sur,E0,4:00:00,2829,0.03,1821.6,26.82,
Sur,E0,4:00:00,2830,0.02,1821.6,26.42,
Sur,E0,4:00:00,2831,0.01,1821.6,26.45,
Sur,E0,4:00:00,2832,0.01,1821.6,21.64,
Sur,E0,4:00:00,2833,0.01,1821.6,21.23,
Sur,E0,4:00:00,2834,0.02,1821.6,26.76,
Sur,E0,4:00:00,2835,0.02,1821.6,27.14,
Sur,E0,4:00:00,2836,0.01,1821.6,22.74,
Sur,E0,4:00:00,2837,0.01,1821.6,23.34,
Sur,E0,4:00:00,2838,0.02,1821.6,27.21,
Sur,E0,4:00:00,2839,0.0,1821.6,27.38,
Sur,E0,4:00:00,2840,0.03,1821.61,28.95,
Sur,E0,4:00:00,2841,0.03,1821.61,31.23,
Sur,E0,4:00:00,2842,0.07,1821.62,33.99,
Sur,E0,4:00:00,2843,0.03,1821.64,34.75,
Sur,E0,4:00:00,2854,0.02,1821.88,34.44,
Sur,E0,4:00:00,5026,0.0,1821.77,42.51,
Sur,E0,4:00:00,5036,0.02,1822.71,34.15,
Sur,E0,4:00:00,5037,0.03,1822.59,35.1,
Sur,E0,4:00:00,5038,0.01,1822.84,19.98,
Sur,E0,4:00:00,5083,0.0,1821.69,36.3,
Sur,E0,4:00:00,5084,0.13,1822.45,35.9,
Sur,E0,4:00:00,5085,0.19,1821.83,35.64,
Sur,E0,4:00:00,5096,0.02,1821.54,16.88,
Sur,E0,4:00:00,5097,0.03,1821.54,18.65,
Sur,E0,4:00:00,5098,0.02,1821.54,18.63,
Sur,E0,4:00:00,5099,0.01,1821.54,17.47,
Sur,E0,4:00:00,5100,0.03,1821.54,16.48,
Sur,E0,4:00:00,5151,0.1,1821.74,38.56,
Sur,E0,4:00:00,5152,0.01,1821.83,40.16,
Sur,E0,4:00:00,5153,0.07,1821.79,43.12,
Sur,E0,4:00:00,5154,0.03,1821.75,42.4,
Sur,E0,4:00:00,5185,0.04,1821.73,42.2,
Sur,E0,4:00:00,5203,0.04,1821.73,36.86,
Sur,E0,4:00:00,5208,0.01,1821.76,40.85,
Sur,E0,4:00:00,5209,0.07,1821.76,41.37,
Sur,E0,4:00:00,5262,0.07,1821.72,29.37,
Sur,E0,4:00:00,5263,0.05,1821.82,28.72,
Sur,E0,4:00:00,5275,0.0,1821.69,32.6,
Sur,E0,4:00:00,5276,0.01,1821.54,16.63,
Sur,E0,4:00:00,5277,0.03,1821.54,19.82,
Sur,E0,4:00:00,5278,0.03,1821.6,16.02,
Sur,E0,4:00:00,5279,0.02,1821.54,17.19,
Sur,E0,4:00:00,5280,0.04,1821.56,18.53,
Sur,E0,4:00:00,5282,0.02,1821.69,17.57,
Sur,E0,4:00:00,5283,0.02,1821.69,31.86,
Sur,E0,4:00:00,5292,0.08,1821.85,22.36,
Sur,E0,4:00:00,5383,0.04,1821.6,13.66,
Sur,E0,4:00:00,5384,0.01,1821.6,23.05,
Sur,E0,4:00:00,5385,0.02,1821.6,14.74,
Sur,E0,4:00:00,5387,0.01,1821.6,21.26,
Sur,E0,4:00:00,5481,0.19,1821.88,36.58,
Sur,E0,4:00:00,5482,0.22,1821.91,40.49,
Sur,E0,4:00:00,5497,0.01,1821.84,39.08,
Sur,E0,4:00:00,5498,0.03,1821.75,41.9,
Sur,E0,4:00:00,5503,0.11,1821.7,34.55,
Sur,E0,4:00:00,5504,0.04,1821.69,28.86,
Sur,E0,4:00:00,5505,0.09,1821.72,34.68,
Sur,E0,4:00:00,5534,0.02,1821.76,40.75,
Sur,E0,4:00:00,5535,0.05,1821.77,42.54,
Sur,E0,4:00:00,5575,0.02,1821.6,14.58,
Sur,E0,4:00:00,5623,0.14,1821.72,36.47,
Sur,E0,4:00:00,5652,0.07,1821.64,34.79,
Sur,E0,4:00:00,5655,0.0,1821.92,40.57,
Sur,E0,4:00:00,5656,0.02,1821.93,39.55,
Sur,E0,4:00:00,5657,0.02,1821.94,39.46,
Sur,E0,4:00:00,5658,0.07,1822.02,41.17,
Sur,E0,4:00:00,5659,0.01,1822.46,35.83,
Sur,E0,4:00:00,5660,0.08,1822.3,37.24,
Sur,E0,4:00:00,5664,0.03,1821.73,41.19,
Sur,E0,4:00:00,5668,0.0,1821.64,35.31,
Sur,E0,4:00:00,5681,0.01,1821.85,40.79,
Sur,E0,4:00:00,5682,0.05,1821.92,40.5,
Sur,E0,5:00:00,10013,0.03,1820.81,16.0,
Sur,E0,5:00:00,10022,0.07,1821.09,40.79,
Sur,E0,5:00:00,10025,0.0,1822.22,30.13,
Sur,E0,5:00:00,10067,0.06,1821.55,39.76,
Sur,E0,5:00:00,1066,0.04,1821.1,48.44,
Sur,E0,5:00:00,1234,0.14,1821.06,39.96,
Sur,E0,5:00:00,1236,0.09,1821.07,40.49,
Sur,E0,5:00:00,1238,0.11,1821.08,40.77,
Sur,E0,5:00:00,1259,0.06,1821.09,40.87,
Sur,E0,5:00:00,1263,0.08,1821.1,40.55,
Sur,E0,5:00:00,1298,0.11,1821.1,40.1,
Sur,E0,5:00:00,1301,0.1,1821.1,39.78,
Sur,E0,5:00:00,1327,0.1,1821.1,39.88,
Sur,E0,5:00:00,1329,0.08,1821.1,40.47,
Sur,E0,5:00:00,2168,0.07,1821.17,43.13,
Sur,E0,5:00:00,2176,0.1,1821.1,41.36,
Sur,E0,5:00:00,2178,0.04,1821.11,42.65,
Sur,E0,5:00:00,2180,0.08,1821.12,43.18,
Sur,E0,5:00:00,2181,0.11,1821.13,43.34,
Sur,E0,5:00:00,2188,0.07,1821.3,41.99,
Sur,E0,5:00:00,2189,0.05,1821.35,41.0,
Sur,E0,5:00:00,2190,0.04,1821.38,39.16,
Sur,E0,5:00:00,2191,0.19,1821.55,36.25,
Sur,E0,5:00:00,2193,0.15,1821.28,34.9,
Sur,E0,5:00:00,2195,0.06,1821.26,34.9,
Sur,E0,5:00:00,2197,0.12,1821.38,38.81,
Sur,E0,5:00:00,2199,0.14,1821.4,38.87,
Sur,E0,5:00:00,2202,0.16,1821.35,39.45,
Sur,E0,5:00:00,2205,0.18,1821.3,39.81,
Sur,E0,5:00:00,2208,0.01,1821.27,39.95,
Sur,E0,5:00:00,2211,0.09,1821.25,40.03,
Sur,E0,5:00:00,2213,0.04,1821.24,40.83,
Sur,E0,5:00:00,2214,0.06,1821.22,41.45,
Sur,E0,5:00:00,2217,0.12,1821.13,42.07,
Sur,E0,5:00:00,2218,0.11,1821.14,40.84,
Sur,E0,5:00:00,2219,0.11,1821.14,40.38,
Sur,E0,5:00:00,2221,0.12,1821.17,39.93,
Sur,E0,5:00:00,2224,0.07,1821.14,39.81,
Sur,E0,5:00:00,2227,0.01,1821.14,39.91,
Sur,E0,5:00:00,2228,0.05,1821.14,39.95,
Sur,E0,5:00:00,2229,0.07,1821.14,40.32,
Sur,E0,5:00:00,2231,0.07,1821.13,40.84,
Sur,E0,5:00:00,2232,0.09,1821.13,41.64,
Sur,E0,5:00:00,2233,0.0,1821.1,40.84,
Sur,E0,5:00:00,2234,0.05,1821.1,40.75,
Sur,E0,5:00:00,2235,0.04,1821.1,40.56,
Sur,E0,5:00:00,2236,0.1,1821.1,40.56,
Sur,E0,5:00:00,2237,0.12,1821.1,40.08,
Sur,E0,5:00:00,2238,0.12,1821.1,40.16,
Sur,E0,5:00:00,2239,0.17,1821.11,39.88,
Sur,E0,5:00:00,2240,0.09,1821.1,39.99,
Sur,E0,5:00:00,2243,0.01,1821.1,39.34,
Sur,E0,5:00:00,2244,0.06,1821.1,39.44,
Sur,E0,5:00:00,2245,0.02,1821.1,39.32,
Sur,E0,5:00:00,2246,0.07,1821.14,39.22,
Sur,E0,5:00:00,2247,0.11,1821.14,39.68,
Sur,E0,5:00:00,2248,0.11,1821.13,39.5,
Sur,E0,5:00:00,2249,0.04,1821.13,38.91,
Sur,E0,5:00:00,2250,0.09,1821.13,39.26,
Sur,E0,5:00:00,2251,0.07,1821.13,39.43,
Sur,E0,5:00:00,2253,0.06,1821.13,38.92,
Sur,E0,5:00:00,2254,0.05,1821.13,37.48,
Sur,E0,5:00:00,2255,0.07,1821.13,38.49,
Sur,E0,5:00:00,2256,0.03,1821.12,38.07,
Sur,E0,5:00:00,2257,0.07,1821.12,38.39,
Sur,E0,5:00:00,2258,0.08,1821.12,38.77,
Sur,E0,5:00:00,2259,0.04,1821.12,38.43,
Sur,E0,5:00:00,2260,0.04,1821.26,38.06,
Sur,E0,5:00:00,2261,0.06,1821.26,36.58,
Sur,E0,5:00:00,2262,0.13,1821.29,37.08,
Sur,E0,5:00:00,2263,0.15,1821.31,37.21,
Sur,E0,5:00:00,2266,0.11,1821.32,34.04,
Sur,E0,5:00:00,2267,0.13,1821.32,35.65,
Sur,E0,5:00:00,2270,0.12,1821.32,35.28,
Sur,E0,5:00:00,2271,0.03,1821.32,36.61,
Sur,E0,5:00:00,2272,0.01,1821.32,35.09,
Sur,E0,5:00:00,2273,0.04,1822.22,30.7,
Sur,E0,5:00:00,2274,0.0,1822.22,30.15,
Sur,E0,5:00:00,2281,0.06,1821.32,30.24,
Sur,E0,5:00:00,2282,0.08,1821.31,30.27,
Sur,E0,5:00:00,2283,0.07,1821.31,23.76,
Sur,E0,5:00:00,2284,0.06,1821.31,22.48,
Sur,E0,5:00:00,2285,0.01,1821.31,23.07,
Sur,E0,5:00:00,2286,0.01,1821.31,21.08,
Sur,E0,5:00:00,2287,0.06,1821.31,22.38,
Sur,E0,5:00:00,2288,0.07,1821.31,25.56,
Sur,E0,5:00:00,2289,0.09,1821.31,32.84,
Sur,E0,5:00:00,2290,0.1,1821.25,26.73,
Sur,E0,5:00:00,2292,0.12,1821.09,35.56,
Sur,E0,5:00:00,2294,0.12,1821.08,34.96,
Sur,E0,5:00:00,2295,0.16,1821.09,39.44,
Sur,E0,5:00:00,2296,0.12,1821.08,38.45,
Sur,E0,5:00:00,2297,0.07,1821.09,39.82,
Sur,E0,5:00:00,2299,0.09,1821.09,39.9,
Sur,E0,5:00:00,2301,0.11,1821.09,40.41,
Sur,E0,5:00:00,2302,0.11,1821.08,39.74,
Sur,E0,5:00:00,2303,0.12,1821.08,38.9,
Sur,E0,5:00:00,2304,0.05,1821.07,37.57,
Sur,E0,5:00:00,2306,0.09,1821.08,37.52,
Sur,E0,5:00:00,2307,0.12,1821.08,38.08,
Sur,E0,5:00:00,2309,0.09,1821.04,35.62,
Sur,E0,5:00:00,2310,0.07,1821.06,36.04,
Sur,E0,5:00:00,2315,0.07,1821.07,33.35,
Sur,E0,5:00:00,2316,0.1,1821.07,32.6,
Sur,E0,5:00:00,2321,0.19,1821.23,28.77,
Sur,E0,5:00:00,2322,0.09,1821.06,38.79,
Sur,E0,5:00:00,2324,0.03,1821.05,38.58,
Sur,E0,5:00:00,2325,0.08,1821.05,36.51,
Sur,E0,5:00:00,2326,0.04,1821.05,35.97,
Sur,E0,5:00:00,2327,0.01,1821.05,35.42,
Sur,E0,5:00:00,2328,0.13,1821.04,34.28,
Sur,E0,5:00:00,2330,0.05,1821.04,28.45,
Sur,E0,5:00:00,2332,0.05,1821.04,22.58,
Sur,E0,5:00:00,2748,0.01,1821.15,34.11,
Sur,E0,5:00:00,2749,0.05,1821.26,33.78,
Sur,E0,5:00:00,2749-1,0.09,1821.26,34.16,
Sur,E0,5:00:00,2750,0.02,1821.26,32.85,
Sur,E0,5:00:00,2753,0.06,1821.19,35.26,
Sur,E0,5:00:00,2755,0.06,1821.17,35.1,
Sur,E0,5:00:00,2757,0.06,1821.15,34.2,
Sur,E0,5:00:00,2758,0.05,1821.15,34.19,
Sur,E0,5:00:00,2759,0.02,1821.26,33.55,
Sur,E0,5:00:00,2762,0.07,1821.12,35.17,
Sur,E0,5:00:00,2764,0.03,1821.13,34.93,
Sur,E0,5:00:00,2765,0.05,1821.13,34.26,
Sur,E0,5:00:00,2766,0.03,1821.13,34.28,
Sur,E0,5:00:00,2767,0.03,1821.26,34.21,
Sur,E0,5:00:00,2768,0.09,1821.04,35.03,
Sur,E0,5:00:00,2770,0.08,1821.03,35.09,
Sur,E0,5:00:00,2772,0.07,1821.04,32.05,
Sur,E0,5:00:00,2773,0.07,1821.03,31.84,
Sur,E0,5:00:00,2778,0.06,1821.0,34.86,
Sur,E0,5:00:00,2780,0.06,1820.99,34.81,
Sur,E0,5:00:00,2782,0.05,1821.0,33.22,
Sur,E0,5:00:00,2782-1,0.03,1820.89,15.5,
Sur,E0,5:00:00,2783,0.05,1820.99,33.06,
Sur,E0,5:00:00,2785,0.02,1820.95,35.63,
Sur,E0,5:00:00,2786,0.09,1820.95,35.04,
Sur,E0,5:00:00,2789,0.06,1820.95,34.25,
Sur,E0,5:00:00,2791,0.02,1820.9,23.43,
Sur,E0,5:00:00,2792,0.12,1820.9,21.69,
Sur,E0,5:00:00,2794,0.03,1820.9,21.8,
Sur,E0,5:00:00,2795,0.01,1820.9,15.0,
Sur,E0,5:00:00,2796,0.03,1820.9,15.03,
Sur,E0,5:00:00,2797,0.04,1820.9,15.2,
Sur,E0,5:00:00,2800,0.03,1820.89,16.14,
Sur,E0,5:00:00,2801,0.03,1820.89,16.23,
Sur,E0,5:00:00,2802,0.04,1820.89,23.96,
Sur,E0,5:00:00,2803,0.04,1820.89,23.93,
Sur,E0,5:00:00,2804,0.05,1820.89,23.75,
Sur,E0,5:00:00,2805,0.04,1820.89,23.78,
Sur,E0,5:00:00,2806,0.06,1820.89,15.32,
Sur,E0,5:00:00,2807,0.05,1820.89,15.93,
Sur,E0,5:00:00,2809,0.04,1820.89,12.57,
Sur,E0,5:00:00,2810,0.04,1820.89,20.22,
Sur,E0,5:00:00,2811,0.01,1820.89,17.05,
Sur,E0,5:00:00,2812,0.01,1820.89,16.82,
Sur,E0,5:00:00,2815,0.02,1820.89,20.28,
Sur,E0,5:00:00,2817,0.07,1820.89,20.94,
Sur,E0,5:00:00,2818,0.01,1820.89,16.28,
Sur,E0,5:00:00,2819,0.01,1820.89,15.51,
Sur,E0,5:00:00,2820,0.02,1820.89,16.88,
Sur,E0,5:00:00,2821,0.03,1820.89,15.76,
Sur,E0,5:00:00,2823,0.01,1820.9,13.39,
Sur,E0,5:00:00,2824,0.02,1820.89,12.6,
Sur,E0,5:00:00,2825,0.04,1820.89,13.1,
Sur,E0,5:00:00,2826,0.04,1820.9,13.18,
Sur,E0,5:00:00,2827,0.05,1820.9,18.2,
Sur,E0,5:00:00,2828,0.04,1820.9,20.44,
Sur,E0,5:00:00,2829,0.03,1820.9,26.12,
Sur,E0,5:00:00,2830,0.02,1820.9,25.72,
Sur,E0,5:00:00,2831,0.02,1820.9,25.75,
Sur,E0,5:00:00,2832,0.01,1820.9,20.94,
Sur,E0,5:00:00,2833,0.01,1820.9,20.53,
Sur,E0,5:00:00,2834,0.02,1820.9,26.06,
Sur,E0,5:00:00,2835,0.03,1820.9,26.44,
Sur,E0,5:00:00,2836,0.01,1820.9,22.04,
Sur,E0,5:00:00,2837,0.01,1820.9,22.64,
Sur,E0,5:00:00,2838,0.02,1820.9,26.51,
Sur,E0,5:00:00,2839,0.0,1820.9,26.68,
Sur,E0,5:00:00,2840,0.04,1820.91,28.25,
Sur,E0,5:00:00,2841,0.04,1820.91,30.53,
Sur,E0,5:00:00,2842,0.09,1820.92,33.29,
Sur,E0,5:00:00,2843,0.04,1820.95,34.06,
Sur,E0,5:00:00,2854,0.03,1821.33,33.89,
Sur,E0,5:00:00,5026,0.0,1821.16,41.9,
Sur,E0,5:00:00,5036,0.03,1822.63,34.07,
Sur,E0,5:00:00,5037,0.03,1822.45,34.96,
Sur,E0,5:00:00,5038,0.02,1822.82,19.96,
Sur,E0,5:00:00,5083,0.0,1821.04,35.65,
Sur,E0,5:00:00,5084,0.17,1822.22,35.67,
Sur,E0,5:00:00,5085,0.24,1821.25,35.06,
Sur,E0,5:00:00,5096,0.02,1820.8,16.14,
Sur,E0,5:00:00,5097,0.04,1820.8,17.91,
Sur,E0,5:00:00,5098,0.02,1820.8,17.89,
Sur,E0,5:00:00,5099,0.01,1820.81,16.74,
Sur,E0,5:00:00,5100,0.04,1820.8,15.74,
Sur,E0,5:00:00,5151,0.13,1821.12,37.94,
Sur,E0,5:00:00,5152,0.02,1821.25,39.58,
Sur,E0,5:00:00,5153,0.09,1821.19,42.52,
Sur,E0,5:00:00,5154,0.04,1821.13,41.78,
Sur,E0,5:00:00,5185,0.05,1821.1,41.57,
Sur,E0,5:00:00,5203,0.05,1821.1,36.23,
Sur,E0,5:00:00,5208,0.02,1821.14,40.23,
Sur,E0,5:00:00,5209,0.09,1821.15,40.76,
Sur,E0,5:00:00,5262,0.09,1821.07,28.72,
Sur,E0,5:00:00,5263,0.06,1821.23,28.13,
Sur,E0,5:00:00,5275,0.0,1821.04,31.95,
Sur,E0,5:00:00,5276,0.02,1820.8,15.89,
Sur,E0,5:00:00,5277,0.04,1820.8,19.08,
Sur,E0,5:00:00,5278,0.03,1820.89,15.31,
Sur,E0,5:00:00,5279,0.03,1820.8,16.45,
Sur,E0,5:00:00,5280,0.05,1820.83,17.8,
Sur,E0,5:00:00,5282,0.03,1821.04,16.92,
Sur,E0,5:00:00,5283,0.03,1821.04,31.21,
Sur,E0,5:00:00,5292,0.11,1821.28,21.79,
Sur,E0,5:00:00,5383,0.05,1820.89,12.95,
Sur,E0,5:00:00,5384,0.02,1820.89,22.34,
Sur,E0,5:00:00,5385,0.02,1820.89,14.03,
Sur,E0,5:00:00,5387,0.02,1820.89,20.55,
Sur,E0,5:00:00,5481,0.25,1821.33,36.03,
Sur,E0,5:00:00,5482,0.27,1821.38,39.96,
Sur,E0,5:00:00,5497,0.01,1821.26,38.5,
Sur,E0,5:00:00,5498,0.04,1821.13,41.28,
Sur,E0,5:00:00,5503,0.14,1821.04,33.89,
Sur,E0,5:00:00,5504,0.05,1821.04,28.21,
Sur,E0,5:00:00,5505,0.12,1821.08,34.04,
Sur,E0,5:00:00,5534,0.02,1821.14,40.13,
Sur,E0,5:00:00,5535,0.06,1821.16,41.93,
Sur,E0,5:00:00,5575,0.03,1820.9,13.88,
Sur,E0,5:00:00,5623,0.17,1821.07,35.82,
Sur,E0,5:00:00,5652,0.09,1820.95,34.1,
Sur,E0,5:00:00,5655,0.0,1821.39,40.04,
Sur,E0,5:00:00,5656,0.03,1821.41,39.03,
Sur,E0,5:00:00,5657,0.02,1821.42,38.94,
Sur,E0,5:00:00,5658,0.09,1821.55,40.7,
Sur,E0,5:00:00,5659,0.02,1822.23,35.6,
Sur,E0,5:00:00,5660,0.1,1821.99,36.93,
Sur,E0,5:00:00,5664,0.03,1821.09,40.56,
Sur,E0,5:00:00,5668,0.0,1820.95,34.62,
Sur,E0,5:00:00,5681,0.01,1821.28,40.22,
Sur,E0,5:00:00,5682,0.06,1821.39,39.97,
Sur,E0,6:00:00,10013,0.04,1820.27,15.46,
Sur,E0,6:00:00,10022,0.08,1820.63,40.33,
Sur,E0,6:00:00,10025,0.0,1822.05,29.96,
Sur,E0,6:00:00,10067,0.07,1821.2,39.41,
Sur,E0,6:00:00,1066,0.04,1820.64,47.98,
Sur,E0,6:00:00,1234,0.15,1820.6,39.5,
Sur,E0,6:00:00,1236,0.1,1820.6,40.02,
Sur,E0,6:00:00,1238,0.13,1820.61,40.3,
Sur,E0,6:00:00,1259,0.06,1820.63,40.41,
Sur,E0,6:00:00,1263,0.09,1820.64,40.09,
Sur,E0,6:00:00,1298,0.12,1820.64,39.64,
Sur,E0,6:00:00,1301,0.11,1820.64,39.32,
Sur,E0,6:00:00,1327,0.11,1820.64,39.42,
Sur,E0,6:00:00,1329,0.09,1820.64,40.01,
Sur,E0,6:00:00,2168,0.08,1820.74,42.7,
Sur,E0,6:00:00,2176,0.11,1820.65,40.91,
Sur,E0,6:00:00,2178,0.05,1820.66,42.2,
Sur,E0,6:00:00,2180,0.09,1820.66,42.72,
Sur,E0,6:00:00,2181,0.12,1820.68,42.89,
Sur,E0,6:00:00,2188,0.08,1820.89,41.58,
Sur,E0,6:00:00,2189,0.06,1820.95,40.6,
Sur,E0,6:00:00,2190,0.05,1821.0,38.78,
Sur,E0,6:00:00,2191,0.22,1821.2,35.9,
Sur,E0,6:00:00,2193,0.17,1820.87,34.49,
Sur,E0,6:00:00,2195,0.07,1820.85,34.49,
Sur,E0,6:00:00,2197,0.14,1821.0,38.43,
Sur,E0,6:00:00,2199,0.16,1821.02,38.49,
Sur,E0,6:00:00,2202,0.18,1820.95,39.05,
Sur,E0,6:00:00,2205,0.2,1820.89,39.4,
Sur,E0,6:00:00,2208,0.01,1820.86,39.54,
Sur,E0,6:00:00,2211,0.1,1820.84,39.62,
Sur,E0,6:00:00,2213,0.04,1820.81,40.4,
Sur,E0,6:00:00,2214,0.06,1820.79,41.02,
Sur,E0,6:00:00,2217,0.13,1820.68,41.62,
Sur,E0,6:00:00,2218,0.13,1820.69,40.39,
Sur,E0,6:00:00,2219,0.13,1820.7,39.94,
Sur,E0,6:00:00,2221,0.13,1820.73,39.49,
Sur,E0,6:00:00,2224,0.08,1820.69,39.36,
Sur,E0,6:00:00,2227,0.01,1820.69,39.46,
Sur,E0,6:00:00,2228,0.06,1820.69,39.5,
Sur,E0,6:00:00,2229,0.08,1820.69,39.87,
Sur,E0,6:00:00,2231,0.08,1820.69,40.4,
Sur,E0,6:00:00,2232,0.1,1820.68,41.19,
Sur,E0,6:00:00,2233,0.01,1820.64,40.38,
Sur,E0,6:00:00,2234,0.05,1820.64,40.29,
Sur,E0,6:00:00,2235,0.04,1820.64,40.1,
Sur,E0,6:00:00,2236,0.11,1820.64,40.1,
Sur,E0,6:00:00,2237,0.14,1820.64,39.62,
Sur,E0,6:00:00,2238,0.14,1820.64,39.7,
Sur,E0,6:00:00,2239,0.19,1820.65,39.42,
Sur,E0,6:00:00,2240,0.1,1820.64,39.53,
Sur,E0,6:00:00,2243,0.01,1820.64,38.88,
Sur,E0,6:00:00,2244,0.07,1820.64,38.98,
Sur,E0,6:00:00,2245,0.02,1820.64,38.86,
Sur,E0,6:00:00,2246,0.08,1820.69,38.77,
Sur,E0,6:00:00,2247,0.13,1820.69,39.23,
Sur,E0,6:00:00,2248,0.13,1820.69,39.05,
Sur,E0,6:00:00,2249,0.05,1820.68,38.46,
Sur,E0,6:00:00,2250,0.11,1820.68,38.81,
Sur,E0,6:00:00,2251,0.08,1820.68,38.98,
Sur,E0,6:00:00,2253,0.07,1820.68,38.47,
Sur,E0,6:00:00,2254,0.05,1820.68,37.03,
Sur,E0,6:00:00,2255,0.08,1820.67,38.03,
Sur,E0,6:00:00,2256,0.03,1820.67,37.62,
Sur,E0,6:00:00,2257,0.08,1820.67,37.94,
Sur,E0,6:00:00,2258,0.09,1820.67,38.32,
Sur,E0,6:00:00,2259,0.05,1820.67,37.98,
Sur,E0,6:00:00,2260,0.05,1820.84,37.64,
Sur,E0,6:00:00,2261,0.07,1820.84,36.16,
Sur,E0,6:00:00,2262,0.15,1820.88,36.67,
Sur,E0,6:00:00,2263,0.17,1820.91,36.81,
Sur,E0,6:00:00,2266,0.12,1820.93,33.65,
Sur,E0,6:00:00,2267,0.15,1820.92,35.25,
Sur,E0,6:00:00,2270,0.14,1820.92,34.88,
Sur,E0,6:00:00,2271,0.03,1820.92,36.21,
Sur,E0,6:00:00,2272,0.01,1820.92,34.69,
Sur,E0,6:00:00,2273,0.05,1822.05,30.53,
Sur,E0,6:00:00,2274,0.0,1822.05,29.98,
Sur,E0,6:00:00,2281,0.07,1820.92,29.84,
Sur,E0,6:00:00,2282,0.09,1820.91,29.87,
Sur,E0,6:00:00,2283,0.08,1820.91,23.36,
Sur,E0,6:00:00,2284,0.07,1820.91,22.08,
Sur,E0,6:00:00,2285,0.01,1820.91,22.67,
Sur,E0,6:00:00,2286,0.01,1820.91,20.68,
Sur,E0,6:00:00,2287,0.07,1820.91,21.98,
Sur,E0,6:00:00,2288,0.08,1820.91,25.16,
Sur,E0,6:00:00,2289,0.1,1820.91,32.44,
Sur,E0,6:00:00,2290,0.11,1820.83,26.31,
Sur,E0,6:00:00,2292,0.14,1820.63,35.1,
Sur,E0,6:00:00,2294,0.14,1820.62,34.5,
Sur,E0,6:00:00,2295,0.18,1820.63,38.98,
Sur,E0,6:00:00,2296,0.14,1820.62,37.99,
Sur,E0,6:00:00,2297,0.08,1820.64,39.37,
Sur,E0,6:00:00,2299,0.11,1820.64,39.44,
Sur,E0,6:00:00,2301,0.13,1820.63,39.95,
Sur,E0,6:00:00,2302,0.13,1820.61,39.27,
Sur,E0,6:00:00,2303,0.13,1820.61,38.43,
Sur,E0,6:00:00,2304,0.05,1820.6,37.1,
Sur,E0,6:00:00,2306,0.1,1820.61,37.05,
Sur,E0,6:00:00,2307,0.13,1820.61,37.61,
Sur,E0,6:00:00,2309,0.1,1820.57,35.15,
Sur,E0,6:00:00,2310,0.08,1820.6,35.58,
Sur,E0,6:00:00,2315,0.08,1820.61,32.89,
Sur,E0,6:00:00,2316,0.12,1820.61,32.14,
Sur,E0,6:00:00,2321,0.21,1820.81,28.35,
Sur,E0,6:00:00,2322,0.1,1820.59,38.32,
Sur,E0,6:00:00,2324,0.03,1820.58,38.11,
Sur,E0,6:00:00,2325,0.09,1820.58,36.04,
Sur,E0,6:00:00,2326,0.05,1820.58,35.5,
Sur,E0,6:00:00,2327,0.01,1820.58,34.95,
Sur,E0,6:00:00,2328,0.14,1820.57,33.81,
Sur,E0,6:00:00,2330,0.06,1820.57,27.98,
Sur,E0,6:00:00,2332,0.06,1820.57,22.11,
Sur,E0,6:00:00,2748,0.02,1820.71,33.67,
Sur,E0,6:00:00,2749,0.06,1820.84,33.36,
Sur,E0,6:00:00,2749-1,0.11,1820.84,33.74,
Sur,E0,6:00:00,2750,0.02,1820.84,32.43,
Sur,E0,6:00:00,2753,0.06,1820.75,34.82,
Sur,E0,6:00:00,2755,0.07,1820.74,34.67,
Sur,E0,6:00:00,2757,0.06,1820.71,33.76,
Sur,E0,6:00:00,2758,0.06,1820.71,33.75,
Sur,E0,6:00:00,2759,0.03,1820.84,33.13,
Sur,E0,6:00:00,2762,0.08,1820.66,34.71,
Sur,E0,6:00:00,2764,0.03,1820.68,34.48,
Sur,E0,6:00:00,2765,0.06,1820.68,33.81,
Sur,E0,6:00:00,2766,0.03,1820.68,33.83,
Sur,E0,6:00:00,2767,0.04,1820.84,33.79,
Sur,E0,6:00:00,2768,0.1,1820.57,34.56,
Sur,E0,6:00:00,2770,0.09,1820.56,34.62,
Sur,E0,6:00:00,2772,0.08,1820.57,31.58,
Sur,E0,6:00:00,2773,0.07,1820.56,31.37,
Sur,E0,6:00:00,2778,0.07,1820.52,34.38,
Sur,E0,6:00:00,2780,0.07,1820.51,34.33,
Sur,E0,6:00:00,2782,0.05,1820.51,32.73,
Sur,E0,6:00:00,2782-1,0.03,1820.38,14.99,
Sur,E0,6:00:00,2783,0.05,1820.5,32.57,
Sur,E0,6:00:00,2785,0.03,1820.45,35.13,
Sur,E0,6:00:00,2786,0.1,1820.45,34.54,
Sur,E0,6:00:00,2789,0.07,1820.45,33.75,
Sur,E0,6:00:00,2791,0.02,1820.39,22.92,
Sur,E0,6:00:00,2792,0.13,1820.39,21.18,
Sur,E0,6:00:00,2794,0.03,1820.39,21.29,
Sur,E0,6:00:00,2795,0.01,1820.39,14.49,
Sur,E0,6:00:00,2796,0.03,1820.39,14.52,
Sur,E0,6:00:00,2797,0.04,1820.38,14.68,
Sur,E0,6:00:00,2800,0.03,1820.38,15.63,
Sur,E0,6:00:00,2801,0.03,1820.38,15.72,
Sur,E0,6:00:00,2802,0.05,1820.38,23.45,
Sur,E0,6:00:00,2803,0.05,1820.38,23.42,
Sur,E0,6:00:00,2804,0.05,1820.38,23.24,
Sur,E0,6:00:00,2805,0.05,1820.38,23.27,
Sur,E0,6:00:00,2806,0.07,1820.38,14.81,
Sur,E0,6:00:00,2807,0.05,1820.38,15.42,
Sur,E0,6:00:00,2809,0.05,1820.38,12.06,
Sur,E0,6:00:00,2810,0.05,1820.38,19.71,
Sur,E0,6:00:00,2811,0.01,1820.38,16.54,
Sur,E0,6:00:00,2812,0.01,1820.38,16.31,
Sur,E0,6:00:00,2815,0.02,1820.38,19.77,
Sur,E0,6:00:00,2817,0.08,1820.38,20.43,
Sur,E0,6:00:00,2818,0.01,1820.38,15.77,
Sur,E0,6:00:00,2819,0.01,1820.38,15.0,
Sur,E0,6:00:00,2820,0.03,1820.38,16.37,
Sur,E0,6:00:00,2821,0.03,1820.38,15.25,
Sur,E0,6:00:00,2823,0.01,1820.39,12.88,
Sur,E0,6:00:00,2824,0.02,1820.38,12.09,
Sur,E0,6:00:00,2825,0.04,1820.38,12.59,
Sur,E0,6:00:00,2826,0.05,1820.39,12.67,
Sur,E0,6:00:00,2827,0.05,1820.39,17.69,
Sur,E0,6:00:00,2828,0.05,1820.39,19.93,
Sur,E0,6:00:00,2829,0.04,1820.39,25.61,
Sur,E0,6:00:00,2830,0.02,1820.39,25.21,
Sur,E0,6:00:00,2831,0.02,1820.39,25.24,
Sur,E0,6:00:00,2832,0.01,1820.39,20.43,
Sur,E0,6:00:00,2833,0.01,1820.39,20.02,
Sur,E0,6:00:00,2834,0.03,1820.39,25.55,
Sur,E0,6:00:00,2835,0.03,1820.39,25.93,
Sur,E0,6:00:00,2836,0.02,1820.39,21.53,
Sur,E0,6:00:00,2837,0.01,1820.39,22.13,
Sur,E0,6:00:00,2838,0.02,1820.39,26.0,
Sur,E0,6:00:00,2839,0.01,1820.39,26.17,
Sur,E0,6:00:00,2840,0.04,1820.4,27.74,
Sur,E0,6:00:00,2841,0.04,1820.41,30.03,
Sur,E0,6:00:00,2842,0.1,1820.42,32.79,
Sur,E0,6:00:00,2843,0.04,1820.45,33.56,
Sur,E0,6:00:00,2854,0.03,1820.94,33.5,
Sur,E0,6:00:00,5026,0.0,1820.72,41.46,
Sur,E0,6:00:00,5036,0.03,1822.57,34.01,
Sur,E0,6:00:00,5037,0.04,1822.34,34.85,
Sur,E0,6:00:00,5038,0.02,1822.82,19.96,
Sur,E0,6:00:00,5083,0.0,1820.57,35.18,
Sur,E0,6:00:00,5084,0.19,1822.05,35.5,
Sur,E0,6:00:00,5085,0.27,1820.83,34.64,
Sur,E0,6:00:00,5096,0.02,1820.26,15.6,
Sur,E0,6:00:00,5097,0.04,1820.27,17.38,
Sur,E0,6:00:00,5098,0.02,1820.27,17.36,
Sur,E0,6:00:00,5099,0.01,1820.27,16.2,
Sur,E0,6:00:00,5100,0.04,1820.27,15.21,
Sur,E0,6:00:00,5151,0.14,1820.66,37.48,
Sur,E0,6:00:00,5152,0.02,1820.84,39.17,
Sur,E0,6:00:00,5153,0.11,1820.76,42.09,
Sur,E0,6:00:00,5154,0.04,1820.68,41.33,
Sur,E0,6:00:00,5185,0.05,1820.64,41.11,
Sur,E0,6:00:00,5203,0.06,1820.64,35.77,
Sur,E0,6:00:00,5208,0.02,1820.69,39.78,
Sur,E0,6:00:00,5209,0.11,1820.7,40.31,
Sur,E0,6:00:00,5262,0.11,1820.61,28.26,
Sur,E0,6:00:00,5263,0.07,1820.81,27.71,
Sur,E0,6:00:00,5275,0.0,1820.57,31.48,
Sur,E0,6:00:00,5276,0.02,1820.27,15.36,
Sur,E0,6:00:00,5277,0.05,1820.27,18.55,
Sur,E0,6:00:00,5278,0.04,1820.37,14.79,
Sur,E0,6:00:00,5279,0.03,1820.27,15.92,
Sur,E0,6:00:00,5280,0.06,1820.3,17.27,
Sur,E0,6:00:00,5282,0.03,1820.57,16.45,
Sur,E0,6:00:00,5283,0.03,1820.57,30.74,
Sur,E0,6:00:00,5292,0.12,1820.86,21.37,
Sur,E0,6:00:00,5383,0.06,1820.38,12.44,
Sur,E0,6:00:00,5384,0.02,1820.38,21.83,
Sur,E0,6:00:00,5385,0.02,1820.38,13.52,
Sur,E0,6:00:00,5387,0.02,1820.38,20.04,
Sur,E0,6:00:00,5481,0.28,1820.94,35.64,
Sur,E0,6:00:00,5482,0.31,1821.0,39.58,
Sur,E0,6:00:00,5497,0.02,1820.84,38.08,
Sur,E0,6:00:00,5498,0.05,1820.69,40.84,
Sur,E0,6:00:00,5503,0.16,1820.57,33.42,
Sur,E0,6:00:00,5504,0.06,1820.57,27.74,
Sur,E0,6:00:00,5505,0.14,1820.62,33.58,
Sur,E0,6:00:00,5534,0.02,1820.69,39.68,
Sur,E0,6:00:00,5535,0.07,1820.72,41.49,
Sur,E0,6:00:00,5575,0.03,1820.39,13.37,
Sur,E0,6:00:00,5623,0.2,1820.61,35.36,
Sur,E0,6:00:00,5652,0.1,1820.45,33.6,
Sur,E0,6:00:00,5655,0.0,1821.01,39.66,
Sur,E0,6:00:00,5656,0.03,1821.03,38.65,
Sur,E0,6:00:00,5657,0.03,1821.05,38.57,
Sur,E0,6:00:00,5658,0.1,1821.21,40.36,
Sur,E0,6:00:00,5659,0.02,1822.06,35.43,
Sur,E0,6:00:00,5660,0.12,1821.76,36.7,
Sur,E0,6:00:00,5664,0.04,1820.64,40.1,
Sur,E0,6:00:00,5668,0.0,1820.45,34.12,
Sur,E0,6:00:00,5681,0.02,1820.87,39.81,
Sur,E0,6:00:00,5682,0.07,1821.01,39.59,
Sur,E0,7:00:00,10013,0.04,1820.46,15.65,
Sur,E0,7:00:00,10022,0.08,1820.8,40.5,
Sur,E0,7:00:00,10025,0.0,1822.11,30.02,
Sur,E0,7:00:00,10067,0.06,1821.33,39.54,
Sur,E0,7:00:00,1066,0.04,1820.8,48.14,
Sur,E0,7:00:00,1234,0.15,1820.76,39.66,
Sur,E0,7:00:00,1236,0.1,1820.77,40.19,
Sur,E0,7:00:00,1238,0.12,1820.78,40.47,
Sur,E0,7:00:00,1259,0.06,1820.8,40.58,
Sur,E0,7:00:00,1263,0.09,1820.8,40.25,
Sur,E0,7:00:00,1298,0.12,1820.8,39.8,
Sur,E0,7:00:00,1301,0.11,1820.8,39.48,
Sur,E0,7:00:00,1327,0.1,1820.8,39.58,
Sur,E0,7:00:00,1329,0.09,1820.81,40.18,
Sur,E0,7:00:00,2168,0.07,1820.89,42.85,
Sur,E0,7:00:00,2176,0.11,1820.81,41.07,
Sur,E0,7:00:00,2178,0.04,1820.82,42.36,
Sur,E0,7:00:00,2180,0.09,1820.82,42.88,
Sur,E0,7:00:00,2181,0.12,1820.84,43.05,
Sur,E0,7:00:00,2188,0.07,1821.04,41.73,
Sur,E0,7:00:00,2189,0.06,1821.09,40.74,
Sur,E0,7:00:00,2190,0.05,1821.14,38.92,
Sur,E0,7:00:00,2191,0.21,1821.33,36.03,
Sur,E0,7:00:00,2193,0.16,1821.02,34.64,
Sur,E0,7:00:00,2195,0.07,1821.0,34.64,
Sur,E0,7:00:00,2197,0.14,1821.14,38.57,
Sur,E0,7:00:00,2199,0.15,1821.16,38.63,
Sur,E0,7:00:00,2202,0.18,1821.09,39.19,
Sur,E0,7:00:00,2205,0.19,1821.04,39.55,
Sur,E0,7:00:00,2208,0.01,1821.0,39.68,
Sur,E0,7:00:00,2211,0.1,1820.99,39.77,
Sur,E0,7:00:00,2213,0.04,1820.96,40.55,
Sur,E0,7:00:00,2214,0.06,1820.95,41.18,
Sur,E0,7:00:00,2217,0.13,1820.84,41.78,
Sur,E0,7:00:00,2218,0.12,1820.85,40.55,
Sur,E0,7:00:00,2219,0.12,1820.86,40.1,
Sur,E0,7:00:00,2221,0.13,1820.89,39.65,
Sur,E0,7:00:00,2224,0.08,1820.85,39.52,
Sur,E0,7:00:00,2227,0.01,1820.85,39.62,
Sur,E0,7:00:00,2228,0.06,1820.85,39.66,
Sur,E0,7:00:00,2229,0.08,1820.85,40.03,
Sur,E0,7:00:00,2231,0.07,1820.85,40.56,
Sur,E0,7:00:00,2232,0.09,1820.84,41.35,
Sur,E0,7:00:00,2233,0.01,1820.8,40.54,
Sur,E0,7:00:00,2234,0.05,1820.8,40.45,
Sur,E0,7:00:00,2235,0.04,1820.8,40.26,
Sur,E0,7:00:00,2236,0.11,1820.81,40.27,
Sur,E0,7:00:00,2237,0.13,1820.8,39.78,
Sur,E0,7:00:00,2238,0.13,1820.81,39.87,
Sur,E0,7:00:00,2239,0.18,1820.81,39.58,
Sur,E0,7:00:00,2240,0.09,1820.8,39.69,
Sur,E0,7:00:00,2243,0.01,1820.8,39.04,
Sur,E0,7:00:00,2244,0.06,1820.8,39.14,
Sur,E0,7:00:00,2245,0.02,1820.8,39.02,
Sur,E0,7:00:00,2246,0.07,1820.85,38.93,
Sur,E0,7:00:00,2247,0.12,1820.85,39.39,
Sur,E0,7:00:00,2248,0.12,1820.85,39.22,
Sur,E0,7:00:00,2249,0.05,1820.84,38.62,
Sur,E0,7:00:00,2250,0.1,1820.84,38.97,
Sur,E0,7:00:00,2251,0.07,1820.84,39.14,
Sur,E0,7:00:00,2253,0.07,1820.84,38.63,
Sur,E0,7:00:00,2254,0.05,1820.84,37.19,
Sur,E0,7:00:00,2255,0.08,1820.84,38.2,
Sur,E0,7:00:00,2256,0.03,1820.83,37.78,
Sur,E0,7:00:00,2257,0.07,1820.83,38.1,
Sur,E0,7:00:00,2258,0.08,1820.83,38.48,
Sur,E0,7:00:00,2259,0.05,1820.83,38.14,
Sur,E0,7:00:00,2260,0.05,1820.99,37.79,
Sur,E0,7:00:00,2261,0.07,1820.99,36.31,
Sur,E0,7:00:00,2262,0.14,1821.03,36.82,
Sur,E0,7:00:00,2263,0.16,1821.06,36.96,
Sur,E0,7:00:00,2266,0.11,1821.07,33.79,
Sur,E0,7:00:00,2267,0.14,1821.07,35.4,
Sur,E0,7:00:00,2270,0.13,1821.06,35.02,
Sur,E0,7:00:00,2271,0.03,1821.06,36.35,
Sur,E0,7:00:00,2272,0.01,1821.06,34.83,
Sur,E0,7:00:00,2273,0.05,1822.11,30.59,
Sur,E0,7:00:00,2274,0.0,1822.11,30.04,
Sur,E0,7:00:00,2281,0.07,1821.06,29.98,
Sur,E0,7:00:00,2282,0.09,1821.06,30.02,
Sur,E0,7:00:00,2283,0.08,1821.05,23.5,
Sur,E0,7:00:00,2284,0.06,1821.05,22.22,
Sur,E0,7:00:00,2285,0.01,1821.05,22.81,
Sur,E0,7:00:00,2286,0.01,1821.05,20.82,
Sur,E0,7:00:00,2287,0.07,1821.05,22.12,
Sur,E0,7:00:00,2288,0.08,1821.05,25.3,
Sur,E0,7:00:00,2289,0.1,1821.05,32.58,
Sur,E0,7:00:00,2290,0.11,1820.98,26.46,
Sur,E0,7:00:00,2292,0.14,1820.8,35.27,
Sur,E0,7:00:00,2294,0.13,1820.79,34.67,
Sur,E0,7:00:00,2295,0.17,1820.8,39.15,
Sur,E0,7:00:00,2296,0.13,1820.79,38.16,
Sur,E0,7:00:00,2297,0.07,1820.8,39.53,
Sur,E0,7:00:00,2299,0.1,1820.8,39.61,
Sur,E0,7:00:00,2301,0.12,1820.8,40.12,
Sur,E0,7:00:00,2302,0.12,1820.78,39.44,
Sur,E0,7:00:00,2303,0.13,1820.78,38.6,
Sur,E0,7:00:00,2304,0.05,1820.77,37.27,
Sur,E0,7:00:00,2306,0.09,1820.78,37.22,
Sur,E0,7:00:00,2307,0.13,1820.78,37.78,
Sur,E0,7:00:00,2309,0.1,1820.74,35.32,
Sur,E0,7:00:00,2310,0.07,1820.76,35.74,
Sur,E0,7:00:00,2315,0.08,1820.78,33.06,
Sur,E0,7:00:00,2316,0.11,1820.78,32.31,
Sur,E0,7:00:00,2321,0.2,1820.96,28.5,
Sur,E0,7:00:00,2322,0.09,1820.76,38.49,
Sur,E0,7:00:00,2324,0.03,1820.74,38.27,
Sur,E0,7:00:00,2325,0.08,1820.74,36.2,
Sur,E0,7:00:00,2326,0.05,1820.74,35.66,
Sur,E0,7:00:00,2327,0.01,1820.74,35.11,
Sur,E0,7:00:00,2328,0.14,1820.74,33.98,
Sur,E0,7:00:00,2330,0.05,1820.74,28.15,
Sur,E0,7:00:00,2332,0.05,1820.74,22.28,
Sur,E0,7:00:00,2748,0.02,1820.87,33.83,
Sur,E0,7:00:00,2749,0.06,1820.99,33.51,
Sur,E0,7:00:00,2749-1,0.1,1820.99,33.89,
Sur,E0,7:00:00,2750,0.02,1820.99,32.58,
Sur,E0,7:00:00,2753,0.06,1820.91,34.98,
Sur,E0,7:00:00,2755,0.06,1820.89,34.82,
Sur,E0,7:00:00,2757,0.06,1820.87,33.92,
Sur,E0,7:00:00,2758,0.06,1820.86,33.9,
Sur,E0,7:00:00,2759,0.02,1820.99,33.28,
Sur,E0,7:00:00,2762,0.08,1820.82,34.87,
Sur,E0,7:00:00,2764,0.03,1820.84,34.64,
Sur,E0,7:00:00,2765,0.05,1820.84,33.97,
Sur,E0,7:00:00,2766,0.03,1820.84,33.99,
Sur,E0,7:00:00,2767,0.04,1820.99,33.94,
Sur,E0,7:00:00,2768,0.09,1820.74,34.73,
Sur,E0,7:00:00,2770,0.09,1820.73,34.79,
Sur,E0,7:00:00,2772,0.07,1820.74,31.75,
Sur,E0,7:00:00,2773,0.07,1820.73,31.54,
Sur,E0,7:00:00,2778,0.07,1820.69,34.55,
Sur,E0,7:00:00,2780,0.07,1820.68,34.5,
Sur,E0,7:00:00,2782,0.05,1820.69,32.91,
Sur,E0,7:00:00,2782-1,0.03,1820.57,15.18,
Sur,E0,7:00:00,2783,0.05,1820.68,32.75,
Sur,E0,7:00:00,2785,0.02,1820.63,35.31,
Sur,E0,7:00:00,2786,0.1,1820.63,34.72,
Sur,E0,7:00:00,2789,0.06,1820.63,33.93,
Sur,E0,7:00:00,2791,0.02,1820.57,23.1,
Sur,E0,7:00:00,2792,0.13,1820.57,21.36,
Sur,E0,7:00:00,2794,0.03,1820.57,21.47,
Sur,E0,7:00:00,2795,0.01,1820.57,14.67,
Sur,E0,7:00:00,2796,0.03,1820.57,14.7,
Sur,E0,7:00:00,2797,0.04,1820.57,14.87,
Sur,E0,7:00:00,2800,0.03,1820.57,15.82,
Sur,E0,7:00:00,2801,0.03,1820.57,15.91,
Sur,E0,7:00:00,2802,0.05,1820.57,23.64,
Sur,E0,7:00:00,2803,0.05,1820.57,23.61,
Sur,E0,7:00:00,2804,0.05,1820.57,23.43,
Sur,E0,7:00:00,2805,0.05,1820.57,23.46,
Sur,E0,7:00:00,2806,0.06,1820.57,15.0,
Sur,E0,7:00:00,2807,0.05,1820.56,15.6,
Sur,E0,7:00:00,2809,0.05,1820.57,12.25,
Sur,E0,7:00:00,2810,0.05,1820.57,19.9,
Sur,E0,7:00:00,2811,0.01,1820.57,16.73,
Sur,E0,7:00:00,2812,0.01,1820.57,16.5,
Sur,E0,7:00:00,2815,0.02,1820.57,19.96,
Sur,E0,7:00:00,2817,0.08,1820.57,20.62,
Sur,E0,7:00:00,2818,0.01,1820.57,15.96,
Sur,E0,7:00:00,2819,0.01,1820.57,15.19,
Sur,E0,7:00:00,2820,0.03,1820.57,16.56,
Sur,E0,7:00:00,2821,0.03,1820.57,15.44,
Sur,E0,7:00:00,2823,0.01,1820.57,13.06,
Sur,E0,7:00:00,2824,0.02,1820.57,12.28,
Sur,E0,7:00:00,2825,0.04,1820.57,12.78,
Sur,E0,7:00:00,2826,0.04,1820.57,12.85,
Sur,E0,7:00:00,2827,0.05,1820.57,17.87,
Sur,E0,7:00:00,2828,0.05,1820.57,20.11,
Sur,E0,7:00:00,2829,0.04,1820.57,25.79,
Sur,E0,7:00:00,2830,0.02,1820.57,25.39,
Sur,E0,7:00:00,2831,0.02,1820.57,25.42,
Sur,E0,7:00:00,2832,0.01,1820.57,20.61,
Sur,E0,7:00:00,2833,0.01,1820.57,20.2,
Sur,E0,7:00:00,2834,0.03,1820.57,25.73,
Sur,E0,7:00:00,2835,0.03,1820.57,26.11,
Sur,E0,7:00:00,2836,0.01,1820.57,21.71,
Sur,E0,7:00:00,2837,0.01,1820.57,22.31,
Sur,E0,7:00:00,2838,0.02,1820.57,26.18,
Sur,E0,7:00:00,2839,0.01,1820.57,26.35,
Sur,E0,7:00:00,2840,0.04,1820.58,27.92,
Sur,E0,7:00:00,2841,0.04,1820.59,30.21,
Sur,E0,7:00:00,2842,0.09,1820.6,32.97,
Sur,E0,7:00:00,2843,0.04,1820.63,33.74,
Sur,E0,7:00:00,2854,0.03,1821.08,33.64,
Sur,E0,7:00:00,5026,0.0,1820.88,41.62,
Sur,E0,7:00:00,5036,0.03,1822.59,34.03,
Sur,E0,7:00:00,5037,0.04,1822.38,34.89,
Sur,E0,7:00:00,5038,0.02,1822.82,19.96,
Sur,E0,7:00:00,5083,0.0,1820.74,35.35,
Sur,E0,7:00:00,5084,0.18,1822.11,35.56,
Sur,E0,7:00:00,5085,0.26,1820.98,34.79,
Sur,E0,7:00:00,5096,0.02,1820.46,15.8,
Sur,E0,7:00:00,5097,0.04,1820.46,17.57,
Sur,E0,7:00:00,5098,0.02,1820.46,17.55,
Sur,E0,7:00:00,5099,0.01,1820.46,16.39,
Sur,E0,7:00:00,5100,0.04,1820.46,15.4,
Sur,E0,7:00:00,5151,0.14,1820.82,37.64,
Sur,E0,7:00:00,5152,0.02,1820.99,39.32,
Sur,E0,7:00:00,5153,0.1,1820.92,42.25,
Sur,E0,7:00:00,5154,0.04,1820.84,41.49,
Sur,E0,7:00:00,5185,0.05,1820.8,41.27,
Sur,E0,7:00:00,5203,0.06,1820.81,35.94,
Sur,E0,7:00:00,5208,0.02,1820.85,39.94,
Sur,E0,7:00:00,5209,0.1,1820.86,40.47,
Sur,E0,7:00:00,5262,0.1,1820.78,28.43,
Sur,E0,7:00:00,5263,0.06,1820.96,27.86,
Sur,E0,7:00:00,5275,0.0,1820.74,31.65,
Sur,E0,7:00:00,5276,0.02,1820.46,15.55,
Sur,E0,7:00:00,5277,0.05,1820.46,18.74,
Sur,E0,7:00:00,5278,0.04,1820.56,14.98,
Sur,E0,7:00:00,5279,0.03,1820.46,16.11,
Sur,E0,7:00:00,5280,0.06,1820.49,17.46,
Sur,E0,7:00:00,5282,0.03,1820.74,16.62,
Sur,E0,7:00:00,5283,0.03,1820.74,30.91,
Sur,E0,7:00:00,5292,0.11,1821.01,21.52,
Sur,E0,7:00:00,5383,0.06,1820.56,12.62,
Sur,E0,7:00:00,5384,0.02,1820.57,22.02,
Sur,E0,7:00:00,5385,0.02,1820.57,13.71,
Sur,E0,7:00:00,5387,0.02,1820.57,20.23,
Sur,E0,7:00:00,5481,0.27,1821.08,35.78,
Sur,E0,7:00:00,5482,0.3,1821.13,39.71,
Sur,E0,7:00:00,5497,0.02,1820.99,38.23,
Sur,E0,7:00:00,5498,0.05,1820.85,41.0,
Sur,E0,7:00:00,5503,0.15,1820.74,33.59,
Sur,E0,7:00:00,5504,0.05,1820.74,27.91,
Sur,E0,7:00:00,5505,0.13,1820.78,33.74,
Sur,E0,7:00:00,5534,0.02,1820.85,39.84,
Sur,E0,7:00:00,5535,0.06,1820.88,41.65,
Sur,E0,7:00:00,5575,0.03,1820.57,13.55,
Sur,E0,7:00:00,5623,0.19,1820.78,35.53,
Sur,E0,7:00:00,5652,0.1,1820.63,33.78,
Sur,E0,7:00:00,5655,0.0,1821.14,39.79,
Sur,E0,7:00:00,5656,0.03,1821.16,38.78,
Sur,E0,7:00:00,5657,0.03,1821.18,38.7,
Sur,E0,7:00:00,5658,0.1,1821.34,40.49,
Sur,E0,7:00:00,5659,0.02,1822.12,35.49,
Sur,E0,7:00:00,5660,0.11,1821.84,36.78,
Sur,E0,7:00:00,5664,0.04,1820.8,40.26,
Sur,E0,7:00:00,5668,0.0,1820.63,34.3,
Sur,E0,7:00:00,5681,0.01,1821.01,39.95,
Sur,E0,7:00:00,5682,0.06,1821.14,39.72,
Sur,E0,8:00:00,10013,0.04,1820.21,15.4,
Sur,E0,8:00:00,10022,0.08,1820.58,40.28,
Sur,E0,8:00:00,10025,0.0,1822.03,29.94,
Sur,E0,8:00:00,10067,0.07,1821.17,39.38,
Sur,E0,8:00:00,1066,0.04,1820.59,47.93,
Sur,E0,8:00:00,1234,0.15,1820.54,39.44,
Sur,E0,8:00:00,1236,0.11,1820.55,39.97,
Sur,E0,8:00:00,1238,0.13,1820.56,40.25,
Sur,E0,8:00:00,1259,0.07,1820.58,40.36,
Sur,E0,8:00:00,1263,0.09,1820.58,40.03,
Sur,E0,8:00:00,1298,0.12,1820.59,39.59,
Sur,E0,8:00:00,1301,0.11,1820.59,39.27,
Sur,E0,8:00:00,1327,0.11,1820.59,39.37,
Sur,E0,8:00:00,1329,0.09,1820.59,39.96,
Sur,E0,8:00:00,2168,0.08,1820.69,42.65,
Sur,E0,8:00:00,2176,0.11,1820.59,40.85,
Sur,E0,8:00:00,2178,0.05,1820.6,42.14,
Sur,E0,8:00:00,2180,0.1,1820.61,42.67,
Sur,E0,8:00:00,2181,0.12,1820.63,42.84,
Sur,E0,8:00:00,2188,0.08,1820.85,41.54,
Sur,E0,8:00:00,2189,0.06,1820.91,40.56,
Sur,E0,8:00:00,2190,0.05,1820.95,38.73,
Sur,E0,8:00:00,2191,0.22,1821.17,35.87,
Sur,E0,8:00:00,2193,0.17,1820.83,34.45,
Sur,E0,8:00:00,2195,0.07,1820.8,34.44,
Sur,E0,8:00:00,2197,0.14,1820.95,38.38,
Sur,E0,8:00:00,2199,0.16,1820.98,38.45,
Sur,E0,8:00:00,2202,0.19,1820.91,39.01,
Sur,E0,8:00:00,2205,0.2,1820.85,39.36,
Sur,E0,8:00:00,2208,0.01,1820.81,39.49,
Sur,E0,8:00:00,2211,0.1,1820.79,39.57,
Sur,E0,8:00:00,2213,0.04,1820.76,40.35,
Sur,E0,8:00:00,2214,0.06,1820.74,40.97,
Sur,E0,8:00:00,2217,0.13,1820.63,41.57,
Sur,E0,8:00:00,2218,0.13,1820.64,40.34,
Sur,E0,8:00:00,2219,0.13,1820.65,39.89,
Sur,E0,8:00:00,2221,0.13,1820.68,39.44,
Sur,E0,8:00:00,2224,0.08,1820.64,39.31,
Sur,E0,8:00:00,2227,0.01,1820.64,39.41,
Sur,E0,8:00:00,2228,0.06,1820.64,39.45,
Sur,E0,8:00:00,2229,0.08,1820.64,39.82,
Sur,E0,8:00:00,2231,0.08,1820.63,40.34,
Sur,E0,8:00:00,2232,0.1,1820.63,41.14,
Sur,E0,8:00:00,2233,0.01,1820.59,40.33,
Sur,E0,8:00:00,2234,0.05,1820.59,40.24,
Sur,E0,8:00:00,2235,0.04,1820.59,40.05,
Sur,E0,8:00:00,2236,0.11,1820.59,40.05,
Sur,E0,8:00:00,2237,0.14,1820.59,39.57,
Sur,E0,8:00:00,2238,0.14,1820.59,39.65,
Sur,E0,8:00:00,2239,0.19,1820.6,39.37,
Sur,E0,8:00:00,2240,0.1,1820.58,39.47,
Sur,E0,8:00:00,2243,0.01,1820.58,38.82,
Sur,E0,8:00:00,2244,0.07,1820.58,38.92,
Sur,E0,8:00:00,2245,0.02,1820.58,38.8,
Sur,E0,8:00:00,2246,0.08,1820.64,38.72,
Sur,E0,8:00:00,2247,0.13,1820.64,39.18,
Sur,E0,8:00:00,2248,0.13,1820.63,39.0,
Sur,E0,8:00:00,2249,0.05,1820.62,38.4,
Sur,E0,8:00:00,2250,0.11,1820.63,38.76,
Sur,E0,8:00:00,2251,0.08,1820.63,38.93,
Sur,E0,8:00:00,2253,0.07,1820.63,38.42,
Sur,E0,8:00:00,2254,0.05,1820.62,36.97,
Sur,E0,8:00:00,2255,0.08,1820.62,37.98,
Sur,E0,8:00:00,2256,0.03,1820.62,37.57,
Sur,E0,8:00:00,2257,0.08,1820.62,37.89,
Sur,E0,8:00:00,2258,0.09,1820.62,38.27,
Sur,E0,8:00:00,2259,0.05,1820.62,37.93,
Sur,E0,8:00:00,2260,0.05,1820.8,37.6,
Sur,E0,8:00:00,2261,0.07,1820.8,36.12,
Sur,E0,8:00:00,2262,0.15,1820.84,36.63,
Sur,E0,8:00:00,2263,0.17,1820.87,36.77,
Sur,E0,8:00:00,2266,0.12,1820.88,33.6,
Sur,E0,8:00:00,2267,0.15,1820.88,35.21,
Sur,E0,8:00:00,2270,0.14,1820.87,34.83,
Sur,E0,8:00:00,2271,0.03,1820.87,36.16,
Sur,E0,8:00:00,2272,0.01,1820.87,34.64,
Sur,E0,8:00:00,2273,0.05,1822.03,30.51,
Sur,E0,8:00:00,2274,0.0,1822.03,29.96,
Sur,E0,8:00:00,2281,0.07,1820.87,29.79,
Sur,E0,8:00:00,2282,0.09,1820.87,29.83,
Sur,E0,8:00:00,2283,0.08,1820.86,23.31,
Sur,E0,8:00:00,2284,0.07,1820.86,22.03,
Sur,E0,8:00:00,2285,0.01,1820.86,22.62,
Sur,E0,8:00:00,2286,0.01,1820.86,20.63,
Sur,E0,8:00:00,2287,0.07,1820.86,21.93,
Sur,E0,8:00:00,2288,0.08,1820.86,25.11,
Sur,E0,8:00:00,2289,0.1,1820.86,32.39,
Sur,E0,8:00:00,2290,0.11,1820.78,26.26,
Sur,E0,8:00:00,2292,0.14,1820.58,35.05,
Sur,E0,8:00:00,2294,0.14,1820.57,34.45,
Sur,E0,8:00:00,2295,0.18,1820.58,38.93,
Sur,E0,8:00:00,2296,0.14,1820.57,37.94,
Sur,E0,8:00:00,2297,0.08,1820.58,39.31,
Sur,E0,8:00:00,2299,0.11,1820.58,39.39,
Sur,E0,8:00:00,2301,0.13,1820.58,39.9,
Sur,E0,8:00:00,2302,0.13,1820.56,39.22,
Sur,E0,8:00:00,2303,0.13,1820.56,38.38,
Sur,E0,8:00:00,2304,0.05,1820.55,37.05,
Sur,E0,8:00:00,2306,0.1,1820.56,37.0,
Sur,E0,8:00:00,2307,0.14,1820.56,37.56,
Sur,E0,8:00:00,2309,0.1,1820.51,35.09,
Sur,E0,8:00:00,2310,0.08,1820.54,35.52,
Sur,E0,8:00:00,2315,0.08,1820.56,32.84,
Sur,E0,8:00:00,2316,0.12,1820.56,32.09,
Sur,E0,8:00:00,2321,0.21,1820.76,28.3,
Sur,E0,8:00:00,2322,0.1,1820.54,38.27,
Sur,E0,8:00:00,2324,0.03,1820.52,38.05,
Sur,E0,8:00:00,2325,0.09,1820.52,35.98,
Sur,E0,8:00:00,2326,0.05,1820.52,35.44,
Sur,E0,8:00:00,2327,0.01,1820.52,34.89,
Sur,E0,8:00:00,2328,0.15,1820.52,33.76,
Sur,E0,8:00:00,2330,0.06,1820.51,27.92,
Sur,E0,8:00:00,2332,0.06,1820.51,22.05,
Sur,E0,8:00:00,2748,0.02,1820.66,33.62,
Sur,E0,8:00:00,2749,0.06,1820.8,33.32,
Sur,E0,8:00:00,2749-1,0.11,1820.8,33.7,
Sur,E0,8:00:00,2750,0.02,1820.8,32.39,
Sur,E0,8:00:00,2753,0.07,1820.7,34.77,
Sur,E0,8:00:00,2755,0.07,1820.68,34.61,
Sur,E0,8:00:00,2757,0.07,1820.66,33.71,
Sur,E0,8:00:00,2758,0.06,1820.65,33.69,
Sur,E0,8:00:00,2759,0.03,1820.8,33.09,
Sur,E0,8:00:00,2762,0.08,1820.61,34.66,
Sur,E0,8:00:00,2764,0.03,1820.63,34.43,
Sur,E0,8:00:00,2765,0.06,1820.63,33.76,
Sur,E0,8:00:00,2766,0.03,1820.63,33.78,
Sur,E0,8:00:00,2767,0.04,1820.8,33.75,
Sur,E0,8:00:00,2768,0.1,1820.52,34.51,
Sur,E0,8:00:00,2770,0.09,1820.51,34.57,
Sur,E0,8:00:00,2772,0.08,1820.51,31.52,
Sur,E0,8:00:00,2773,0.07,1820.5,31.31,
Sur,E0,8:00:00,2778,0.07,1820.46,34.32,
Sur,E0,8:00:00,2780,0.07,1820.45,34.27,
Sur,E0,8:00:00,2782,0.05,1820.46,32.68,
Sur,E0,8:00:00,2782-1,0.03,1820.32,14.93,
Sur,E0,8:00:00,2783,0.05,1820.45,32.52,
Sur,E0,8:00:00,2785,0.03,1820.4,35.08,
Sur,E0,8:00:00,2786,0.1,1820.4,34.49,
Sur,E0,8:00:00,2789,0.07,1820.4,33.7,
Sur,E0,8:00:00,2791,0.02,1820.33,22.86,
Sur,E0,8:00:00,2792,0.13,1820.33,21.12,
Sur,E0,8:00:00,2794,0.04,1820.33,21.23,
Sur,E0,8:00:00,2795,0.01,1820.33,14.43,
Sur,E0,8:00:00,2796,0.03,1820.33,14.46,
Sur,E0,8:00:00,2797,0.04,1820.33,14.63,
Sur,E0,8:00:00,2800,0.03,1820.32,15.57,
Sur,E0,8:00:00,2801,0.03,1820.32,15.66,
Sur,E0,8:00:00,2802,0.05,1820.32,23.39,
Sur,E0,8:00:00,2803,0.05,1820.32,23.36,
Sur,E0,8:00:00,2804,0.06,1820.32,23.18,
Sur,E0,8:00:00,2805,0.05,1820.32,23.21,
Sur,E0,8:00:00,2806,0.07,1820.32,14.75,
Sur,E0,8:00:00,2807,0.06,1820.32,15.36,
Sur,E0,8:00:00,2809,0.05,1820.32,12.0,
Sur,E0,8:00:00,2810,0.05,1820.32,19.65,
Sur,E0,8:00:00,2811,0.01,1820.32,16.48,
Sur,E0,8:00:00,2812,0.01,1820.32,16.25,
Sur,E0,8:00:00,2815,0.02,1820.32,19.71,
Sur,E0,8:00:00,2817,0.08,1820.32,20.37,
Sur,E0,8:00:00,2818,0.01,1820.32,15.71,
Sur,E0,8:00:00,2819,0.01,1820.32,14.94,
Sur,E0,8:00:00,2820,0.03,1820.32,16.31,
Sur,E0,8:00:00,2821,0.03,1820.32,15.19,
Sur,E0,8:00:00,2823,0.02,1820.33,12.82,
Sur,E0,8:00:00,2824,0.02,1820.32,12.03,
Sur,E0,8:00:00,2825,0.04,1820.32,12.53,
Sur,E0,8:00:00,2826,0.05,1820.33,12.61,
Sur,E0,8:00:00,2827,0.05,1820.33,17.63,
Sur,E0,8:00:00,2828,0.05,1820.33,19.87,
Sur,E0,8:00:00,2829,0.04,1820.33,25.55,
Sur,E0,8:00:00,2830,0.02,1820.33,25.15,
Sur,E0,8:00:00,2831,0.02,1820.33,25.18,
Sur,E0,8:00:00,2832,0.01,1820.33,20.37,
Sur,E0,8:00:00,2833,0.01,1820.33,19.96,
Sur,E0,8:00:00,2834,0.03,1820.33,25.49,
Sur,E0,8:00:00,2835,0.03,1820.33,25.87,
Sur,E0,8:00:00,2836,0.02,1820.33,21.47,
Sur,E0,8:00:00,2837,0.01,1820.33,22.07,
Sur,E0,8:00:00,2838,0.02,1820.33,25.94,
Sur,E0,8:00:00,2839,0.01,1820.33,26.11,
Sur,E0,8:00:00,2840,0.04,1820.34,27.68,
Sur,E0,8:00:00,2841,0.04,1820.35,29.97,
Sur,E0,8:00:00,2842,0.1,1820.36,32.73,
Sur,E0,8:00:00,2843,0.04,1820.4,33.51,
Sur,E0,8:00:00,2854,0.03,1820.89,33.45,
Sur,E0,8:00:00,5026,0.0,1820.67,41.41,
Sur,E0,8:00:00,5036,0.04,1822.56,34.0,
Sur,E0,8:00:00,5037,0.04,1822.33,34.84,
Sur,E0,8:00:00,5038,0.02,1822.81,19.95,
Sur,E0,8:00:00,5083,0.0,1820.51,35.12,
Sur,E0,8:00:00,5084,0.19,1822.03,35.48,
Sur,E0,8:00:00,5085,0.27,1820.79,34.6,
Sur,E0,8:00:00,5096,0.02,1820.2,15.54,
Sur,E0,8:00:00,5097,0.04,1820.2,17.31,
Sur,E0,8:00:00,5098,0.02,1820.2,17.29,
Sur,E0,8:00:00,5099,0.01,1820.21,16.14,
Sur,E0,8:00:00,5100,0.05,1820.21,15.15,
Sur,E0,8:00:00,5151,0.14,1820.61,37.43,
Sur,E0,8:00:00,5152,0.02,1820.79,39.12,
Sur,E0,8:00:00,5153,0.11,1820.71,42.04,
Sur,E0,8:00:00,5154,0.04,1820.63,41.28,
Sur,E0,8:00:00,5185,0.05,1820.59,41.06,
Sur,E0,8:00:00,5203,0.06,1820.59,35.72,
Sur,E0,8:00:00,5208,0.02,1820.64,39.73,
Sur,E0,8:00:00,5209,0.11,1820.65,40.26,
Sur,E0,8:00:00,5262,0.11,1820.56,28.21,
Sur,E0,8:00:00,5263,0.07,1820.76,27.66,
Sur,E0,8:00:00,5275,0.0,1820.51,31.42,
Sur,E0,8:00:00,5276,0.02,1820.2,15.29,
Sur,E0,8:00:00,5277,0.05,1820.2,18.48,
Sur,E0,8:00:00,5278,0.04,1820.31,14.73,
Sur,E0,8:00:00,5279,0.04,1820.21,15.86,
Sur,E0,8:00:00,5280,0.06,1820.24,17.21,
Sur,E0,8:00:00,5282,0.03,1820.51,16.39,
Sur,E0,8:00:00,5283,0.03,1820.51,30.68,
Sur,E0,8:00:00,5292,0.12,1820.82,21.33,
Sur,E0,8:00:00,5383,0.06,1820.32,12.38,
Sur,E0,8:00:00,5384,0.02,1820.32,21.77,
Sur,E0,8:00:00,5385,0.03,1820.32,13.46,
Sur,E0,8:00:00,5387,0.02,1820.32,19.98,
Sur,E0,8:00:00,5481,0.28,1820.89,35.59,
Sur,E0,8:00:00,5482,0.32,1820.95,39.53,
Sur,E0,8:00:00,5497,0.02,1820.8,38.04,
Sur,E0,8:00:00,5498,0.05,1820.63,40.78,
Sur,E0,8:00:00,5503,0.16,1820.52,33.37,
Sur,E0,8:00:00,5504,0.06,1820.51,27.68,
Sur,E0,8:00:00,5505,0.14,1820.56,33.52,
Sur,E0,8:00:00,5534,0.02,1820.64,39.63,
Sur,E0,8:00:00,5535,0.07,1820.67,41.44,
Sur,E0,8:00:00,5575,0.03,1820.33,13.31,
Sur,E0,8:00:00,5623,0.2,1820.56,35.31,
Sur,E0,8:00:00,5652,0.1,1820.4,33.55,
Sur,E0,8:00:00,5655,0.0,1820.96,39.61,
Sur,E0,8:00:00,5656,0.03,1820.98,38.6,
Sur,E0,8:00:00,5657,0.03,1821.01,38.53,
Sur,E0,8:00:00,5658,0.1,1821.17,40.32,
Sur,E0,8:00:00,5659,0.02,1822.04,35.41,
Sur,E0,8:00:00,5660,0.12,1821.73,36.67,
Sur,E0,8:00:00,5664,0.04,1820.58,40.04,
Sur,E0,8:00:00,5668,0.0,1820.4,34.07,
Sur,E0,8:00:00,5681,0.02,1820.82,39.76,
Sur,E0,8:00:00,5682,0.07,1820.96,39.54,
Sur,E0,9:00:00,10013,0.04,1819.95,15.14,
Sur,E0,9:00:00,10022,0.09,1820.35,40.05,
Sur,E0,9:00:00,10025,0.0,1821.95,29.86,
Sur,E0,9:00:00,10067,0.07,1821.0,39.21,
Sur,E0,9:00:00,1066,0.04,1820.36,47.7,
Sur,E0,9:00:00,1234,0.16,1820.31,39.21,
Sur,E0,9:00:00,1236,0.11,1820.32,39.74,
Sur,E0,9:00:00,1238,0.14,1820.33,40.02,
Sur,E0,9:00:00,1259,0.07,1820.35,40.13,
Sur,E0,9:00:00,1263,0.1,1820.36,39.81,
Sur,E0,9:00:00,1298,0.13,1820.36,39.36,
Sur,E0,9:00:00,1301,0.12,1820.36,39.04,
Sur,E0,9:00:00,1327,0.12,1820.36,39.14,
Sur,E0,9:00:00,1329,0.1,1820.36,39.73,
Sur,E0,9:00:00,2168,0.08,1820.47,42.43,
Sur,E0,9:00:00,2176,0.12,1820.37,40.63,
Sur,E0,9:00:00,2178,0.05,1820.38,41.92,
Sur,E0,9:00:00,2180,0.1,1820.39,42.45,
Sur,E0,9:00:00,2181,0.13,1820.41,42.62,
Sur,E0,9:00:00,2188,0.08,1820.65,41.34,
Sur,E0,9:00:00,2189,0.07,1820.71,40.36,
Sur,E0,9:00:00,2190,0.05,1820.76,38.54,
Sur,E0,9:00:00,2191,0.23,1821.0,35.7,
Sur,E0,9:00:00,2193,0.18,1820.62,34.24,
Sur,E0,9:00:00,2195,0.08,1820.59,34.23,
Sur,E0,9:00:00,2197,0.15,1820.76,38.19,
Sur,E0,9:00:00,2199,0.17,1820.79,38.26,
Sur,E0,9:00:00,2202,0.2,1820.71,38.81,
Sur,E0,9:00:00,2205,0.22,1820.65,39.16,
Sur,E0,9:00:00,2208,0.01,1820.6,39.28,
Sur,E0,9:00:00,2211,0.11,1820.58,39.36,
Sur,E0,9:00:00,2213,0.04,1820.56,40.15,
Sur,E0,9:00:00,2214,0.07,1820.53,40.76,
Sur,E0,9:00:00,2217,0.14,1820.41,41.35,
Sur,E0,9:00:00,2218,0.14,1820.41,40.11,
Sur,E0,9:00:00,2219,0.14,1820.43,39.67,
Sur,E0,9:00:00,2221,0.14,1820.46,39.22,
Sur,E0,9:00:00,2224,0.09,1820.42,39.09,
Sur,E0,9:00:00,2227,0.01,1820.42,39.19,
Sur,E0,9:00:00,2228,0.06,1820.41,39.22,
Sur,E0,9:00:00,2229,0.08,1820.42,39.6,
Sur,E0,9:00:00,2231,0.08,1820.41,40.12,
Sur,E0,9:00:00,2232,0.1,1820.41,40.92,
Sur,E0,9:00:00,2233,0.01,1820.36,40.1,
Sur,E0,9:00:00,2234,0.06,1820.36,40.01,
Sur,E0,9:00:00,2235,0.05,1820.36,39.82,
Sur,E0,9:00:00,2236,0.12,1820.36,39.82,
Sur,E0,9:00:00,2237,0.15,1820.36,39.34,
Sur,E0,9:00:00,2238,0.15,1820.36,39.42,
Sur,E0,9:00:00,2239,0.2,1820.37,39.14,
Sur,E0,9:00:00,2240,0.11,1820.36,39.25,
Sur,E0,9:00:00,2243,0.01,1820.36,38.6,
Sur,E0,9:00:00,2244,0.07,1820.36,38.7,
Sur,E0,9:00:00,2245,0.02,1820.36,38.58,
Sur,E0,9:00:00,2246,0.08,1820.41,38.49,
Sur,E0,9:00:00,2247,0.14,1820.42,38.96,
Sur,E0,9:00:00,2248,0.14,1820.41,38.78,
Sur,E0,9:00:00,2249,0.05,1820.4,38.18,
Sur,E0,9:00:00,2250,0.11,1820.4,38.53,
Sur,E0,9:00:00,2251,0.08,1820.4,38.7,
Sur,E0,9:00:00,2253,0.08,1820.4,38.19,
Sur,E0,9:00:00,2254,0.06,1820.4,36.75,
Sur,E0,9:00:00,2255,0.09,1820.4,37.76,
Sur,E0,9:00:00,2256,0.03,1820.4,37.35,
Sur,E0,9:00:00,2257,0.08,1820.4,37.67,
Sur,E0,9:00:00,2258,0.09,1820.4,38.05,
Sur,E0,9:00:00,2259,0.05,1820.4,37.71,
Sur,E0,9:00:00,2260,0.05,1820.59,37.39,
Sur,E0,9:00:00,2261,0.07,1820.59,35.91,
Sur,E0,9:00:00,2262,0.16,1820.63,36.42,
Sur,E0,9:00:00,2263,0.18,1820.67,36.57,
Sur,E0,9:00:00,2266,0.13,1820.68,33.4,
Sur,E0,9:00:00,2267,0.16,1820.68,35.01,
Sur,E0,9:00:00,2270,0.15,1820.68,34.64,
Sur,E0,9:00:00,2271,0.03,1820.68,35.97,
Sur,E0,9:00:00,2272,0.01,1820.68,34.45,
Sur,E0,9:00:00,2273,0.05,1821.95,30.43,
Sur,E0,9:00:00,2274,0.0,1821.95,29.88,
Sur,E0,9:00:00,2281,0.07,1820.67,29.59,
Sur,E0,9:00:00,2282,0.1,1820.67,29.63,
Sur,E0,9:00:00,2283,0.09,1820.66,23.11,
Sur,E0,9:00:00,2284,0.07,1820.66,21.83,
Sur,E0,9:00:00,2285,0.01,1820.66,22.42,
Sur,E0,9:00:00,2286,0.01,1820.66,20.43,
Sur,E0,9:00:00,2287,0.07,1820.66,21.73,
Sur,E0,9:00:00,2288,0.09,1820.66,24.91,
Sur,E0,9:00:00,2289,0.11,1820.67,32.2,
Sur,E0,9:00:00,2290,0.12,1820.58,26.06,
Sur,E0,9:00:00,2292,0.15,1820.35,34.82,
Sur,E0,9:00:00,2294,0.15,1820.34,34.22,
Sur,E0,9:00:00,2295,0.19,1820.35,38.7,
Sur,E0,9:00:00,2296,0.15,1820.34,37.71,
Sur,E0,9:00:00,2297,0.08,1820.36,39.09,
Sur,E0,9:00:00,2299,0.11,1820.36,39.17,
Sur,E0,9:00:00,2301,0.14,1820.35,39.67,
Sur,E0,9:00:00,2302,0.14,1820.33,38.99,
Sur,E0,9:00:00,2303,0.14,1820.33,38.15,
Sur,E0,9:00:00,2304,0.06,1820.32,36.82,
Sur,E0,9:00:00,2306,0.1,1820.33,36.77,
Sur,E0,9:00:00,2307,0.14,1820.33,37.33,
Sur,E0,9:00:00,2309,0.11,1820.28,34.86,
Sur,E0,9:00:00,2310,0.08,1820.31,35.29,
Sur,E0,9:00:00,2315,0.09,1820.33,32.61,
Sur,E0,9:00:00,2316,0.12,1820.33,31.86,
Sur,E0,9:00:00,2321,0.22,1820.55,28.09,
Sur,E0,9:00:00,2322,0.1,1820.3,38.03,
Sur,E0,9:00:00,2324,0.03,1820.29,37.82,
Sur,E0,9:00:00,2325,0.09,1820.29,35.75,
Sur,E0,9:00:00,2326,0.05,1820.29,35.21,
Sur,E0,9:00:00,2327,0.01,1820.29,34.66,
Sur,E0,9:00:00,2328,0.15,1820.29,33.53,
Sur,E0,9:00:00,2330,0.06,1820.28,27.69,
Sur,E0,9:00:00,2332,0.06,1820.28,21.82,
Sur,E0,9:00:00,2748,0.02,1820.44,33.4,
Sur,E0,9:00:00,2749,0.06,1820.59,33.11,
Sur,E0,9:00:00,2749-1,0.11,1820.59,33.49,
Sur,E0,9:00:00,2750,0.02,1820.59,32.18,
Sur,E0,9:00:00,2753,0.07,1820.49,34.56,
Sur,E0,9:00:00,2755,0.07,1820.47,34.4,
Sur,E0,9:00:00,2757,0.07,1820.44,33.49,
Sur,E0,9:00:00,2758,0.07,1820.43,33.47,
Sur,E0,9:00:00,2759,0.03,1820.59,32.88,
Sur,E0,9:00:00,2762,0.08,1820.39,34.44,
Sur,E0,9:00:00,2764,0.03,1820.41,34.21,
Sur,E0,9:00:00,2765,0.06,1820.41,33.54,
Sur,E0,9:00:00,2766,0.04,1820.41,33.56,
Sur,E0,9:00:00,2767,0.04,1820.59,33.54,
Sur,E0,9:00:00,2768,0.11,1820.28,34.27,
Sur,E0,9:00:00,2770,0.1,1820.27,34.33,
Sur,E0,9:00:00,2772,0.08,1820.28,31.29,
Sur,E0,9:00:00,2773,0.08,1820.27,31.08,
Sur,E0,9:00:00,2778,0.07,1820.22,34.08,
Sur,E0,9:00:00,2780,0.08,1820.21,34.03,
Sur,E0,9:00:00,2782,0.05,1820.22,32.44,
Sur,E0,9:00:00,2782-1,0.03,1820.07,14.68,
Sur,E0,9:00:00,2783,0.05,1820.21,32.28,
Sur,E0,9:00:00,2785,0.03,1820.15,34.83,
Sur,E0,9:00:00,2786,0.11,1820.15,34.24,
Sur,E0,9:00:00,2789,0.07,1820.15,33.45,
Sur,E0,9:00:00,2791,0.02,1820.08,22.61,
Sur,E0,9:00:00,2792,0.14,1820.08,20.87,
Sur,E0,9:00:00,2794,0.04,1820.08,20.98,
Sur,E0,9:00:00,2795,0.01,1820.07,14.17,
Sur,E0,9:00:00,2796,0.04,1820.07,14.2,
Sur,E0,9:00:00,2797,0.04,1820.07,14.37,
Sur,E0,9:00:00,2800,0.03,1820.07,15.32,
Sur,E0,9:00:00,2801,0.03,1820.07,15.41,
Sur,E0,9:00:00,2802,0.05,1820.07,23.14,
Sur,E0,9:00:00,2803,0.05,1820.07,23.11,
Sur,E0,9:00:00,2804,0.06,1820.07,22.93,
Sur,E0,9:00:00,2805,0.05,1820.07,22.96,
Sur,E0,9:00:00,2806,0.07,1820.07,14.5,
Sur,E0,9:00:00,2807,0.06,1820.07,15.11,
Sur,E0,9:00:00,2809,0.05,1820.07,11.75,
Sur,E0,9:00:00,2810,0.05,1820.07,19.4,
Sur,E0,9:00:00,2811,0.01,1820.07,16.23,
Sur,E0,9:00:00,2812,0.01,1820.07,16.0,
Sur,E0,9:00:00,2815,0.02,1820.07,19.46,
Sur,E0,9:00:00,2817,0.08,1820.07,20.12,
Sur,E0,9:00:00,2818,0.01,1820.07,15.46,
Sur,E0,9:00:00,2819,0.01,1820.07,14.69,
Sur,E0,9:00:00,2820,0.03,1820.07,16.06,
Sur,E0,9:00:00,2821,0.03,1820.07,14.94,
Sur,E0,9:00:00,2823,0.02,1820.07,12.56,
Sur,E0,9:00:00,2824,0.02,1820.07,11.78,
Sur,E0,9:00:00,2825,0.05,1820.07,12.28,
Sur,E0,9:00:00,2826,0.05,1820.08,12.36,
Sur,E0,9:00:00,2827,0.06,1820.08,17.38,
Sur,E0,9:00:00,2828,0.05,1820.08,19.62,
Sur,E0,9:00:00,2829,0.04,1820.08,25.3,
Sur,E0,9:00:00,2830,0.03,1820.08,24.9,
Sur,E0,9:00:00,2831,0.02,1820.08,24.93,
Sur,E0,9:00:00,2832,0.01,1820.08,20.12,
Sur,E0,9:00:00,2833,0.01,1820.08,19.71,
Sur,E0,9:00:00,2834,0.03,1820.08,25.24,
Sur,E0,9:00:00,2835,0.03,1820.08,25.62,
Sur,E0,9:00:00,2836,0.02,1820.08,21.22,
Sur,E0,9:00:00,2837,0.01,1820.08,21.82,
Sur,E0,9:00:00,2838,0.02,1820.08,25.69,
Sur,E0,9:00:00,2839,0.01,1820.08,25.86,
Sur,E0,9:00:00,2840,0.05,1820.09,27.43,
Sur,E0,9:00:00,2841,0.04,1820.1,29.72,
Sur,E0,9:00:00,2842,0.1,1820.11,32.48,
Sur,E0,9:00:00,2843,0.05,1820.15,33.26,
Sur,E0,9:00:00,2854,0.03,1820.7,33.26,
Sur,E0,9:00:00,5026,0.0,1820.45,41.19,
Sur,E0,9:00:00,5036,0.04,1822.53,33.97,
Sur,E0,9:00:00,5037,0.04,1822.27,34.78,
Sur,E0,9:00:00,5038,0.02,1822.81,19.95,
Sur,E0,9:00:00,5083,0.0,1820.28,34.89,
Sur,E0,9:00:00,5084,0.2,1821.95,35.4,
Sur,E0,9:00:00,5085,0.29,1820.58,34.39,
Sur,E0,9:00:00,5096,0.03,1819.94,15.28,
Sur,E0,9:00:00,5097,0.04,1819.94,17.05,
Sur,E0,9:00:00,5098,0.03,1819.94,17.03,
Sur,E0,9:00:00,5099,0.01,1819.95,15.88,
Sur,E0,9:00:00,5100,0.05,1819.94,14.88,
Sur,E0,9:00:00,5151,0.15,1820.39,37.21,
Sur,E0,9:00:00,5152,0.02,1820.58,38.91,
Sur,E0,9:00:00,5153,0.11,1820.5,41.83,
Sur,E0,9:00:00,5154,0.04,1820.41,41.06,
Sur,E0,9:00:00,5185,0.06,1820.36,40.83,
Sur,E0,9:00:00,5203,0.06,1820.37,35.5,
Sur,E0,9:00:00,5208,0.02,1820.42,39.51,
Sur,E0,9:00:00,5209,0.11,1820.43,40.04,
Sur,E0,9:00:00,5262,0.11,1820.33,27.98,
Sur,E0,9:00:00,5263,0.07,1820.55,27.45,
Sur,E0,9:00:00,5275,0.0,1820.28,31.19,
Sur,E0,9:00:00,5276,0.02,1819.94,15.03,
Sur,E0,9:00:00,5277,0.05,1819.94,18.22,
Sur,E0,9:00:00,5278,0.04,1820.06,14.48,
Sur,E0,9:00:00,5279,0.04,1819.94,15.59,
Sur,E0,9:00:00,5280,0.06,1819.98,16.95,
Sur,E0,9:00:00,5282,0.03,1820.28,16.16,
Sur,E0,9:00:00,5283,0.04,1820.28,30.45,
Sur,E0,9:00:00,5292,0.13,1820.61,21.12,
Sur,E0,9:00:00,5383,0.06,1820.07,12.13,
Sur,E0,9:00:00,5384,0.02,1820.07,21.52,
Sur,E0,9:00:00,5385,0.03,1820.07,13.21,
Sur,E0,9:00:00,5387,0.02,1820.07,19.73,
Sur,E0,9:00:00,5481,0.3,1820.7,35.4,
Sur,E0,9:00:00,5482,0.33,1820.76,39.34,
Sur,E0,9:00:00,5497,0.02,1820.59,37.83,
Sur,E0,9:00:00,5498,0.05,1820.41,40.56,
Sur,E0,9:00:00,5503,0.17,1820.28,33.13,
Sur,E0,9:00:00,5504,0.06,1820.28,27.45,
Sur,E0,9:00:00,5505,0.14,1820.33,33.29,
Sur,E0,9:00:00,5534,0.03,1820.42,39.41,
Sur,E0,9:00:00,5535,0.07,1820.45,41.22,
Sur,E0,9:00:00,5575,0.03,1820.07,13.05,
Sur,E0,9:00:00,5623,0.21,1820.33,35.08,
Sur,E0,9:00:00,5652,0.11,1820.15,33.3,
Sur,E0,9:00:00,5655,0.0,1820.77,39.42,
Sur,E0,9:00:00,5656,0.03,1820.8,38.42,
Sur,E0,9:00:00,5657,0.03,1820.82,38.34,
Sur,E0,9:00:00,5658,0.11,1821.01,40.16,
Sur,E0,9:00:00,5659,0.02,1821.96,35.33,
Sur,E0,9:00:00,5660,0.12,1821.62,36.56,
Sur,E0,9:00:00,5664,0.04,1820.36,39.82,
Sur,E0,9:00:00,5668,0.0,1820.15,33.82,
Sur,E0,9:00:00,5681,0.02,1820.62,39.56,
Sur,E0,9:00:00,5682,0.07,1820.77,39.35,
Sur,E0,10:00:00,10013,0.04,1820.21,15.4,
Sur,E0,10:00:00,10022,0.08,1820.58,40.28,
Sur,E0,10:00:00,10025,0.0,1822.03,29.94,
Sur,E0,10:00:00,10067,0.07,1821.17,39.38,
Sur,E0,10:00:00,1066,0.04,1820.59,47.93,
Sur,E0,10:00:00,1234,0.15,1820.54,39.44,
Sur,E0,10:00:00,1236,0.11,1820.55,39.97,
Sur,E0,10:00:00,1238,0.13,1820.56,40.25,
Sur,E0,10:00:00,1259,0.07,1820.58,40.36,
Sur,E0,10:00:00,1263,0.09,1820.58,40.03,
Sur,E0,10:00:00,1298,0.12,1820.59,39.59,
Sur,E0,10:00:00,1301,0.11,1820.59,39.27,
Sur,E0,10:00:00,1327,0.11,1820.59,39.37,
Sur,E0,10:00:00,1329,0.09,1820.59,39.96,
Sur,E0,10:00:00,2168,0.08,1820.69,42.65,
Sur,E0,10:00:00,2176,0.11,1820.59,40.85,
Sur,E0,10:00:00,2178,0.05,1820.6,42.14,
Sur,E0,10:00:00,2180,0.1,1820.61,42.67,
Sur,E0,10:00:00,2181,0.12,1820.63,42.84,
Sur,E0,10:00:00,2188,0.08,1820.85,41.54,
Sur,E0,10:00:00,2189,0.06,1820.91,40.56,
Sur,E0,10:00:00,2190,0.05,1820.95,38.73,
Sur,E0,10:00:00,2191,0.22,1821.17,35.87,
Sur,E0,10:00:00,2193,0.17,1820.83,34.45,
Sur,E0,10:00:00,2195,0.07,1820.8,34.44,
Sur,E0,10:00:00,2197,0.14,1820.95,38.38,
Sur,E0,10:00:00,2199,0.16,1820.98,38.45,
Sur,E0,10:00:00,2202,0.19,1820.91,39.01,
Sur,E0,10:00:00,2205,0.2,1820.85,39.36,
Sur,E0,10:00:00,2208,0.01,1820.81,39.49,
Sur,E0,10:00:00,2211,0.1,1820.79,39.57,
Sur,E0,10:00:00,2213,0.04,1820.76,40.35,
Sur,E0,10:00:00,2214,0.06,1820.74,40.97,
Sur,E0,10:00:00,2217,0.13,1820.63,41.57,
Sur,E0,10:00:00,2218,0.13,1820.64,40.34,
Sur,E0,10:00:00,2219,0.13,1820.65,39.89,
Sur,E0,10:00:00,2221,0.13,1820.68,39.44,
Sur,E0,10:00:00,2224,0.08,1820.64,39.31,
Sur,E0,10:00:00,2227,0.01,1820.64,39.41,
Sur,E0,10:00:00,2228,0.06,1820.64,39.45,
Sur,E0,10:00:00,2229,0.08,1820.64,39.82,
Sur,E0,10:00:00,2231,0.08,1820.63,40.34,
Sur,E0,10:00:00,2232,0.1,1820.63,41.14,
Sur,E0,10:00:00,2233,0.01,1820.59,40.33,
Sur,E0,10:00:00,2234,0.05,1820.59,40.24,
Sur,E0,10:00:00,2235,0.04,1820.59,40.05,
Sur,E0,10:00:00,2236,0.11,1820.59,40.05,
Sur,E0,10:00:00,2237,0.14,1820.59,39.57,
Sur,E0,10:00:00,2238,0.14,1820.59,39.65,
Sur,E0,10:00:00,2239,0.19,1820.6,39.37,
Sur,E0,10:00:00,2240,0.1,1820.58,39.47,
Sur,E0,10:00:00,2243,0.01,1820.58,38.82,
Sur,E0,10:00:00,2244,0.07,1820.58,38.92,
Sur,E0,10:00:00,2245,0.02,1820.58,38.8,
Sur,E0,10:00:00,2246,0.08,1820.64,38.72,
Sur,E0,10:00:00,2247,0.13,1820.64,39.18,
Sur,E0,10:00:00,2248,0.13,1820.63,39.0,
Sur,E0,10:00:00,2249,0.05,1820.62,38.4,
Sur,E0,10:00:00,2250,0.11,1820.63,38.76,
Sur,E0,10:00:00,2251,0.08,1820.63,38.93,
Sur,E0,10:00:00,2253,0.07,1820.63,38.42,
Sur,E0,10:00:00,2254,0.05,1820.62,36.97,
Sur,E0,10:00:00,2255,0.08,1820.62,37.98,
Sur,E0,10:00:00,2256,0.03,1820.62,37.57,
Sur,E0,10:00:00,2257,0.08,1820.62,37.89,
Sur,E0,10:00:00,2258,0.09,1820.62,38.27,
Sur,E0,10:00:00,2259,0.05,1820.62,37.93,
Sur,E0,10:00:00,2260,0.05,1820.8,37.6,
Sur,E0,10:00:00,2261,0.07,1820.8,36.12,
Sur,E0,10:00:00,2262,0.15,1820.84,36.63,
Sur,E0,10:00:00,2263,0.17,1820.87,36.77,
Sur,E0,10:00:00,2266,0.12,1820.88,33.6,
Sur,E0,10:00:00,2267,0.15,1820.88,35.21,
Sur,E0,10:00:00,2270,0.14,1820.87,34.83,
Sur,E0,10:00:00,2271,0.03,1820.87,36.16,
Sur,E0,10:00:00,2272,0.01,1820.87,34.64,
Sur,E0,10:00:00,2273,0.05,1822.03,30.51,
Sur,E0,10:00:00,2274,0.0,1822.03,29.96,
Sur,E0,10:00:00,2281,0.07,1820.87,29.79,
Sur,E0,10:00:00,2282,0.09,1820.87,29.83,
Sur,E0,10:00:00,2283,0.08,1820.86,23.31,
Sur,E0,10:00:00,2284,0.07,1820.86,22.03,
Sur,E0,10:00:00,2285,0.01,1820.86,22.62,
Sur,E0,10:00:00,2286,0.01,1820.86,20.63,
Sur,E0,10:00:00,2287,0.07,1820.86,21.93,
Sur,E0,10:00:00,2288,0.08,1820.86,25.11,
Sur,E0,10:00:00,2289,0.1,1820.86,32.39,
Sur,E0,10:00:00,2290,0.11,1820.78,26.26,
Sur,E0,10:00:00,2292,0.14,1820.58,35.05,
Sur,E0,10:00:00,2294,0.14,1820.57,34.45,
Sur,E0,10:00:00,2295,0.18,1820.58,38.93,
Sur,E0,10:00:00,2296,0.14,1820.57,37.94,
Sur,E0,10:00:00,2297,0.08,1820.58,39.31,
Sur,E0,10:00:00,2299,0.11,1820.58,39.39,
Sur,E0,10:00:00,2301,0.13,1820.58,39.9,
Sur,E0,10:00:00,2302,0.13,1820.56,39.22,
Sur,E0,10:00:00,2303,0.13,1820.56,38.38,
Sur,E0,10:00:00,2304,0.05,1820.55,37.05,
Sur,E0,10:00:00,2306,0.1,1820.56,37.0,
Sur,E0,10:00:00,2307,0.14,1820.56,37.56,
Sur,E0,10:00:00,2309,0.1,1820.51,35.09,
Sur,E0,10:00:00,2310,0.08,1820.54,35.52,
Sur,E0,10:00:00,2315,0.08,1820.56,32.84,
Sur,E0,10:00:00,2316,0.12,1820.56,32.09,
Sur,E0,10:00:00,2321,0.21,1820.76,28.3,
Sur,E0,10:00:00,2322,0.1,1820.54,38.27,
Sur,E0,10:00:00,2324,0.03,1820.52,38.05,
Sur,E0,10:00:00,2325,0.09,1820.52,35.98,
Sur,E0,10:00:00,2326,0.05,1820.52,35.44,
Sur,E0,10:00:00,2327,0.01,1820.52,34.89,
Sur,E0,10:00:00,2328,0.15,1820.52,33.76,
Sur,E0,10:00:00,2330,0.06,1820.51,27.92,
Sur,E0,10:00:00,2332,0.06,1820.51,22.05,
Sur,E0,10:00:00,2748,0.02,1820.66,33.62,
Sur,E0,10:00:00,2749,0.06,1820.8,33.32,
Sur,E0,10:00:00,2749-1,0.11,1820.8,33.7,
Sur,E0,10:00:00,2750,0.02,1820.8,32.39,
Sur,E0,10:00:00,2753,0.07,1820.7,34.77,
Sur,E0,10:00:00,2755,0.07,1820.68,34.61,
Sur,E0,10:00:00,2757,0.07,1820.66,33.71,
Sur,E0,10:00:00,2758,0.06,1820.65,33.69,
Sur,E0,10:00:00,2759,0.03,1820.8,33.09,
Sur,E0,10:00:00,2762,0.08,1820.61,34.66,
Sur,E0,10:00:00,2764,0.03,1820.63,34.43,
Sur,E0,10:00:00,2765,0.06,1820.63,33.76,
Sur,E0,10:00:00,2766,0.03,1820.63,33.78,
Sur,E0,10:00:00,2767,0.04,1820.8,33.75,
Sur,E0,10:00:00,2768,0.1,1820.52,34.51,
Sur,E0,10:00:00,2770,0.09,1820.51,34.57,
Sur,E0,10:00:00,2772,0.08,1820.51,31.52,
Sur,E0,10:00:00,2773,0.07,1820.5,31.31,
Sur,E0,10:00:00,2778,0.07,1820.46,34.32,
Sur,E0,10:00:00,2780,0.07,1820.45,34.27,
Sur,E0,10:00:00,2782,0.05,1820.46,32.68,
Sur,E0,10:00:00,2782-1,0.03,1820.32,14.93,
Sur,E0,10:00:00,2783,0.05,1820.45,32.52,
Sur,E0,10:00:00,2785,0.03,1820.4,35.08,
Sur,E0,10:00:00,2786,0.1,1820.4,34.49,
Sur,E0,10:00:00,2789,0.07,1820.4,33.7,
Sur,E0,10:00:00,2791,0.02,1820.33,22.86,
Sur,E0,10:00:00,2792,0.13,1820.33,21.12,
Sur,E0,10:00:00,2794,0.04,1820.33,21.23,
Sur,E0,10:00:00,2795,0.01,1820.33,14.43,
Sur,E0,10:00:00,2796,0.03,1820.33,14.46,
Sur,E0,10:00:00,2797,0.04,1820.33,14.63,
Sur,E0,10:00:00,2800,0.03,1820.32,15.57,
Sur,E0,10:00:00,2801,0.03,1820.32,15.66,
Sur,E0,10:00:00,2802,0.05,1820.32,23.39,
Sur,E0,10:00:00,2803,0.05,1820.32,23.36,
Sur,E0,10:00:00,2804,0.06,1820.32,23.18,
Sur,E0,10:00:00,2805,0.05,1820.32,23.21,
Sur,E0,10:00:00,2806,0.07,1820.32,14.75,
Sur,E0,10:00:00,2807,0.06,1820.32,15.36,
Sur,E0,10:00:00,2809,0.05,1820.32,12.0,
Sur,E0,10:00:00,2810,0.05,1820.32,19.65,
Sur,E0,10:00:00,2811,0.01,1820.32,16.48,
Sur,E0,10:00:00,2812,0.01,1820.32,16.25,
Sur,E0,10:00:00,2815,0.02,1820.32,19.71,
Sur,E0,10:00:00,2817,0.08,1820.32,20.37,
Sur,E0,10:00:00,2818,0.01,1820.32,15.71,
Sur,E0,10:00:00,2819,0.01,1820.32,14.94,
Sur,E0,10:00:00,2820,0.03,1820.32,16.31,
Sur,E0,10:00:00,2821,0.03,1820.32,15.19,
Sur,E0,10:00:00,2823,0.02,1820.33,12.82,
Sur,E0,10:00:00,2824,0.02,1820.32,12.03,
Sur,E0,10:00:00,2825,0.04,1820.32,12.53,
Sur,E0,10:00:00,2826,0.05,1820.33,12.61,
Sur,E0,10:00:00,2827,0.05,1820.33,17.63,
Sur,E0,10:00:00,2828,0.05,1820.33,19.87,
Sur,E0,10:00:00,2829,0.04,1820.33,25.55,
Sur,E0,10:00:00,2830,0.02,1820.33,25.15,
Sur,E0,10:00:00,2831,0.02,1820.33,25.18,
Sur,E0,10:00:00,2832,0.01,1820.33,20.37,
Sur,E0,10:00:00,2833,0.01,1820.33,19.96,
Sur,E0,10:00:00,2834,0.03,1820.33,25.49,
Sur,E0,10:00:00,2835,0.03,1820.33,25.87,
Sur,E0,10:00:00,2836,0.02,1820.33,21.47,
Sur,E0,10:00:00,2837,0.01,1820.33,22.07,
Sur,E0,10:00:00,2838,0.02,1820.33,25.94,
Sur,E0,10:00:00,2839,0.01,1820.33,26.11,
Sur,E0,10:00:00,2840,0.04,1820.34,27.68,
Sur,E0,10:00:00,2841,0.04,1820.35,29.97,
Sur,E0,10:00:00,2842,0.1,1820.36,32.73,
Sur,E0,10:00:00,2843,0.04,1820.4,33.51,
Sur,E0,10:00:00,2854,0.03,1820.89,33.45,
Sur,E0,10:00:00,5026,0.0,1820.67,41.41,
Sur,E0,10:00:00,5036,0.04,1822.56,34.0,
Sur,E0,10:00:00,5037,0.04,1822.33,34.84,
Sur,E0,10:00:00,5038,0.02,1822.81,19.95,
Sur,E0,10:00:00,5083,0.0,1820.51,35.12,
Sur,E0,10:00:00,5084,0.19,1822.03,35.48,
Sur,E0,10:00:00,5085,0.27,1820.79,34.6,
Sur,E0,10:00:00,5096,0.02,1820.2,15.54,
Sur,E0,10:00:00,5097,0.04,1820.2,17.31,
Sur,E0,10:00:00,5098,0.02,1820.2,17.29,
Sur,E0,10:00:00,5099,0.01,1820.21,16.14,
Sur,E0,10:00:00,5100,0.05,1820.21,15.15,
Sur,E0,10:00:00,5151,0.14,1820.61,37.43,
Sur,E0,10:00:00,5152,0.02,1820.79,39.12,
Sur,E0,10:00:00,5153,0.11,1820.71,42.04,
Sur,E0,10:00:00,5154,0.04,1820.63,41.28,
Sur,E0,10:00:00,5185,0.05,1820.59,41.06,
Sur,E0,10:00:00,5203,0.06,1820.59,35.72,
Sur,E0,10:00:00,5208,0.02,1820.64,39.73,
Sur,E0,10:00:00,5209,0.11,1820.65,40.26,
Sur,E0,10:00:00,5262,0.11,1820.56,28.21,
Sur,E0,10:00:00,5263,0.07,1820.76,27.66,
Sur,E0,10:00:00,5275,0.0,1820.51,31.42,
Sur,E0,10:00:00,5276,0.02,1820.2,15.29,
Sur,E0,10:00:00,5277,0.05,1820.2,18.48,
Sur,E0,10:00:00,5278,0.04,1820.31,14.73,
Sur,E0,10:00:00,5279,0.04,1820.21,15.86,
Sur,E0,10:00:00,5280,0.06,1820.24,17.21,
Sur,E0,10:00:00,5282,0.03,1820.51,16.39,
Sur,E0,10:00:00,5283,0.03,1820.51,30.68,
Sur,E0,10:00:00,5292,0.12,1820.82,21.33,
Sur,E0,10:00:00,5383,0.06,1820.32,12.38,
Sur,E0,10:00:00,5384,0.02,1820.32,21.77,
Sur,E0,10:00:00,5385,0.03,1820.32,13.46,
Sur,E0,10:00:00,5387,0.02,1820.32,19.98,
Sur,E0,10:00:00,5481,0.28,1820.89,35.59,
Sur,E0,10:00:00,5482,0.32,1820.95,39.53,
Sur,E0,10:00:00,5497,0.02,1820.8,38.04,
Sur,E0,10:00:00,5498,0.05,1820.63,40.78,
Sur,E0,10:00:00,5503,0.16,1820.52,33.37,
Sur,E0,10:00:00,5504,0.06,1820.51,27.68,
Sur,E0,10:00:00,5505,0.14,1820.56,33.52,
Sur,E0,10:00:00,5534,0.02,1820.64,39.63,
Sur,E0,10:00:00,5535,0.07,1820.67,41.44,
Sur,E0,10:00:00,5575,0.03,1820.33,13.31,
Sur,E0,10:00:00,5623,0.2,1820.56,35.31,
Sur,E0,10:00:00,5652,0.1,1820.4,33.55,
Sur,E0,10:00:00,5655,0.0,1820.96,39.61,
Sur,E0,10:00:00,5656,0.03,1820.98,38.6,
Sur,E0,10:00:00,5657,0.03,1821.01,38.53,
Sur,E0,10:00:00,5658,0.1,1821.17,40.32,
Sur,E0,10:00:00,5659,0.02,1822.04,35.41,
Sur,E0,10:00:00,5660,0.12,1821.73,36.67,
Sur,E0,10:00:00,5664,0.04,1820.58,40.04,
Sur,E0,10:00:00,5668,0.0,1820.4,34.07,
Sur,E0,10:00:00,5681,0.02,1820.82,39.76,
Sur,E0,10:00:00,5682,0.07,1820.96,39.54,
Sur,E0,11:00:00,10013,0.04,1820.46,15.65,
Sur,E0,11:00:00,10022,0.08,1820.8,40.5,
Sur,E0,11:00:00,10025,0.0,1822.11,30.02,
Sur,E0,11:00:00,10067,0.06,1821.33,39.54,
Sur,E0,11:00:00,1066,0.04,1820.8,48.14,
Sur,E0,11:00:00,1234,0.15,1820.76,39.66,
Sur,E0,11:00:00,1236,0.1,1820.77,40.19,
Sur,E0,11:00:00,1238,0.12,1820.78,40.47,
Sur,E0,11:00:00,1259,0.06,1820.8,40.58,
Sur,E0,11:00:00,1263,0.09,1820.8,40.25,
Sur,E0,11:00:00,1298,0.12,1820.8,39.8,
Sur,E0,11:00:00,1301,0.11,1820.8,39.48,
Sur,E0,11:00:00,1327,0.1,1820.8,39.58,
Sur,E0,11:00:00,1329,0.09,1820.81,40.18,
Sur,E0,11:00:00,2168,0.07,1820.89,42.85,
Sur,E0,11:00:00,2176,0.11,1820.81,41.07,
Sur,E0,11:00:00,2178,0.04,1820.82,42.36,
Sur,E0,11:00:00,2180,0.09,1820.82,42.88,
Sur,E0,11:00:00,2181,0.12,1820.84,43.05,
Sur,E0,11:00:00,2188,0.07,1821.04,41.73,
Sur,E0,11:00:00,2189,0.06,1821.09,40.74,
Sur,E0,11:00:00,2190,0.05,1821.14,38.92,
Sur,E0,11:00:00,2191,0.21,1821.33,36.03,
Sur,E0,11:00:00,2193,0.16,1821.02,34.64,
Sur,E0,11:00:00,2195,0.07,1821.0,34.64,
Sur,E0,11:00:00,2197,0.14,1821.14,38.57,
Sur,E0,11:00:00,2199,0.15,1821.16,38.63,
Sur,E0,11:00:00,2202,0.18,1821.09,39.19,
Sur,E0,11:00:00,2205,0.19,1821.04,39.55,
Sur,E0,11:00:00,2208,0.01,1821.0,39.68,
Sur,E0,11:00:00,2211,0.1,1820.99,39.77,
Sur,E0,11:00:00,2213,0.04,1820.96,40.55,
Sur,E0,11:00:00,2214,0.06,1820.95,41.18,
Sur,E0,11:00:00,2217,0.13,1820.84,41.78,
Sur,E0,11:00:00,2218,0.12,1820.85,40.55,
Sur,E0,11:00:00,2219,0.12,1820.86,40.1,
Sur,E0,11:00:00,2221,0.13,1820.89,39.65,
Sur,E0,11:00:00,2224,0.08,1820.85,39.52,
Sur,E0,11:00:00,2227,0.01,1820.85,39.62,
Sur,E0,11:00:00,2228,0.06,1820.85,39.66,
Sur,E0,11:00:00,2229,0.08,1820.85,40.03,
Sur,E0,11:00:00,2231,0.07,1820.85,40.56,
Sur,E0,11:00:00,2232,0.09,1820.84,41.35,
Sur,E0,11:00:00,2233,0.01,1820.8,40.54,
Sur,E0,11:00:00,2234,0.05,1820.8,40.45,
Sur,E0,11:00:00,2235,0.04,1820.8,40.26,
Sur,E0,11:00:00,2236,0.11,1820.81,40.27,
Sur,E0,11:00:00,2237,0.13,1820.8,39.78,
Sur,E0,11:00:00,2238,0.13,1820.81,39.87,
Sur,E0,11:00:00,2239,0.18,1820.81,39.58,
Sur,E0,11:00:00,2240,0.09,1820.8,39.69,
Sur,E0,11:00:00,2243,0.01,1820.8,39.04,
Sur,E0,11:00:00,2244,0.06,1820.8,39.14,
Sur,E0,11:00:00,2245,0.02,1820.8,39.02,
Sur,E0,11:00:00,2246,0.07,1820.85,38.93,
Sur,E0,11:00:00,2247,0.12,1820.85,39.39,
Sur,E0,11:00:00,2248,0.12,1820.85,39.22,
Sur,E0,11:00:00,2249,0.05,1820.84,38.62,
Sur,E0,11:00:00,2250,0.1,1820.84,38.97,
Sur,E0,11:00:00,2251,0.07,1820.84,39.14,
Sur,E0,11:00:00,2253,0.07,1820.84,38.63,
Sur,E0,11:00:00,2254,0.05,1820.84,37.19,
Sur,E0,11:00:00,2255,0.08,1820.84,38.2,
Sur,E0,11:00:00,2256,0.03,1820.83,37.78,
Sur,E0,11:00:00,2257,0.07,1820.83,38.1,
Sur,E0,11:00:00,2258,0.08,1820.83,38.48,
Sur,E0,11:00:00,2259,0.05,1820.83,38.14,
Sur,E0,11:00:00,2260,0.05,1820.99,37.79,
Sur,E0,11:00:00,2261,0.07,1820.99,36.31,
Sur,E0,11:00:00,2262,0.14,1821.03,36.82,
Sur,E0,11:00:00,2263,0.16,1821.06,36.96,
Sur,E0,11:00:00,2266,0.11,1821.07,33.79,
Sur,E0,11:00:00,2267,0.14,1821.07,35.4,
Sur,E0,11:00:00,2270,0.13,1821.06,35.02,
Sur,E0,11:00:00,2271,0.03,1821.06,36.35,
Sur,E0,11:00:00,2272,0.01,1821.06,34.83,
Sur,E0,11:00:00,2273,0.05,1822.11,30.59,
Sur,E0,11:00:00,2274,0.0,1822.11,30.04,
Sur,E0,11:00:00,2281,0.07,1821.06,29.98,
Sur,E0,11:00:00,2282,0.09,1821.06,30.02,
Sur,E0,11:00:00,2283,0.08,1821.05,23.5,
Sur,E0,11:00:00,2284,0.06,1821.05,22.22,
Sur,E0,11:00:00,2285,0.01,1821.05,22.81,
Sur,E0,11:00:00,2286,0.01,1821.05,20.82,
Sur,E0,11:00:00,2287,0.07,1821.05,22.12,
Sur,E0,11:00:00,2288,0.08,1821.05,25.3,
Sur,E0,11:00:00,2289,0.1,1821.05,32.58,
Sur,E0,11:00:00,2290,0.11,1820.98,26.46,
Sur,E0,11:00:00,2292,0.14,1820.8,35.27,
Sur,E0,11:00:00,2294,0.13,1820.79,34.67,
Sur,E0,11:00:00,2295,0.17,1820.8,39.15,
Sur,E0,11:00:00,2296,0.13,1820.79,38.16,
Sur,E0,11:00:00,2297,0.07,1820.8,39.53,
Sur,E0,11:00:00,2299,0.1,1820.8,39.61,
Sur,E0,11:00:00,2301,0.12,1820.8,40.12,
Sur,E0,11:00:00,2302,0.12,1820.78,39.44,
Sur,E0,11:00:00,2303,0.13,1820.78,38.6,
Sur,E0,11:00:00,2304,0.05,1820.77,37.27,
Sur,E0,11:00:00,2306,0.09,1820.78,37.22,
Sur,E0,11:00:00,2307,0.13,1820.78,37.78,
Sur,E0,11:00:00,2309,0.1,1820.74,35.32,
Sur,E0,11:00:00,2310,0.07,1820.76,35.74,
Sur,E0,11:00:00,2315,0.08,1820.78,33.06,
Sur,E0,11:00:00,2316,0.11,1820.78,32.31,
Sur,E0,11:00:00,2321,0.2,1820.96,28.5,
Sur,E0,11:00:00,2322,0.09,1820.76,38.49,
Sur,E0,11:00:00,2324,0.03,1820.74,38.27,
Sur,E0,11:00:00,2325,0.08,1820.74,36.2,
Sur,E0,11:00:00,2326,0.05,1820.74,35.66,
Sur,E0,11:00:00,2327,0.01,1820.74,35.11,
Sur,E0,11:00:00,2328,0.14,1820.74,33.98,
Sur,E0,11:00:00,2330,0.05,1820.74,28.15,
Sur,E0,11:00:00,2332,0.05,1820.74,22.28,
Sur,E0,11:00:00,2748,0.02,1820.87,33.83,
Sur,E0,11:00:00,2749,0.06,1820.99,33.51,
Sur,E0,11:00:00,2749-1,0.1,1820.99,33.89,
Sur,E0,11:00:00,2750,0.02,1820.99,32.58,
Sur,E0,11:00:00,2753,0.06,1820.91,34.98,
Sur,E0,11:00:00,2755,0.06,1820.89,34.82,
Sur,E0,11:00:00,2757,0.06,1820.87,33.92,
Sur,E0,11:00:00,2758,0.06,1820.86,33.9,
Sur,E0,11:00:00,2759,0.02,1820.99,33.28,
Sur,E0,11:00:00,2762,0.08,1820.82,34.87,
Sur,E0,11:00:00,2764,0.03,1820.84,34.64,
Sur,E0,11:00:00,2765,0.05,1820.84,33.97,
Sur,E0,11:00:00,2766,0.03,1820.84,33.99,
Sur,E0,11:00:00,2767,0.04,1820.99,33.94,
Sur,E0,11:00:00,2768,0.09,1820.74,34.73,
Sur,E0,11:00:00,2770,0.09,1820.73,34.79,
Sur,E0,11:00:00,2772,0.07,1820.74,31.75,
Sur,E0,11:00:00,2773,0.07,1820.73,31.54,
Sur,E0,11:00:00,2778,0.07,1820.69,34.55,
Sur,E0,11:00:00,2780,0.07,1820.68,34.5,
Sur,E0,11:00:00,2782,0.05,1820.69,32.91,
Sur,E0,11:00:00,2782-1,0.03,1820.57,15.18,
Sur,E0,11:00:00,2783,0.05,1820.68,32.75,
Sur,E0,11:00:00,2785,0.02,1820.63,35.31,
Sur,E0,11:00:00,2786,0.1,1820.63,34.72,
Sur,E0,11:00:00,2789,0.06,1820.63,33.93,
Sur,E0,11:00:00,2791,0.02,1820.57,23.1,
Sur,E0,11:00:00,2792,0.13,1820.57,21.36,
Sur,E0,11:00:00,2794,0.03,1820.57,21.47,
Sur,E0,11:00:00,2795,0.01,1820.57,14.67,
Sur,E0,11:00:00,2796,0.03,1820.57,14.7,
Sur,E0,11:00:00,2797,0.04,1820.57,14.87,
Sur,E0,11:00:00,2800,0.03,1820.57,15.82,
Sur,E0,11:00:00,2801,0.03,1820.57,15.91,
Sur,E0,11:00:00,2802,0.05,1820.57,23.64,
Sur,E0,11:00:00,2803,0.05,1820.57,23.61,
Sur,E0,11:00:00,2804,0.05,1820.57,23.43,
Sur,E0,11:00:00,2805,0.05,1820.57,23.46,
Sur,E0,11:00:00,2806,0.06,1820.57,15.0,
Sur,E0,11:00:00,2807,0.05,1820.56,15.6,
Sur,E0,11:00:00,2809,0.05,1820.57,12.25,
Sur,E0,11:00:00,2810,0.05,1820.57,19.9,
Sur,E0,11:00:00,2811,0.01,1820.57,16.73,
Sur,E0,11:00:00,2812,0.01,1820.57,16.5,
Sur,E0,11:00:00,2815,0.02,1820.57,19.96,
Sur,E0,11:00:00,2817,0.08,1820.57,20.62,
Sur,E0,11:00:00,2818,0.01,1820.57,15.96,
Sur,E0,11:00:00,2819,0.01,1820.57,15.19,
Sur,E0,11:00:00,2820,0.03,1820.57,16.56,
Sur,E0,11:00:00,2821,0.03,1820.57,15.44,
Sur,E0,11:00:00,2823,0.01,1820.57,13.06,
Sur,E0,11:00:00,2824,0.02,1820.57,12.28,
Sur,E0,11:00:00,2825,0.04,1820.57,12.78,
Sur,E0,11:00:00,2826,0.04,1820.57,12.85,
Sur,E0,11:00:00,2827,0.05,1820.57,17.87,
Sur,E0,11:00:00,2828,0.05,1820.57,20.11,
Sur,E0,11:00:00,2829,0.04,1820.57,25.79,
Sur,E0,11:00:00,2830,0.02,1820.57,25.39,
Sur,E0,11:00:00,2831,0.02,1820.57,25.42,
Sur,E0,11:00:00,2832,0.01,1820.57,20.61,
Sur,E0,11:00:00,2833,0.01,1820.57,20.2,
Sur,E0,11:00:00,2834,0.03,1820.57,25.73,
Sur,E0,11:00:00,2835,0.03,1820.57,26.11,
Sur,E0,11:00:00,2836,0.01,1820.57,21.71,
Sur,E0,11:00:00,2837,0.01,1820.57,22.31,
Sur,E0,11:00:00,2838,0.02,1820.57,26.18,
Sur,E0,11:00:00,2839,0.01,1820.57,26.35,
Sur,E0,11:00:00,2840,0.04,1820.58,27.92,
Sur,E0,11:00:00,2841,0.04,1820.59,30.21,
Sur,E0,11:00:00,2842,0.09,1820.6,32.97,
Sur,E0,11:00:00,2843,0.04,1820.63,33.74,
Sur,E0,11:00:00,2854,0.03,1821.08,33.64,
Sur,E0,11:00:00,5026,0.0,1820.88,41.62,
Sur,E0,11:00:00,5036,0.03,1822.59,34.03,
Sur,E0,11:00:00,5037,0.04,1822.38,34.89,
Sur,E0,11:00:00,5038,0.02,1822.82,19.96,
Sur,E0,11:00:00,5083,0.0,1820.74,35.35,
Sur,E0,11:00:00,5084,0.18,1822.11,35.56,
Sur,E0,11:00:00,5085,0.26,1820.98,34.79,
Sur,E0,11:00:00,5096,0.02,1820.46,15.8,
Sur,E0,11:00:00,5097,0.04,1820.46,17.57,
Sur,E0,11:00:00,5098,0.02,1820.46,17.55,
Sur,E0,11:00:00,5099,0.01,1820.46,16.39,
Sur,E0,11:00:00,5100,0.04,1820.46,15.4,
Sur,E0,11:00:00,5151,0.14,1820.82,37.64,
Sur,E0,11:00:00,5152,0.02,1820.99,39.32,
Sur,E0,11:00:00,5153,0.1,1820.92,42.25,
Sur,E0,11:00:00,5154,0.04,1820.84,41.49,
Sur,E0,11:00:00,5185,0.05,1820.8,41.27,
Sur,E0,11:00:00,5203,0.06,1820.81,35.94,
Sur,E0,11:00:00,5208,0.02,1820.85,39.94,
Sur,E0,11:00:00,5209,0.1,1820.86,40.47,
Sur,E0,11:00:00,5262,0.1,1820.78,28.43,
Sur,E0,11:00:00,5263,0.06,1820.96,27.86,
Sur,E0,11:00:00,5275,0.0,1820.74,31.65,
Sur,E0,11:00:00,5276,0.02,1820.46,15.55,
Sur,E0,11:00:00,5277,0.05,1820.46,18.74,
Sur,E0,11:00:00,5278,0.04,1820.56,14.98,
Sur,E0,11:00:00,5279,0.03,1820.46,16.11,
Sur,E0,11:00:00,5280,0.06,1820.49,17.46,
Sur,E0,11:00:00,5282,0.03,1820.74,16.62,
Sur,E0,11:00:00,5283,0.03,1820.74,30.91,
Sur,E0,11:00:00,5292,0.11,1821.01,21.52,
Sur,E0,11:00:00,5383,0.06,1820.56,12.62,
Sur,E0,11:00:00,5384,0.02,1820.57,22.02,
Sur,E0,11:00:00,5385,0.02,1820.57,13.71,
Sur,E0,11:00:00,5387,0.02,1820.57,20.23,
Sur,E0,11:00:00,5481,0.27,1821.08,35.78,
Sur,E0,11:00:00,5482,0.3,1821.13,39.71,
Sur,E0,11:00:00,5497,0.02,1820.99,38.23,
Sur,E0,11:00:00,5498,0.05,1820.85,41.0,
Sur,E0,11:00:00,5503,0.15,1820.74,33.59,
Sur,E0,11:00:00,5504,0.05,1820.74,27.91,
Sur,E0,11:00:00,5505,0.13,1820.78,33.74,
Sur,E0,11:00:00,5534,0.02,1820.85,39.84,
Sur,E0,11:00:00,5535,0.06,1820.88,41.65,
Sur,E0,11:00:00,5575,0.03,1820.57,13.55,
Sur,E0,11:00:00,5623,0.19,1820.78,35.53,
Sur,E0,11:00:00,5652,0.1,1820.63,33.78,
Sur,E0,11:00:00,5655,0.0,1821.14,39.79,
Sur,E0,11:00:00,5656,0.03,1821.16,38.78,
Sur,E0,11:00:00,5657,0.03,1821.18,38.7,
Sur,E0,11:00:00,5658,0.1,1821.34,40.49,
Sur,E0,11:00:00,5659,0.02,1822.12,35.49,
Sur,E0,11:00:00,5660,0.11,1821.84,36.78,
Sur,E0,11:00:00,5664,0.04,1820.8,40.26,
Sur,E0,11:00:00,5668,0.0,1820.63,34.3,
Sur,E0,11:00:00,5681,0.01,1821.01,39.95,
Sur,E0,11:00:00,5682,0.06,1821.14,39.72,
Sur,E0,12:00:00,10013,0.03,1820.7,15.89,
Sur,E0,12:00:00,10022,0.07,1821.01,40.71,
Sur,E0,12:00:00,10025,0.0,1822.19,30.1,
Sur,E0,12:00:00,10067,0.06,1821.48,39.69,
Sur,E0,12:00:00,1066,0.04,1821.01,48.35,
Sur,E0,12:00:00,1234,0.14,1820.97,39.87,
Sur,E0,12:00:00,1236,0.09,1820.98,40.4,
Sur,E0,12:00:00,1238,0.12,1820.99,40.68,
Sur,E0,12:00:00,1259,0.06,1821.01,40.79,
Sur,E0,12:00:00,1263,0.08,1821.01,40.46,
Sur,E0,12:00:00,1298,0.11,1821.01,40.01,
Sur,E0,12:00:00,1301,0.1,1821.01,39.69,
Sur,E0,12:00:00,1327,0.1,1821.01,39.79,
Sur,E0,12:00:00,1329,0.08,1821.01,40.38,
Sur,E0,12:00:00,2168,0.07,1821.09,43.05,
Sur,E0,12:00:00,2176,0.1,1821.02,41.28,
Sur,E0,12:00:00,2178,0.04,1821.02,42.56,
Sur,E0,12:00:00,2180,0.09,1821.03,43.09,
Sur,E0,12:00:00,2181,0.11,1821.05,43.26,
Sur,E0,12:00:00,2188,0.07,1821.22,41.91,
Sur,E0,12:00:00,2189,0.06,1821.27,40.92,
Sur,E0,12:00:00,2190,0.04,1821.31,39.09,
Sur,E0,12:00:00,2191,0.2,1821.48,36.18,
Sur,E0,12:00:00,2193,0.15,1821.21,34.83,
Sur,E0,12:00:00,2195,0.07,1821.18,34.82,
Sur,E0,12:00:00,2197,0.13,1821.31,38.74,
Sur,E0,12:00:00,2199,0.15,1821.33,38.8,
Sur,E0,12:00:00,2202,0.17,1821.27,39.37,
Sur,E0,12:00:00,2205,0.18,1821.22,39.73,
Sur,E0,12:00:00,2208,0.01,1821.19,39.87,
Sur,E0,12:00:00,2211,0.09,1821.17,39.95,
Sur,E0,12:00:00,2213,0.04,1821.15,40.74,
Sur,E0,12:00:00,2214,0.06,1821.14,41.37,
Sur,E0,12:00:00,2217,0.12,1821.05,41.99,
Sur,E0,12:00:00,2218,0.12,1821.05,40.75,
Sur,E0,12:00:00,2219,0.12,1821.06,40.3,
Sur,E0,12:00:00,2221,0.12,1821.09,39.85,
Sur,E0,12:00:00,2224,0.08,1821.06,39.73,
Sur,E0,12:00:00,2227,0.01,1821.05,39.82,
Sur,E0,12:00:00,2228,0.05,1821.05,39.86,
Sur,E0,12:00:00,2229,0.07,1821.05,40.23,
Sur,E0,12:00:00,2231,0.07,1821.05,40.76,
Sur,E0,12:00:00,2232,0.09,1821.04,41.55,
Sur,E0,12:00:00,2233,0.0,1821.01,40.75,
Sur,E0,12:00:00,2234,0.05,1821.01,40.66,
Sur,E0,12:00:00,2235,0.04,1821.01,40.47,
Sur,E0,12:00:00,2236,0.1,1821.01,40.47,
Sur,E0,12:00:00,2237,0.12,1821.01,39.99,
Sur,E0,12:00:00,2238,0.13,1821.01,40.07,
Sur,E0,12:00:00,2239,0.17,1821.02,39.79,
Sur,E0,12:00:00,2240,0.09,1821.01,39.9,
Sur,E0,12:00:00,2243,0.01,1821.01,39.25,
Sur,E0,12:00:00,2244,0.06,1821.01,39.35,
Sur,E0,12:00:00,2245,0.02,1821.01,39.23,
Sur,E0,12:00:00,2246,0.07,1821.05,39.13,
Sur,E0,12:00:00,2247,0.11,1821.05,39.59,
Sur,E0,12:00:00,2248,0.12,1821.05,39.42,
Sur,E0,12:00:00,2249,0.04,1821.04,38.82,
Sur,E0,12:00:00,2250,0.1,1821.04,39.17,
Sur,E0,12:00:00,2251,0.07,1821.04,39.34,
Sur,E0,12:00:00,2253,0.06,1821.04,38.83,
Sur,E0,12:00:00,2254,0.05,1821.04,37.39,
Sur,E0,12:00:00,2255,0.07,1821.04,38.4,
Sur,E0,12:00:00,2256,0.03,1821.04,37.99,
Sur,E0,12:00:00,2257,0.07,1821.04,38.31,
Sur,E0,12:00:00,2258,0.08,1821.04,38.69,
Sur,E0,12:00:00,2259,0.04,1821.04,38.35,
Sur,E0,12:00:00,2260,0.04,1821.18,37.98,
Sur,E0,12:00:00,2261,0.06,1821.18,36.5,
Sur,E0,12:00:00,2262,0.13,1821.21,37.0,
Sur,E0,12:00:00,2263,0.15,1821.24,37.14,
Sur,E0,12:00:00,2266,0.11,1821.25,33.97,
Sur,E0,12:00:00,2267,0.14,1821.25,35.58,
Sur,E0,12:00:00,2270,0.13,1821.24,35.2,
Sur,E0,12:00:00,2271,0.03,1821.24,36.53,
Sur,E0,12:00:00,2272,0.01,1821.24,35.01,
Sur,E0,12:00:00,2273,0.04,1822.19,30.67,
Sur,E0,12:00:00,2274,0.0,1822.19,30.12,
Sur,E0,12:00:00,2281,0.06,1821.24,30.16,
Sur,E0,12:00:00,2282,0.08,1821.24,30.2,
Sur,E0,12:00:00,2283,0.07,1821.24,23.69,
Sur,E0,12:00:00,2284,0.06,1821.23,22.4,
Sur,E0,12:00:00,2285,0.01,1821.23,22.99,
Sur,E0,12:00:00,2286,0.01,1821.23,21.0,
Sur,E0,12:00:00,2287,0.06,1821.23,22.3,
Sur,E0,12:00:00,2288,0.07,1821.24,25.49,
Sur,E0,12:00:00,2289,0.09,1821.24,32.77,
Sur,E0,12:00:00,2290,0.1,1821.17,26.65,
Sur,E0,12:00:00,2292,0.13,1821.0,35.47,
Sur,E0,12:00:00,2294,0.12,1820.99,34.88,
Sur,E0,12:00:00,2295,0.16,1821.0,39.35,
Sur,E0,12:00:00,2296,0.12,1820.99,38.36,
Sur,E0,12:00:00,2297,0.07,1821.01,39.74,
Sur,E0,12:00:00,2299,0.1,1821.01,39.82,
Sur,E0,12:00:00,2301,0.12,1821.01,40.33,
Sur,E0,12:00:00,2302,0.12,1820.99,39.65,
Sur,E0,12:00:00,2303,0.12,1820.99,38.81,
Sur,E0,12:00:00,2304,0.05,1820.98,37.48,
Sur,E0,12:00:00,2306,0.09,1820.99,37.43,
Sur,E0,12:00:00,2307,0.12,1820.99,37.99,
Sur,E0,12:00:00,2309,0.09,1820.95,35.53,
Sur,E0,12:00:00,2310,0.07,1820.97,35.95,
Sur,E0,12:00:00,2315,0.07,1820.99,33.27,
Sur,E0,12:00:00,2316,0.1,1820.99,32.52,
Sur,E0,12:00:00,2321,0.19,1821.15,28.69,
Sur,E0,12:00:00,2322,0.09,1820.97,38.7,
Sur,E0,12:00:00,2324,0.03,1820.96,38.49,
Sur,E0,12:00:00,2325,0.08,1820.96,36.42,
Sur,E0,12:00:00,2326,0.04,1820.96,35.88,
Sur,E0,12:00:00,2327,0.01,1820.96,35.33,
Sur,E0,12:00:00,2328,0.13,1820.95,34.19,
Sur,E0,12:00:00,2330,0.05,1820.95,28.36,
Sur,E0,12:00:00,2332,0.05,1820.95,22.49,
Sur,E0,12:00:00,2748,0.02,1821.07,34.03,
Sur,E0,12:00:00,2749,0.05,1821.18,33.7,
Sur,E0,12:00:00,2749-1,0.1,1821.18,34.08,
Sur,E0,12:00:00,2750,0.02,1821.18,32.77,
Sur,E0,12:00:00,2753,0.06,1821.1,35.17,
Sur,E0,12:00:00,2755,0.06,1821.09,35.02,
Sur,E0,12:00:00,2757,0.06,1821.07,34.12,
Sur,E0,12:00:00,2758,0.06,1821.06,34.1,
Sur,E0,12:00:00,2759,0.02,1821.18,33.47,
Sur,E0,12:00:00,2762,0.07,1821.03,35.08,
Sur,E0,12:00:00,2764,0.03,1821.05,34.85,
Sur,E0,12:00:00,2765,0.05,1821.05,34.18,
Sur,E0,12:00:00,2766,0.03,1821.05,34.2,
Sur,E0,12:00:00,2767,0.03,1821.18,34.13,
Sur,E0,12:00:00,2768,0.09,1820.95,34.94,
Sur,E0,12:00:00,2770,0.08,1820.94,35.0,
Sur,E0,12:00:00,2772,0.07,1820.95,31.96,
Sur,E0,12:00:00,2773,0.07,1820.94,31.75,
Sur,E0,12:00:00,2778,0.06,1820.91,34.77,
Sur,E0,12:00:00,2780,0.07,1820.9,34.72,
Sur,E0,12:00:00,2782,0.05,1820.91,33.13,
Sur,E0,12:00:00,2782-1,0.03,1820.8,15.41,
Sur,E0,12:00:00,2783,0.05,1820.9,32.97,
Sur,E0,12:00:00,2785,0.02,1820.86,35.54,
Sur,E0,12:00:00,2786,0.09,1820.86,34.95,
Sur,E0,12:00:00,2789,0.06,1820.86,34.16,
Sur,E0,12:00:00,2791,0.02,1820.8,23.33,
Sur,E0,12:00:00,2792,0.12,1820.8,21.59,
Sur,E0,12:00:00,2794,0.03,1820.8,21.7,
Sur,E0,12:00:00,2795,0.01,1820.8,14.9,
Sur,E0,12:00:00,2796,0.03,1820.8,14.93,
Sur,E0,12:00:00,2797,0.04,1820.8,15.1,
Sur,E0,12:00:00,2800,0.03,1820.8,16.05,
Sur,E0,12:00:00,2801,0.03,1820.8,16.14,
Sur,E0,12:00:00,2802,0.04,1820.8,23.87,
Sur,E0,12:00:00,2803,0.04,1820.8,23.84,
Sur,E0,12:00:00,2804,0.05,1820.8,23.66,
Sur,E0,12:00:00,2805,0.04,1820.8,23.69,
Sur,E0,12:00:00,2806,0.06,1820.8,15.23,
Sur,E0,12:00:00,2807,0.05,1820.8,15.84,
Sur,E0,12:00:00,2809,0.04,1820.8,12.48,
Sur,E0,12:00:00,2810,0.04,1820.8,20.13,
Sur,E0,12:00:00,2811,0.01,1820.8,16.96,
Sur,E0,12:00:00,2812,0.01,1820.8,16.73,
Sur,E0,12:00:00,2815,0.02,1820.8,20.19,
Sur,E0,12:00:00,2817,0.07,1820.8,20.85,
Sur,E0,12:00:00,2818,0.01,1820.8,16.19,
Sur,E0,12:00:00,2819,0.01,1820.8,15.42,
Sur,E0,12:00:00,2820,0.03,1820.8,16.79,
Sur,E0,12:00:00,2821,0.03,1820.8,15.67,
Sur,E0,12:00:00,2823,0.01,1820.8,13.29,
Sur,E0,12:00:00,2824,0.02,1820.8,12.51,
Sur,E0,12:00:00,2825,0.04,1820.8,13.01,
Sur,E0,12:00:00,2826,0.04,1820.8,13.08,
Sur,E0,12:00:00,2827,0.05,1820.8,18.1,
Sur,E0,12:00:00,2828,0.04,1820.8,20.34,
Sur,E0,12:00:00,2829,0.04,1820.8,26.02,
Sur,E0,12:00:00,2830,0.02,1820.8,25.62,
Sur,E0,12:00:00,2831,0.02,1820.8,25.65,
Sur,E0,12:00:00,2832,0.01,1820.8,20.84,
Sur,E0,12:00:00,2833,0.01,1820.8,20.43,
Sur,E0,12:00:00,2834,0.02,1820.8,25.96,
Sur,E0,12:00:00,2835,0.03,1820.8,26.34,
Sur,E0,12:00:00,2836,0.01,1820.8,21.94,
Sur,E0,12:00:00,2837,0.01,1820.8,22.54,
Sur,E0,12:00:00,2838,0.02,1820.8,26.41,
Sur,E0,12:00:00,2839,0.0,1820.8,26.58,
Sur,E0,12:00:00,2840,0.04,1820.81,28.15,
Sur,E0,12:00:00,2841,0.04,1820.82,30.44,
Sur,E0,12:00:00,2842,0.09,1820.82,33.19,
Sur,E0,12:00:00,2843,0.04,1820.86,33.97,
Sur,E0,12:00:00,2854,0.03,1821.26,33.82,
Sur,E0,12:00:00,5026,0.0,1821.08,41.82,
Sur,E0,12:00:00,5036,0.03,1822.62,34.06,
Sur,E0,12:00:00,5037,0.03,1822.43,34.94,
Sur,E0,12:00:00,5038,0.02,1822.82,19.96,
Sur,E0,12:00:00,5083,0.0,1820.95,35.56,
Sur,E0,12:00:00,5084,0.17,1822.19,35.64,
Sur,E0,12:00:00,5085,0.24,1821.17,34.98,
Sur,E0,12:00:00,5096,0.02,1820.7,16.04,
Sur,E0,12:00:00,5097,0.04,1820.7,17.81,
Sur,E0,12:00:00,5098,0.02,1820.7,17.79,
Sur,E0,12:00:00,5099,0.01,1820.7,16.63,
Sur,E0,12:00:00,5100,0.04,1820.7,15.64,
Sur,E0,12:00:00,5151,0.13,1821.03,37.85,
Sur,E0,12:00:00,5152,0.02,1821.17,39.5,
Sur,E0,12:00:00,5153,0.1,1821.11,42.44,
Sur,E0,12:00:00,5154,0.04,1821.05,41.7,
Sur,E0,12:00:00,5185,0.05,1821.01,41.48,
Sur,E0,12:00:00,5203,0.05,1821.01,36.14,
Sur,E0,12:00:00,5208,0.02,1821.05,40.14,
Sur,E0,12:00:00,5209,0.1,1821.06,40.67,
Sur,E0,12:00:00,5262,0.1,1820.99,28.64,
Sur,E0,12:00:00,5263,0.06,1821.15,28.05,
Sur,E0,12:00:00,5275,0.0,1820.95,31.86,
Sur,E0,12:00:00,5276,0.02,1820.7,15.79,
Sur,E0,12:00:00,5277,0.04,1820.7,18.98,
Sur,E0,12:00:00,5278,0.04,1820.79,15.21,
Sur,E0,12:00:00,5279,0.03,1820.7,16.35,
Sur,E0,12:00:00,5280,0.05,1820.73,17.7,
Sur,E0,12:00:00,5282,0.03,1820.95,16.83,
Sur,E0,12:00:00,5283,0.03,1820.95,31.12,
Sur,E0,12:00:00,5292,0.11,1821.2,21.71,
Sur,E0,12:00:00,5383,0.05,1820.8,12.86,
Sur,E0,12:00:00,5384,0.02,1820.8,22.25,
Sur,E0,12:00:00,5385,0.02,1820.8,13.94,
Sur,E0,12:00:00,5387,0.02,1820.8,20.46,
Sur,E0,12:00:00,5481,0.25,1821.26,35.96,
Sur,E0,12:00:00,5482,0.28,1821.31,39.89,
Sur,E0,12:00:00,5497,0.02,1821.18,38.42,
Sur,E0,12:00:00,5498,0.04,1821.05,41.2,
Sur,E0,12:00:00,5503,0.14,1820.95,33.8,
Sur,E0,12:00:00,5504,0.05,1820.95,28.12,
Sur,E0,12:00:00,5505,0.12,1820.99,33.95,
Sur,E0,12:00:00,5534,0.02,1821.05,40.04,
Sur,E0,12:00:00,5535,0.06,1821.08,41.85,
Sur,E0,12:00:00,5575,0.03,1820.8,13.78,
Sur,E0,12:00:00,5623,0.18,1820.98,35.73,
Sur,E0,12:00:00,5652,0.09,1820.85,34.0,
Sur,E0,12:00:00,5655,0.0,1821.31,39.96,
Sur,E0,12:00:00,5656,0.03,1821.33,38.95,
Sur,E0,12:00:00,5657,0.02,1821.35,38.87,
Sur,E0,12:00:00,5658,0.09,1821.49,40.64,
Sur,E0,12:00:00,5659,0.02,1822.2,35.57,
Sur,E0,12:00:00,5660,0.11,1821.94,36.88,
Sur,E0,12:00:00,5664,0.03,1821.01,40.47,
Sur,E0,12:00:00,5668,0.0,1820.86,34.53,
Sur,E0,12:00:00,5681,0.01,1821.2,40.14,
Sur,E0,12:00:00,5682,0.06,1821.32,39.9,
Sur,E0,13:00:00,10013,0.03,1820.7,15.89,
Sur,E0,13:00:00,10022,0.07,1821.01,40.71,
Sur,E0,13:00:00,10025,0.0,1822.19,30.1,
Sur,E0,13:00:00,10067,0.06,1821.48,39.69,
Sur,E0,13:00:00,1066,0.04,1821.01,48.35,
Sur,E0,13:00:00,1234,0.14,1820.97,39.87,
Sur,E0,13:00:00,1236,0.09,1820.98,40.4,
Sur,E0,13:00:00,1238,0.12,1820.99,40.68,
Sur,E0,13:00:00,1259,0.06,1821.01,40.79,
Sur,E0,13:00:00,1263,0.08,1821.01,40.46,
Sur,E0,13:00:00,1298,0.11,1821.01,40.01,
Sur,E0,13:00:00,1301,0.1,1821.01,39.69,
Sur,E0,13:00:00,1327,0.1,1821.01,39.79,
Sur,E0,13:00:00,1329,0.08,1821.01,40.38,
Sur,E0,13:00:00,2168,0.07,1821.09,43.05,
Sur,E0,13:00:00,2176,0.1,1821.02,41.28,
Sur,E0,13:00:00,2178,0.04,1821.02,42.56,
Sur,E0,13:00:00,2180,0.09,1821.03,43.09,
Sur,E0,13:00:00,2181,0.11,1821.05,43.26,
Sur,E0,13:00:00,2188,0.07,1821.22,41.91,
Sur,E0,13:00:00,2189,0.06,1821.27,40.92,
Sur,E0,13:00:00,2190,0.04,1821.31,39.09,
Sur,E0,13:00:00,2191,0.2,1821.48,36.18,
Sur,E0,13:00:00,2193,0.15,1821.21,34.83,
Sur,E0,13:00:00,2195,0.07,1821.18,34.82,
Sur,E0,13:00:00,2197,0.13,1821.31,38.74,
Sur,E0,13:00:00,2199,0.15,1821.33,38.8,
Sur,E0,13:00:00,2202,0.17,1821.27,39.37,
Sur,E0,13:00:00,2205,0.18,1821.22,39.73,
Sur,E0,13:00:00,2208,0.01,1821.19,39.87,
Sur,E0,13:00:00,2211,0.09,1821.17,39.95,
Sur,E0,13:00:00,2213,0.04,1821.15,40.74,
Sur,E0,13:00:00,2214,0.06,1821.14,41.37,
Sur,E0,13:00:00,2217,0.12,1821.05,41.99,
Sur,E0,13:00:00,2218,0.12,1821.05,40.75,
Sur,E0,13:00:00,2219,0.12,1821.06,40.3,
Sur,E0,13:00:00,2221,0.12,1821.09,39.85,
Sur,E0,13:00:00,2224,0.08,1821.06,39.73,
Sur,E0,13:00:00,2227,0.01,1821.05,39.82,
Sur,E0,13:00:00,2228,0.05,1821.05,39.86,
Sur,E0,13:00:00,2229,0.07,1821.05,40.23,
Sur,E0,13:00:00,2231,0.07,1821.05,40.76,
Sur,E0,13:00:00,2232,0.09,1821.04,41.55,
Sur,E0,13:00:00,2233,0.0,1821.01,40.75,
Sur,E0,13:00:00,2234,0.05,1821.01,40.66,
Sur,E0,13:00:00,2235,0.04,1821.01,40.47,
Sur,E0,13:00:00,2236,0.1,1821.01,40.47,
Sur,E0,13:00:00,2237,0.12,1821.01,39.99,
Sur,E0,13:00:00,2238,0.13,1821.01,40.07,
Sur,E0,13:00:00,2239,0.17,1821.02,39.79,
Sur,E0,13:00:00,2240,0.09,1821.01,39.9,
Sur,E0,13:00:00,2243,0.01,1821.01,39.25,
Sur,E0,13:00:00,2244,0.06,1821.01,39.35,
Sur,E0,13:00:00,2245,0.02,1821.01,39.23,
Sur,E0,13:00:00,2246,0.07,1821.05,39.13,
Sur,E0,13:00:00,2247,0.11,1821.05,39.59,
Sur,E0,13:00:00,2248,0.12,1821.05,39.42,
Sur,E0,13:00:00,2249,0.04,1821.04,38.82,
Sur,E0,13:00:00,2250,0.1,1821.04,39.17,
Sur,E0,13:00:00,2251,0.07,1821.04,39.34,
Sur,E0,13:00:00,2253,0.06,1821.04,38.83,
Sur,E0,13:00:00,2254,0.05,1821.04,37.39,
Sur,E0,13:00:00,2255,0.07,1821.04,38.4,
Sur,E0,13:00:00,2256,0.03,1821.04,37.99,
Sur,E0,13:00:00,2257,0.07,1821.04,38.31,
Sur,E0,13:00:00,2258,0.08,1821.04,38.69,
Sur,E0,13:00:00,2259,0.04,1821.04,38.35,
Sur,E0,13:00:00,2260,0.04,1821.18,37.98,
Sur,E0,13:00:00,2261,0.06,1821.18,36.5,
Sur,E0,13:00:00,2262,0.13,1821.21,37.0,
Sur,E0,13:00:00,2263,0.15,1821.24,37.14,
Sur,E0,13:00:00,2266,0.11,1821.25,33.97,
Sur,E0,13:00:00,2267,0.14,1821.25,35.58,
Sur,E0,13:00:00,2270,0.13,1821.24,35.2,
Sur,E0,13:00:00,2271,0.03,1821.24,36.53,
Sur,E0,13:00:00,2272,0.01,1821.24,35.01,
Sur,E0,13:00:00,2273,0.04,1822.19,30.67,
Sur,E0,13:00:00,2274,0.0,1822.19,30.12,
Sur,E0,13:00:00,2281,0.06,1821.24,30.16,
Sur,E0,13:00:00,2282,0.08,1821.24,30.2,
Sur,E0,13:00:00,2283,0.07,1821.24,23.69,
Sur,E0,13:00:00,2284,0.06,1821.23,22.4,
Sur,E0,13:00:00,2285,0.01,1821.23,22.99,
Sur,E0,13:00:00,2286,0.01,1821.23,21.0,
Sur,E0,13:00:00,2287,0.06,1821.23,22.3,
Sur,E0,13:00:00,2288,0.07,1821.24,25.49,
Sur,E0,13:00:00,2289,0.09,1821.24,32.77,
Sur,E0,13:00:00,2290,0.1,1821.17,26.65,
Sur,E0,13:00:00,2292,0.13,1821.0,35.47,
Sur,E0,13:00:00,2294,0.12,1820.99,34.88,
Sur,E0,13:00:00,2295,0.16,1821.0,39.35,
Sur,E0,13:00:00,2296,0.12,1820.99,38.36,
Sur,E0,13:00:00,2297,0.07,1821.01,39.74,
Sur,E0,13:00:00,2299,0.1,1821.01,39.82,
Sur,E0,13:00:00,2301,0.12,1821.01,40.33,
Sur,E0,13:00:00,2302,0.12,1820.99,39.65,
Sur,E0,13:00:00,2303,0.12,1820.99,38.81,
Sur,E0,13:00:00,2304,0.05,1820.98,37.48,
Sur,E0,13:00:00,2306,0.09,1820.99,37.43,
Sur,E0,13:00:00,2307,0.12,1820.99,37.99,
Sur,E0,13:00:00,2309,0.09,1820.95,35.53,
Sur,E0,13:00:00,2310,0.07,1820.97,35.95,
Sur,E0,13:00:00,2315,0.07,1820.99,33.27,
Sur,E0,13:00:00,2316,0.1,1820.99,32.52,
Sur,E0,13:00:00,2321,0.19,1821.15,28.69,
Sur,E0,13:00:00,2322,0.09,1820.97,38.7,
Sur,E0,13:00:00,2324,0.03,1820.96,38.49,
Sur,E0,13:00:00,2325,0.08,1820.96,36.42,
Sur,E0,13:00:00,2326,0.04,1820.96,35.88,
Sur,E0,13:00:00,2327,0.01,1820.96,35.33,
Sur,E0,13:00:00,2328,0.13,1820.95,34.19,
Sur,E0,13:00:00,2330,0.05,1820.95,28.36,
Sur,E0,13:00:00,2332,0.05,1820.95,22.49,
Sur,E0,13:00:00,2748,0.02,1821.07,34.03,
Sur,E0,13:00:00,2749,0.05,1821.18,33.7,
Sur,E0,13:00:00,2749-1,0.1,1821.18,34.08,
Sur,E0,13:00:00,2750,0.02,1821.18,32.77,
Sur,E0,13:00:00,2753,0.06,1821.1,35.17,
Sur,E0,13:00:00,2755,0.06,1821.09,35.02,
Sur,E0,13:00:00,2757,0.06,1821.07,34.12,
Sur,E0,13:00:00,2758,0.06,1821.06,34.1,
Sur,E0,13:00:00,2759,0.02,1821.18,33.47,
Sur,E0,13:00:00,2762,0.07,1821.03,35.08,
Sur,E0,13:00:00,2764,0.03,1821.05,34.85,
Sur,E0,13:00:00,2765,0.05,1821.05,34.18,
Sur,E0,13:00:00,2766,0.03,1821.05,34.2,
Sur,E0,13:00:00,2767,0.03,1821.18,34.13,
Sur,E0,13:00:00,2768,0.09,1820.95,34.94,
Sur,E0,13:00:00,2770,0.08,1820.94,35.0,
Sur,E0,13:00:00,2772,0.07,1820.95,31.96,
Sur,E0,13:00:00,2773,0.07,1820.94,31.75,
Sur,E0,13:00:00,2778,0.06,1820.91,34.77,
Sur,E0,13:00:00,2780,0.07,1820.9,34.72,
Sur,E0,13:00:00,2782,0.05,1820.91,33.13,
Sur,E0,13:00:00,2782-1,0.03,1820.8,15.41,
Sur,E0,13:00:00,2783,0.05,1820.9,32.97,
Sur,E0,13:00:00,2785,0.02,1820.86,35.54,
Sur,E0,13:00:00,2786,0.09,1820.86,34.95,
Sur,E0,13:00:00,2789,0.06,1820.86,34.16,
Sur,E0,13:00:00,2791,0.02,1820.8,23.33,
Sur,E0,13:00:00,2792,0.12,1820.8,21.59,
Sur,E0,13:00:00,2794,0.03,1820.8,21.7,
Sur,E0,13:00:00,2795,0.01,1820.8,14.9,
Sur,E0,13:00:00,2796,0.03,1820.8,14.93,
Sur,E0,13:00:00,2797,0.04,1820.8,15.1,
Sur,E0,13:00:00,2800,0.03,1820.8,16.05,
Sur,E0,13:00:00,2801,0.03,1820.8,16.14,
Sur,E0,13:00:00,2802,0.04,1820.8,23.87,
Sur,E0,13:00:00,2803,0.04,1820.8,23.84,
Sur,E0,13:00:00,2804,0.05,1820.8,23.66,
Sur,E0,13:00:00,2805,0.04,1820.8,23.69,
Sur,E0,13:00:00,2806,0.06,1820.8,15.23,
Sur,E0,13:00:00,2807,0.05,1820.8,15.84,
Sur,E0,13:00:00,2809,0.04,1820.8,12.48,
Sur,E0,13:00:00,2810,0.04,1820.8,20.13,
Sur,E0,13:00:00,2811,0.01,1820.8,16.96,
Sur,E0,13:00:00,2812,0.01,1820.8,16.73,
Sur,E0,13:00:00,2815,0.02,1820.8,20.19,
Sur,E0,13:00:00,2817,0.07,1820.8,20.85,
Sur,E0,13:00:00,2818,0.01,1820.8,16.19,
Sur,E0,13:00:00,2819,0.01,1820.8,15.42,
Sur,E0,13:00:00,2820,0.03,1820.8,16.79,
Sur,E0,13:00:00,2821,0.03,1820.8,15.67,
Sur,E0,13:00:00,2823,0.01,1820.8,13.29,
Sur,E0,13:00:00,2824,0.02,1820.8,12.51,
Sur,E0,13:00:00,2825,0.04,1820.8,13.01,
Sur,E0,13:00:00,2826,0.04,1820.8,13.08,
Sur,E0,13:00:00,2827,0.05,1820.8,18.1,
Sur,E0,13:00:00,2828,0.04,1820.8,20.34,
Sur,E0,13:00:00,2829,0.04,1820.8,26.02,
Sur,E0,13:00:00,2830,0.02,1820.8,25.62,
Sur,E0,13:00:00,2831,0.02,1820.8,25.65,
Sur,E0,13:00:00,2832,0.01,1820.8,20.84,
Sur,E0,13:00:00,2833,0.01,1820.8,20.43,
Sur,E0,13:00:00,2834,0.02,1820.8,25.96,
Sur,E0,13:00:00,2835,0.03,1820.8,26.34,
Sur,E0,13:00:00,2836,0.01,1820.8,21.94,
Sur,E0,13:00:00,2837,0.01,1820.8,22.54,
Sur,E0,13:00:00,2838,0.02,1820.8,26.41,
Sur,E0,13:00:00,2839,0.0,1820.8,26.58,
Sur,E0,13:00:00,2840,0.04,1820.81,28.15,
Sur,E0,13:00:00,2841,0.04,1820.82,30.44,
Sur,E0,13:00:00,2842,0.09,1820.82,33.19,
Sur,E0,13:00:00,2843,0.04,1820.86,33.97,
Sur,E0,13:00:00,2854,0.03,1821.26,33.82,
Sur,E0,13:00:00,5026,0.0,1821.08,41.82,
Sur,E0,13:00:00,5036,0.03,1822.62,34.06,
Sur,E0,13:00:00,5037,0.03,1822.43,34.94,
Sur,E0,13:00:00,5038,0.02,1822.82,19.96,
Sur,E0,13:00:00,5083,0.0,1820.95,35.56,
Sur,E0,13:00:00,5084,0.17,1822.19,35.64,
Sur,E0,13:00:00,5085,0.24,1821.17,34.98,
Sur,E0,13:00:00,5096,0.02,1820.7,16.04,
Sur,E0,13:00:00,5097,0.04,1820.7,17.81,
Sur,E0,13:00:00,5098,0.02,1820.7,17.79,
Sur,E0,13:00:00,5099,0.01,1820.7,16.63,
Sur,E0,13:00:00,5100,0.04,1820.7,15.64,
Sur,E0,13:00:00,5151,0.13,1821.03,37.85,
Sur,E0,13:00:00,5152,0.02,1821.17,39.5,
Sur,E0,13:00:00,5153,0.1,1821.11,42.44,
Sur,E0,13:00:00,5154,0.04,1821.05,41.7,
Sur,E0,13:00:00,5185,0.05,1821.01,41.48,
Sur,E0,13:00:00,5203,0.05,1821.01,36.14,
Sur,E0,13:00:00,5208,0.02,1821.05,40.14,
Sur,E0,13:00:00,5209,0.1,1821.06,40.67,
Sur,E0,13:00:00,5262,0.1,1820.99,28.64,
Sur,E0,13:00:00,5263,0.06,1821.15,28.05,
Sur,E0,13:00:00,5275,0.0,1820.95,31.86,
Sur,E0,13:00:00,5276,0.02,1820.7,15.79,
Sur,E0,13:00:00,5277,0.04,1820.7,18.98,
Sur,E0,13:00:00,5278,0.04,1820.79,15.21,
Sur,E0,13:00:00,5279,0.03,1820.7,16.35,
Sur,E0,13:00:00,5280,0.05,1820.73,17.7,
Sur,E0,13:00:00,5282,0.03,1820.95,16.83,
Sur,E0,13:00:00,5283,0.03,1820.95,31.12,
Sur,E0,13:00:00,5292,0.11,1821.2,21.71,
Sur,E0,13:00:00,5383,0.05,1820.8,12.86,
Sur,E0,13:00:00,5384,0.02,1820.8,22.25,
Sur,E0,13:00:00,5385,0.02,1820.8,13.94,
Sur,E0,13:00:00,5387,0.02,1820.8,20.46,
Sur,E0,13:00:00,5481,0.25,1821.26,35.96,
Sur,E0,13:00:00,5482,0.28,1821.31,39.89,
Sur,E0,13:00:00,5497,0.02,1821.18,38.42,
Sur,E0,13:00:00,5498,0.04,1821.05,41.2,
Sur,E0,13:00:00,5503,0.14,1820.95,33.8,
Sur,E0,13:00:00,5504,0.05,1820.95,28.12,
Sur,E0,13:00:00,5505,0.12,1820.99,33.95,
Sur,E0,13:00:00,5534,0.02,1821.05,40.04,
Sur,E0,13:00:00,5535,0.06,1821.08,41.85,
Sur,E0,13:00:00,5575,0.03,1820.8,13.78,
Sur,E0,13:00:00,5623,0.18,1820.98,35.73,
Sur,E0,13:00:00,5652,0.09,1820.85,34.0,
Sur,E0,13:00:00,5655,0.0,1821.31,39.96,
Sur,E0,13:00:00,5656,0.03,1821.33,38.95,
Sur,E0,13:00:00,5657,0.02,1821.35,38.87,
Sur,E0,13:00:00,5658,0.09,1821.49,40.64,
Sur,E0,13:00:00,5659,0.02,1822.2,35.57,
Sur,E0,13:00:00,5660,0.11,1821.94,36.88,
Sur,E0,13:00:00,5664,0.03,1821.01,40.47,
Sur,E0,13:00:00,5668,0.0,1820.86,34.53,
Sur,E0,13:00:00,5681,0.01,1821.2,40.14,
Sur,E0,13:00:00,5682,0.06,1821.32,39.9,
Sur,E0,14:00:00,10013,0.03,1820.93,16.12,
Sur,E0,14:00:00,10022,0.07,1821.2,40.9,
Sur,E0,14:00:00,10025,0.0,1822.26,30.17,
Sur,E0,14:00:00,10067,0.06,1821.63,39.84,
Sur,E0,14:00:00,1066,0.04,1821.21,48.55,
Sur,E0,14:00:00,1234,0.13,1821.17,40.07,
Sur,E0,14:00:00,1236,0.09,1821.18,40.6,
Sur,E0,14:00:00,1238,0.11,1821.19,40.88,
Sur,E0,14:00:00,1259,0.06,1821.2,40.98,
Sur,E0,14:00:00,1263,0.08,1821.2,40.66,
Sur,E0,14:00:00,1298,0.1,1821.21,40.21,
Sur,E0,14:00:00,1301,0.1,1821.21,39.89,
Sur,E0,14:00:00,1327,0.09,1821.21,39.99,
Sur,E0,14:00:00,1329,0.08,1821.21,40.58,
Sur,E0,14:00:00,2168,0.07,1821.28,43.24,
Sur,E0,14:00:00,2176,0.1,1821.21,41.47,
Sur,E0,14:00:00,2178,0.04,1821.22,42.76,
Sur,E0,14:00:00,2180,0.08,1821.22,43.28,
Sur,E0,14:00:00,2181,0.1,1821.24,43.45,
Sur,E0,14:00:00,2188,0.06,1821.4,42.09,
Sur,E0,14:00:00,2189,0.05,1821.44,41.09,
Sur,E0,14:00:00,2190,0.04,1821.47,39.25,
Sur,E0,14:00:00,2191,0.18,1821.63,36.33,
Sur,E0,14:00:00,2193,0.14,1821.38,35.0,
Sur,E0,14:00:00,2195,0.06,1821.36,35.0,
Sur,E0,14:00:00,2197,0.12,1821.47,38.9,
Sur,E0,14:00:00,2199,0.14,1821.49,38.96,
Sur,E0,14:00:00,2202,0.16,1821.44,39.54,
Sur,E0,14:00:00,2205,0.17,1821.4,39.91,
Sur,E0,14:00:00,2208,0.01,1821.37,40.05,
Sur,E0,14:00:00,2211,0.09,1821.35,40.13,
Sur,E0,14:00:00,2213,0.04,1821.34,40.93,
Sur,E0,14:00:00,2214,0.05,1821.32,41.55,
Sur,E0,14:00:00,2217,0.11,1821.24,42.18,
Sur,E0,14:00:00,2218,0.11,1821.24,40.94,
Sur,E0,14:00:00,2219,0.11,1821.25,40.49,
Sur,E0,14:00:00,2221,0.11,1821.27,40.03,
Sur,E0,14:00:00,2224,0.07,1821.25,39.92,
Sur,E0,14:00:00,2227,0.01,1821.24,40.01,
Sur,E0,14:00:00,2228,0.05,1821.24,40.05,
Sur,E0,14:00:00,2229,0.07,1821.25,40.43,
Sur,E0,14:00:00,2231,0.07,1821.24,40.95,
Sur,E0,14:00:00,2232,0.08,1821.24,41.75,
Sur,E0,14:00:00,2233,0.0,1821.21,40.95,
Sur,E0,14:00:00,2234,0.04,1821.21,40.86,
Sur,E0,14:00:00,2235,0.04,1821.21,40.67,
Sur,E0,14:00:00,2236,0.09,1821.21,40.67,
Sur,E0,14:00:00,2237,0.12,1821.21,40.19,
Sur,E0,14:00:00,2238,0.12,1821.21,40.27,
Sur,E0,14:00:00,2239,0.16,1821.21,39.98,
Sur,E0,14:00:00,2240,0.08,1821.2,40.1,
Sur,E0,14:00:00,2243,0.01,1821.2,39.44,
Sur,E0,14:00:00,2244,0.06,1821.2,39.54,
Sur,E0,14:00:00,2245,0.02,1821.2,39.42,
Sur,E0,14:00:00,2246,0.07,1821.24,39.32,
Sur,E0,14:00:00,2247,0.11,1821.24,39.78,
Sur,E0,14:00:00,2248,0.11,1821.24,39.61,
Sur,E0,14:00:00,2249,0.04,1821.23,39.01,
Sur,E0,14:00:00,2250,0.09,1821.23,39.36,
Sur,E0,14:00:00,2251,0.07,1821.23,39.53,
Sur,E0,14:00:00,2253,0.06,1821.24,39.03,
Sur,E0,14:00:00,2254,0.05,1821.23,37.58,
Sur,E0,14:00:00,2255,0.07,1821.23,38.59,
Sur,E0,14:00:00,2256,0.03,1821.23,38.18,
Sur,E0,14:00:00,2257,0.07,1821.23,38.5,
Sur,E0,14:00:00,2258,0.07,1821.23,38.88,
Sur,E0,14:00:00,2259,0.04,1821.23,38.54,
Sur,E0,14:00:00,2260,0.04,1821.36,38.16,
Sur,E0,14:00:00,2261,0.06,1821.36,36.68,
Sur,E0,14:00:00,2262,0.13,1821.39,37.18,
Sur,E0,14:00:00,2263,0.14,1821.41,37.31,
Sur,E0,14:00:00,2266,0.1,1821.42,34.14,
Sur,E0,14:00:00,2267,0.13,1821.42,35.75,
Sur,E0,14:00:00,2270,0.12,1821.41,35.37,
Sur,E0,14:00:00,2271,0.02,1821.41,36.7,
Sur,E0,14:00:00,2272,0.01,1821.41,35.18,
Sur,E0,14:00:00,2273,0.04,1822.26,30.74,
Sur,E0,14:00:00,2274,0.0,1822.26,30.19,
Sur,E0,14:00:00,2281,0.06,1821.41,30.33,
Sur,E0,14:00:00,2282,0.08,1821.41,30.37,
Sur,E0,14:00:00,2283,0.07,1821.41,23.86,
Sur,E0,14:00:00,2284,0.06,1821.41,22.58,
Sur,E0,14:00:00,2285,0.01,1821.41,23.17,
Sur,E0,14:00:00,2286,0.01,1821.41,21.18,
Sur,E0,14:00:00,2287,0.06,1821.41,22.48,
Sur,E0,14:00:00,2288,0.07,1821.41,25.66,
Sur,E0,14:00:00,2289,0.09,1821.41,32.94,
Sur,E0,14:00:00,2290,0.1,1821.35,26.83,
Sur,E0,14:00:00,2292,0.12,1821.2,35.67,
Sur,E0,14:00:00,2294,0.12,1821.19,35.07,
Sur,E0,14:00:00,2295,0.15,1821.2,39.55,
Sur,E0,14:00:00,2296,0.12,1821.19,38.56,
Sur,E0,14:00:00,2297,0.07,1821.2,39.93,
Sur,E0,14:00:00,2299,0.09,1821.2,40.01,
Sur,E0,14:00:00,2301,0.11,1821.2,40.52,
Sur,E0,14:00:00,2302,0.11,1821.19,39.85,
Sur,E0,14:00:00,2303,0.11,1821.19,39.01,
Sur,E0,14:00:00,2304,0.05,1821.18,37.68,
Sur,E0,14:00:00,2306,0.08,1821.19,37.63,
Sur,E0,14:00:00,2307,0.11,1821.19,38.19,
Sur,E0,14:00:00,2309,0.09,1821.15,35.73,
Sur,E0,14:00:00,2310,0.06,1821.17,36.15,
Sur,E0,14:00:00,2315,0.07,1821.19,33.47,
Sur,E0,14:00:00,2316,0.1,1821.18,32.71,
Sur,E0,14:00:00,2321,0.18,1821.33,28.87,
Sur,E0,14:00:00,2322,0.08,1821.17,38.9,
Sur,E0,14:00:00,2324,0.03,1821.16,38.69,
Sur,E0,14:00:00,2325,0.07,1821.16,36.62,
Sur,E0,14:00:00,2326,0.04,1821.16,36.08,
Sur,E0,14:00:00,2327,0.01,1821.16,35.53,
Sur,E0,14:00:00,2328,0.12,1821.16,34.4,
Sur,E0,14:00:00,2330,0.05,1821.15,28.56,
Sur,E0,14:00:00,2332,0.05,1821.15,22.69,
Sur,E0,14:00:00,2748,0.01,1821.26,34.22,
Sur,E0,14:00:00,2749,0.05,1821.36,33.88,
Sur,E0,14:00:00,2749-1,0.09,1821.36,34.26,
Sur,E0,14:00:00,2750,0.02,1821.36,32.95,
Sur,E0,14:00:00,2753,0.06,1821.29,35.36,
Sur,E0,14:00:00,2755,0.06,1821.28,35.21,
Sur,E0,14:00:00,2757,0.05,1821.26,34.31,
Sur,E0,14:00:00,2758,0.05,1821.26,34.3,
Sur,E0,14:00:00,2759,0.02,1821.36,33.65,
Sur,E0,14:00:00,2762,0.07,1821.22,35.27,
Sur,E0,14:00:00,2764,0.03,1821.24,35.04,
Sur,E0,14:00:00,2765,0.05,1821.24,34.37,
Sur,E0,14:00:00,2766,0.03,1821.24,34.39,
Sur,E0,14:00:00,2767,0.03,1821.36,34.31,
Sur,E0,14:00:00,2768,0.08,1821.16,35.15,
Sur,E0,14:00:00,2770,0.08,1821.15,35.21,
Sur,E0,14:00:00,2772,0.06,1821.15,32.16,
Sur,E0,14:00:00,2773,0.06,1821.15,31.96,
Sur,E0,14:00:00,2778,0.06,1821.11,34.97,
Sur,E0,14:00:00,2780,0.06,1821.11,34.93,
Sur,E0,14:00:00,2782,0.04,1821.11,33.33,
Sur,E0,14:00:00,2782-1,0.03,1821.02,15.63,
Sur,E0,14:00:00,2783,0.04,1821.11,33.18,
Sur,E0,14:00:00,2785,0.02,1821.07,35.75,
Sur,E0,14:00:00,2786,0.09,1821.07,35.16,
Sur,E0,14:00:00,2789,0.06,1821.07,34.37,
Sur,E0,14:00:00,2791,0.02,1821.02,23.55,
Sur,E0,14:00:00,2792,0.11,1821.02,21.81,
Sur,E0,14:00:00,2794,0.03,1821.02,21.92,
Sur,E0,14:00:00,2795,0.01,1821.02,15.12,
Sur,E0,14:00:00,2796,0.03,1821.02,15.15,
Sur,E0,14:00:00,2797,0.03,1821.02,15.32,
Sur,E0,14:00:00,2800,0.03,1821.02,16.27,
Sur,E0,14:00:00,2801,0.03,1821.02,16.36,
Sur,E0,14:00:00,2802,0.04,1821.02,24.09,
Sur,E0,14:00:00,2803,0.04,1821.02,24.06,
Sur,E0,14:00:00,2804,0.05,1821.01,23.87,
Sur,E0,14:00:00,2805,0.04,1821.01,23.9,
Sur,E0,14:00:00,2806,0.06,1821.01,15.44,
Sur,E0,14:00:00,2807,0.05,1821.01,16.05,
Sur,E0,14:00:00,2809,0.04,1821.01,12.69,
Sur,E0,14:00:00,2810,0.04,1821.01,20.34,
Sur,E0,14:00:00,2811,0.01,1821.01,17.17,
Sur,E0,14:00:00,2812,0.01,1821.01,16.94,
Sur,E0,14:00:00,2815,0.02,1821.01,20.4,
Sur,E0,14:00:00,2817,0.07,1821.01,21.06,
Sur,E0,14:00:00,2818,0.01,1821.01,16.4,
Sur,E0,14:00:00,2819,0.01,1821.02,15.64,
Sur,E0,14:00:00,2820,0.02,1821.01,17.0,
Sur,E0,14:00:00,2821,0.03,1821.02,15.89,
Sur,E0,14:00:00,2823,0.01,1821.02,13.51,
Sur,E0,14:00:00,2824,0.02,1821.02,12.73,
Sur,E0,14:00:00,2825,0.04,1821.02,13.23,
Sur,E0,14:00:00,2826,0.04,1821.02,13.3,
Sur,E0,14:00:00,2827,0.04,1821.02,18.32,
Sur,E0,14:00:00,2828,0.04,1821.02,20.56,
Sur,E0,14:00:00,2829,0.03,1821.02,26.24,
Sur,E0,14:00:00,2830,0.02,1821.02,25.84,
Sur,E0,14:00:00,2831,0.02,1821.02,25.87,
Sur,E0,14:00:00,2832,0.01,1821.02,21.06,
Sur,E0,14:00:00,2833,0.01,1821.02,20.65,
Sur,E0,14:00:00,2834,0.02,1821.02,26.18,
Sur,E0,14:00:00,2835,0.03,1821.02,26.56,
Sur,E0,14:00:00,2836,0.01,1821.02,22.16,
Sur,E0,14:00:00,2837,0.01,1821.02,22.76,
Sur,E0,14:00:00,2838,0.02,1821.02,26.63,
Sur,E0,14:00:00,2839,0.0,1821.02,26.8,
Sur,E0,14:00:00,2840,0.04,1821.03,28.37,
Sur,E0,14:00:00,2841,0.04,1821.03,30.65,
Sur,E0,14:00:00,2842,0.08,1821.04,33.41,
Sur,E0,14:00:00,2843,0.04,1821.07,34.18,
Sur,E0,14:00:00,2854,0.02,1821.43,33.99,
Sur,E0,14:00:00,5026,0.0,1821.27,42.01,
Sur,E0,14:00:00,5036,0.03,1822.64,34.08,
Sur,E0,14:00:00,5037,0.03,1822.47,34.98,
Sur,E0,14:00:00,5038,0.02,1822.83,19.97,
Sur,E0,14:00:00,5083,0.0,1821.15,35.76,
Sur,E0,14:00:00,5084,0.16,1822.26,35.71,
Sur,E0,14:00:00,5085,0.23,1821.35,35.16,
Sur,E0,14:00:00,5096,0.02,1820.93,16.27,
Sur,E0,14:00:00,5097,0.03,1820.93,18.04,
Sur,E0,14:00:00,5098,0.02,1820.93,18.02,
Sur,E0,14:00:00,5099,0.01,1820.93,16.86,
Sur,E0,14:00:00,5100,0.04,1820.93,15.87,
Sur,E0,14:00:00,5151,0.12,1821.22,38.04,
Sur,E0,14:00:00,5152,0.02,1821.35,39.68,
Sur,E0,14:00:00,5153,0.09,1821.3,42.63,
Sur,E0,14:00:00,5154,0.04,1821.24,41.89,
Sur,E0,14:00:00,5185,0.04,1821.21,41.68,
Sur,E0,14:00:00,5203,0.05,1821.21,36.34,
Sur,E0,14:00:00,5208,0.02,1821.25,40.34,
Sur,E0,14:00:00,5209,0.09,1821.25,40.86,
Sur,E0,14:00:00,5262,0.09,1821.18,28.83,
Sur,E0,14:00:00,5263,0.06,1821.33,28.23,
Sur,E0,14:00:00,5275,0.0,1821.15,32.06,
Sur,E0,14:00:00,5276,0.02,1820.93,16.02,
Sur,E0,14:00:00,5277,0.04,1820.93,19.21,
Sur,E0,14:00:00,5278,0.03,1821.01,15.43,
Sur,E0,14:00:00,5279,0.03,1820.93,16.58,
Sur,E0,14:00:00,5280,0.05,1820.96,17.93,
Sur,E0,14:00:00,5282,0.03,1821.15,17.03,
Sur,E0,14:00:00,5283,0.03,1821.15,31.32,
Sur,E0,14:00:00,5292,0.1,1821.37,21.88,
Sur,E0,14:00:00,5383,0.05,1821.01,13.07,
Sur,E0,14:00:00,5384,0.02,1821.01,22.46,
Sur,E0,14:00:00,5385,0.02,1821.01,14.15,
Sur,E0,14:00:00,5387,0.02,1821.01,20.67,
Sur,E0,14:00:00,5481,0.24,1821.43,36.13,
Sur,E0,14:00:00,5482,0.27,1821.47,40.05,
Sur,E0,14:00:00,5497,0.01,1821.36,38.6,
Sur,E0,14:00:00,5498,0.04,1821.24,41.39,
Sur,E0,14:00:00,5503,0.14,1821.16,34.01,
Sur,E0,14:00:00,5504,0.05,1821.15,28.32,
Sur,E0,14:00:00,5505,0.12,1821.19,34.15,
Sur,E0,14:00:00,5534,0.02,1821.25,40.24,
Sur,E0,14:00:00,5535,0.06,1821.27,42.04,
Sur,E0,14:00:00,5575,0.03,1821.02,14.0,
Sur,E0,14:00:00,5623,0.17,1821.18,35.93,
Sur,E0,14:00:00,5652,0.09,1821.07,34.22,
Sur,E0,14:00:00,5655,0.0,1821.48,40.13,
Sur,E0,14:00:00,5656,0.02,1821.49,39.11,
Sur,E0,14:00:00,5657,0.02,1821.51,39.03,
Sur,E0,14:00:00,5658,0.08,1821.63,40.78,
Sur,E0,14:00:00,5659,0.02,1822.27,35.64,
Sur,E0,14:00:00,5660,0.1,1822.04,36.98,
Sur,E0,14:00:00,5664,0.03,1821.2,40.66,
Sur,E0,14:00:00,5668,0.0,1821.07,34.74,
Sur,E0,14:00:00,5681,0.01,1821.38,40.32,
Sur,E0,14:00:00,5682,0.06,1821.48,40.06,
Sur,E0,15:00:00,10013,0.03,1820.93,16.12,
Sur,E0,15:00:00,10022,0.07,1821.2,40.9,
Sur,E0,15:00:00,10025,0.0,1822.26,30.17,
Sur,E0,15:00:00,10067,0.06,1821.63,39.84,
Sur,E0,15:00:00,1066,0.04,1821.21,48.55,
Sur,E0,15:00:00,1234,0.13,1821.17,40.07,
Sur,E0,15:00:00,1236,0.09,1821.18,40.6,
Sur,E0,15:00:00,1238,0.11,1821.19,40.88,
Sur,E0,15:00:00,1259,0.06,1821.2,40.98,
Sur,E0,15:00:00,1263,0.08,1821.2,40.66,
Sur,E0,15:00:00,1298,0.1,1821.21,40.21,
Sur,E0,15:00:00,1301,0.1,1821.21,39.89,
Sur,E0,15:00:00,1327,0.09,1821.21,39.99,
Sur,E0,15:00:00,1329,0.08,1821.21,40.58,
Sur,E0,15:00:00,2168,0.07,1821.28,43.24,
Sur,E0,15:00:00,2176,0.1,1821.21,41.47,
Sur,E0,15:00:00,2178,0.04,1821.22,42.76,
Sur,E0,15:00:00,2180,0.08,1821.22,43.28,
Sur,E0,15:00:00,2181,0.1,1821.24,43.45,
Sur,E0,15:00:00,2188,0.06,1821.4,42.09,
Sur,E0,15:00:00,2189,0.05,1821.44,41.09,
Sur,E0,15:00:00,2190,0.04,1821.47,39.25,
Sur,E0,15:00:00,2191,0.18,1821.63,36.33,
Sur,E0,15:00:00,2193,0.14,1821.38,35.0,
Sur,E0,15:00:00,2195,0.06,1821.36,35.0,
Sur,E0,15:00:00,2197,0.12,1821.47,38.9,
Sur,E0,15:00:00,2199,0.14,1821.49,38.96,
Sur,E0,15:00:00,2202,0.16,1821.44,39.54,
Sur,E0,15:00:00,2205,0.17,1821.4,39.91,
Sur,E0,15:00:00,2208,0.01,1821.37,40.05,
Sur,E0,15:00:00,2211,0.09,1821.35,40.13,
Sur,E0,15:00:00,2213,0.04,1821.34,40.93,
Sur,E0,15:00:00,2214,0.05,1821.32,41.55,
Sur,E0,15:00:00,2217,0.11,1821.24,42.18,
Sur,E0,15:00:00,2218,0.11,1821.24,40.94,
Sur,E0,15:00:00,2219,0.11,1821.25,40.49,
Sur,E0,15:00:00,2221,0.11,1821.27,40.03,
Sur,E0,15:00:00,2224,0.07,1821.25,39.92,
Sur,E0,15:00:00,2227,0.01,1821.24,40.01,
Sur,E0,15:00:00,2228,0.05,1821.24,40.05,
Sur,E0,15:00:00,2229,0.07,1821.25,40.43,
Sur,E0,15:00:00,2231,0.07,1821.24,40.95,
Sur,E0,15:00:00,2232,0.08,1821.24,41.75,
Sur,E0,15:00:00,2233,0.0,1821.21,40.95,
Sur,E0,15:00:00,2234,0.04,1821.21,40.86,
Sur,E0,15:00:00,2235,0.04,1821.21,40.67,
Sur,E0,15:00:00,2236,0.09,1821.21,40.67,
Sur,E0,15:00:00,2237,0.12,1821.21,40.19,
Sur,E0,15:00:00,2238,0.12,1821.21,40.27,
Sur,E0,15:00:00,2239,0.16,1821.21,39.98,
Sur,E0,15:00:00,2240,0.08,1821.2,40.1,
Sur,E0,15:00:00,2243,0.01,1821.2,39.44,
Sur,E0,15:00:00,2244,0.06,1821.2,39.54,
Sur,E0,15:00:00,2245,0.02,1821.2,39.42,
Sur,E0,15:00:00,2246,0.07,1821.24,39.32,
Sur,E0,15:00:00,2247,0.11,1821.24,39.78,
Sur,E0,15:00:00,2248,0.11,1821.24,39.61,
Sur,E0,15:00:00,2249,0.04,1821.23,39.01,
Sur,E0,15:00:00,2250,0.09,1821.23,39.36,
Sur,E0,15:00:00,2251,0.07,1821.23,39.53,
Sur,E0,15:00:00,2253,0.06,1821.24,39.03,
Sur,E0,15:00:00,2254,0.05,1821.23,37.58,
Sur,E0,15:00:00,2255,0.07,1821.23,38.59,
Sur,E0,15:00:00,2256,0.03,1821.23,38.18,
Sur,E0,15:00:00,2257,0.07,1821.23,38.5,
Sur,E0,15:00:00,2258,0.07,1821.23,38.88,
Sur,E0,15:00:00,2259,0.04,1821.23,38.54,
Sur,E0,15:00:00,2260,0.04,1821.36,38.16,
Sur,E0,15:00:00,2261,0.06,1821.36,36.68,
Sur,E0,15:00:00,2262,0.13,1821.39,37.18,
Sur,E0,15:00:00,2263,0.14,1821.41,37.31,
Sur,E0,15:00:00,2266,0.1,1821.42,34.14,
Sur,E0,15:00:00,2267,0.13,1821.42,35.75,
Sur,E0,15:00:00,2270,0.12,1821.41,35.37,
Sur,E0,15:00:00,2271,0.02,1821.41,36.7,
Sur,E0,15:00:00,2272,0.01,1821.41,35.18,
Sur,E0,15:00:00,2273,0.04,1822.26,30.74,
Sur,E0,15:00:00,2274,0.0,1822.26,30.19,
Sur,E0,15:00:00,2281,0.06,1821.41,30.33,
Sur,E0,15:00:00,2282,0.08,1821.41,30.37,
Sur,E0,15:00:00,2283,0.07,1821.41,23.86,
Sur,E0,15:00:00,2284,0.06,1821.41,22.58,
Sur,E0,15:00:00,2285,0.01,1821.41,23.17,
Sur,E0,15:00:00,2286,0.01,1821.41,21.18,
Sur,E0,15:00:00,2287,0.06,1821.41,22.48,
Sur,E0,15:00:00,2288,0.07,1821.41,25.66,
Sur,E0,15:00:00,2289,0.09,1821.41,32.94,
Sur,E0,15:00:00,2290,0.1,1821.35,26.83,
Sur,E0,15:00:00,2292,0.12,1821.2,35.67,
Sur,E0,15:00:00,2294,0.12,1821.19,35.07,
Sur,E0,15:00:00,2295,0.15,1821.2,39.55,
Sur,E0,15:00:00,2296,0.12,1821.19,38.56,
Sur,E0,15:00:00,2297,0.07,1821.2,39.93,
Sur,E0,15:00:00,2299,0.09,1821.2,40.01,
Sur,E0,15:00:00,2301,0.11,1821.2,40.52,
Sur,E0,15:00:00,2302,0.11,1821.19,39.85,
Sur,E0,15:00:00,2303,0.11,1821.19,39.01,
Sur,E0,15:00:00,2304,0.05,1821.18,37.68,
Sur,E0,15:00:00,2306,0.08,1821.19,37.63,
Sur,E0,15:00:00,2307,0.11,1821.19,38.19,
Sur,E0,15:00:00,2309,0.09,1821.15,35.73,
Sur,E0,15:00:00,2310,0.06,1821.17,36.15,
Sur,E0,15:00:00,2315,0.07,1821.19,33.47,
Sur,E0,15:00:00,2316,0.1,1821.18,32.71,
Sur,E0,15:00:00,2321,0.18,1821.33,28.87,
Sur,E0,15:00:00,2322,0.08,1821.17,38.9,
Sur,E0,15:00:00,2324,0.03,1821.16,38.69,
Sur,E0,15:00:00,2325,0.07,1821.16,36.62,
Sur,E0,15:00:00,2326,0.04,1821.16,36.08,
Sur,E0,15:00:00,2327,0.01,1821.16,35.53,
Sur,E0,15:00:00,2328,0.12,1821.16,34.4,
Sur,E0,15:00:00,2330,0.05,1821.15,28.56,
Sur,E0,15:00:00,2332,0.05,1821.15,22.69,
Sur,E0,15:00:00,2748,0.01,1821.26,34.22,
Sur,E0,15:00:00,2749,0.05,1821.36,33.88,
Sur,E0,15:00:00,2749-1,0.09,1821.36,34.26,
Sur,E0,15:00:00,2750,0.02,1821.36,32.95,
Sur,E0,15:00:00,2753,0.06,1821.29,35.36,
Sur,E0,15:00:00,2755,0.06,1821.28,35.21,
Sur,E0,15:00:00,2757,0.05,1821.26,34.31,
Sur,E0,15:00:00,2758,0.05,1821.26,34.3,
Sur,E0,15:00:00,2759,0.02,1821.36,33.65,
Sur,E0,15:00:00,2762,0.07,1821.22,35.27,
Sur,E0,15:00:00,2764,0.03,1821.24,35.04,
Sur,E0,15:00:00,2765,0.05,1821.24,34.37,
Sur,E0,15:00:00,2766,0.03,1821.24,34.39,
Sur,E0,15:00:00,2767,0.03,1821.36,34.31,
Sur,E0,15:00:00,2768,0.08,1821.16,35.15,
Sur,E0,15:00:00,2770,0.08,1821.15,35.21,
Sur,E0,15:00:00,2772,0.06,1821.15,32.16,
Sur,E0,15:00:00,2773,0.06,1821.15,31.96,
Sur,E0,15:00:00,2778,0.06,1821.11,34.97,
Sur,E0,15:00:00,2780,0.06,1821.11,34.93,
Sur,E0,15:00:00,2782,0.04,1821.11,33.33,
Sur,E0,15:00:00,2782-1,0.03,1821.02,15.63,
Sur,E0,15:00:00,2783,0.04,1821.11,33.18,
Sur,E0,15:00:00,2785,0.02,1821.07,35.75,
Sur,E0,15:00:00,2786,0.09,1821.07,35.16,
Sur,E0,15:00:00,2789,0.06,1821.07,34.37,
Sur,E0,15:00:00,2791,0.02,1821.02,23.55,
Sur,E0,15:00:00,2792,0.11,1821.02,21.81,
Sur,E0,15:00:00,2794,0.03,1821.02,21.92,
Sur,E0,15:00:00,2795,0.01,1821.02,15.12,
Sur,E0,15:00:00,2796,0.03,1821.02,15.15,
Sur,E0,15:00:00,2797,0.03,1821.02,15.32,
Sur,E0,15:00:00,2800,0.03,1821.02,16.27,
Sur,E0,15:00:00,2801,0.03,1821.02,16.36,
Sur,E0,15:00:00,2802,0.04,1821.02,24.09,
Sur,E0,15:00:00,2803,0.04,1821.02,24.06,
Sur,E0,15:00:00,2804,0.05,1821.01,23.87,
Sur,E0,15:00:00,2805,0.04,1821.01,23.9,
Sur,E0,15:00:00,2806,0.06,1821.01,15.44,
Sur,E0,15:00:00,2807,0.05,1821.01,16.05,
Sur,E0,15:00:00,2809,0.04,1821.01,12.69,
Sur,E0,15:00:00,2810,0.04,1821.01,20.34,
Sur,E0,15:00:00,2811,0.01,1821.01,17.17,
Sur,E0,15:00:00,2812,0.01,1821.01,16.94,
Sur,E0,15:00:00,2815,0.02,1821.01,20.4,
Sur,E0,15:00:00,2817,0.07,1821.01,21.06,
Sur,E0,15:00:00,2818,0.01,1821.01,16.4,
Sur,E0,15:00:00,2819,0.01,1821.02,15.64,
Sur,E0,15:00:00,2820,0.02,1821.01,17.0,
Sur,E0,15:00:00,2821,0.03,1821.02,15.89,
Sur,E0,15:00:00,2823,0.01,1821.02,13.51,
Sur,E0,15:00:00,2824,0.02,1821.02,12.73,
Sur,E0,15:00:00,2825,0.04,1821.02,13.23,
Sur,E0,15:00:00,2826,0.04,1821.02,13.3,
Sur,E0,15:00:00,2827,0.04,1821.02,18.32,
Sur,E0,15:00:00,2828,0.04,1821.02,20.56,
Sur,E0,15:00:00,2829,0.03,1821.02,26.24,
Sur,E0,15:00:00,2830,0.02,1821.02,25.84,
Sur,E0,15:00:00,2831,0.02,1821.02,25.87,
Sur,E0,15:00:00,2832,0.01,1821.02,21.06,
Sur,E0,15:00:00,2833,0.01,1821.02,20.65,
Sur,E0,15:00:00,2834,0.02,1821.02,26.18,
Sur,E0,15:00:00,2835,0.03,1821.02,26.56,
Sur,E0,15:00:00,2836,0.01,1821.02,22.16,
Sur,E0,15:00:00,2837,0.01,1821.02,22.76,
Sur,E0,15:00:00,2838,0.02,1821.02,26.63,
Sur,E0,15:00:00,2839,0.0,1821.02,26.8,
Sur,E0,15:00:00,2840,0.04,1821.03,28.37,
Sur,E0,15:00:00,2841,0.04,1821.03,30.65,
Sur,E0,15:00:00,2842,0.08,1821.04,33.41,
Sur,E0,15:00:00,2843,0.04,1821.07,34.18,
Sur,E0,15:00:00,2854,0.02,1821.43,33.99,
Sur,E0,15:00:00,5026,0.0,1821.27,42.01,
Sur,E0,15:00:00,5036,0.03,1822.64,34.08,
Sur,E0,15:00:00,5037,0.03,1822.47,34.98,
Sur,E0,15:00:00,5038,0.02,1822.83,19.97,
Sur,E0,15:00:00,5083,0.0,1821.15,35.76,
Sur,E0,15:00:00,5084,0.16,1822.26,35.71,
Sur,E0,15:00:00,5085,0.23,1821.35,35.16,
Sur,E0,15:00:00,5096,0.02,1820.93,16.27,
Sur,E0,15:00:00,5097,0.03,1820.93,18.04,
Sur,E0,15:00:00,5098,0.02,1820.93,18.02,
Sur,E0,15:00:00,5099,0.01,1820.93,16.86,
Sur,E0,15:00:00,5100,0.04,1820.93,15.87,
Sur,E0,15:00:00,5151,0.12,1821.22,38.04,
Sur,E0,15:00:00,5152,0.02,1821.35,39.68,
Sur,E0,15:00:00,5153,0.09,1821.3,42.63,
Sur,E0,15:00:00,5154,0.04,1821.24,41.89,
Sur,E0,15:00:00,5185,0.04,1821.21,41.68,
Sur,E0,15:00:00,5203,0.05,1821.21,36.34,
Sur,E0,15:00:00,5208,0.02,1821.25,40.34,
Sur,E0,15:00:00,5209,0.09,1821.25,40.86,
Sur,E0,15:00:00,5262,0.09,1821.18,28.83,
Sur,E0,15:00:00,5263,0.06,1821.33,28.23,
Sur,E0,15:00:00,5275,0.0,1821.15,32.06,
Sur,E0,15:00:00,5276,0.02,1820.93,16.02,
Sur,E0,15:00:00,5277,0.04,1820.93,19.21,
Sur,E0,15:00:00,5278,0.03,1821.01,15.43,
Sur,E0,15:00:00,5279,0.03,1820.93,16.58,
Sur,E0,15:00:00,5280,0.05,1820.96,17.93,
Sur,E0,15:00:00,5282,0.03,1821.15,17.03,
Sur,E0,15:00:00,5283,0.03,1821.15,31.32,
Sur,E0,15:00:00,5292,0.1,1821.37,21.88,
Sur,E0,15:00:00,5383,0.05,1821.01,13.07,
Sur,E0,15:00:00,5384,0.02,1821.01,22.46,
Sur,E0,15:00:00,5385,0.02,1821.01,14.15,
Sur,E0,15:00:00,5387,0.02,1821.01,20.67,
Sur,E0,15:00:00,5481,0.24,1821.43,36.13,
Sur,E0,15:00:00,5482,0.27,1821.47,40.05,
Sur,E0,15:00:00,5497,0.01,1821.36,38.6,
Sur,E0,15:00:00,5498,0.04,1821.24,41.39,
Sur,E0,15:00:00,5503,0.14,1821.16,34.01,
Sur,E0,15:00:00,5504,0.05,1821.15,28.32,
Sur,E0,15:00:00,5505,0.12,1821.19,34.15,
Sur,E0,15:00:00,5534,0.02,1821.25,40.24,
Sur,E0,15:00:00,5535,0.06,1821.27,42.04,
Sur,E0,15:00:00,5575,0.03,1821.02,14.0,
Sur,E0,15:00:00,5623,0.17,1821.18,35.93,
Sur,E0,15:00:00,5652,0.09,1821.07,34.22,
Sur,E0,15:00:00,5655,0.0,1821.48,40.13,
Sur,E0,15:00:00,5656,0.02,1821.49,39.11,
Sur,E0,15:00:00,5657,0.02,1821.51,39.03,
Sur,E0,15:00:00,5658,0.08,1821.63,40.78,
Sur,E0,15:00:00,5659,0.02,1822.27,35.64,
Sur,E0,15:00:00,5660,0.1,1822.04,36.98,
Sur,E0,15:00:00,5664,0.03,1821.2,40.66,
Sur,E0,15:00:00,5668,0.0,1821.07,34.74,
Sur,E0,15:00:00,5681,0.01,1821.38,40.32,
Sur,E0,15:00:00,5682,0.06,1821.48,40.06,
Sur,E0,16:00:00,10013,0.03,1821.15,16.34,
Sur,E0,16:00:00,10022,0.07,1821.39,41.09,
Sur,E0,16:00:00,10025,0.0,1822.33,30.24,
Sur,E0,16:00:00,10067,0.05,1821.77,39.98,
Sur,E0,16:00:00,1066,0.03,1821.39,48.73,
Sur,E0,16:00:00,1234,0.12,1821.36,40.26,
Sur,E0,16:00:00,1236,0.08,1821.37,40.79,
Sur,E0,16:00:00,1238,0.1,1821.37,41.06,
Sur,E0,16:00:00,1259,0.05,1821.39,41.17,
Sur,E0,16:00:00,1263,0.07,1821.39,40.84,
Sur,E0,16:00:00,1298,0.1,1821.39,40.39,
Sur,E0,16:00:00,1301,0.09,1821.39,40.07,
Sur,E0,16:00:00,1327,0.09,1821.39,40.17,
Sur,E0,16:00:00,1329,0.07,1821.39,40.76,
Sur,E0,16:00:00,2168,0.06,1821.46,43.42,
Sur,E0,16:00:00,2176,0.09,1821.4,41.66,
Sur,E0,16:00:00,2178,0.04,1821.4,42.94,
Sur,E0,16:00:00,2180,0.08,1821.41,43.47,
Sur,E0,16:00:00,2181,0.1,1821.42,43.63,
Sur,E0,16:00:00,2188,0.06,1821.56,42.25,
Sur,E0,16:00:00,2189,0.05,1821.6,41.25,
Sur,E0,16:00:00,2190,0.04,1821.63,39.41,
Sur,E0,16:00:00,2191,0.17,1821.77,36.47,
Sur,E0,16:00:00,2193,0.14,1821.55,35.17,
Sur,E0,16:00:00,2195,0.06,1821.53,35.17,
Sur,E0,16:00:00,2197,0.11,1821.63,39.06,
Sur,E0,16:00:00,2199,0.13,1821.65,39.12,
Sur,E0,16:00:00,2202,0.15,1821.6,39.7,
Sur,E0,16:00:00,2205,0.16,1821.56,40.07,
Sur,E0,16:00:00,2208,0.01,1821.54,40.22,
Sur,E0,16:00:00,2211,0.08,1821.52,40.3,
Sur,E0,16:00:00,2213,0.03,1821.51,41.1,
Sur,E0,16:00:00,2214,0.05,1821.49,41.72,
Sur,E0,16:00:00,2217,0.1,1821.42,42.36,
Sur,E0,16:00:00,2218,0.1,1821.42,41.12,
Sur,E0,16:00:00,2219,0.1,1821.43,40.67,
Sur,E0,16:00:00,2221,0.11,1821.45,40.21,
Sur,E0,16:00:00,2224,0.07,1821.43,40.1,
Sur,E0,16:00:00,2227,0.01,1821.43,40.2,
Sur,E0,16:00:00,2228,0.05,1821.42,40.23,
Sur,E0,16:00:00,2229,0.06,1821.43,40.61,
Sur,E0,16:00:00,2231,0.06,1821.42,41.13,
Sur,E0,16:00:00,2232,0.08,1821.42,41.93,
Sur,E0,16:00:00,2233,0.0,1821.39,41.13,
Sur,E0,16:00:00,2234,0.04,1821.39,41.04,
Sur,E0,16:00:00,2235,0.04,1821.39,40.85,
Sur,E0,16:00:00,2236,0.09,1821.39,40.85,
Sur,E0,16:00:00,2237,0.11,1821.39,40.37,
Sur,E0,16:00:00,2238,0.11,1821.39,40.45,
Sur,E0,16:00:00,2239,0.15,1821.4,40.17,
Sur,E0,16:00:00,2240,0.08,1821.39,40.28,
Sur,E0,16:00:00,2243,0.01,1821.39,39.63,
Sur,E0,16:00:00,2244,0.05,1821.39,39.73,
Sur,E0,16:00:00,2245,0.01,1821.39,39.61,
Sur,E0,16:00:00,2246,0.06,1821.42,39.5,
Sur,E0,16:00:00,2247,0.1,1821.43,39.97,
Sur,E0,16:00:00,2248,0.1,1821.42,39.79,
Sur,E0,16:00:00,2249,0.04,1821.42,39.2,
Sur,E0,16:00:00,2250,0.09,1821.42,39.55,
Sur,E0,16:00:00,2251,0.06,1821.42,39.72,
Sur,E0,16:00:00,2253,0.06,1821.42,39.21,
Sur,E0,16:00:00,2254,0.04,1821.42,37.77,
Sur,E0,16:00:00,2255,0.07,1821.42,38.78,
Sur,E0,16:00:00,2256,0.02,1821.41,38.36,
Sur,E0,16:00:00,2257,0.06,1821.41,38.68,
Sur,E0,16:00:00,2258,0.07,1821.41,39.06,
Sur,E0,16:00:00,2259,0.04,1821.41,38.72,
Sur,E0,16:00:00,2260,0.04,1821.53,38.33,
Sur,E0,16:00:00,2261,0.06,1821.53,36.85,
Sur,E0,16:00:00,2262,0.12,1821.55,37.34,
Sur,E0,16:00:00,2263,0.13,1821.57,37.47,
Sur,E0,16:00:00,2266,0.1,1821.58,34.3,
Sur,E0,16:00:00,2267,0.12,1821.58,35.91,
Sur,E0,16:00:00,2270,0.11,1821.58,35.54,
Sur,E0,16:00:00,2271,0.02,1821.58,36.87,
Sur,E0,16:00:00,2272,0.01,1821.58,35.35,
Sur,E0,16:00:00,2273,0.04,1822.33,30.81,
Sur,E0,16:00:00,2274,0.0,1822.33,30.26,
Sur,E0,16:00:00,2281,0.05,1821.58,30.5,
Sur,E0,16:00:00,2282,0.07,1821.57,30.53,
Sur,E0,16:00:00,2283,0.06,1821.57,24.02,
Sur,E0,16:00:00,2284,0.05,1821.57,22.74,
Sur,E0,16:00:00,2285,0.01,1821.57,23.33,
Sur,E0,16:00:00,2286,0.01,1821.57,21.34,
Sur,E0,16:00:00,2287,0.06,1821.57,22.64,
Sur,E0,16:00:00,2288,0.07,1821.57,25.82,
Sur,E0,16:00:00,2289,0.08,1821.57,33.1,
Sur,E0,16:00:00,2290,0.09,1821.52,27.0,
Sur,E0,16:00:00,2292,0.11,1821.39,35.86,
Sur,E0,16:00:00,2294,0.11,1821.38,35.26,
Sur,E0,16:00:00,2295,0.14,1821.39,39.74,
Sur,E0,16:00:00,2296,0.11,1821.38,38.75,
Sur,E0,16:00:00,2297,0.06,1821.39,40.12,
Sur,E0,16:00:00,2299,0.08,1821.39,40.2,
Sur,E0,16:00:00,2301,0.1,1821.39,40.71,
Sur,E0,16:00:00,2302,0.1,1821.37,40.03,
Sur,E0,16:00:00,2303,0.11,1821.37,39.19,
Sur,E0,16:00:00,2304,0.04,1821.37,37.87,
Sur,E0,16:00:00,2306,0.08,1821.37,37.81,
Sur,E0,16:00:00,2307,0.11,1821.38,38.38,
Sur,E0,16:00:00,2309,0.08,1821.35,35.93,
Sur,E0,16:00:00,2310,0.06,1821.36,36.34,
Sur,E0,16:00:00,2315,0.07,1821.37,33.65,
Sur,E0,16:00:00,2316,0.09,1821.37,32.9,
Sur,E0,16:00:00,2321,0.17,1821.5,29.04,
Sur,E0,16:00:00,2322,0.08,1821.36,39.09,
Sur,E0,16:00:00,2324,0.02,1821.35,38.88,
Sur,E0,16:00:00,2325,0.07,1821.35,36.81,
Sur,E0,16:00:00,2326,0.04,1821.35,36.27,
Sur,E0,16:00:00,2327,0.01,1821.35,35.72,
Sur,E0,16:00:00,2328,0.12,1821.35,34.59,
Sur,E0,16:00:00,2330,0.04,1821.34,28.75,
Sur,E0,16:00:00,2332,0.04,1821.34,22.88,
Sur,E0,16:00:00,2748,0.01,1821.44,34.4,
Sur,E0,16:00:00,2749,0.05,1821.53,34.05,
Sur,E0,16:00:00,2749-1,0.08,1821.53,34.43,
Sur,E0,16:00:00,2750,0.01,1821.53,33.12,
Sur,E0,16:00:00,2753,0.05,1821.47,35.54,
Sur,E0,16:00:00,2755,0.05,1821.46,35.39,
Sur,E0,16:00:00,2757,0.05,1821.44,34.49,
Sur,E0,16:00:00,2758,0.05,1821.44,34.48,
Sur,E0,16:00:00,2759,0.02,1821.53,33.82,
Sur,E0,16:00:00,2762,0.06,1821.41,35.46,
Sur,E0,16:00:00,2764,0.02,1821.42,35.22,
Sur,E0,16:00:00,2765,0.05,1821.42,34.55,
Sur,E0,16:00:00,2766,0.03,1821.42,34.57,
Sur,E0,16:00:00,2767,0.03,1821.53,34.48,
Sur,E0,16:00:00,2768,0.08,1821.35,35.34,
Sur,E0,16:00:00,2770,0.07,1821.34,35.4,
Sur,E0,16:00:00,2772,0.06,1821.35,32.36,
Sur,E0,16:00:00,2773,0.06,1821.34,32.15,
Sur,E0,16:00:00,2778,0.05,1821.31,35.17,
Sur,E0,16:00:00,2780,0.06,1821.3,35.12,
Sur,E0,16:00:00,2782,0.04,1821.31,33.53,
Sur,E0,16:00:00,2782-1,0.02,1821.22,15.83,
Sur,E0,16:00:00,2783,0.04,1821.3,33.37,
Sur,E0,16:00:00,2785,0.02,1821.27,35.95,
Sur,E0,16:00:00,2786,0.08,1821.27,35.36,
Sur,E0,16:00:00,2789,0.05,1821.27,34.57,
Sur,E0,16:00:00,2791,0.02,1821.23,23.76,
Sur,E0,16:00:00,2792,0.11,1821.23,22.02,
Sur,E0,16:00:00,2794,0.03,1821.23,22.13,
Sur,E0,16:00:00,2795,0.01,1821.22,15.32,
Sur,E0,16:00:00,2796,0.03,1821.22,15.35,
Sur,E0,16:00:00,2797,0.03,1821.22,15.52,
Sur,E0,16:00:00,2800,0.03,1821.22,16.47,
Sur,E0,16:00:00,2801,0.03,1821.22,16.56,
Sur,E0,16:00:00,2802,0.04,1821.22,24.29,
Sur,E0,16:00:00,2803,0.04,1821.22,24.26,
Sur,E0,16:00:00,2804,0.04,1821.22,24.08,
Sur,E0,16:00:00,2805,0.04,1821.22,24.11,
Sur,E0,16:00:00,2806,0.05,1821.22,15.65,
Sur,E0,16:00:00,2807,0.04,1821.22,16.26,
Sur,E0,16:00:00,2809,0.04,1821.22,12.9,
Sur,E0,16:00:00,2810,0.04,1821.22,20.55,
Sur,E0,16:00:00,2811,0.01,1821.22,17.38,
Sur,E0,16:00:00,2812,0.01,1821.22,17.15,
Sur,E0,16:00:00,2815,0.01,1821.22,20.61,
Sur,E0,16:00:00,2817,0.06,1821.22,21.27,
Sur,E0,16:00:00,2818,0.01,1821.22,16.61,
Sur,E0,16:00:00,2819,0.01,1821.22,15.84,
Sur,E0,16:00:00,2820,0.02,1821.22,17.21,
Sur,E0,16:00:00,2821,0.02,1821.22,16.09,
Sur,E0,16:00:00,2823,0.01,1821.23,13.72,
Sur,E0,16:00:00,2824,0.02,1821.22,12.93,
Sur,E0,16:00:00,2825,0.04,1821.22,13.43,
Sur,E0,16:00:00,2826,0.04,1821.23,13.51,
Sur,E0,16:00:00,2827,0.04,1821.23,18.53,
Sur,E0,16:00:00,2828,0.04,1821.23,20.77,
Sur,E0,16:00:00,2829,0.03,1821.23,26.45,
Sur,E0,16:00:00,2830,0.02,1821.23,26.05,
Sur,E0,16:00:00,2831,0.02,1821.23,26.08,
Sur,E0,16:00:00,2832,0.01,1821.23,21.27,
Sur,E0,16:00:00,2833,0.01,1821.23,20.86,
Sur,E0,16:00:00,2834,0.02,1821.23,26.39,
Sur,E0,16:00:00,2835,0.02,1821.23,26.77,
Sur,E0,16:00:00,2836,0.01,1821.23,22.37,
Sur,E0,16:00:00,2837,0.01,1821.23,22.97,
Sur,E0,16:00:00,2838,0.02,1821.23,26.84,
Sur,E0,16:00:00,2839,0.0,1821.23,27.01,
Sur,E0,16:00:00,2840,0.03,1821.23,28.57,
Sur,E0,16:00:00,2841,0.03,1821.24,30.86,
Sur,E0,16:00:00,2842,0.08,1821.24,33.61,
Sur,E0,16:00:00,2843,0.03,1821.27,34.38,
Sur,E0,16:00:00,2854,0.02,1821.59,34.15,
Sur,E0,16:00:00,5026,0.0,1821.45,42.19,
Sur,E0,16:00:00,5036,0.03,1822.67,34.11,
Sur,E0,16:00:00,5037,0.03,1822.52,35.03,
Sur,E0,16:00:00,5038,0.02,1822.83,19.97,
Sur,E0,16:00:00,5083,0.0,1821.35,35.96,
Sur,E0,16:00:00,5084,0.15,1822.33,35.78,
Sur,E0,16:00:00,5085,0.21,1821.52,35.33,
Sur,E0,16:00:00,5096,0.02,1821.15,16.49,
Sur,E0,16:00:00,5097,0.03,1821.15,18.26,
Sur,E0,16:00:00,5098,0.02,1821.15,18.24,
Sur,E0,16:00:00,5099,0.01,1821.15,17.08,
Sur,E0,16:00:00,5100,0.04,1821.15,16.09,
Sur,E0,16:00:00,5151,0.11,1821.41,38.23,
Sur,E0,16:00:00,5152,0.02,1821.52,39.85,
Sur,E0,16:00:00,5153,0.09,1821.47,42.8,
Sur,E0,16:00:00,5154,0.03,1821.42,42.07,
Sur,E0,16:00:00,5185,0.04,1821.39,41.86,
Sur,E0,16:00:00,5203,0.05,1821.4,36.53,
Sur,E0,16:00:00,5208,0.02,1821.43,40.52,
Sur,E0,16:00:00,5209,0.09,1821.43,41.04,
Sur,E0,16:00:00,5262,0.08,1821.37,29.02,
Sur,E0,16:00:00,5263,0.05,1821.5,28.4,
Sur,E0,16:00:00,5275,0.0,1821.35,32.26,
Sur,E0,16:00:00,5276,0.02,1821.15,16.24,
Sur,E0,16:00:00,5277,0.04,1821.15,19.43,
Sur,E0,16:00:00,5278,0.03,1821.22,15.64,
Sur,E0,16:00:00,5279,0.03,1821.15,16.8,
Sur,E0,16:00:00,5280,0.05,1821.17,18.14,
Sur,E0,16:00:00,5282,0.02,1821.34,17.22,
Sur,E0,16:00:00,5283,0.03,1821.35,31.52,
Sur,E0,16:00:00,5292,0.1,1821.54,22.05,
Sur,E0,16:00:00,5383,0.05,1821.22,13.28,
Sur,E0,16:00:00,5384,0.02,1821.22,22.67,
Sur,E0,16:00:00,5385,0.02,1821.22,14.36,
Sur,E0,16:00:00,5387,0.01,1821.22,20.88,
Sur,E0,16:00:00,5481,0.22,1821.59,36.29,
Sur,E0,16:00:00,5482,0.25,1821.63,40.21,
Sur,E0,16:00:00,5497,0.01,1821.53,38.77,
Sur,E0,16:00:00,5498,0.04,1821.42,41.57,
Sur,E0,16:00:00,5503,0.13,1821.35,34.2,
Sur,E0,16:00:00,5504,0.05,1821.34,28.51,
Sur,E0,16:00:00,5505,0.11,1821.38,34.34,
Sur,E0,16:00:00,5534,0.02,1821.43,40.42,
Sur,E0,16:00:00,5535,0.05,1821.45,42.22,
Sur,E0,16:00:00,5575,0.03,1821.23,14.21,
Sur,E0,16:00:00,5623,0.16,1821.37,36.12,
Sur,E0,16:00:00,5652,0.08,1821.27,34.42,
Sur,E0,16:00:00,5655,0.0,1821.63,40.28,
Sur,E0,16:00:00,5656,0.02,1821.65,39.27,
Sur,E0,16:00:00,5657,0.02,1821.66,39.18,
Sur,E0,16:00:00,5658,0.08,1821.77,40.92,
Sur,E0,16:00:00,5659,0.02,1822.33,35.7,
Sur,E0,16:00:00,5660,0.09,1822.13,37.07,
Sur,E0,16:00:00,5664,0.03,1821.39,40.85,
Sur,E0,16:00:00,5668,0.0,1821.27,34.94,
Sur,E0,16:00:00,5681,0.01,1821.54,40.48,
Sur,E0,16:00:00,5682,0.05,1821.64,40.22,
Sur,E0,17:00:00,10013,0.03,1821.15,16.34,
Sur,E0,17:00:00,10022,0.07,1821.39,41.09,
Sur,E0,17:00:00,10025,0.0,1822.33,30.24,
Sur,E0,17:00:00,10067,0.05,1821.77,39.98,
Sur,E0,17:00:00,1066,0.03,1821.39,48.73,
Sur,E0,17:00:00,1234,0.12,1821.36,40.26,
Sur,E0,17:00:00,1236,0.08,1821.37,40.79,
Sur,E0,17:00:00,1238,0.1,1821.37,41.06,
Sur,E0,17:00:00,1259,0.05,1821.39,41.17,
Sur,E0,17:00:00,1263,0.07,1821.39,40.84,
Sur,E0,17:00:00,1298,0.1,1821.39,40.39,
Sur,E0,17:00:00,1301,0.09,1821.39,40.07,
Sur,E0,17:00:00,1327,0.09,1821.39,40.17,
Sur,E0,17:00:00,1329,0.07,1821.39,40.76,
Sur,E0,17:00:00,2168,0.06,1821.46,43.42,
Sur,E0,17:00:00,2176,0.09,1821.4,41.66,
Sur,E0,17:00:00,2178,0.04,1821.4,42.94,
Sur,E0,17:00:00,2180,0.08,1821.41,43.47,
Sur,E0,17:00:00,2181,0.1,1821.42,43.63,
Sur,E0,17:00:00,2188,0.06,1821.56,42.25,
Sur,E0,17:00:00,2189,0.05,1821.6,41.25,
Sur,E0,17:00:00,2190,0.04,1821.63,39.41,
Sur,E0,17:00:00,2191,0.17,1821.77,36.47,
Sur,E0,17:00:00,2193,0.14,1821.55,35.17,
Sur,E0,17:00:00,2195,0.06,1821.53,35.17,
Sur,E0,17:00:00,2197,0.11,1821.63,39.06,
Sur,E0,17:00:00,2199,0.13,1821.65,39.12,
Sur,E0,17:00:00,2202,0.15,1821.6,39.7,
Sur,E0,17:00:00,2205,0.16,1821.56,40.07,
Sur,E0,17:00:00,2208,0.01,1821.54,40.22,
Sur,E0,17:00:00,2211,0.08,1821.52,40.3,
Sur,E0,17:00:00,2213,0.03,1821.51,41.1,
Sur,E0,17:00:00,2214,0.05,1821.49,41.72,
Sur,E0,17:00:00,2217,0.1,1821.42,42.36,
Sur,E0,17:00:00,2218,0.1,1821.42,41.12,
Sur,E0,17:00:00,2219,0.1,1821.43,40.67,
Sur,E0,17:00:00,2221,0.11,1821.45,40.21,
Sur,E0,17:00:00,2224,0.07,1821.43,40.1,
Sur,E0,17:00:00,2227,0.01,1821.43,40.2,
Sur,E0,17:00:00,2228,0.05,1821.42,40.23,
Sur,E0,17:00:00,2229,0.06,1821.43,40.61,
Sur,E0,17:00:00,2231,0.06,1821.42,41.13,
Sur,E0,17:00:00,2232,0.08,1821.42,41.93,
Sur,E0,17:00:00,2233,0.0,1821.39,41.13,
Sur,E0,17:00:00,2234,0.04,1821.39,41.04,
Sur,E0,17:00:00,2235,0.04,1821.39,40.85,
Sur,E0,17:00:00,2236,0.09,1821.39,40.85,
Sur,E0,17:00:00,2237,0.11,1821.39,40.37,
Sur,E0,17:00:00,2238,0.11,1821.39,40.45,
Sur,E0,17:00:00,2239,0.15,1821.4,40.17,
Sur,E0,17:00:00,2240,0.08,1821.39,40.28,
Sur,E0,17:00:00,2243,0.01,1821.39,39.63,
Sur,E0,17:00:00,2244,0.05,1821.39,39.73,
Sur,E0,17:00:00,2245,0.01,1821.39,39.61,
Sur,E0,17:00:00,2246,0.06,1821.42,39.5,
Sur,E0,17:00:00,2247,0.1,1821.43,39.97,
Sur,E0,17:00:00,2248,0.1,1821.42,39.79,
Sur,E0,17:00:00,2249,0.04,1821.42,39.2,
Sur,E0,17:00:00,2250,0.09,1821.42,39.55,
Sur,E0,17:00:00,2251,0.06,1821.42,39.72,
Sur,E0,17:00:00,2253,0.06,1821.42,39.21,
Sur,E0,17:00:00,2254,0.04,1821.42,37.77,
Sur,E0,17:00:00,2255,0.07,1821.42,38.78,
Sur,E0,17:00:00,2256,0.02,1821.41,38.36,
Sur,E0,17:00:00,2257,0.06,1821.41,38.68,
Sur,E0,17:00:00,2258,0.07,1821.41,39.06,
Sur,E0,17:00:00,2259,0.04,1821.41,38.72,
Sur,E0,17:00:00,2260,0.04,1821.53,38.33,
Sur,E0,17:00:00,2261,0.06,1821.53,36.85,
Sur,E0,17:00:00,2262,0.12,1821.55,37.34,
Sur,E0,17:00:00,2263,0.13,1821.57,37.47,
Sur,E0,17:00:00,2266,0.1,1821.58,34.3,
Sur,E0,17:00:00,2267,0.12,1821.58,35.91,
Sur,E0,17:00:00,2270,0.11,1821.58,35.54,
Sur,E0,17:00:00,2271,0.02,1821.58,36.87,
Sur,E0,17:00:00,2272,0.01,1821.58,35.35,
Sur,E0,17:00:00,2273,0.04,1822.33,30.81,
Sur,E0,17:00:00,2274,0.0,1822.33,30.26,
Sur,E0,17:00:00,2281,0.05,1821.58,30.5,
Sur,E0,17:00:00,2282,0.07,1821.57,30.53,
Sur,E0,17:00:00,2283,0.06,1821.57,24.02,
Sur,E0,17:00:00,2284,0.05,1821.57,22.74,
Sur,E0,17:00:00,2285,0.01,1821.57,23.33,
Sur,E0,17:00:00,2286,0.01,1821.57,21.34,
Sur,E0,17:00:00,2287,0.06,1821.57,22.64,
Sur,E0,17:00:00,2288,0.07,1821.57,25.82,
Sur,E0,17:00:00,2289,0.08,1821.57,33.1,
Sur,E0,17:00:00,2290,0.09,1821.52,27.0,
Sur,E0,17:00:00,2292,0.11,1821.39,35.86,
Sur,E0,17:00:00,2294,0.11,1821.38,35.26,
Sur,E0,17:00:00,2295,0.14,1821.39,39.74,
Sur,E0,17:00:00,2296,0.11,1821.38,38.75,
Sur,E0,17:00:00,2297,0.06,1821.39,40.12,
Sur,E0,17:00:00,2299,0.08,1821.39,40.2,
Sur,E0,17:00:00,2301,0.1,1821.39,40.71,
Sur,E0,17:00:00,2302,0.1,1821.37,40.03,
Sur,E0,17:00:00,2303,0.11,1821.37,39.19,
Sur,E0,17:00:00,2304,0.04,1821.37,37.87,
Sur,E0,17:00:00,2306,0.08,1821.37,37.81,
Sur,E0,17:00:00,2307,0.11,1821.38,38.38,
Sur,E0,17:00:00,2309,0.08,1821.35,35.93,
Sur,E0,17:00:00,2310,0.06,1821.36,36.34,
Sur,E0,17:00:00,2315,0.07,1821.37,33.65,
Sur,E0,17:00:00,2316,0.09,1821.37,32.9,
Sur,E0,17:00:00,2321,0.17,1821.5,29.04,
Sur,E0,17:00:00,2322,0.08,1821.36,39.09,
Sur,E0,17:00:00,2324,0.02,1821.35,38.88,
Sur,E0,17:00:00,2325,0.07,1821.35,36.81,
Sur,E0,17:00:00,2326,0.04,1821.35,36.27,
Sur,E0,17:00:00,2327,0.01,1821.35,35.72,
Sur,E0,17:00:00,2328,0.12,1821.35,34.59,
Sur,E0,17:00:00,2330,0.04,1821.34,28.75,
Sur,E0,17:00:00,2332,0.04,1821.34,22.88,
Sur,E0,17:00:00,2748,0.01,1821.44,34.4,
Sur,E0,17:00:00,2749,0.05,1821.53,34.05,
Sur,E0,17:00:00,2749-1,0.08,1821.53,34.43,
Sur,E0,17:00:00,2750,0.01,1821.53,33.12,
Sur,E0,17:00:00,2753,0.05,1821.47,35.54,
Sur,E0,17:00:00,2755,0.05,1821.46,35.39,
Sur,E0,17:00:00,2757,0.05,1821.44,34.49,
Sur,E0,17:00:00,2758,0.05,1821.44,34.48,
Sur,E0,17:00:00,2759,0.02,1821.53,33.82,
Sur,E0,17:00:00,2762,0.06,1821.41,35.46,
Sur,E0,17:00:00,2764,0.02,1821.42,35.22,
Sur,E0,17:00:00,2765,0.05,1821.42,34.55,
Sur,E0,17:00:00,2766,0.03,1821.42,34.57,
Sur,E0,17:00:00,2767,0.03,1821.53,34.48,
Sur,E0,17:00:00,2768,0.08,1821.35,35.34,
Sur,E0,17:00:00,2770,0.07,1821.34,35.4,
Sur,E0,17:00:00,2772,0.06,1821.35,32.36,
Sur,E0,17:00:00,2773,0.06,1821.34,32.15,
Sur,E0,17:00:00,2778,0.05,1821.31,35.17,
Sur,E0,17:00:00,2780,0.06,1821.3,35.12,
Sur,E0,17:00:00,2782,0.04,1821.31,33.53,
Sur,E0,17:00:00,2782-1,0.02,1821.22,15.83,
Sur,E0,17:00:00,2783,0.04,1821.3,33.37,
Sur,E0,17:00:00,2785,0.02,1821.27,35.95,
Sur,E0,17:00:00,2786,0.08,1821.27,35.36,
Sur,E0,17:00:00,2789,0.05,1821.27,34.57,
Sur,E0,17:00:00,2791,0.02,1821.23,23.76,
Sur,E0,17:00:00,2792,0.11,1821.23,22.02,
Sur,E0,17:00:00,2794,0.03,1821.23,22.13,
Sur,E0,17:00:00,2795,0.01,1821.22,15.32,
Sur,E0,17:00:00,2796,0.03,1821.22,15.35,
Sur,E0,17:00:00,2797,0.03,1821.22,15.52,
Sur,E0,17:00:00,2800,0.03,1821.22,16.47,
Sur,E0,17:00:00,2801,0.03,1821.22,16.56,
Sur,E0,17:00:00,2802,0.04,1821.22,24.29,
Sur,E0,17:00:00,2803,0.04,1821.22,24.26,
Sur,E0,17:00:00,2804,0.04,1821.22,24.08,
Sur,E0,17:00:00,2805,0.04,1821.22,24.11,
Sur,E0,17:00:00,2806,0.05,1821.22,15.65,
Sur,E0,17:00:00,2807,0.04,1821.22,16.26,
Sur,E0,17:00:00,2809,0.04,1821.22,12.9,
Sur,E0,17:00:00,2810,0.04,1821.22,20.55,
Sur,E0,17:00:00,2811,0.01,1821.22,17.38,
Sur,E0,17:00:00,2812,0.01,1821.22,17.15,
Sur,E0,17:00:00,2815,0.01,1821.22,20.61,
Sur,E0,17:00:00,2817,0.06,1821.22,21.27,
Sur,E0,17:00:00,2818,0.01,1821.22,16.61,
Sur,E0,17:00:00,2819,0.01,1821.22,15.84,
Sur,E0,17:00:00,2820,0.02,1821.22,17.21,
Sur,E0,17:00:00,2821,0.02,1821.22,16.09,
Sur,E0,17:00:00,2823,0.01,1821.23,13.72,
Sur,E0,17:00:00,2824,0.02,1821.22,12.93,
Sur,E0,17:00:00,2825,0.04,1821.22,13.43,
Sur,E0,17:00:00,2826,0.04,1821.23,13.51,
Sur,E0,17:00:00,2827,0.04,1821.23,18.53,
Sur,E0,17:00:00,2828,0.04,1821.23,20.77,
Sur,E0,17:00:00,2829,0.03,1821.23,26.45,
Sur,E0,17:00:00,2830,0.02,1821.23,26.05,
Sur,E0,17:00:00,2831,0.02,1821.23,26.08,
Sur,E0,17:00:00,2832,0.01,1821.23,21.27,
Sur,E0,17:00:00,2833,0.01,1821.23,20.86,
Sur,E0,17:00:00,2834,0.02,1821.23,26.39,
Sur,E0,17:00:00,2835,0.02,1821.23,26.77,
Sur,E0,17:00:00,2836,0.01,1821.23,22.37,
Sur,E0,17:00:00,2837,0.01,1821.23,22.97,
Sur,E0,17:00:00,2838,0.02,1821.23,26.84,
Sur,E0,17:00:00,2839,0.0,1821.23,27.01,
Sur,E0,17:00:00,2840,0.03,1821.23,28.57,
Sur,E0,17:00:00,2841,0.03,1821.24,30.86,
Sur,E0,17:00:00,2842,0.08,1821.24,33.61,
Sur,E0,17:00:00,2843,0.03,1821.27,34.38,
Sur,E0,17:00:00,2854,0.02,1821.59,34.15,
Sur,E0,17:00:00,5026,0.0,1821.45,42.19,
Sur,E0,17:00:00,5036,0.03,1822.67,34.11,
Sur,E0,17:00:00,5037,0.03,1822.52,35.03,
Sur,E0,17:00:00,5038,0.02,1822.83,19.97,
Sur,E0,17:00:00,5083,0.0,1821.35,35.96,
Sur,E0,17:00:00,5084,0.15,1822.33,35.78,
Sur,E0,17:00:00,5085,0.21,1821.52,35.33,
Sur,E0,17:00:00,5096,0.02,1821.15,16.49,
Sur,E0,17:00:00,5097,0.03,1821.15,18.26,
Sur,E0,17:00:00,5098,0.02,1821.15,18.24,
Sur,E0,17:00:00,5099,0.01,1821.15,17.08,
Sur,E0,17:00:00,5100,0.04,1821.15,16.09,
Sur,E0,17:00:00,5151,0.11,1821.41,38.23,
Sur,E0,17:00:00,5152,0.02,1821.52,39.85,
Sur,E0,17:00:00,5153,0.09,1821.47,42.8,
Sur,E0,17:00:00,5154,0.03,1821.42,42.07,
Sur,E0,17:00:00,5185,0.04,1821.39,41.86,
Sur,E0,17:00:00,5203,0.05,1821.4,36.53,
Sur,E0,17:00:00,5208,0.02,1821.43,40.52,
Sur,E0,17:00:00,5209,0.09,1821.43,41.04,
Sur,E0,17:00:00,5262,0.08,1821.37,29.02,
Sur,E0,17:00:00,5263,0.05,1821.5,28.4,
Sur,E0,17:00:00,5275,0.0,1821.35,32.26,
Sur,E0,17:00:00,5276,0.02,1821.15,16.24,
Sur,E0,17:00:00,5277,0.04,1821.15,19.43,
Sur,E0,17:00:00,5278,0.03,1821.22,15.64,
Sur,E0,17:00:00,5279,0.03,1821.15,16.8,
Sur,E0,17:00:00,5280,0.05,1821.17,18.14,
Sur,E0,17:00:00,5282,0.02,1821.34,17.22,
Sur,E0,17:00:00,5283,0.03,1821.35,31.52,
Sur,E0,17:00:00,5292,0.1,1821.54,22.05,
Sur,E0,17:00:00,5383,0.05,1821.22,13.28,
Sur,E0,17:00:00,5384,0.02,1821.22,22.67,
Sur,E0,17:00:00,5385,0.02,1821.22,14.36,
Sur,E0,17:00:00,5387,0.01,1821.22,20.88,
Sur,E0,17:00:00,5481,0.22,1821.59,36.29,
Sur,E0,17:00:00,5482,0.25,1821.63,40.21,
Sur,E0,17:00:00,5497,0.01,1821.53,38.77,
Sur,E0,17:00:00,5498,0.04,1821.42,41.57,
Sur,E0,17:00:00,5503,0.13,1821.35,34.2,
Sur,E0,17:00:00,5504,0.05,1821.34,28.51,
Sur,E0,17:00:00,5505,0.11,1821.38,34.34,
Sur,E0,17:00:00,5534,0.02,1821.43,40.42,
Sur,E0,17:00:00,5535,0.05,1821.45,42.22,
Sur,E0,17:00:00,5575,0.03,1821.23,14.21,
Sur,E0,17:00:00,5623,0.16,1821.37,36.12,
Sur,E0,17:00:00,5652,0.08,1821.27,34.42,
Sur,E0,17:00:00,5655,0.0,1821.63,40.28,
Sur,E0,17:00:00,5656,0.02,1821.65,39.27,
Sur,E0,17:00:00,5657,0.02,1821.66,39.18,
Sur,E0,17:00:00,5658,0.08,1821.77,40.92,
Sur,E0,17:00:00,5659,0.02,1822.33,35.7,
Sur,E0,17:00:00,5660,0.09,1822.13,37.07,
Sur,E0,17:00:00,5664,0.03,1821.39,40.85,
Sur,E0,17:00:00,5668,0.0,1821.27,34.94,
Sur,E0,17:00:00,5681,0.01,1821.54,40.48,
Sur,E0,17:00:00,5682,0.05,1821.64,40.22,
Sur,E0,18:00:00,10013,0.03,1821.35,16.54,
Sur,E0,18:00:00,10022,0.06,1821.57,41.27,
Sur,E0,18:00:00,10025,0.0,1822.39,30.3,
Sur,E0,18:00:00,10067,0.05,1821.9,40.11,
Sur,E0,18:00:00,1066,0.03,1821.57,48.91,
Sur,E0,18:00:00,1234,0.11,1821.54,40.44,
Sur,E0,18:00:00,1236,0.08,1821.55,40.97,
Sur,E0,18:00:00,1238,0.1,1821.55,41.24,
Sur,E0,18:00:00,1259,0.05,1821.57,41.35,
Sur,E0,18:00:00,1263,0.07,1821.57,41.02,
Sur,E0,18:00:00,1298,0.09,1821.57,40.57,
Sur,E0,18:00:00,1301,0.08,1821.57,40.25,
Sur,E0,18:00:00,1327,0.08,1821.57,40.35,
Sur,E0,18:00:00,1329,0.07,1821.57,40.94,
Sur,E0,18:00:00,2168,0.06,1821.63,43.59,
Sur,E0,18:00:00,2176,0.08,1821.57,41.83,
Sur,E0,18:00:00,2178,0.03,1821.58,43.12,
Sur,E0,18:00:00,2180,0.07,1821.58,43.64,
Sur,E0,18:00:00,2181,0.09,1821.59,43.8,
Sur,E0,18:00:00,2188,0.06,1821.72,42.41,
Sur,E0,18:00:00,2189,0.05,1821.75,41.4,
Sur,E0,18:00:00,2190,0.04,1821.78,39.56,
Sur,E0,18:00:00,2191,0.16,1821.9,36.6,
Sur,E0,18:00:00,2193,0.13,1821.71,35.33,
Sur,E0,18:00:00,2195,0.05,1821.69,35.33,
Sur,E0,18:00:00,2197,0.11,1821.78,39.21,
Sur,E0,18:00:00,2199,0.12,1821.79,39.26,
Sur,E0,18:00:00,2202,0.14,1821.75,39.85,
Sur,E0,18:00:00,2205,0.15,1821.72,40.23,
Sur,E0,18:00:00,2208,0.01,1821.69,40.37,
Sur,E0,18:00:00,2211,0.08,1821.68,40.46,
Sur,E0,18:00:00,2213,0.03,1821.67,41.26,
Sur,E0,18:00:00,2214,0.05,1821.66,41.89,
Sur,E0,18:00:00,2217,0.1,1821.59,42.53,
Sur,E0,18:00:00,2218,0.09,1821.6,41.3,
Sur,E0,18:00:00,2219,0.1,1821.6,40.84,
Sur,E0,18:00:00,2221,0.1,1821.62,40.38,
Sur,E0,18:00:00,2224,0.06,1821.6,40.27,
Sur,E0,18:00:00,2227,0.01,1821.6,40.37,
Sur,E0,18:00:00,2228,0.05,1821.6,40.41,
Sur,E0,18:00:00,2229,0.06,1821.6,40.78,
Sur,E0,18:00:00,2231,0.06,1821.6,41.31,
Sur,E0,18:00:00,2232,0.07,1821.59,42.1,
Sur,E0,18:00:00,2233,0.0,1821.57,41.31,
Sur,E0,18:00:00,2234,0.04,1821.57,41.22,
Sur,E0,18:00:00,2235,0.03,1821.57,41.03,
Sur,E0,18:00:00,2236,0.08,1821.57,41.03,
Sur,E0,18:00:00,2237,0.1,1821.57,40.55,
Sur,E0,18:00:00,2238,0.1,1821.57,40.63,
Sur,E0,18:00:00,2239,0.14,1821.57,40.34,
Sur,E0,18:00:00,2240,0.07,1821.57,40.46,
Sur,E0,18:00:00,2243,0.01,1821.57,39.81,
Sur,E0,18:00:00,2244,0.05,1821.57,39.91,
Sur,E0,18:00:00,2245,0.01,1821.57,39.79,
Sur,E0,18:00:00,2246,0.06,1821.6,39.68,
Sur,E0,18:00:00,2247,0.09,1821.6,40.14,
Sur,E0,18:00:00,2248,0.1,1821.6,39.97,
Sur,E0,18:00:00,2249,0.04,1821.59,39.37,
Sur,E0,18:00:00,2250,0.08,1821.59,39.72,
Sur,E0,18:00:00,2251,0.06,1821.59,39.89,
Sur,E0,18:00:00,2253,0.05,1821.59,39.38,
Sur,E0,18:00:00,2254,0.04,1821.59,37.94,
Sur,E0,18:00:00,2255,0.06,1821.59,38.95,
Sur,E0,18:00:00,2256,0.02,1821.59,38.54,
Sur,E0,18:00:00,2257,0.06,1821.59,38.86,
Sur,E0,18:00:00,2258,0.06,1821.59,39.24,
Sur,E0,18:00:00,2259,0.04,1821.59,38.9,
Sur,E0,18:00:00,2260,0.04,1821.69,38.49,
Sur,E0,18:00:00,2261,0.05,1821.69,37.01,
Sur,E0,18:00:00,2262,0.11,1821.71,37.5,
Sur,E0,18:00:00,2263,0.12,1821.73,37.63,
Sur,E0,18:00:00,2266,0.09,1821.73,34.45,
Sur,E0,18:00:00,2267,0.11,1821.73,36.06,
Sur,E0,18:00:00,2270,0.1,1821.73,35.69,
Sur,E0,18:00:00,2271,0.02,1821.73,37.02,
Sur,E0,18:00:00,2272,0.01,1821.73,35.5,
Sur,E0,18:00:00,2273,0.04,1822.39,30.87,
Sur,E0,18:00:00,2274,0.0,1822.39,30.32,
Sur,E0,18:00:00,2281,0.05,1821.73,30.65,
Sur,E0,18:00:00,2282,0.07,1821.73,30.69,
Sur,E0,18:00:00,2283,0.06,1821.73,24.18,
Sur,E0,18:00:00,2284,0.05,1821.73,22.9,
Sur,E0,18:00:00,2285,0.01,1821.73,23.49,
Sur,E0,18:00:00,2286,0.01,1821.73,21.5,
Sur,E0,18:00:00,2287,0.05,1821.73,22.8,
Sur,E0,18:00:00,2288,0.06,1821.73,25.98,
Sur,E0,18:00:00,2289,0.08,1821.73,33.26,
Sur,E0,18:00:00,2290,0.08,1821.68,27.16,
Sur,E0,18:00:00,2292,0.11,1821.56,36.03,
Sur,E0,18:00:00,2294,0.1,1821.56,35.44,
Sur,E0,18:00:00,2295,0.13,1821.56,39.91,
Sur,E0,18:00:00,2296,0.1,1821.56,38.93,
Sur,E0,18:00:00,2297,0.06,1821.57,40.3,
Sur,E0,18:00:00,2299,0.08,1821.57,40.38,
Sur,E0,18:00:00,2301,0.09,1821.57,40.89,
Sur,E0,18:00:00,2302,0.09,1821.55,40.21,
Sur,E0,18:00:00,2303,0.1,1821.55,39.37,
Sur,E0,18:00:00,2304,0.04,1821.55,38.05,
Sur,E0,18:00:00,2306,0.07,1821.55,37.99,
Sur,E0,18:00:00,2307,0.1,1821.55,38.55,
Sur,E0,18:00:00,2309,0.08,1821.53,36.11,
Sur,E0,18:00:00,2310,0.06,1821.54,36.52,
Sur,E0,18:00:00,2315,0.06,1821.55,33.83,
Sur,E0,18:00:00,2316,0.09,1821.55,33.08,
Sur,E0,18:00:00,2321,0.16,1821.67,29.21,
Sur,E0,18:00:00,2322,0.07,1821.54,39.27,
Sur,E0,18:00:00,2324,0.02,1821.53,39.06,
Sur,E0,18:00:00,2325,0.07,1821.53,36.99,
Sur,E0,18:00:00,2326,0.04,1821.53,36.45,
Sur,E0,18:00:00,2327,0.0,1821.53,35.9,
Sur,E0,18:00:00,2328,0.11,1821.53,34.77,
Sur,E0,18:00:00,2330,0.04,1821.53,28.94,
Sur,E0,18:00:00,2332,0.04,1821.53,23.07,
Sur,E0,18:00:00,2748,0.01,1821.61,34.57,
Sur,E0,18:00:00,2749,0.04,1821.69,34.21,
Sur,E0,18:00:00,2749-1,0.08,1821.69,34.59,
Sur,E0,18:00:00,2750,0.01,1821.69,33.28,
Sur,E0,18:00:00,2753,0.05,1821.63,35.7,
Sur,E0,18:00:00,2755,0.05,1821.62,35.55,
Sur,E0,18:00:00,2757,0.05,1821.61,34.66,
Sur,E0,18:00:00,2758,0.05,1821.61,34.65,
Sur,E0,18:00:00,2759,0.02,1821.69,33.98,
Sur,E0,18:00:00,2762,0.06,1821.58,35.63,
Sur,E0,18:00:00,2764,0.02,1821.59,35.39,
Sur,E0,18:00:00,2765,0.04,1821.59,34.72,
Sur,E0,18:00:00,2766,0.03,1821.59,34.74,
Sur,E0,18:00:00,2767,0.03,1821.69,34.64,
Sur,E0,18:00:00,2768,0.07,1821.53,35.52,
Sur,E0,18:00:00,2770,0.07,1821.52,35.58,
Sur,E0,18:00:00,2772,0.06,1821.53,32.54,
Sur,E0,18:00:00,2773,0.06,1821.52,32.33,
Sur,E0,18:00:00,2778,0.05,1821.5,35.36,
Sur,E0,18:00:00,2780,0.05,1821.49,35.31,
Sur,E0,18:00:00,2782,0.04,1821.5,33.72,
Sur,E0,18:00:00,2782-1,0.02,1821.42,16.03,
Sur,E0,18:00:00,2783,0.04,1821.49,33.56,
Sur,E0,18:00:00,2785,0.02,1821.46,36.14,
Sur,E0,18:00:00,2786,0.08,1821.46,35.55,
Sur,E0,18:00:00,2789,0.05,1821.46,34.76,
Sur,E0,18:00:00,2791,0.02,1821.42,23.95,
Sur,E0,18:00:00,2792,0.1,1821.42,22.21,
Sur,E0,18:00:00,2794,0.03,1821.42,22.32,
Sur,E0,18:00:00,2795,0.01,1821.42,15.52,
Sur,E0,18:00:00,2796,0.03,1821.42,15.55,
Sur,E0,18:00:00,2797,0.03,1821.42,15.72,
Sur,E0,18:00:00,2800,0.02,1821.42,16.67,
Sur,E0,18:00:00,2801,0.02,1821.42,16.76,
Sur,E0,18:00:00,2802,0.04,1821.42,24.49,
Sur,E0,18:00:00,2803,0.04,1821.42,24.46,
Sur,E0,18:00:00,2804,0.04,1821.42,24.28,
Sur,E0,18:00:00,2805,0.04,1821.42,24.31,
Sur,E0,18:00:00,2806,0.05,1821.42,15.85,
Sur,E0,18:00:00,2807,0.04,1821.42,16.46,
Sur,E0,18:00:00,2809,0.04,1821.42,13.1,
Sur,E0,18:00:00,2810,0.04,1821.42,20.75,
Sur,E0,18:00:00,2811,0.01,1821.42,17.58,
Sur,E0,18:00:00,2812,0.01,1821.42,17.35,
Sur,E0,18:00:00,2815,0.01,1821.42,20.81,
Sur,E0,18:00:00,2817,0.06,1821.42,21.47,
Sur,E0,18:00:00,2818,0.01,1821.42,16.81,
Sur,E0,18:00:00,2819,0.01,1821.42,16.04,
Sur,E0,18:00:00,2820,0.02,1821.42,17.41,
Sur,E0,18:00:00,2821,0.02,1821.42,16.29,
Sur,E0,18:00:00,2823,0.01,1821.42,13.91,
Sur,E0,18:00:00,2824,0.02,1821.42,13.13,
Sur,E0,18:00:00,2825,0.03,1821.42,13.63,
Sur,E0,18:00:00,2826,0.03,1821.42,13.7,
Sur,E0,18:00:00,2827,0.04,1821.42,18.72,
Sur,E0,18:00:00,2828,0.04,1821.42,20.96,
Sur,E0,18:00:00,2829,0.03,1821.42,26.64,
Sur,E0,18:00:00,2830,0.02,1821.42,26.24,
Sur,E0,18:00:00,2831,0.01,1821.42,26.27,
Sur,E0,18:00:00,2832,0.01,1821.42,21.46,
Sur,E0,18:00:00,2833,0.01,1821.42,21.05,
Sur,E0,18:00:00,2834,0.02,1821.42,26.58,
Sur,E0,18:00:00,2835,0.02,1821.42,26.96,
Sur,E0,18:00:00,2836,0.01,1821.42,22.56,
Sur,E0,18:00:00,2837,0.01,1821.42,23.16,
Sur,E0,18:00:00,2838,0.02,1821.42,27.03,
Sur,E0,18:00:00,2839,0.0,1821.42,27.2,
Sur,E0,18:00:00,2840,0.03,1821.43,28.77,
Sur,E0,18:00:00,2841,0.03,1821.43,31.05,
Sur,E0,18:00:00,2842,0.07,1821.44,33.81,
Sur,E0,18:00:00,2843,0.03,1821.46,34.57,
Sur,E0,18:00:00,2854,0.02,1821.74,34.3,
Sur,E0,18:00:00,5026,0.0,1821.62,42.36,
Sur,E0,18:00:00,5036,0.03,1822.69,34.13,
Sur,E0,18:00:00,5037,0.03,1822.56,35.07,
Sur,E0,18:00:00,5038,0.02,1822.83,19.97,
Sur,E0,18:00:00,5083,0.0,1821.53,36.14,
Sur,E0,18:00:00,5084,0.14,1822.39,35.84,
Sur,E0,18:00:00,5085,0.2,1821.68,35.49,
Sur,E0,18:00:00,5096,0.02,1821.35,16.69,
Sur,E0,18:00:00,5097,0.03,1821.35,18.46,
Sur,E0,18:00:00,5098,0.02,1821.35,18.44,
Sur,E0,18:00:00,5099,0.01,1821.35,17.28,
Sur,E0,18:00:00,5100,0.03,1821.35,16.29,
Sur,E0,18:00:00,5151,0.11,1821.58,38.4,
Sur,E0,18:00:00,5152,0.02,1821.68,40.01,
Sur,E0,18:00:00,5153,0.08,1821.64,42.97,
Sur,E0,18:00:00,5154,0.03,1821.59,42.24,
Sur,E0,18:00:00,5185,0.04,1821.57,42.04,
Sur,E0,18:00:00,5203,0.04,1821.57,36.7,
Sur,E0,18:00:00,5208,0.02,1821.6,40.69,
Sur,E0,18:00:00,5209,0.08,1821.6,41.21,
Sur,E0,18:00:00,5262,0.08,1821.55,29.2,
Sur,E0,18:00:00,5263,0.05,1821.67,28.57,
Sur,E0,18:00:00,5275,0.0,1821.53,32.44,
Sur,E0,18:00:00,5276,0.02,1821.35,16.44,
Sur,E0,18:00:00,5277,0.04,1821.35,19.63,
Sur,E0,18:00:00,5278,0.03,1821.41,15.83,
Sur,E0,18:00:00,5279,0.03,1821.35,17.0,
Sur,E0,18:00:00,5280,0.04,1821.37,18.34,
Sur,E0,18:00:00,5282,0.02,1821.53,17.41,
Sur,E0,18:00:00,5283,0.02,1821.53,31.7,
Sur,E0,18:00:00,5292,0.09,1821.7,22.21,
Sur,E0,18:00:00,5383,0.04,1821.42,13.48,
Sur,E0,18:00:00,5384,0.01,1821.42,22.87,
Sur,E0,18:00:00,5385,0.02,1821.42,14.56,
Sur,E0,18:00:00,5387,0.01,1821.42,21.08,
Sur,E0,18:00:00,5481,0.21,1821.74,36.44,
Sur,E0,18:00:00,5482,0.23,1821.78,40.36,
Sur,E0,18:00:00,5497,0.01,1821.69,38.93,
Sur,E0,18:00:00,5498,0.04,1821.6,41.75,
Sur,E0,18:00:00,5503,0.12,1821.53,34.38,
Sur,E0,18:00:00,5504,0.04,1821.53,28.7,
Sur,E0,18:00:00,5505,0.1,1821.55,34.51,
Sur,E0,18:00:00,5534,0.02,1821.6,40.59,
Sur,E0,18:00:00,5535,0.05,1821.62,42.39,
Sur,E0,18:00:00,5575,0.02,1821.42,14.4,
Sur,E0,18:00:00,5623,0.15,1821.55,36.3,
Sur,E0,18:00:00,5652,0.08,1821.46,34.61,
Sur,E0,18:00:00,5655,0.0,1821.78,40.43,
Sur,E0,18:00:00,5656,0.02,1821.79,39.41,
Sur,E0,18:00:00,5657,0.02,1821.81,39.33,
Sur,E0,18:00:00,5658,0.07,1821.9,41.05,
Sur,E0,18:00:00,5659,0.02,1822.4,35.77,
Sur,E0,18:00:00,5660,0.09,1822.22,37.16,
Sur,E0,18:00:00,5664,0.03,1821.57,41.03,
Sur,E0,18:00:00,5668,0.0,1821.46,35.13,
Sur,E0,18:00:00,5681,0.01,1821.7,40.64,
Sur,E0,18:00:00,5682,0.05,1821.78,40.36,
Sur,E0,19:00:00,10013,0.03,1821.35,16.54,
Sur,E0,19:00:00,10022,0.06,1821.57,41.27,
Sur,E0,19:00:00,10025,0.0,1822.39,30.3,
Sur,E0,19:00:00,10067,0.05,1821.9,40.11,
Sur,E0,19:00:00,1066,0.03,1821.57,48.91,
Sur,E0,19:00:00,1234,0.11,1821.54,40.44,
Sur,E0,19:00:00,1236,0.08,1821.55,40.97,
Sur,E0,19:00:00,1238,0.1,1821.55,41.24,
Sur,E0,19:00:00,1259,0.05,1821.57,41.35,
Sur,E0,19:00:00,1263,0.07,1821.57,41.02,
Sur,E0,19:00:00,1298,0.09,1821.57,40.57,
Sur,E0,19:00:00,1301,0.08,1821.57,40.25,
Sur,E0,19:00:00,1327,0.08,1821.57,40.35,
Sur,E0,19:00:00,1329,0.07,1821.57,40.94,
Sur,E0,19:00:00,2168,0.06,1821.63,43.59,
Sur,E0,19:00:00,2176,0.08,1821.57,41.83,
Sur,E0,19:00:00,2178,0.03,1821.58,43.12,
Sur,E0,19:00:00,2180,0.07,1821.58,43.64,
Sur,E0,19:00:00,2181,0.09,1821.59,43.8,
Sur,E0,19:00:00,2188,0.06,1821.72,42.41,
Sur,E0,19:00:00,2189,0.05,1821.75,41.4,
Sur,E0,19:00:00,2190,0.04,1821.78,39.56,
Sur,E0,19:00:00,2191,0.16,1821.9,36.6,
Sur,E0,19:00:00,2193,0.13,1821.71,35.33,
Sur,E0,19:00:00,2195,0.05,1821.69,35.33,
Sur,E0,19:00:00,2197,0.11,1821.78,39.21,
Sur,E0,19:00:00,2199,0.12,1821.79,39.26,
Sur,E0,19:00:00,2202,0.14,1821.75,39.85,
Sur,E0,19:00:00,2205,0.15,1821.72,40.23,
Sur,E0,19:00:00,2208,0.01,1821.69,40.37,
Sur,E0,19:00:00,2211,0.08,1821.68,40.46,
Sur,E0,19:00:00,2213,0.03,1821.67,41.26,
Sur,E0,19:00:00,2214,0.05,1821.66,41.89,
Sur,E0,19:00:00,2217,0.1,1821.59,42.53,
Sur,E0,19:00:00,2218,0.09,1821.6,41.3,
Sur,E0,19:00:00,2219,0.1,1821.6,40.84,
Sur,E0,19:00:00,2221,0.1,1821.62,40.38,
Sur,E0,19:00:00,2224,0.06,1821.6,40.27,
Sur,E0,19:00:00,2227,0.01,1821.6,40.37,
Sur,E0,19:00:00,2228,0.05,1821.6,40.41,
Sur,E0,19:00:00,2229,0.06,1821.6,40.78,
Sur,E0,19:00:00,2231,0.06,1821.6,41.31,
Sur,E0,19:00:00,2232,0.07,1821.59,42.1,
Sur,E0,19:00:00,2233,0.0,1821.57,41.31,
Sur,E0,19:00:00,2234,0.04,1821.57,41.22,
Sur,E0,19:00:00,2235,0.03,1821.57,41.03,
Sur,E0,19:00:00,2236,0.08,1821.57,41.03,
Sur,E0,19:00:00,2237,0.1,1821.57,40.55,
Sur,E0,19:00:00,2238,0.1,1821.57,40.63,
Sur,E0,19:00:00,2239,0.14,1821.57,40.34,
Sur,E0,19:00:00,2240,0.07,1821.57,40.46,
Sur,E0,19:00:00,2243,0.01,1821.57,39.81,
Sur,E0,19:00:00,2244,0.05,1821.57,39.91,
Sur,E0,19:00:00,2245,0.01,1821.57,39.79,
Sur,E0,19:00:00,2246,0.06,1821.6,39.68,
Sur,E0,19:00:00,2247,0.09,1821.6,40.14,
Sur,E0,19:00:00,2248,0.1,1821.6,39.97,
Sur,E0,19:00:00,2249,0.04,1821.59,39.37,
Sur,E0,19:00:00,2250,0.08,1821.59,39.72,
Sur,E0,19:00:00,2251,0.06,1821.59,39.89,
Sur,E0,19:00:00,2253,0.05,1821.59,39.38,
Sur,E0,19:00:00,2254,0.04,1821.59,37.94,
Sur,E0,19:00:00,2255,0.06,1821.59,38.95,
Sur,E0,19:00:00,2256,0.02,1821.59,38.54,
Sur,E0,19:00:00,2257,0.06,1821.59,38.86,
Sur,E0,19:00:00,2258,0.06,1821.59,39.24,
Sur,E0,19:00:00,2259,0.04,1821.59,38.9,
Sur,E0,19:00:00,2260,0.04,1821.69,38.49,
Sur,E0,19:00:00,2261,0.05,1821.69,37.01,
Sur,E0,19:00:00,2262,0.11,1821.71,37.5,
Sur,E0,19:00:00,2263,0.12,1821.73,37.63,
Sur,E0,19:00:00,2266,0.09,1821.73,34.45,
Sur,E0,19:00:00,2267,0.11,1821.73,36.06,
Sur,E0,19:00:00,2270,0.1,1821.73,35.69,
Sur,E0,19:00:00,2271,0.02,1821.73,37.02,
Sur,E0,19:00:00,2272,0.01,1821.73,35.5,
Sur,E0,19:00:00,2273,0.04,1822.39,30.87,
Sur,E0,19:00:00,2274,0.0,1822.39,30.32,
Sur,E0,19:00:00,2281,0.05,1821.73,30.65,
Sur,E0,19:00:00,2282,0.07,1821.73,30.69,
Sur,E0,19:00:00,2283,0.06,1821.73,24.18,
Sur,E0,19:00:00,2284,0.05,1821.73,22.9,
Sur,E0,19:00:00,2285,0.01,1821.73,23.49,
Sur,E0,19:00:00,2286,0.01,1821.73,21.5,
Sur,E0,19:00:00,2287,0.05,1821.73,22.8,
Sur,E0,19:00:00,2288,0.06,1821.73,25.98,
Sur,E0,19:00:00,2289,0.08,1821.73,33.26,
Sur,E0,19:00:00,2290,0.08,1821.68,27.16,
Sur,E0,19:00:00,2292,0.11,1821.56,36.03,
Sur,E0,19:00:00,2294,0.1,1821.56,35.44,
Sur,E0,19:00:00,2295,0.13,1821.56,39.91,
Sur,E0,19:00:00,2296,0.1,1821.56,38.93,
Sur,E0,19:00:00,2297,0.06,1821.57,40.3,
Sur,E0,19:00:00,2299,0.08,1821.57,40.38,
Sur,E0,19:00:00,2301,0.09,1821.57,40.89,
Sur,E0,19:00:00,2302,0.09,1821.55,40.21,
Sur,E0,19:00:00,2303,0.1,1821.55,39.37,
Sur,E0,19:00:00,2304,0.04,1821.55,38.05,
Sur,E0,19:00:00,2306,0.07,1821.55,37.99,
Sur,E0,19:00:00,2307,0.1,1821.55,38.55,
Sur,E0,19:00:00,2309,0.08,1821.53,36.11,
Sur,E0,19:00:00,2310,0.06,1821.54,36.52,
Sur,E0,19:00:00,2315,0.06,1821.55,33.83,
Sur,E0,19:00:00,2316,0.09,1821.55,33.08,
Sur,E0,19:00:00,2321,0.16,1821.67,29.21,
Sur,E0,19:00:00,2322,0.07,1821.54,39.27,
Sur,E0,19:00:00,2324,0.02,1821.53,39.06,
Sur,E0,19:00:00,2325,0.07,1821.53,36.99,
Sur,E0,19:00:00,2326,0.04,1821.53,36.45,
Sur,E0,19:00:00,2327,0.0,1821.53,35.9,
Sur,E0,19:00:00,2328,0.11,1821.53,34.77,
Sur,E0,19:00:00,2330,0.04,1821.53,28.94,
Sur,E0,19:00:00,2332,0.04,1821.53,23.07,
Sur,E0,19:00:00,2748,0.01,1821.61,34.57,
Sur,E0,19:00:00,2749,0.04,1821.69,34.21,
Sur,E0,19:00:00,2749-1,0.08,1821.69,34.59,
Sur,E0,19:00:00,2750,0.01,1821.69,33.28,
Sur,E0,19:00:00,2753,0.05,1821.63,35.7,
Sur,E0,19:00:00,2755,0.05,1821.62,35.55,
Sur,E0,19:00:00,2757,0.05,1821.61,34.66,
Sur,E0,19:00:00,2758,0.05,1821.61,34.65,
Sur,E0,19:00:00,2759,0.02,1821.69,33.98,
Sur,E0,19:00:00,2762,0.06,1821.58,35.63,
Sur,E0,19:00:00,2764,0.02,1821.59,35.39,
Sur,E0,19:00:00,2765,0.04,1821.59,34.72,
Sur,E0,19:00:00,2766,0.03,1821.59,34.74,
Sur,E0,19:00:00,2767,0.03,1821.69,34.64,
Sur,E0,19:00:00,2768,0.07,1821.53,35.52,
Sur,E0,19:00:00,2770,0.07,1821.52,35.58,
Sur,E0,19:00:00,2772,0.06,1821.53,32.54,
Sur,E0,19:00:00,2773,0.06,1821.52,32.33,
Sur,E0,19:00:00,2778,0.05,1821.5,35.36,
Sur,E0,19:00:00,2780,0.05,1821.49,35.31,
Sur,E0,19:00:00,2782,0.04,1821.5,33.72,
Sur,E0,19:00:00,2782-1,0.02,1821.42,16.03,
Sur,E0,19:00:00,2783,0.04,1821.49,33.56,
Sur,E0,19:00:00,2785,0.02,1821.46,36.14,
Sur,E0,19:00:00,2786,0.08,1821.46,35.55,
Sur,E0,19:00:00,2789,0.05,1821.46,34.76,
Sur,E0,19:00:00,2791,0.02,1821.42,23.95,
Sur,E0,19:00:00,2792,0.1,1821.42,22.21,
Sur,E0,19:00:00,2794,0.03,1821.42,22.32,
Sur,E0,19:00:00,2795,0.01,1821.42,15.52,
Sur,E0,19:00:00,2796,0.03,1821.42,15.55,
Sur,E0,19:00:00,2797,0.03,1821.42,15.72,
Sur,E0,19:00:00,2800,0.02,1821.42,16.67,
Sur,E0,19:00:00,2801,0.02,1821.42,16.76,
Sur,E0,19:00:00,2802,0.04,1821.42,24.49,
Sur,E0,19:00:00,2803,0.04,1821.42,24.46,
Sur,E0,19:00:00,2804,0.04,1821.42,24.28,
Sur,E0,19:00:00,2805,0.04,1821.42,24.31,
Sur,E0,19:00:00,2806,0.05,1821.42,15.85,
Sur,E0,19:00:00,2807,0.04,1821.42,16.46,
Sur,E0,19:00:00,2809,0.04,1821.42,13.1,
Sur,E0,19:00:00,2810,0.04,1821.42,20.75,
Sur,E0,19:00:00,2811,0.01,1821.42,17.58,
Sur,E0,19:00:00,2812,0.01,1821.42,17.35,
Sur,E0,19:00:00,2815,0.01,1821.42,20.81,
Sur,E0,19:00:00,2817,0.06,1821.42,21.47,
Sur,E0,19:00:00,2818,0.01,1821.42,16.81,
Sur,E0,19:00:00,2819,0.01,1821.42,16.04,
Sur,E0,19:00:00,2820,0.02,1821.42,17.41,
Sur,E0,19:00:00,2821,0.02,1821.42,16.29,
Sur,E0,19:00:00,2823,0.01,1821.42,13.91,
Sur,E0,19:00:00,2824,0.02,1821.42,13.13,
Sur,E0,19:00:00,2825,0.03,1821.42,13.63,
Sur,E0,19:00:00,2826,0.03,1821.42,13.7,
Sur,E0,19:00:00,2827,0.04,1821.42,18.72,
Sur,E0,19:00:00,2828,0.04,1821.42,20.96,
Sur,E0,19:00:00,2829,0.03,1821.42,26.64,
Sur,E0,19:00:00,2830,0.02,1821.42,26.24,
Sur,E0,19:00:00,2831,0.01,1821.42,26.27,
Sur,E0,19:00:00,2832,0.01,1821.42,21.46,
Sur,E0,19:00:00,2833,0.01,1821.42,21.05,
Sur,E0,19:00:00,2834,0.02,1821.42,26.58,
Sur,E0,19:00:00,2835,0.02,1821.42,26.96,
Sur,E0,19:00:00,2836,0.01,1821.42,22.56,
Sur,E0,19:00:00,2837,0.01,1821.42,23.16,
Sur,E0,19:00:00,2838,0.02,1821.42,27.03,
Sur,E0,19:00:00,2839,0.0,1821.42,27.2,
Sur,E0,19:00:00,2840,0.03,1821.43,28.77,
Sur,E0,19:00:00,2841,0.03,1821.43,31.05,
Sur,E0,19:00:00,2842,0.07,1821.44,33.81,
Sur,E0,19:00:00,2843,0.03,1821.46,34.57,
Sur,E0,19:00:00,2854,0.02,1821.74,34.3,
Sur,E0,19:00:00,5026,0.0,1821.62,42.36,
Sur,E0,19:00:00,5036,0.03,1822.69,34.13,
Sur,E0,19:00:00,5037,0.03,1822.56,35.07,
Sur,E0,19:00:00,5038,0.02,1822.83,19.97,
Sur,E0,19:00:00,5083,0.0,1821.53,36.14,
Sur,E0,19:00:00,5084,0.14,1822.39,35.84,
Sur,E0,19:00:00,5085,0.2,1821.68,35.49,
Sur,E0,19:00:00,5096,0.02,1821.35,16.69,
Sur,E0,19:00:00,5097,0.03,1821.35,18.46,
Sur,E0,19:00:00,5098,0.02,1821.35,18.44,
Sur,E0,19:00:00,5099,0.01,1821.35,17.28,
Sur,E0,19:00:00,5100,0.03,1821.35,16.29,
Sur,E0,19:00:00,5151,0.11,1821.58,38.4,
Sur,E0,19:00:00,5152,0.02,1821.68,40.01,
Sur,E0,19:00:00,5153,0.08,1821.64,42.97,
Sur,E0,19:00:00,5154,0.03,1821.59,42.24,
Sur,E0,19:00:00,5185,0.04,1821.57,42.04,
Sur,E0,19:00:00,5203,0.04,1821.57,36.7,
Sur,E0,19:00:00,5208,0.02,1821.6,40.69,
Sur,E0,19:00:00,5209,0.08,1821.6,41.21,
Sur,E0,19:00:00,5262,0.08,1821.55,29.2,
Sur,E0,19:00:00,5263,0.05,1821.67,28.57,
Sur,E0,19:00:00,5275,0.0,1821.53,32.44,
Sur,E0,19:00:00,5276,0.02,1821.35,16.44,
Sur,E0,19:00:00,5277,0.04,1821.35,19.63,
Sur,E0,19:00:00,5278,0.03,1821.41,15.83,
Sur,E0,19:00:00,5279,0.03,1821.35,17.0,
Sur,E0,19:00:00,5280,0.04,1821.37,18.34,
Sur,E0,19:00:00,5282,0.02,1821.53,17.41,
Sur,E0,19:00:00,5283,0.02,1821.53,31.7,
Sur,E0,19:00:00,5292,0.09,1821.7,22.21,
Sur,E0,19:00:00,5383,0.04,1821.42,13.48,
Sur,E0,19:00:00,5384,0.01,1821.42,22.87,
Sur,E0,19:00:00,5385,0.02,1821.42,14.56,
Sur,E0,19:00:00,5387,0.01,1821.42,21.08,
Sur,E0,19:00:00,5481,0.21,1821.74,36.44,
Sur,E0,19:00:00,5482,0.23,1821.78,40.36,
Sur,E0,19:00:00,5497,0.01,1821.69,38.93,
Sur,E0,19:00:00,5498,0.04,1821.6,41.75,
Sur,E0,19:00:00,5503,0.12,1821.53,34.38,
Sur,E0,19:00:00,5504,0.04,1821.53,28.7,
Sur,E0,19:00:00,5505,0.1,1821.55,34.51,
Sur,E0,19:00:00,5534,0.02,1821.6,40.59,
Sur,E0,19:00:00,5535,0.05,1821.62,42.39,
Sur,E0,19:00:00,5575,0.02,1821.42,14.4,
Sur,E0,19:00:00,5623,0.15,1821.55,36.3,
Sur,E0,19:00:00,5652,0.08,1821.46,34.61,
Sur,E0,19:00:00,5655,0.0,1821.78,40.43,
Sur,E0,19:00:00,5656,0.02,1821.79,39.41,
Sur,E0,19:00:00,5657,0.02,1821.81,39.33,
Sur,E0,19:00:00,5658,0.07,1821.9,41.05,
Sur,E0,19:00:00,5659,0.02,1822.4,35.77,
Sur,E0,19:00:00,5660,0.09,1822.22,37.16,
Sur,E0,19:00:00,5664,0.03,1821.57,41.03,
Sur,E0,19:00:00,5668,0.0,1821.46,35.13,
Sur,E0,19:00:00,5681,0.01,1821.7,40.64,
Sur,E0,19:00:00,5682,0.05,1821.78,40.36,
Sur,E0,20:00:00,10013,0.03,1821.35,16.54,
Sur,E0,20:00:00,10022,0.06,1821.57,41.27,
Sur,E0,20:00:00,10025,0.0,1822.39,30.3,
Sur,E0,20:00:00,10067,0.05,1821.9,40.11,
Sur,E0,20:00:00,1066,0.03,1821.57,48.91,
Sur,E0,20:00:00,1234,0.11,1821.54,40.44,
Sur,E0,20:00:00,1236,0.08,1821.55,40.97,
Sur,E0,20:00:00,1238,0.1,1821.55,41.24,
Sur,E0,20:00:00,1259,0.05,1821.57,41.35,
Sur,E0,20:00:00,1263,0.07,1821.57,41.02,
Sur,E0,20:00:00,1298,0.09,1821.57,40.57,
Sur,E0,20:00:00,1301,0.08,1821.57,40.25,
Sur,E0,20:00:00,1327,0.08,1821.57,40.35,
Sur,E0,20:00:00,1329,0.07,1821.57,40.94,
Sur,E0,20:00:00,2168,0.06,1821.63,43.59,
Sur,E0,20:00:00,2176,0.08,1821.57,41.83,
Sur,E0,20:00:00,2178,0.03,1821.58,43.12,
Sur,E0,20:00:00,2180,0.07,1821.58,43.64,
Sur,E0,20:00:00,2181,0.09,1821.59,43.8,
Sur,E0,20:00:00,2188,0.06,1821.72,42.41,
Sur,E0,20:00:00,2189,0.05,1821.75,41.4,
Sur,E0,20:00:00,2190,0.04,1821.78,39.56,
Sur,E0,20:00:00,2191,0.16,1821.9,36.6,
Sur,E0,20:00:00,2193,0.13,1821.71,35.33,
Sur,E0,20:00:00,2195,0.05,1821.69,35.33,
Sur,E0,20:00:00,2197,0.11,1821.78,39.21,
Sur,E0,20:00:00,2199,0.12,1821.79,39.26,
Sur,E0,20:00:00,2202,0.14,1821.75,39.85,
Sur,E0,20:00:00,2205,0.15,1821.72,40.23,
Sur,E0,20:00:00,2208,0.01,1821.69,40.37,
Sur,E0,20:00:00,2211,0.08,1821.68,40.46,
Sur,E0,20:00:00,2213,0.03,1821.67,41.26,
Sur,E0,20:00:00,2214,0.05,1821.66,41.89,
Sur,E0,20:00:00,2217,0.1,1821.59,42.53,
Sur,E0,20:00:00,2218,0.09,1821.6,41.3,
Sur,E0,20:00:00,2219,0.1,1821.6,40.84,
Sur,E0,20:00:00,2221,0.1,1821.62,40.38,
Sur,E0,20:00:00,2224,0.06,1821.6,40.27,
Sur,E0,20:00:00,2227,0.01,1821.6,40.37,
Sur,E0,20:00:00,2228,0.05,1821.6,40.41,
Sur,E0,20:00:00,2229,0.06,1821.6,40.78,
Sur,E0,20:00:00,2231,0.06,1821.6,41.31,
Sur,E0,20:00:00,2232,0.07,1821.59,42.1,
Sur,E0,20:00:00,2233,0.0,1821.57,41.31,
Sur,E0,20:00:00,2234,0.04,1821.57,41.22,
Sur,E0,20:00:00,2235,0.03,1821.57,41.03,
Sur,E0,20:00:00,2236,0.08,1821.57,41.03,
Sur,E0,20:00:00,2237,0.1,1821.57,40.55,
Sur,E0,20:00:00,2238,0.1,1821.57,40.63,
Sur,E0,20:00:00,2239,0.14,1821.57,40.34,
Sur,E0,20:00:00,2240,0.07,1821.57,40.46,
Sur,E0,20:00:00,2243,0.01,1821.57,39.81,
Sur,E0,20:00:00,2244,0.05,1821.57,39.91,
Sur,E0,20:00:00,2245,0.01,1821.57,39.79,
Sur,E0,20:00:00,2246,0.06,1821.6,39.68,
Sur,E0,20:00:00,2247,0.09,1821.6,40.14,
Sur,E0,20:00:00,2248,0.1,1821.6,39.97,
Sur,E0,20:00:00,2249,0.04,1821.59,39.37,
Sur,E0,20:00:00,2250,0.08,1821.59,39.72,
Sur,E0,20:00:00,2251,0.06,1821.59,39.89,
Sur,E0,20:00:00,2253,0.05,1821.59,39.38,
Sur,E0,20:00:00,2254,0.04,1821.59,37.94,
Sur,E0,20:00:00,2255,0.06,1821.59,38.95,
Sur,E0,20:00:00,2256,0.02,1821.59,38.54,
Sur,E0,20:00:00,2257,0.06,1821.59,38.86,
Sur,E0,20:00:00,2258,0.06,1821.59,39.24,
Sur,E0,20:00:00,2259,0.04,1821.59,38.9,
Sur,E0,20:00:00,2260,0.04,1821.69,38.49,
Sur,E0,20:00:00,2261,0.05,1821.69,37.01,
Sur,E0,20:00:00,2262,0.11,1821.71,37.5,
Sur,E0,20:00:00,2263,0.12,1821.73,37.63,
Sur,E0,20:00:00,2266,0.09,1821.73,34.45,
Sur,E0,20:00:00,2267,0.11,1821.73,36.06,
Sur,E0,20:00:00,2270,0.1,1821.73,35.69,
Sur,E0,20:00:00,2271,0.02,1821.73,37.02,
Sur,E0,20:00:00,2272,0.01,1821.73,35.5,
Sur,E0,20:00:00,2273,0.04,1822.39,30.87,
Sur,E0,20:00:00,2274,0.0,1822.39,30.32,
Sur,E0,20:00:00,2281,0.05,1821.73,30.65,
Sur,E0,20:00:00,2282,0.07,1821.73,30.69,
Sur,E0,20:00:00,2283,0.06,1821.73,24.18,
Sur,E0,20:00:00,2284,0.05,1821.73,22.9,
Sur,E0,20:00:00,2285,0.01,1821.73,23.49,
Sur,E0,20:00:00,2286,0.01,1821.73,21.5,
Sur,E0,20:00:00,2287,0.05,1821.73,22.8,
Sur,E0,20:00:00,2288,0.06,1821.73,25.98,
Sur,E0,20:00:00,2289,0.08,1821.73,33.26,
Sur,E0,20:00:00,2290,0.08,1821.68,27.16,
Sur,E0,20:00:00,2292,0.11,1821.56,36.03,
Sur,E0,20:00:00,2294,0.1,1821.56,35.44,
Sur,E0,20:00:00,2295,0.13,1821.56,39.91,
Sur,E0,20:00:00,2296,0.1,1821.56,38.93,
Sur,E0,20:00:00,2297,0.06,1821.57,40.3,
Sur,E0,20:00:00,2299,0.08,1821.57,40.38,
Sur,E0,20:00:00,2301,0.09,1821.57,40.89,
Sur,E0,20:00:00,2302,0.09,1821.55,40.21,
Sur,E0,20:00:00,2303,0.1,1821.55,39.37,
Sur,E0,20:00:00,2304,0.04,1821.55,38.05,
Sur,E0,20:00:00,2306,0.07,1821.55,37.99,
Sur,E0,20:00:00,2307,0.1,1821.55,38.55,
Sur,E0,20:00:00,2309,0.08,1821.53,36.11,
Sur,E0,20:00:00,2310,0.06,1821.54,36.52,
Sur,E0,20:00:00,2315,0.06,1821.55,33.83,
Sur,E0,20:00:00,2316,0.09,1821.55,33.08,
Sur,E0,20:00:00,2321,0.16,1821.67,29.21,
Sur,E0,20:00:00,2322,0.07,1821.54,39.27,
Sur,E0,20:00:00,2324,0.02,1821.53,39.06,
Sur,E0,20:00:00,2325,0.07,1821.53,36.99,
Sur,E0,20:00:00,2326,0.04,1821.53,36.45,
Sur,E0,20:00:00,2327,0.0,1821.53,35.9,
Sur,E0,20:00:00,2328,0.11,1821.53,34.77,
Sur,E0,20:00:00,2330,0.04,1821.53,28.94,
Sur,E0,20:00:00,2332,0.04,1821.53,23.07,
Sur,E0,20:00:00,2748,0.01,1821.61,34.57,
Sur,E0,20:00:00,2749,0.04,1821.69,34.21,
Sur,E0,20:00:00,2749-1,0.08,1821.69,34.59,
Sur,E0,20:00:00,2750,0.01,1821.69,33.28,
Sur,E0,20:00:00,2753,0.05,1821.63,35.7,
Sur,E0,20:00:00,2755,0.05,1821.62,35.55,
Sur,E0,20:00:00,2757,0.05,1821.61,34.66,
Sur,E0,20:00:00,2758,0.05,1821.61,34.65,
Sur,E0,20:00:00,2759,0.02,1821.69,33.98,
Sur,E0,20:00:00,2762,0.06,1821.58,35.63,
Sur,E0,20:00:00,2764,0.02,1821.59,35.39,
Sur,E0,20:00:00,2765,0.04,1821.59,34.72,
Sur,E0,20:00:00,2766,0.03,1821.59,34.74,
Sur,E0,20:00:00,2767,0.03,1821.69,34.64,
Sur,E0,20:00:00,2768,0.07,1821.53,35.52,
Sur,E0,20:00:00,2770,0.07,1821.52,35.58,
Sur,E0,20:00:00,2772,0.06,1821.53,32.54,
Sur,E0,20:00:00,2773,0.06,1821.52,32.33,
Sur,E0,20:00:00,2778,0.05,1821.5,35.36,
Sur,E0,20:00:00,2780,0.05,1821.49,35.31,
Sur,E0,20:00:00,2782,0.04,1821.5,33.72,
Sur,E0,20:00:00,2782-1,0.02,1821.42,16.03,
Sur,E0,20:00:00,2783,0.04,1821.49,33.56,
Sur,E0,20:00:00,2785,0.02,1821.46,36.14,
Sur,E0,20:00:00,2786,0.08,1821.46,35.55,
Sur,E0,20:00:00,2789,0.05,1821.46,34.76,
Sur,E0,20:00:00,2791,0.02,1821.42,23.95,
Sur,E0,20:00:00,2792,0.1,1821.42,22.21,
Sur,E0,20:00:00,2794,0.03,1821.42,22.32,
Sur,E0,20:00:00,2795,0.01,1821.42,15.52,
Sur,E0,20:00:00,2796,0.03,1821.42,15.55,
Sur,E0,20:00:00,2797,0.03,1821.42,15.72,
Sur,E0,20:00:00,2800,0.02,1821.42,16.67,
Sur,E0,20:00:00,2801,0.02,1821.42,16.76,
Sur,E0,20:00:00,2802,0.04,1821.42,24.49,
Sur,E0,20:00:00,2803,0.04,1821.42,24.46,
Sur,E0,20:00:00,2804,0.04,1821.42,24.28,
Sur,E0,20:00:00,2805,0.04,1821.42,24.31,
Sur,E0,20:00:00,2806,0.05,1821.42,15.85,
Sur,E0,20:00:00,2807,0.04,1821.42,16.46,
Sur,E0,20:00:00,2809,0.04,1821.42,13.1,
Sur,E0,20:00:00,2810,0.04,1821.42,20.75,
Sur,E0,20:00:00,2811,0.01,1821.42,17.58,
Sur,E0,20:00:00,2812,0.01,1821.42,17.35,
Sur,E0,20:00:00,2815,0.01,1821.42,20.81,
Sur,E0,20:00:00,2817,0.06,1821.42,21.47,
Sur,E0,20:00:00,2818,0.01,1821.42,16.81,
Sur,E0,20:00:00,2819,0.01,1821.42,16.04,
Sur,E0,20:00:00,2820,0.02,1821.42,17.41,
Sur,E0,20:00:00,2821,0.02,1821.42,16.29,
Sur,E0,20:00:00,2823,0.01,1821.42,13.91,
Sur,E0,20:00:00,2824,0.02,1821.42,13.13,
Sur,E0,20:00:00,2825,0.03,1821.42,13.63,
Sur,E0,20:00:00,2826,0.03,1821.42,13.7,
Sur,E0,20:00:00,2827,0.04,1821.42,18.72,
Sur,E0,20:00:00,2828,0.04,1821.42,20.96,
Sur,E0,20:00:00,2829,0.03,1821.42,26.64,
Sur,E0,20:00:00,2830,0.02,1821.42,26.24,
Sur,E0,20:00:00,2831,0.01,1821.42,26.27,
Sur,E0,20:00:00,2832,0.01,1821.42,21.46,
Sur,E0,20:00:00,2833,0.01,1821.42,21.05,
Sur,E0,20:00:00,2834,0.02,1821.42,26.58,
Sur,E0,20:00:00,2835,0.02,1821.42,26.96,
Sur,E0,20:00:00,2836,0.01,1821.42,22.56,
Sur,E0,20:00:00,2837,0.01,1821.42,23.16,
Sur,E0,20:00:00,2838,0.02,1821.42,27.03,
Sur,E0,20:00:00,2839,0.0,1821.42,27.2,
Sur,E0,20:00:00,2840,0.03,1821.43,28.77,
Sur,E0,20:00:00,2841,0.03,1821.43,31.05,
Sur,E0,20:00:00,2842,0.07,1821.44,33.81,
Sur,E0,20:00:00,2843,0.03,1821.46,34.57,
Sur,E0,20:00:00,2854,0.02,1821.74,34.3,
Sur,E0,20:00:00,5026,0.0,1821.62,42.36,
Sur,E0,20:00:00,5036,0.03,1822.69,34.13,
Sur,E0,20:00:00,5037,0.03,1822.56,35.07,
Sur,E0,20:00:00,5038,0.02,1822.83,19.97,
Sur,E0,20:00:00,5083,0.0,1821.53,36.14,
Sur,E0,20:00:00,5084,0.14,1822.39,35.84,
Sur,E0,20:00:00,5085,0.2,1821.68,35.49,
Sur,E0,20:00:00,5096,0.02,1821.35,16.69,
Sur,E0,20:00:00,5097,0.03,1821.35,18.46,
Sur,E0,20:00:00,5098,0.02,1821.35,18.44,
Sur,E0,20:00:00,5099,0.01,1821.35,17.28,
Sur,E0,20:00:00,5100,0.03,1821.35,16.29,
Sur,E0,20:00:00,5151,0.11,1821.58,38.4,
Sur,E0,20:00:00,5152,0.02,1821.68,40.01,
Sur,E0,20:00:00,5153,0.08,1821.64,42.97,
Sur,E0,20:00:00,5154,0.03,1821.59,42.24,
Sur,E0,20:00:00,5185,0.04,1821.57,42.04,
Sur,E0,20:00:00,5203,0.04,1821.57,36.7,
Sur,E0,20:00:00,5208,0.02,1821.6,40.69,
Sur,E0,20:00:00,5209,0.08,1821.6,41.21,
Sur,E0,20:00:00,5262,0.08,1821.55,29.2,
Sur,E0,20:00:00,5263,0.05,1821.67,28.57,
Sur,E0,20:00:00,5275,0.0,1821.53,32.44,
Sur,E0,20:00:00,5276,0.02,1821.35,16.44,
Sur,E0,20:00:00,5277,0.04,1821.35,19.63,
Sur,E0,20:00:00,5278,0.03,1821.41,15.83,
Sur,E0,20:00:00,5279,0.03,1821.35,17.0,
Sur,E0,20:00:00,5280,0.04,1821.37,18.34,
Sur,E0,20:00:00,5282,0.02,1821.53,17.41,
Sur,E0,20:00:00,5283,0.02,1821.53,31.7,
Sur,E0,20:00:00,5292,0.09,1821.7,22.21,
Sur,E0,20:00:00,5383,0.04,1821.42,13.48,
Sur,E0,20:00:00,5384,0.01,1821.42,22.87,
Sur,E0,20:00:00,5385,0.02,1821.42,14.56,
Sur,E0,20:00:00,5387,0.01,1821.42,21.08,
Sur,E0,20:00:00,5481,0.21,1821.74,36.44,
Sur,E0,20:00:00,5482,0.23,1821.78,40.36,
Sur,E0,20:00:00,5497,0.01,1821.69,38.93,
Sur,E0,20:00:00,5498,0.04,1821.6,41.75,
Sur,E0,20:00:00,5503,0.12,1821.53,34.38,
Sur,E0,20:00:00,5504,0.04,1821.53,28.7,
Sur,E0,20:00:00,5505,0.1,1821.55,34.51,
Sur,E0,20:00:00,5534,0.02,1821.6,40.59,
Sur,E0,20:00:00,5535,0.05,1821.62,42.39,
Sur,E0,20:00:00,5575,0.02,1821.42,14.4,
Sur,E0,20:00:00,5623,0.15,1821.55,36.3,
Sur,E0,20:00:00,5652,0.08,1821.46,34.61,
Sur,E0,20:00:00,5655,0.0,1821.78,40.43,
Sur,E0,20:00:00,5656,0.02,1821.79,39.41,
Sur,E0,20:00:00,5657,0.02,1821.81,39.33,
Sur,E0,20:00:00,5658,0.07,1821.9,41.05,
Sur,E0,20:00:00,5659,0.02,1822.4,35.77,
Sur,E0,20:00:00,5660,0.09,1822.22,37.16,
Sur,E0,20:00:00,5664,0.03,1821.57,41.03,
Sur,E0,20:00:00,5668,0.0,1821.46,35.13,
Sur,E0,20:00:00,5681,0.01,1821.7,40.64,
Sur,E0,20:00:00,5682,0.05,1821.78,40.36,
Sur,E0,21:00:00,10013,0.03,1821.0,16.19,
Sur,E0,21:00:00,10022,0.07,1821.26,40.96,
Sur,E0,21:00:00,10025,0.0,1822.28,30.19,
Sur,E0,21:00:00,10067,0.06,1821.67,39.88,
Sur,E0,21:00:00,1066,0.04,1821.27,48.61,
Sur,E0,21:00:00,1234,0.13,1821.24,40.14,
Sur,E0,21:00:00,1236,0.09,1821.24,40.66,
Sur,E0,21:00:00,1238,0.11,1821.25,40.94,
Sur,E0,21:00:00,1259,0.05,1821.26,41.04,
Sur,E0,21:00:00,1263,0.08,1821.27,40.72,
Sur,E0,21:00:00,1298,0.1,1821.27,40.27,
Sur,E0,21:00:00,1301,0.09,1821.27,39.95,
Sur,E0,21:00:00,1327,0.09,1821.27,40.05,
Sur,E0,21:00:00,1329,0.08,1821.27,40.64,
Sur,E0,21:00:00,2168,0.06,1821.34,43.3,
Sur,E0,21:00:00,2176,0.09,1821.27,41.53,
Sur,E0,21:00:00,2178,0.04,1821.28,42.82,
Sur,E0,21:00:00,2180,0.08,1821.28,43.34,
Sur,E0,21:00:00,2181,0.1,1821.3,43.51,
Sur,E0,21:00:00,2188,0.06,1821.45,42.14,
Sur,E0,21:00:00,2189,0.05,1821.49,41.14,
Sur,E0,21:00:00,2190,0.04,1821.52,39.3,
Sur,E0,21:00:00,2191,0.18,1821.67,36.37,
Sur,E0,21:00:00,2193,0.14,1821.44,35.06,
Sur,E0,21:00:00,2195,0.06,1821.42,35.06,
Sur,E0,21:00:00,2197,0.12,1821.52,38.95,
Sur,E0,21:00:00,2199,0.13,1821.54,39.01,
Sur,E0,21:00:00,2202,0.15,1821.49,39.59,
Sur,E0,21:00:00,2205,0.17,1821.45,39.96,
Sur,E0,21:00:00,2208,0.01,1821.42,40.1,
Sur,E0,21:00:00,2211,0.09,1821.41,40.19,
Sur,E0,21:00:00,2213,0.03,1821.39,40.98,
Sur,E0,21:00:00,2214,0.05,1821.38,41.61,
Sur,E0,21:00:00,2217,0.11,1821.3,42.24,
Sur,E0,21:00:00,2218,0.11,1821.3,41.0,
Sur,E0,21:00:00,2219,0.11,1821.31,40.55,
Sur,E0,21:00:00,2221,0.11,1821.33,40.09,
Sur,E0,21:00:00,2224,0.07,1821.31,39.98,
Sur,E0,21:00:00,2227,0.01,1821.3,40.07,
Sur,E0,21:00:00,2228,0.05,1821.3,40.11,
Sur,E0,21:00:00,2229,0.07,1821.31,40.49,
Sur,E0,21:00:00,2231,0.06,1821.3,41.01,
Sur,E0,21:00:00,2232,0.08,1821.3,41.81,
Sur,E0,21:00:00,2233,0.0,1821.27,41.01,
Sur,E0,21:00:00,2234,0.04,1821.27,40.92,
Sur,E0,21:00:00,2235,0.04,1821.27,40.73,
Sur,E0,21:00:00,2236,0.09,1821.27,40.73,
Sur,E0,21:00:00,2237,0.11,1821.27,40.25,
Sur,E0,21:00:00,2238,0.12,1821.27,40.33,
Sur,E0,21:00:00,2239,0.16,1821.27,40.04,
Sur,E0,21:00:00,2240,0.08,1821.27,40.16,
Sur,E0,21:00:00,2243,0.01,1821.27,39.51,
Sur,E0,21:00:00,2244,0.05,1821.27,39.61,
Sur,E0,21:00:00,2245,0.02,1821.27,39.48,
Sur,E0,21:00:00,2246,0.06,1821.3,39.38,
Sur,E0,21:00:00,2247,0.11,1821.3,39.84,
Sur,E0,21:00:00,2248,0.11,1821.3,39.67,
Sur,E0,21:00:00,2249,0.04,1821.29,39.07,
Sur,E0,21:00:00,2250,0.09,1821.29,39.42,
Sur,E0,21:00:00,2251,0.06,1821.29,39.59,
Sur,E0,21:00:00,2253,0.06,1821.3,39.09,
Sur,E0,21:00:00,2254,0.04,1821.29,37.64,
Sur,E0,21:00:00,2255,0.07,1821.29,38.65,
Sur,E0,21:00:00,2256,0.03,1821.29,38.24,
Sur,E0,21:00:00,2257,0.07,1821.29,38.56,
Sur,E0,21:00:00,2258,0.07,1821.29,38.94,
Sur,E0,21:00:00,2259,0.04,1821.29,38.6,
Sur,E0,21:00:00,2260,0.04,1821.41,38.21,
Sur,E0,21:00:00,2261,0.06,1821.41,36.73,
Sur,E0,21:00:00,2262,0.12,1821.44,37.23,
Sur,E0,21:00:00,2263,0.14,1821.46,37.36,
Sur,E0,21:00:00,2266,0.1,1821.47,34.19,
Sur,E0,21:00:00,2267,0.13,1821.47,35.8,
Sur,E0,21:00:00,2270,0.12,1821.47,35.43,
Sur,E0,21:00:00,2271,0.02,1821.47,36.76,
Sur,E0,21:00:00,2272,0.01,1821.47,35.24,
Sur,E0,21:00:00,2273,0.04,1822.28,30.76,
Sur,E0,21:00:00,2274,0.0,1822.28,30.21,
Sur,E0,21:00:00,2281,0.06,1821.47,30.39,
Sur,E0,21:00:00,2282,0.08,1821.46,30.42,
Sur,E0,21:00:00,2283,0.07,1821.46,23.91,
Sur,E0,21:00:00,2284,0.06,1821.46,22.63,
Sur,E0,21:00:00,2285,0.01,1821.46,23.22,
Sur,E0,21:00:00,2286,0.01,1821.46,21.23,
Sur,E0,21:00:00,2287,0.06,1821.46,22.53,
Sur,E0,21:00:00,2288,0.07,1821.46,25.71,
Sur,E0,21:00:00,2289,0.08,1821.46,32.99,
Sur,E0,21:00:00,2290,0.09,1821.4,26.88,
Sur,E0,21:00:00,2292,0.12,1821.26,35.73,
Sur,E0,21:00:00,2294,0.11,1821.25,35.13,
Sur,E0,21:00:00,2295,0.15,1821.26,39.61,
Sur,E0,21:00:00,2296,0.11,1821.25,38.62,
Sur,E0,21:00:00,2297,0.06,1821.26,39.99,
Sur,E0,21:00:00,2299,0.09,1821.26,40.07,
Sur,E0,21:00:00,2301,0.11,1821.26,40.58,
Sur,E0,21:00:00,2302,0.11,1821.25,39.91,
Sur,E0,21:00:00,2303,0.11,1821.25,39.07,
Sur,E0,21:00:00,2304,0.05,1821.24,37.74,
Sur,E0,21:00:00,2306,0.08,1821.25,37.69,
Sur,E0,21:00:00,2307,0.11,1821.25,38.25,
Sur,E0,21:00:00,2309,0.08,1821.22,35.8,
Sur,E0,21:00:00,2310,0.06,1821.24,36.22,
Sur,E0,21:00:00,2315,0.07,1821.25,33.53,
Sur,E0,21:00:00,2316,0.1,1821.25,32.78,
Sur,E0,21:00:00,2321,0.18,1821.39,28.93,
Sur,E0,21:00:00,2322,0.08,1821.23,38.96,
Sur,E0,21:00:00,2324,0.03,1821.22,38.75,
Sur,E0,21:00:00,2325,0.07,1821.22,36.68,
Sur,E0,21:00:00,2326,0.04,1821.22,36.14,
Sur,E0,21:00:00,2327,0.01,1821.22,35.59,
Sur,E0,21:00:00,2328,0.12,1821.22,34.46,
Sur,E0,21:00:00,2330,0.05,1821.21,28.62,
Sur,E0,21:00:00,2332,0.05,1821.21,22.75,
Sur,E0,21:00:00,2748,0.01,1821.32,34.28,
Sur,E0,21:00:00,2749,0.05,1821.41,33.93,
Sur,E0,21:00:00,2749-1,0.09,1821.41,34.31,
Sur,E0,21:00:00,2750,0.01,1821.41,33.0,
Sur,E0,21:00:00,2753,0.05,1821.35,35.42,
Sur,E0,21:00:00,2755,0.05,1821.34,35.27,
Sur,E0,21:00:00,2757,0.05,1821.32,34.37,
Sur,E0,21:00:00,2758,0.05,1821.31,34.35,
Sur,E0,21:00:00,2759,0.02,1821.41,33.7,
Sur,E0,21:00:00,2762,0.07,1821.28,35.33,
Sur,E0,21:00:00,2764,0.02,1821.3,35.1,
Sur,E0,21:00:00,2765,0.05,1821.3,34.43,
Sur,E0,21:00:00,2766,0.03,1821.3,34.45,
Sur,E0,21:00:00,2767,0.03,1821.41,34.36,
Sur,E0,21:00:00,2768,0.08,1821.22,35.21,
Sur,E0,21:00:00,2770,0.08,1821.21,35.27,
Sur,E0,21:00:00,2772,0.06,1821.22,32.23,
Sur,E0,21:00:00,2773,0.06,1821.21,32.02,
Sur,E0,21:00:00,2778,0.06,1821.18,35.04,
Sur,E0,21:00:00,2780,0.06,1821.17,34.99,
Sur,E0,21:00:00,2782,0.04,1821.18,33.4,
Sur,E0,21:00:00,2782-1,0.03,1821.08,15.69,
Sur,E0,21:00:00,2783,0.04,1821.17,33.24,
Sur,E0,21:00:00,2785,0.02,1821.13,35.81,
Sur,E0,21:00:00,2786,0.09,1821.13,35.22,
Sur,E0,21:00:00,2789,0.05,1821.13,34.43,
Sur,E0,21:00:00,2791,0.02,1821.09,23.62,
Sur,E0,21:00:00,2792,0.11,1821.09,21.88,
Sur,E0,21:00:00,2794,0.03,1821.09,21.99,
Sur,E0,21:00:00,2795,0.01,1821.08,15.18,
Sur,E0,21:00:00,2796,0.03,1821.09,15.22,
Sur,E0,21:00:00,2797,0.03,1821.08,15.38,
Sur,E0,21:00:00,2800,0.03,1821.08,16.33,
Sur,E0,21:00:00,2801,0.03,1821.08,16.42,
Sur,E0,21:00:00,2802,0.04,1821.08,24.15,
Sur,E0,21:00:00,2803,0.04,1821.08,24.12,
Sur,E0,21:00:00,2804,0.05,1821.08,23.94,
Sur,E0,21:00:00,2805,0.04,1821.08,23.97,
Sur,E0,21:00:00,2806,0.06,1821.08,15.51,
Sur,E0,21:00:00,2807,0.05,1821.08,16.12,
Sur,E0,21:00:00,2809,0.04,1821.08,12.76,
Sur,E0,21:00:00,2810,0.04,1821.08,20.41,
Sur,E0,21:00:00,2811,0.01,1821.08,17.24,
Sur,E0,21:00:00,2812,0.01,1821.08,17.01,
Sur,E0,21:00:00,2815,0.02,1821.08,20.47,
Sur,E0,21:00:00,2817,0.07,1821.08,21.13,
Sur,E0,21:00:00,2818,0.01,1821.08,16.47,
Sur,E0,21:00:00,2819,0.01,1821.08,15.7,
Sur,E0,21:00:00,2820,0.02,1821.08,17.07,
Sur,E0,21:00:00,2821,0.03,1821.08,15.95,
Sur,E0,21:00:00,2823,0.01,1821.09,13.58,
Sur,E0,21:00:00,2824,0.02,1821.08,12.79,
Sur,E0,21:00:00,2825,0.04,1821.08,13.29,
Sur,E0,21:00:00,2826,0.04,1821.09,13.37,
Sur,E0,21:00:00,2827,0.04,1821.09,18.39,
Sur,E0,21:00:00,2828,0.04,1821.09,20.63,
Sur,E0,21:00:00,2829,0.03,1821.09,26.31,
Sur,E0,21:00:00,2830,0.02,1821.09,25.91,
Sur,E0,21:00:00,2831,0.02,1821.09,25.94,
Sur,E0,21:00:00,2832,0.01,1821.09,21.13,
Sur,E0,21:00:00,2833,0.01,1821.09,20.72,
Sur,E0,21:00:00,2834,0.02,1821.09,26.25,
Sur,E0,21:00:00,2835,0.03,1821.09,26.63,
Sur,E0,21:00:00,2836,0.01,1821.09,22.23,
Sur,E0,21:00:00,2837,0.01,1821.09,22.83,
Sur,E0,21:00:00,2838,0.02,1821.09,26.7,
Sur,E0,21:00:00,2839,0.0,1821.09,26.87,
Sur,E0,21:00:00,2840,0.04,1821.09,28.43,
Sur,E0,21:00:00,2841,0.03,1821.1,30.72,
Sur,E0,21:00:00,2842,0.08,1821.11,33.48,
Sur,E0,21:00:00,2843,0.04,1821.13,34.24,
Sur,E0,21:00:00,2854,0.02,1821.48,34.04,
Sur,E0,21:00:00,5026,0.0,1821.33,42.07,
Sur,E0,21:00:00,5036,0.03,1822.65,34.09,
Sur,E0,21:00:00,5037,0.03,1822.49,35.0,
Sur,E0,21:00:00,5038,0.02,1822.83,19.97,
Sur,E0,21:00:00,5083,0.0,1821.22,35.83,
Sur,E0,21:00:00,5084,0.16,1822.28,35.73,
Sur,E0,21:00:00,5085,0.22,1821.41,35.22,
Sur,E0,21:00:00,5096,0.02,1821.0,16.34,
Sur,E0,21:00:00,5097,0.03,1821.0,18.11,
Sur,E0,21:00:00,5098,0.02,1821.0,18.09,
Sur,E0,21:00:00,5099,0.01,1821.0,16.93,
Sur,E0,21:00:00,5100,0.04,1821.0,15.94,
Sur,E0,21:00:00,5151,0.12,1821.28,38.1,
Sur,E0,21:00:00,5152,0.02,1821.41,39.74,
Sur,E0,21:00:00,5153,0.09,1821.35,42.68,
Sur,E0,21:00:00,5154,0.03,1821.3,41.95,
Sur,E0,21:00:00,5185,0.04,1821.27,41.74,
Sur,E0,21:00:00,5203,0.05,1821.27,36.4,
Sur,E0,21:00:00,5208,0.02,1821.31,40.4,
Sur,E0,21:00:00,5209,0.09,1821.31,40.92,
Sur,E0,21:00:00,5262,0.09,1821.25,28.9,
Sur,E0,21:00:00,5263,0.06,1821.39,28.29,
Sur,E0,21:00:00,5275,0.0,1821.22,32.13,
Sur,E0,21:00:00,5276,0.02,1821.0,16.09,
Sur,E0,21:00:00,5277,0.04,1821.0,19.28,
Sur,E0,21:00:00,5278,0.03,1821.08,15.5,
Sur,E0,21:00:00,5279,0.03,1821.0,16.65,
Sur,E0,21:00:00,5280,0.05,1821.03,18.0,
Sur,E0,21:00:00,5282,0.03,1821.22,17.1,
Sur,E0,21:00:00,5283,0.03,1821.22,31.39,
Sur,E0,21:00:00,5292,0.1,1821.43,21.94,
Sur,E0,21:00:00,5383,0.05,1821.08,13.14,
Sur,E0,21:00:00,5384,0.02,1821.08,22.53,
Sur,E0,21:00:00,5385,0.02,1821.08,14.22,
Sur,E0,21:00:00,5387,0.02,1821.08,20.74,
Sur,E0,21:00:00,5481,0.23,1821.48,36.18,
Sur,E0,21:00:00,5482,0.26,1821.52,40.1,
Sur,E0,21:00:00,5497,0.01,1821.41,38.65,
Sur,E0,21:00:00,5498,0.04,1821.3,41.45,
Sur,E0,21:00:00,5503,0.13,1821.22,34.07,
Sur,E0,21:00:00,5504,0.05,1821.21,28.38,
Sur,E0,21:00:00,5505,0.11,1821.25,34.21,
Sur,E0,21:00:00,5534,0.02,1821.3,40.29,
Sur,E0,21:00:00,5535,0.05,1821.33,42.1,
Sur,E0,21:00:00,5575,0.03,1821.09,14.07,
Sur,E0,21:00:00,5623,0.16,1821.25,36.0,
Sur,E0,21:00:00,5652,0.09,1821.13,34.28,
Sur,E0,21:00:00,5655,0.0,1821.53,40.18,
Sur,E0,21:00:00,5656,0.02,1821.54,39.16,
Sur,E0,21:00:00,5657,0.02,1821.56,39.08,
Sur,E0,21:00:00,5658,0.08,1821.68,40.83,
Sur,E0,21:00:00,5659,0.02,1822.29,35.66,
Sur,E0,21:00:00,5660,0.1,1822.07,37.01,
Sur,E0,21:00:00,5664,0.03,1821.26,40.72,
Sur,E0,21:00:00,5668,0.0,1821.13,34.8,
Sur,E0,21:00:00,5681,0.01,1821.43,40.37,
Sur,E0,21:00:00,5682,0.06,1821.53,40.11,
Sur,E0,22:00:00,10013,0.03,1821.31,16.5,
Sur,E0,22:00:00,10022,0.06,1821.53,41.23,
Sur,E0,22:00:00,10025,0.0,1822.38,30.29,
Sur,E0,22:00:00,10067,0.05,1821.87,40.08,
Sur,E0,22:00:00,1066,0.03,1821.54,48.88,
Sur,E0,22:00:00,1234,0.12,1821.51,40.41,
Sur,E0,22:00:00,1236,0.08,1821.51,40.93,
Sur,E0,22:00:00,1238,0.1,1821.52,41.21,
Sur,E0,22:00:00,1259,0.05,1821.53,41.31,
Sur,E0,22:00:00,1263,0.07,1821.53,40.98,
Sur,E0,22:00:00,1298,0.09,1821.53,40.53,
Sur,E0,22:00:00,1301,0.08,1821.53,40.21,
Sur,E0,22:00:00,1327,0.08,1821.54,40.32,
Sur,E0,22:00:00,1329,0.07,1821.54,40.91,
Sur,E0,22:00:00,2168,0.06,1821.59,43.55,
Sur,E0,22:00:00,2176,0.09,1821.54,41.8,
Sur,E0,22:00:00,2178,0.03,1821.54,43.08,
Sur,E0,22:00:00,2180,0.07,1821.55,43.61,
Sur,E0,22:00:00,2181,0.09,1821.56,43.77,
Sur,E0,22:00:00,2188,0.06,1821.69,42.38,
Sur,E0,22:00:00,2189,0.05,1821.72,41.37,
Sur,E0,22:00:00,2190,0.04,1821.75,39.53,
Sur,E0,22:00:00,2191,0.16,1821.87,36.57,
Sur,E0,22:00:00,2193,0.13,1821.67,35.29,
Sur,E0,22:00:00,2195,0.06,1821.66,35.3,
Sur,E0,22:00:00,2197,0.11,1821.75,39.18,
Sur,E0,22:00:00,2199,0.12,1821.76,39.23,
Sur,E0,22:00:00,2202,0.14,1821.72,39.82,
Sur,E0,22:00:00,2205,0.15,1821.69,40.2,
Sur,E0,22:00:00,2208,0.01,1821.66,40.34,
Sur,E0,22:00:00,2211,0.08,1821.65,40.43,
Sur,E0,22:00:00,2213,0.03,1821.64,41.23,
Sur,E0,22:00:00,2214,0.05,1821.63,41.86,
Sur,E0,22:00:00,2217,0.1,1821.56,42.5,
Sur,E0,22:00:00,2218,0.1,1821.56,41.26,
Sur,E0,22:00:00,2219,0.1,1821.57,40.81,
Sur,E0,22:00:00,2221,0.1,1821.59,40.35,
Sur,E0,22:00:00,2224,0.06,1821.57,40.24,
Sur,E0,22:00:00,2227,0.01,1821.57,40.34,
Sur,E0,22:00:00,2228,0.05,1821.56,40.37,
Sur,E0,22:00:00,2229,0.06,1821.57,40.75,
Sur,E0,22:00:00,2231,0.06,1821.56,41.27,
Sur,E0,22:00:00,2232,0.07,1821.56,42.07,
Sur,E0,22:00:00,2233,0.0,1821.54,41.28,
Sur,E0,22:00:00,2234,0.04,1821.54,41.19,
Sur,E0,22:00:00,2235,0.03,1821.54,41.0,
Sur,E0,22:00:00,2236,0.08,1821.54,41.0,
Sur,E0,22:00:00,2237,0.1,1821.54,40.52,
Sur,E0,22:00:00,2238,0.11,1821.54,40.6,
Sur,E0,22:00:00,2239,0.14,1821.54,40.31,
Sur,E0,22:00:00,2240,0.07,1821.53,40.42,
Sur,E0,22:00:00,2243,0.01,1821.53,39.77,
Sur,E0,22:00:00,2244,0.05,1821.53,39.87,
Sur,E0,22:00:00,2245,0.01,1821.53,39.75,
Sur,E0,22:00:00,2246,0.06,1821.56,39.64,
Sur,E0,22:00:00,2247,0.1,1821.56,40.1,
Sur,E0,22:00:00,2248,0.1,1821.56,39.93,
Sur,E0,22:00:00,2249,0.04,1821.56,39.34,
Sur,E0,22:00:00,2250,0.08,1821.56,39.69,
Sur,E0,22:00:00,2251,0.06,1821.56,39.86,
Sur,E0,22:00:00,2253,0.05,1821.56,39.35,
Sur,E0,22:00:00,2254,0.04,1821.56,37.91,
Sur,E0,22:00:00,2255,0.06,1821.56,38.92,
Sur,E0,22:00:00,2256,0.02,1821.55,38.5,
Sur,E0,22:00:00,2257,0.06,1821.55,38.82,
Sur,E0,22:00:00,2258,0.07,1821.55,39.2,
Sur,E0,22:00:00,2259,0.04,1821.55,38.86,
Sur,E0,22:00:00,2260,0.04,1821.66,38.46,
Sur,E0,22:00:00,2261,0.05,1821.66,36.98,
Sur,E0,22:00:00,2262,0.11,1821.68,37.47,
Sur,E0,22:00:00,2263,0.13,1821.7,37.6,
Sur,E0,22:00:00,2266,0.09,1821.7,34.42,
Sur,E0,22:00:00,2267,0.11,1821.7,36.03,
Sur,E0,22:00:00,2270,0.11,1821.7,35.66,
Sur,E0,22:00:00,2271,0.02,1821.7,36.99,
Sur,E0,22:00:00,2272,0.01,1821.7,35.47,
Sur,E0,22:00:00,2273,0.04,1822.38,30.86,
Sur,E0,22:00:00,2274,0.0,1822.38,30.31,
Sur,E0,22:00:00,2281,0.05,1821.7,30.62,
Sur,E0,22:00:00,2282,0.07,1821.7,30.66,
Sur,E0,22:00:00,2283,0.06,1821.7,24.15,
Sur,E0,22:00:00,2284,0.05,1821.7,22.87,
Sur,E0,22:00:00,2285,0.01,1821.7,23.46,
Sur,E0,22:00:00,2286,0.01,1821.7,21.47,
Sur,E0,22:00:00,2287,0.05,1821.7,22.77,
Sur,E0,22:00:00,2288,0.06,1821.7,25.95,
Sur,E0,22:00:00,2289,0.08,1821.7,33.23,
Sur,E0,22:00:00,2290,0.09,1821.65,27.13,
Sur,E0,22:00:00,2292,0.11,1821.53,36.0,
Sur,E0,22:00:00,2294,0.1,1821.52,35.4,
Sur,E0,22:00:00,2295,0.13,1821.53,39.88,
Sur,E0,22:00:00,2296,0.1,1821.52,38.89,
Sur,E0,22:00:00,2297,0.06,1821.53,40.26,
Sur,E0,22:00:00,2299,0.08,1821.53,40.34,
Sur,E0,22:00:00,2301,0.1,1821.53,40.85,
Sur,E0,22:00:00,2302,0.1,1821.52,40.18,
Sur,E0,22:00:00,2303,0.1,1821.52,39.34,
Sur,E0,22:00:00,2304,0.04,1821.51,38.01,
Sur,E0,22:00:00,2306,0.07,1821.52,37.96,
Sur,E0,22:00:00,2307,0.1,1821.52,38.52,
Sur,E0,22:00:00,2309,0.08,1821.49,36.07,
Sur,E0,22:00:00,2310,0.06,1821.51,36.49,
Sur,E0,22:00:00,2315,0.06,1821.52,33.8,
Sur,E0,22:00:00,2316,0.09,1821.52,33.05,
Sur,E0,22:00:00,2321,0.16,1821.63,29.17,
Sur,E0,22:00:00,2322,0.07,1821.5,39.23,
Sur,E0,22:00:00,2324,0.02,1821.5,39.03,
Sur,E0,22:00:00,2325,0.07,1821.5,36.96,
Sur,E0,22:00:00,2326,0.04,1821.5,36.42,
Sur,E0,22:00:00,2327,0.0,1821.5,35.87,
Sur,E0,22:00:00,2328,0.11,1821.49,34.73,
Sur,E0,22:00:00,2330,0.04,1821.49,28.9,
Sur,E0,22:00:00,2332,0.04,1821.49,23.03,
Sur,E0,22:00:00,2748,0.01,1821.57,34.53,
Sur,E0,22:00:00,2749,0.05,1821.66,34.18,
Sur,E0,22:00:00,2749-1,0.08,1821.66,34.56,
Sur,E0,22:00:00,2750,0.01,1821.66,33.25,
Sur,E0,22:00:00,2753,0.05,1821.6,35.67,
Sur,E0,22:00:00,2755,0.05,1821.59,35.52,
Sur,E0,22:00:00,2757,0.05,1821.57,34.62,
Sur,E0,22:00:00,2758,0.05,1821.57,34.61,
Sur,E0,22:00:00,2759,0.02,1821.66,33.95,
Sur,E0,22:00:00,2762,0.06,1821.55,35.6,
Sur,E0,22:00:00,2764,0.02,1821.56,35.36,
Sur,E0,22:00:00,2765,0.04,1821.56,34.69,
Sur,E0,22:00:00,2766,0.03,1821.56,34.71,
Sur,E0,22:00:00,2767,0.03,1821.66,34.61,
Sur,E0,22:00:00,2768,0.07,1821.49,35.48,
Sur,E0,22:00:00,2770,0.07,1821.49,35.55,
Sur,E0,22:00:00,2772,0.06,1821.49,32.5,
Sur,E0,22:00:00,2773,0.06,1821.49,32.3,
Sur,E0,22:00:00,2778,0.05,1821.46,35.32,
Sur,E0,22:00:00,2780,0.06,1821.45,35.27,
Sur,E0,22:00:00,2782,0.04,1821.46,33.68,
Sur,E0,22:00:00,2782-1,0.02,1821.38,15.99,
Sur,E0,22:00:00,2783,0.04,1821.45,33.52,
Sur,E0,22:00:00,2785,0.02,1821.42,36.1,
Sur,E0,22:00:00,2786,0.08,1821.42,35.51,
Sur,E0,22:00:00,2789,0.05,1821.42,34.72,
Sur,E0,22:00:00,2791,0.02,1821.38,23.91,
Sur,E0,22:00:00,2792,0.1,1821.38,22.17,
Sur,E0,22:00:00,2794,0.03,1821.38,22.28,
Sur,E0,22:00:00,2795,0.01,1821.38,15.48,
Sur,E0,22:00:00,2796,0.03,1821.38,15.51,
Sur,E0,22:00:00,2797,0.03,1821.38,15.68,
Sur,E0,22:00:00,2800,0.02,1821.38,16.63,
Sur,E0,22:00:00,2801,0.02,1821.38,16.72,
Sur,E0,22:00:00,2802,0.04,1821.38,24.45,
Sur,E0,22:00:00,2803,0.04,1821.38,24.42,
Sur,E0,22:00:00,2804,0.04,1821.38,24.24,
Sur,E0,22:00:00,2805,0.04,1821.38,24.27,
Sur,E0,22:00:00,2806,0.05,1821.38,15.81,
Sur,E0,22:00:00,2807,0.04,1821.38,16.42,
Sur,E0,22:00:00,2809,0.04,1821.38,13.06,
Sur,E0,22:00:00,2810,0.04,1821.38,20.71,
Sur,E0,22:00:00,2811,0.01,1821.38,17.54,
Sur,E0,22:00:00,2812,0.01,1821.38,17.31,
Sur,E0,22:00:00,2815,0.01,1821.38,20.77,
Sur,E0,22:00:00,2817,0.06,1821.38,21.43,
Sur,E0,22:00:00,2818,0.01,1821.38,16.77,
Sur,E0,22:00:00,2819,0.01,1821.38,16.0,
Sur,E0,22:00:00,2820,0.02,1821.38,17.37,
Sur,E0,22:00:00,2821,0.02,1821.38,16.25,
Sur,E0,22:00:00,2823,0.01,1821.38,13.87,
Sur,E0,22:00:00,2824,0.02,1821.38,13.09,
Sur,E0,22:00:00,2825,0.03,1821.38,13.59,
Sur,E0,22:00:00,2826,0.04,1821.38,13.66,
Sur,E0,22:00:00,2827,0.04,1821.38,18.68,
Sur,E0,22:00:00,2828,0.04,1821.38,20.92,
Sur,E0,22:00:00,2829,0.03,1821.39,26.61,
Sur,E0,22:00:00,2830,0.02,1821.39,26.21,
Sur,E0,22:00:00,2831,0.01,1821.39,26.24,
Sur,E0,22:00:00,2832,0.01,1821.39,21.43,
Sur,E0,22:00:00,2833,0.01,1821.39,21.02,
Sur,E0,22:00:00,2834,0.02,1821.39,26.55,
Sur,E0,22:00:00,2835,0.02,1821.39,26.93,
Sur,E0,22:00:00,2836,0.01,1821.38,22.52,
Sur,E0,22:00:00,2837,0.01,1821.38,23.12,
Sur,E0,22:00:00,2838,0.02,1821.39,27.0,
Sur,E0,22:00:00,2839,0.0,1821.39,27.17,
Sur,E0,22:00:00,2840,0.03,1821.39,28.73,
Sur,E0,22:00:00,2841,0.03,1821.4,31.02,
Sur,E0,22:00:00,2842,0.07,1821.4,33.77,
Sur,E0,22:00:00,2843,0.03,1821.42,34.53,
Sur,E0,22:00:00,2854,0.02,1821.71,34.27,
Sur,E0,22:00:00,5026,0.0,1821.58,42.32,
Sur,E0,22:00:00,5036,0.03,1822.69,34.13,
Sur,E0,22:00:00,5037,0.03,1822.55,35.06,
Sur,E0,22:00:00,5038,0.02,1822.83,19.97,
Sur,E0,22:00:00,5083,0.0,1821.49,36.1,
Sur,E0,22:00:00,5084,0.14,1822.38,35.83,
Sur,E0,22:00:00,5085,0.2,1821.65,35.46,
Sur,E0,22:00:00,5096,0.02,1821.31,16.65,
Sur,E0,22:00:00,5097,0.03,1821.31,18.42,
Sur,E0,22:00:00,5098,0.02,1821.31,18.4,
Sur,E0,22:00:00,5099,0.01,1821.31,17.24,
Sur,E0,22:00:00,5100,0.03,1821.31,16.25,
Sur,E0,22:00:00,5151,0.11,1821.55,38.37,
Sur,E0,22:00:00,5152,0.02,1821.65,39.98,
Sur,E0,22:00:00,5153,0.08,1821.61,42.94,
Sur,E0,22:00:00,5154,0.03,1821.56,42.21,
Sur,E0,22:00:00,5185,0.04,1821.54,42.01,
Sur,E0,22:00:00,5203,0.04,1821.54,36.67,
Sur,E0,22:00:00,5208,0.02,1821.57,40.66,
Sur,E0,22:00:00,5209,0.08,1821.57,41.18,
Sur,E0,22:00:00,5262,0.08,1821.52,29.17,
Sur,E0,22:00:00,5263,0.05,1821.63,28.53,
Sur,E0,22:00:00,5275,0.0,1821.49,32.4,
Sur,E0,22:00:00,5276,0.02,1821.31,16.4,
Sur,E0,22:00:00,5277,0.04,1821.31,19.59,
Sur,E0,22:00:00,5278,0.03,1821.38,15.8,
Sur,E0,22:00:00,5279,0.03,1821.31,16.96,
Sur,E0,22:00:00,5280,0.04,1821.33,18.3,
Sur,E0,22:00:00,5282,0.02,1821.49,17.37,
Sur,E0,22:00:00,5283,0.02,1821.49,31.66,
Sur,E0,22:00:00,5292,0.09,1821.67,22.18,
Sur,E0,22:00:00,5383,0.04,1821.38,13.44,
Sur,E0,22:00:00,5384,0.02,1821.38,22.83,
Sur,E0,22:00:00,5385,0.02,1821.38,14.52,
Sur,E0,22:00:00,5387,0.01,1821.38,21.04,
Sur,E0,22:00:00,5481,0.21,1821.71,36.41,
Sur,E0,22:00:00,5482,0.24,1821.75,40.33,
Sur,E0,22:00:00,5497,0.01,1821.66,38.9,
Sur,E0,22:00:00,5498,0.04,1821.56,41.71,
Sur,E0,22:00:00,5503,0.12,1821.49,34.34,
Sur,E0,22:00:00,5504,0.04,1821.49,28.66,
Sur,E0,22:00:00,5505,0.1,1821.52,34.48,
Sur,E0,22:00:00,5534,0.02,1821.57,40.56,
Sur,E0,22:00:00,5535,0.05,1821.58,42.35,
Sur,E0,22:00:00,5575,0.02,1821.38,14.36,
Sur,E0,22:00:00,5623,0.15,1821.52,36.27,
Sur,E0,22:00:00,5652,0.08,1821.42,34.57,
Sur,E0,22:00:00,5655,0.0,1821.75,40.4,
Sur,E0,22:00:00,5656,0.02,1821.77,39.39,
Sur,E0,22:00:00,5657,0.02,1821.78,39.3,
Sur,E0,22:00:00,5658,0.08,1821.88,41.03,
Sur,E0,22:00:00,5659,0.02,1822.38,35.75,
Sur,E0,22:00:00,5660,0.09,1822.2,37.14,
Sur,E0,22:00:00,5664,0.03,1821.53,40.99,
Sur,E0,22:00:00,5668,0.0,1821.42,35.09,
Sur,E0,22:00:00,5681,0.01,1821.67,40.61,
Sur,E0,22:00:00,5682,0.05,1821.75,40.33,
Sur,E0,23:00:00,10013,0.03,1821.54,16.73,
Sur,E0,23:00:00,10022,0.06,1821.73,41.43,
Sur,E0,23:00:00,10025,0.0,1822.45,30.36,
Sur,E0,23:00:00,10067,0.05,1822.02,40.23,
Sur,E0,23:00:00,1066,0.03,1821.73,49.07,
Sur,E0,23:00:00,1234,0.11,1821.71,40.61,
Sur,E0,23:00:00,1236,0.07,1821.71,41.13,
Sur,E0,23:00:00,1238,0.09,1821.72,41.41,
Sur,E0,23:00:00,1259,0.04,1821.73,41.51,
Sur,E0,23:00:00,1263,0.06,1821.73,41.18,
Sur,E0,23:00:00,1298,0.08,1821.73,40.73,
Sur,E0,23:00:00,1301,0.08,1821.73,40.41,
Sur,E0,23:00:00,1327,0.08,1821.73,40.51,
Sur,E0,23:00:00,1329,0.06,1821.73,41.1,
Sur,E0,23:00:00,2168,0.05,1821.78,43.74,
Sur,E0,23:00:00,2176,0.08,1821.73,41.99,
Sur,E0,23:00:00,2178,0.03,1821.74,43.28,
Sur,E0,23:00:00,2180,0.07,1821.74,43.8,
Sur,E0,23:00:00,2181,0.08,1821.75,43.96,
Sur,E0,23:00:00,2188,0.05,1821.86,42.55,
Sur,E0,23:00:00,2189,0.04,1821.89,41.54,
Sur,E0,23:00:00,2190,0.03,1821.91,39.69,
Sur,E0,23:00:00,2191,0.15,1822.02,36.72,
Sur,E0,23:00:00,2193,0.12,1821.85,35.47,
Sur,E0,23:00:00,2195,0.05,1821.84,35.48,
Sur,E0,23:00:00,2197,0.1,1821.91,39.34,
Sur,E0,23:00:00,2199,0.11,1821.93,39.4,
Sur,E0,23:00:00,2202,0.13,1821.89,39.99,
Sur,E0,23:00:00,2205,0.14,1821.86,40.37,
Sur,E0,23:00:00,2208,0.01,1821.84,40.52,
Sur,E0,23:00:00,2211,0.07,1821.83,40.61,
Sur,E0,23:00:00,2213,0.03,1821.82,41.41,
Sur,E0,23:00:00,2214,0.04,1821.81,42.04,
Sur,E0,23:00:00,2217,0.09,1821.75,42.69,
Sur,E0,23:00:00,2218,0.09,1821.76,41.46,
Sur,E0,23:00:00,2219,0.09,1821.76,41.0,
Sur,E0,23:00:00,2221,0.09,1821.78,40.54,
Sur,E0,23:00:00,2224,0.06,1821.76,40.43,
Sur,E0,23:00:00,2227,0.01,1821.76,40.53,
Sur,E0,23:00:00,2228,0.04,1821.76,40.57,
Sur,E0,23:00:00,2229,0.05,1821.76,40.94,
Sur,E0,23:00:00,2231,0.05,1821.75,41.46,
Sur,E0,23:00:00,2232,0.07,1821.75,42.26,
Sur,E0,23:00:00,2233,0.0,1821.73,41.47,
Sur,E0,23:00:00,2234,0.04,1821.73,41.38,
Sur,E0,23:00:00,2235,0.03,1821.73,41.19,
Sur,E0,23:00:00,2236,0.08,1821.73,41.19,
Sur,E0,23:00:00,2237,0.09,1821.73,40.71,
Sur,E0,23:00:00,2238,0.1,1821.73,40.79,
Sur,E0,23:00:00,2239,0.13,1821.74,40.51,
Sur,E0,23:00:00,2240,0.07,1821.73,40.62,
Sur,E0,23:00:00,2243,0.01,1821.73,39.97,
Sur,E0,23:00:00,2244,0.05,1821.73,40.07,
Sur,E0,23:00:00,2245,0.01,1821.73,39.95,
Sur,E0,23:00:00,2246,0.05,1821.76,39.84,
Sur,E0,23:00:00,2247,0.09,1821.76,40.3,
Sur,E0,23:00:00,2248,0.09,1821.75,40.12,
Sur,E0,23:00:00,2249,0.03,1821.75,39.53,
Sur,E0,23:00:00,2250,0.07,1821.75,39.88,
Sur,E0,23:00:00,2251,0.05,1821.75,40.05,
Sur,E0,23:00:00,2253,0.05,1821.75,39.54,
Sur,E0,23:00:00,2254,0.04,1821.75,38.1,
Sur,E0,23:00:00,2255,0.06,1821.75,39.11,
Sur,E0,23:00:00,2256,0.02,1821.75,38.7,
Sur,E0,23:00:00,2257,0.05,1821.75,39.02,
Sur,E0,23:00:00,2258,0.06,1821.75,39.4,
Sur,E0,23:00:00,2259,0.03,1821.75,39.06,
Sur,E0,23:00:00,2260,0.03,1821.84,38.64,
Sur,E0,23:00:00,2261,0.05,1821.84,37.16,
Sur,E0,23:00:00,2262,0.1,1821.85,37.64,
Sur,E0,23:00:00,2263,0.11,1821.87,37.77,
Sur,E0,23:00:00,2266,0.08,1821.88,34.6,
Sur,E0,23:00:00,2267,0.1,1821.88,36.21,
Sur,E0,23:00:00,2270,0.1,1821.87,35.83,
Sur,E0,23:00:00,2271,0.02,1821.87,37.16,
Sur,E0,23:00:00,2272,0.01,1821.87,35.64,
Sur,E0,23:00:00,2273,0.03,1822.45,30.93,
Sur,E0,23:00:00,2274,0.0,1822.45,30.38,
Sur,E0,23:00:00,2281,0.05,1821.87,30.79,
Sur,E0,23:00:00,2282,0.07,1821.87,30.83,
Sur,E0,23:00:00,2283,0.06,1821.87,24.32,
Sur,E0,23:00:00,2284,0.05,1821.87,23.04,
Sur,E0,23:00:00,2285,0.01,1821.87,23.63,
Sur,E0,23:00:00,2286,0.01,1821.87,21.64,
Sur,E0,23:00:00,2287,0.05,1821.87,22.94,
Sur,E0,23:00:00,2288,0.06,1821.87,26.12,
Sur,E0,23:00:00,2289,0.07,1821.87,33.4,
Sur,E0,23:00:00,2290,0.08,1821.83,27.31,
Sur,E0,23:00:00,2292,0.1,1821.73,36.2,
Sur,E0,23:00:00,2294,0.1,1821.72,35.6,
Sur,E0,23:00:00,2295,0.12,1821.73,40.08,
Sur,E0,23:00:00,2296,0.1,1821.72,39.09,
Sur,E0,23:00:00,2297,0.05,1821.73,40.46,
Sur,E0,23:00:00,2299,0.07,1821.73,40.54,
Sur,E0,23:00:00,2301,0.09,1821.73,41.05,
Sur,E0,23:00:00,2302,0.09,1821.72,40.38,
Sur,E0,23:00:00,2303,0.09,1821.72,39.54,
Sur,E0,23:00:00,2304,0.04,1821.71,38.21,
Sur,E0,23:00:00,2306,0.07,1821.72,38.16,
Sur,E0,23:00:00,2307,0.09,1821.72,38.72,
Sur,E0,23:00:00,2309,0.07,1821.69,36.27,
Sur,E0,23:00:00,2310,0.05,1821.71,36.69,
Sur,E0,23:00:00,2315,0.06,1821.72,34.0,
Sur,E0,23:00:00,2316,0.08,1821.72,33.25,
Sur,E0,23:00:00,2321,0.15,1821.82,29.36,
Sur,E0,23:00:00,2322,0.07,1821.71,39.44,
Sur,E0,23:00:00,2324,0.02,1821.7,39.23,
Sur,E0,23:00:00,2325,0.06,1821.7,37.16,
Sur,E0,23:00:00,2326,0.03,1821.7,36.62,
Sur,E0,23:00:00,2327,0.0,1821.7,36.07,
Sur,E0,23:00:00,2328,0.1,1821.7,34.94,
Sur,E0,23:00:00,2330,0.04,1821.69,29.1,
Sur,E0,23:00:00,2332,0.04,1821.69,23.23,
Sur,E0,23:00:00,2748,0.01,1821.77,34.73,
Sur,E0,23:00:00,2749,0.04,1821.84,34.36,
Sur,E0,23:00:00,2749-1,0.07,1821.84,34.74,
Sur,E0,23:00:00,2750,0.01,1821.84,33.43,
Sur,E0,23:00:00,2753,0.05,1821.79,35.86,
Sur,E0,23:00:00,2755,0.05,1821.78,35.71,
Sur,E0,23:00:00,2757,0.04,1821.77,34.82,
Sur,E0,23:00:00,2758,0.04,1821.76,34.8,
Sur,E0,23:00:00,2759,0.02,1821.84,34.13,
Sur,E0,23:00:00,2762,0.05,1821.74,35.79,
Sur,E0,23:00:00,2764,0.02,1821.75,35.55,
Sur,E0,23:00:00,2765,0.04,1821.75,34.88,
Sur,E0,23:00:00,2766,0.02,1821.75,34.9,
Sur,E0,23:00:00,2767,0.03,1821.83,34.78,
Sur,E0,23:00:00,2768,0.07,1821.7,35.69,
Sur,E0,23:00:00,2770,0.06,1821.69,35.75,
Sur,E0,23:00:00,2772,0.05,1821.69,32.7,
Sur,E0,23:00:00,2773,0.05,1821.69,32.5,
Sur,E0,23:00:00,2778,0.05,1821.67,35.53,
Sur,E0,23:00:00,2780,0.05,1821.66,35.48,
Sur,E0,23:00:00,2782,0.04,1821.67,33.89,
Sur,E0,23:00:00,2782-1,0.02,1821.6,16.21,
Sur,E0,23:00:00,2783,0.04,1821.66,33.73,
Sur,E0,23:00:00,2785,0.02,1821.64,36.32,
Sur,E0,23:00:00,2786,0.07,1821.64,35.73,
Sur,E0,23:00:00,2789,0.05,1821.64,34.94,
Sur,E0,23:00:00,2791,0.01,1821.6,24.13,
Sur,E0,23:00:00,2792,0.09,1821.6,22.39,
Sur,E0,23:00:00,2794,0.02,1821.6,22.5,
Sur,E0,23:00:00,2795,0.01,1821.6,15.7,
Sur,E0,23:00:00,2796,0.02,1821.6,15.73,
Sur,E0,23:00:00,2797,0.03,1821.6,15.9,
Sur,E0,23:00:00,2800,0.02,1821.6,16.85,
Sur,E0,23:00:00,2801,0.02,1821.6,16.94,
Sur,E0,23:00:00,2802,0.03,1821.6,24.67,
Sur,E0,23:00:00,2803,0.03,1821.6,24.64,
Sur,E0,23:00:00,2804,0.04,1821.6,24.46,
Sur,E0,23:00:00,2805,0.03,1821.6,24.49,
Sur,E0,23:00:00,2806,0.05,1821.6,16.03,
Sur,E0,23:00:00,2807,0.04,1821.6,16.64,
Sur,E0,23:00:00,2809,0.03,1821.6,13.28,
Sur,E0,23:00:00,2810,0.03,1821.6,20.93,
Sur,E0,23:00:00,2811,0.01,1821.6,17.76,
Sur,E0,23:00:00,2812,0.01,1821.6,17.53,
Sur,E0,23:00:00,2815,0.01,1821.6,20.99,
Sur,E0,23:00:00,2817,0.06,1821.6,21.65,
Sur,E0,23:00:00,2818,0.01,1821.6,16.99,
Sur,E0,23:00:00,2819,0.01,1821.6,16.22,
Sur,E0,23:00:00,2820,0.02,1821.6,17.59,
Sur,E0,23:00:00,2821,0.02,1821.6,16.47,
Sur,E0,23:00:00,2823,0.01,1821.6,14.09,
Sur,E0,23:00:00,2824,0.01,1821.6,13.31,
Sur,E0,23:00:00,2825,0.03,1821.6,13.81,
Sur,E0,23:00:00,2826,0.03,1821.6,13.88,
Sur,E0,23:00:00,2827,0.04,1821.6,18.9,
Sur,E0,23:00:00,2828,0.03,1821.6,21.14,
Sur,E0,23:00:00,2829,0.03,1821.6,26.82,
Sur,E0,23:00:00,2830,0.02,1821.6,26.42,
Sur,E0,23:00:00,2831,0.01,1821.6,26.45,
Sur,E0,23:00:00,2832,0.01,1821.6,21.64,
Sur,E0,23:00:00,2833,0.01,1821.6,21.23,
Sur,E0,23:00:00,2834,0.02,1821.6,26.76,
Sur,E0,23:00:00,2835,0.02,1821.6,27.14,
Sur,E0,23:00:00,2836,0.01,1821.6,22.74,
Sur,E0,23:00:00,2837,0.01,1821.6,23.34,
Sur,E0,23:00:00,2838,0.02,1821.6,27.21,
Sur,E0,23:00:00,2839,0.0,1821.6,27.38,
Sur,E0,23:00:00,2840,0.03,1821.61,28.95,
Sur,E0,23:00:00,2841,0.03,1821.61,31.23,
Sur,E0,23:00:00,2842,0.07,1821.62,33.99,
Sur,E0,23:00:00,2843,0.03,1821.64,34.75,
Sur,E0,23:00:00,2854,0.02,1821.88,34.44,
Sur,E0,23:00:00,5026,0.0,1821.77,42.51,
Sur,E0,23:00:00,5036,0.02,1822.71,34.15,
Sur,E0,23:00:00,5037,0.03,1822.59,35.1,
Sur,E0,23:00:00,5038,0.01,1822.84,19.98,
Sur,E0,23:00:00,5083,0.0,1821.69,36.3,
Sur,E0,23:00:00,5084,0.13,1822.45,35.9,
Sur,E0,23:00:00,5085,0.19,1821.83,35.64,
Sur,E0,23:00:00,5096,0.02,1821.54,16.88,
Sur,E0,23:00:00,5097,0.03,1821.54,18.65,
Sur,E0,23:00:00,5098,0.02,1821.54,18.63,
Sur,E0,23:00:00,5099,0.01,1821.54,17.47,
Sur,E0,23:00:00,5100,0.03,1821.54,16.48,
Sur,E0,23:00:00,5151,0.1,1821.74,38.56,
Sur,E0,23:00:00,5152,0.01,1821.83,40.16,
Sur,E0,23:00:00,5153,0.07,1821.79,43.12,
Sur,E0,23:00:00,5154,0.03,1821.75,42.4,
Sur,E0,23:00:00,5185,0.04,1821.73,42.2,
Sur,E0,23:00:00,5203,0.04,1821.73,36.86,
Sur,E0,23:00:00,5208,0.01,1821.76,40.85,
Sur,E0,23:00:00,5209,0.07,1821.76,41.37,
Sur,E0,23:00:00,5262,0.07,1821.72,29.37,
Sur,E0,23:00:00,5263,0.05,1821.82,28.72,
Sur,E0,23:00:00,5275,0.0,1821.69,32.6,
Sur,E0,23:00:00,5276,0.01,1821.54,16.63,
Sur,E0,23:00:00,5277,0.03,1821.54,19.82,
Sur,E0,23:00:00,5278,0.03,1821.6,16.02,
Sur,E0,23:00:00,5279,0.02,1821.54,17.19,
Sur,E0,23:00:00,5280,0.04,1821.56,18.53,
Sur,E0,23:00:00,5282,0.02,1821.69,17.57,
Sur,E0,23:00:00,5283,0.02,1821.69,31.86,
Sur,E0,23:00:00,5292,0.08,1821.85,22.36,
Sur,E0,23:00:00,5383,0.04,1821.6,13.66,
Sur,E0,23:00:00,5384,0.01,1821.6,23.05,
Sur,E0,23:00:00,5385,0.02,1821.6,14.74,
Sur,E0,23:00:00,5387,0.01,1821.6,21.26,
Sur,E0,23:00:00,5481,0.19,1821.88,36.58,
Sur,E0,23:00:00,5482,0.22,1821.91,40.49,
Sur,E0,23:00:00,5497,0.01,1821.84,39.08,
Sur,E0,23:00:00,5498,0.03,1821.75,41.9,
Sur,E0,23:00:00,5503,0.11,1821.7,34.55,
Sur,E0,23:00:00,5504,0.04,1821.69,28.86,
Sur,E0,23:00:00,5505,0.09,1821.72,34.68,
Sur,E0,23:00:00,5534,0.02,1821.76,40.75,
Sur,E0,23:00:00,5535,0.05,1821.77,42.54,
Sur,E0,23:00:00,5575,0.02,1821.6,14.58,
Sur,E0,23:00:00,5623,0.14,1821.72,36.47,
Sur,E0,23:00:00,5652,0.07,1821.64,34.79,
Sur,E0,23:00:00,5655,0.0,1821.92,40.57,
Sur,E0,23:00:00,5656,0.02,1821.93,39.55,
Sur,E0,23:00:00,5657,0.02,1821.94,39.46,
Sur,E0,23:00:00,5658,0.07,1822.02,41.17,
Sur,E0,23:00:00,5659,0.01,1822.46,35.83,
Sur,E0,23:00:00,5660,0.08,1822.3,37.24,
Sur,E0,23:00:00,5664,0.03,1821.73,41.19,
Sur,E0,23:00:00,5668,0.0,1821.64,35.31,
Sur,E0,23:00:00,5681,0.01,1821.85,40.79,
Sur,E0,23:00:00,5682,0.05,1821.92,40.5,
Sur,E0,24:00:00,10013,0.02,1821.71,16.9,
Sur,E0,24:00:00,10022,0.05,1821.87,41.57,
Sur,E0,24:00:00,10025,0.0,1822.5,30.41,
Sur,E0,24:00:00,10067,0.04,1822.12,40.33,
Sur,E0,24:00:00,1066,0.03,1821.87,49.21,
Sur,E0,24:00:00,1234,0.1,1821.85,40.75,
Sur,E0,24:00:00,1236,0.07,1821.85,41.27,
Sur,E0,24:00:00,1238,0.08,1821.86,41.55,
Sur,E0,24:00:00,1259,0.04,1821.87,41.65,
Sur,E0,24:00:00,1263,0.06,1821.87,41.32,
Sur,E0,24:00:00,1298,0.08,1821.87,40.87,
Sur,E0,24:00:00,1301,0.07,1821.87,40.55,
Sur,E0,24:00:00,1327,0.07,1821.87,40.65,
Sur,E0,24:00:00,1329,0.06,1821.87,41.24,
Sur,E0,24:00:00,2168,0.05,1821.91,43.87,
Sur,E0,24:00:00,2176,0.07,1821.87,42.13,
Sur,E0,24:00:00,2178,0.03,1821.88,43.42,
Sur,E0,24:00:00,2180,0.06,1821.88,43.94,
Sur,E0,24:00:00,2181,0.08,1821.89,44.1,
Sur,E0,24:00:00,2188,0.05,1821.98,42.67,
Sur,E0,24:00:00,2189,0.04,1822.01,41.66,
Sur,E0,24:00:00,2190,0.03,1822.03,39.81,
Sur,E0,24:00:00,2191,0.14,1822.12,36.82,
Sur,E0,24:00:00,2193,0.11,1821.98,35.6,
Sur,E0,24:00:00,2195,0.05,1821.96,35.6,
Sur,E0,24:00:00,2197,0.09,1822.03,39.46,
Sur,E0,24:00:00,2199,0.1,1822.04,39.51,
Sur,E0,24:00:00,2202,0.12,1822.01,40.11,
Sur,E0,24:00:00,2205,0.13,1821.98,40.49,
Sur,E0,24:00:00,2208,0.01,1821.97,40.65,
Sur,E0,24:00:00,2211,0.07,1821.96,40.74,
Sur,E0,24:00:00,2213,0.03,1821.95,41.54,
Sur,E0,24:00:00,2214,0.04,1821.94,42.17,
Sur,E0,24:00:00,2217,0.08,1821.89,42.83,
Sur,E0,24:00:00,2218,0.08,1821.89,41.59,
Sur,E0,24:00:00,2219,0.08,1821.9,41.14,
Sur,E0,24:00:00,2221,0.08,1821.91,40.67,
Sur,E0,24:00:00,2224,0.05,1821.9,40.57,
Sur,E0,24:00:00,2227,0.01,1821.89,40.66,
Sur,E0,24:00:00,2228,0.04,1821.89,40.7,
Sur,E0,24:00:00,2229,0.05,1821.9,41.07,
Sur,E0,24:00:00,2231,0.05,1821.89,41.6,
Sur,E0,24:00:00,2232,0.06,1821.89,42.4,
Sur,E0,24:00:00,2233,0.0,1821.87,41.61,
Sur,E0,24:00:00,2234,0.03,1821.87,41.52,
Sur,E0,24:00:00,2235,0.03,1821.87,41.33,
Sur,E0,24:00:00,2236,0.07,1821.87,41.33,
Sur,E0,24:00:00,2237,0.09,1821.87,40.85,
Sur,E0,24:00:00,2238,0.09,1821.87,40.93,
Sur,E0,24:00:00,2239,0.12,1821.88,40.65,
Sur,E0,24:00:00,2240,0.06,1821.87,40.76,
Sur,E0,24:00:00,2243,0.01,1821.87,40.11,
Sur,E0,24:00:00,2244,0.04,1821.87,40.21,
Sur,E0,24:00:00,2245,0.01,1821.87,40.09,
Sur,E0,24:00:00,2246,0.05,1821.89,39.97,
Sur,E0,24:00:00,2247,0.08,1821.89,40.43,
Sur,E0,24:00:00,2248,0.08,1821.89,40.26,
Sur,E0,24:00:00,2249,0.03,1821.89,39.67,
Sur,E0,24:00:00,2250,0.07,1821.89,40.02,
Sur,E0,24:00:00,2251,0.05,1821.89,40.19,
Sur,E0,24:00:00,2253,0.05,1821.89,39.68,
Sur,E0,24:00:00,2254,0.03,1821.89,38.24,
Sur,E0,24:00:00,2255,0.05,1821.89,39.25,
Sur,E0,24:00:00,2256,0.02,1821.89,38.84,
Sur,E0,24:00:00,2257,0.05,1821.89,39.16,
Sur,E0,24:00:00,2258,0.06,1821.89,39.54,
Sur,E0,24:00:00,2259,0.03,1821.89,39.2,
Sur,E0,24:00:00,2260,0.03,1821.96,38.76,
Sur,E0,24:00:00,2261,0.05,1821.96,37.28,
Sur,E0,24:00:00,2262,0.1,1821.98,37.77,
Sur,E0,24:00:00,2263,0.11,1821.99,37.89,
Sur,E0,24:00:00,2266,0.08,1822.0,34.72,
Sur,E0,24:00:00,2267,0.1,1822.0,36.33,
Sur,E0,24:00:00,2270,0.09,1822.0,35.96,
Sur,E0,24:00:00,2271,0.02,1822.0,37.29,
Sur,E0,24:00:00,2272,0.01,1822.0,35.77,
Sur,E0,24:00:00,2273,0.03,1822.5,30.98,
Sur,E0,24:00:00,2274,0.0,1822.5,30.43,
Sur,E0,24:00:00,2281,0.04,1822.0,30.92,
Sur,E0,24:00:00,2282,0.06,1821.99,30.95,
Sur,E0,24:00:00,2283,0.05,1821.99,24.44,
Sur,E0,24:00:00,2284,0.04,1821.99,23.16,
Sur,E0,24:00:00,2285,0.01,1821.99,23.75,
Sur,E0,24:00:00,2286,0.01,1821.99,21.76,
Sur,E0,24:00:00,2287,0.04,1821.99,23.06,
Sur,E0,24:00:00,2288,0.05,1821.99,26.24,
Sur,E0,24:00:00,2289,0.07,1821.99,33.52,
Sur,E0,24:00:00,2290,0.07,1821.96,27.44,
Sur,E0,24:00:00,2292,0.09,1821.87,36.34,
Sur,E0,24:00:00,2294,0.09,1821.86,35.74,
Sur,E0,24:00:00,2295,0.11,1821.87,40.22,
Sur,E0,24:00:00,2296,0.09,1821.86,39.23,
Sur,E0,24:00:00,2297,0.05,1821.87,40.6,
Sur,E0,24:00:00,2299,0.07,1821.87,40.68,
Sur,E0,24:00:00,2301,0.08,1821.87,41.19,
Sur,E0,24:00:00,2302,0.08,1821.86,40.52,
Sur,E0,24:00:00,2303,0.08,1821.86,39.68,
Sur,E0,24:00:00,2304,0.03,1821.85,38.35,
Sur,E0,24:00:00,2306,0.06,1821.86,38.3,
Sur,E0,24:00:00,2307,0.09,1821.86,38.86,
Sur,E0,24:00:00,2309,0.07,1821.84,36.42,
Sur,E0,24:00:00,2310,0.05,1821.85,36.83,
Sur,E0,24:00:00,2315,0.05,1821.86,34.14,
Sur,E0,24:00:00,2316,0.07,1821.86,33.39,
Sur,E0,24:00:00,2321,0.14,1821.95,29.49,
Sur,E0,24:00:00,2322,0.06,1821.85,39.58,
Sur,E0,24:00:00,2324,0.02,1821.84,39.37,
Sur,E0,24:00:00,2325,0.06,1821.84,37.3,
Sur,E0,24:00:00,2326,0.03,1821.84,36.76,
Sur,E0,24:00:00,2327,0.0,1821.84,36.21,
Sur,E0,24:00:00,2328,0.09,1821.84,35.08,
Sur,E0,24:00:00,2330,0.04,1821.84,29.25,
Sur,E0,24:00:00,2332,0.04,1821.84,23.38,
Sur,E0,24:00:00,2748,0.01,1821.9,34.86,
Sur,E0,24:00:00,2749,0.04,1821.96,34.48,
Sur,E0,24:00:00,2749-1,0.07,1821.96,34.86,
Sur,E0,24:00:00,2750,0.01,1821.96,33.55,
Sur,E0,24:00:00,2753,0.04,1821.92,35.99,
Sur,E0,24:00:00,2755,0.04,1821.91,35.84,
Sur,E0,24:00:00,2757,0.04,1821.9,34.95,
Sur,E0,24:00:00,2758,0.04,1821.9,34.94,
Sur,E0,24:00:00,2759,0.02,1821.96,34.25,
Sur,E0,24:00:00,2762,0.05,1821.88,35.93,
Sur,E0,24:00:00,2764,0.02,1821.89,35.69,
Sur,E0,24:00:00,2765,0.04,1821.89,35.02,
Sur,E0,24:00:00,2766,0.02,1821.89,35.04,
Sur,E0,24:00:00,2767,0.02,1821.96,34.91,
Sur,E0,24:00:00,2768,0.06,1821.84,35.83,
Sur,E0,24:00:00,2770,0.06,1821.84,35.9,
Sur,E0,24:00:00,2772,0.05,1821.84,32.85,
Sur,E0,24:00:00,2773,0.05,1821.84,32.65,
Sur,E0,24:00:00,2778,0.04,1821.82,35.68,
Sur,E0,24:00:00,2780,0.05,1821.81,35.63,
Sur,E0,24:00:00,2782,0.03,1821.82,34.04,
Sur,E0,24:00:00,2782-1,0.02,1821.76,16.37,
Sur,E0,24:00:00,2783,0.03,1821.81,33.88,
Sur,E0,24:00:00,2785,0.02,1821.79,36.47,
Sur,E0,24:00:00,2786,0.07,1821.79,35.88,
Sur,E0,24:00:00,2789,0.04,1821.79,35.09,
Sur,E0,24:00:00,2791,0.01,1821.76,24.29,
Sur,E0,24:00:00,2792,0.08,1821.76,22.55,
Sur,E0,24:00:00,2794,0.02,1821.76,22.66,
Sur,E0,24:00:00,2795,0.01,1821.76,15.86,
Sur,E0,24:00:00,2796,0.02,1821.76,15.89,
Sur,E0,24:00:00,2797,0.03,1821.76,16.06,
Sur,E0,24:00:00,2800,0.02,1821.76,17.01,
Sur,E0,24:00:00,2801,0.02,1821.76,17.1,
Sur,E0,24:00:00,2802,0.03,1821.76,24.83,
Sur,E0,24:00:00,2803,0.03,1821.76,24.8,
Sur,E0,24:00:00,2804,0.04,1821.76,24.62,
Sur,E0,24:00:00,2805,0.03,1821.76,24.65,
Sur,E0,24:00:00,2806,0.04,1821.76,16.19,
Sur,E0,24:00:00,2807,0.04,1821.76,16.8,
Sur,E0,24:00:00,2809,0.03,1821.76,13.44,
Sur,E0,24:00:00,2810,0.03,1821.76,21.09,
Sur,E0,24:00:00,2811,0.01,1821.76,17.92,
Sur,E0,24:00:00,2812,0.01,1821.76,17.69,
Sur,E0,24:00:00,2815,0.01,1821.76,21.15,
Sur,E0,24:00:00,2817,0.05,1821.76,21.81,
Sur,E0,24:00:00,2818,0.01,1821.76,17.15,
Sur,E0,24:00:00,2819,0.01,1821.76,16.38,
Sur,E0,24:00:00,2820,0.02,1821.76,17.75,
Sur,E0,24:00:00,2821,0.02,1821.76,16.63,
Sur,E0,24:00:00,2823,0.01,1821.76,14.25,
Sur,E0,24:00:00,2824,0.01,1821.76,13.47,
Sur,E0,24:00:00,2825,0.03,1821.76,13.97,
Sur,E0,24:00:00,2826,0.03,1821.76,14.04,
Sur,E0,24:00:00,2827,0.03,1821.76,19.06,
Sur,E0,24:00:00,2828,0.03,1821.76,21.3,
Sur,E0,24:00:00,2829,0.03,1821.76,26.98,
Sur,E0,24:00:00,2830,0.02,1821.76,26.58,
Sur,E0,24:00:00,2831,0.01,1821.76,26.61,
Sur,E0,24:00:00,2832,0.01,1821.76,21.8,
Sur,E0,24:00:00,2833,0.01,1821.76,21.39,
Sur,E0,24:00:00,2834,0.02,1821.76,26.92,
Sur,E0,24:00:00,2835,0.02,1821.76,27.3,
Sur,E0,24:00:00,2836,0.01,1821.76,22.9,
Sur,E0,24:00:00,2837,0.01,1821.76,23.5,
Sur,E0,24:00:00,2838,0.01,1821.76,27.37,
Sur,E0,24:00:00,2839,0.0,1821.76,27.54,
Sur,E0,24:00:00,2840,0.03,1821.76,29.1,
Sur,E0,24:00:00,2841,0.03,1821.77,31.39,
Sur,E0,24:00:00,2842,0.06,1821.77,34.14,
Sur,E0,24:00:00,2843,0.03,1821.79,34.9,
Sur,E0,24:00:00,2854,0.02,1822.0,34.56,
Sur,E0,24:00:00,5026,0.0,1821.91,42.65,
Sur,E0,24:00:00,5036,0.02,1822.73,34.17,
Sur,E0,24:00:00,5037,0.02,1822.63,35.14,
Sur,E0,24:00:00,5038,0.01,1822.84,19.98,
Sur,E0,24:00:00,5083,0.0,1821.84,36.45,
Sur,E0,24:00:00,5084,0.12,1822.5,35.95,
Sur,E0,24:00:00,5085,0.17,1821.96,35.77,
Sur,E0,24:00:00,5096,0.02,1821.7,17.04,
Sur,E0,24:00:00,5097,0.03,1821.7,18.81,
Sur,E0,24:00:00,5098,0.02,1821.71,18.8,
Sur,E0,24:00:00,5099,0.01,1821.71,17.64,
Sur,E0,24:00:00,5100,0.03,1821.71,16.65,
Sur,E0,24:00:00,5151,0.09,1821.88,38.7,
Sur,E0,24:00:00,5152,0.01,1821.96,40.29,
Sur,E0,24:00:00,5153,0.07,1821.93,43.26,
Sur,E0,24:00:00,5154,0.03,1821.89,42.54,
Sur,E0,24:00:00,5185,0.03,1821.87,42.34,
Sur,E0,24:00:00,5203,0.04,1821.87,37.0,
Sur,E0,24:00:00,5208,0.01,1821.9,40.99,
Sur,E0,24:00:00,5209,0.07,1821.9,41.51,
Sur,E0,24:00:00,5262,0.07,1821.86,29.51,
Sur,E0,24:00:00,5263,0.04,1821.95,28.85,
Sur,E0,24:00:00,5275,0.0,1821.84,32.75,
Sur,E0,24:00:00,5276,0.01,1821.7,16.79,
Sur,E0,24:00:00,5277,0.03,1821.7,19.98,
Sur,E0,24:00:00,5278,0.03,1821.75,16.17,
Sur,E0,24:00:00,5279,0.02,1821.71,17.36,
Sur,E0,24:00:00,5280,0.04,1821.72,18.69,
Sur,E0,24:00:00,5282,0.02,1821.84,17.72,
Sur,E0,24:00:00,5283,0.02,1821.84,32.01,
Sur,E0,24:00:00,5292,0.08,1821.97,22.48,
Sur,E0,24:00:00,5383,0.04,1821.76,13.82,
Sur,E0,24:00:00,5384,0.01,1821.76,23.21,
Sur,E0,24:00:00,5385,0.02,1821.76,14.9,
Sur,E0,24:00:00,5387,0.01,1821.76,21.42,
Sur,E0,24:00:00,5481,0.18,1822.0,36.7,
Sur,E0,24:00:00,5482,0.2,1822.03,40.61,
Sur,E0,24:00:00,5497,0.01,1821.96,39.2,
Sur,E0,24:00:00,5498,0.03,1821.89,42.04,
Sur,E0,24:00:00,5503,0.1,1821.84,34.69,
Sur,E0,24:00:00,5504,0.04,1821.84,29.01,
Sur,E0,24:00:00,5505,0.09,1821.86,34.82,
Sur,E0,24:00:00,5534,0.02,1821.89,40.88,
Sur,E0,24:00:00,5535,0.04,1821.91,42.68,
Sur,E0,24:00:00,5575,0.02,1821.76,14.74,
Sur,E0,24:00:00,5623,0.13,1821.86,36.61,
Sur,E0,24:00:00,5652,0.07,1821.79,34.94,
Sur,E0,24:00:00,5655,0.0,1822.03,40.68,
Sur,E0,24:00:00,5656,0.02,1822.04,39.66,
Sur,E0,24:00:00,5657,0.02,1822.05,39.57,
Sur,E0,24:00:00,5658,0.06,1822.13,41.28,
Sur,E0,24:00:00,5659,0.01,1822.51,35.88,
Sur,E0,24:00:00,5660,0.08,1822.37,37.31,
Sur,E0,24:00:00,5664,0.02,1821.87,41.33,
Sur,E0,24:00:00,5668,0.0,1821.79,35.46,
Sur,E0,24:00:00,5681,0.01,1821.97,40.91,
Sur,E0,24:00:00,5682,0.04,1822.03,40.61,
